url,exclusionCategory,googleImpressions,googleClicks,bingImpressions,bingClicks,pageType,cluster,publishedAt,updatedAt,ageDays,clickDepth,incomingSources,contextualSources,authority,selfCanonical,sitemap,lastmod,mainWords,schemas,mainHash
"https://pfotentechnik.de/affiliate-hinweis/","UNAVAILABLE_PERFORMANCE_IS_NOT_INDEX_COVERAGE","0","0","0","0","legal","smarte-haustiertechnik","","","null","1","259","20","NORMAL","true","true","","369","[""Organization"",""WebPage"",""WebSite""]","81d34e68a45422a02bf53606f915fb819825134bcedc9ab9e0f3ea4d2f84eac1"
"https://pfotentechnik.de/automatische-katzentoiletten/","UNAVAILABLE_PERFORMANCE_IS_NOT_INDEX_COVERAGE","0","0","0","0","editorial-page","automatische-katzentoiletten","2026-08-06","2026-08-16","53","1","259","27","NORMAL","true","true","2026-08-16T00:00:00.000Z","951","[""Organization"",""Article"",""Organization"",""Organization"",""ImageObject"",""BreadcrumbList"",""ListItem"",""ListItem"",""ListItem""]","2468903f19fbd76ee2cdf7cff2afaf8655cbcbfb8c27f220665c7f3705ef501f"
"https://pfotentechnik.de/berater/futterautomat/","UNAVAILABLE_PERFORMANCE_IS_NOT_INDEX_COVERAGE","0","0","0","0","editorial-page","futterautomaten","","","null","2","29","29","NORMAL","true","true","","160","[""Organization"",""WebPage"",""WebSite"",""BreadcrumbList"",""ListItem"",""ListItem""]","612bea233d13a2f9643093c68535a7e4336ea8311e30ce2e5d3c81984640c5c1"
"https://pfotentechnik.de/biofilm-im-katzentrinkbrunnen/","UNAVAILABLE_PERFORMANCE_IS_NOT_INDEX_COVERAGE","0","0","0","0","problem-solving-guide","trinkbrunnen","2026-07-13","2026-07-25","77","2","13","11","NORMAL","true","true","2026-07-25T00:00:00.000Z","759","[""Organization"",""Article"",""Organization"",""Organization"",""ImageObject"",""BreadcrumbList"",""ListItem"",""ListItem"",""ListItem"",""FAQPage"",""Question"",""Answer"",""Question"",""Answer""]","79774d22158c47eb832be362ee3d0758e7e505989d5835620eb0dd1872b17a31"
"https://pfotentechnik.de/datenschutz/","UNAVAILABLE_PERFORMANCE_IS_NOT_INDEX_COVERAGE","0","0","0","0","legal","smarte-haustiertechnik","","","null","1","259","0","WEAK","true","true","","462","[""Organization"",""WebPage"",""WebSite""]","39214ec3f42af3e12367ed1b1c44937142bf0c8ef53a156bcd33309011268ca1"
"https://pfotentechnik.de/datenschutz-bei-gps-trackern/","UNAVAILABLE_PERFORMANCE_IS_NOT_INDEX_COVERAGE","2","0","0","0","guide","gps-tracker","2026-07-20","2026-07-20","70","2","6","4","STRONG","true","true","2026-07-20T00:00:00.000Z","652","[""Organization"",""Article"",""Organization"",""Organization"",""ImageObject"",""BreadcrumbList"",""ListItem"",""ListItem"",""ListItem"",""FAQPage"",""Question"",""Answer"",""Question"",""Answer"",""Question"",""Answer"",""Question"",""Answer"",""Question"",""Answer"",""Question"",""Answer""]","ddad217b95d4b0f5e1e16f60e75c38a3609c4732aeefe06e1806e0b975f71af4"
"https://pfotentechnik.de/filter-im-katzentrinkbrunnen-wechseln/","UNAVAILABLE_PERFORMANCE_IS_NOT_INDEX_COVERAGE","0","0","2","0","medical-guide","trinkbrunnen","2026-07-13","2026-07-25","77","2","29","26","STRONG","true","true","2026-07-25T00:00:00.000Z","772","[""Organization"",""Article"",""Organization"",""Organization"",""ImageObject"",""BreadcrumbList"",""ListItem"",""ListItem"",""ListItem"",""FAQPage"",""Question"",""Answer"",""Question"",""Answer""]","02afe064b86581496d744f67b04227807625ef921f719635b494b576b95ebd84"
"https://pfotentechnik.de/fuetterungszeiten-nach-alter/","UNAVAILABLE_PERFORMANCE_IS_NOT_INDEX_COVERAGE","0","0","1","0","guide","tierernaehrung","2026-07-12","2026-07-28","78","2","4","3","NORMAL","true","true","2026-07-28T00:00:00.000Z","2408","[""Organization"",""Article"",""Organization"",""Organization"",""ImageObject"",""BreadcrumbList"",""ListItem"",""ListItem"",""ListItem"",""FAQPage"",""Question"",""Answer"",""Question"",""Answer"",""Question"",""Answer"",""Question"",""Answer"",""Question"",""Answer"",""Question"",""Answer"",""Question"",""Answer"",""Question"",""Answer"",""Question"",""Answer"",""Question"",""Answer"",""Question"",""Answer"",""Question"",""Answer""]","2020344598e87fcc108bb1a1b58252ea396b1cc3debf54c6343e74c70667fca6"
"https://pfotentechnik.de/futterautomat-bei-stromausfall/","UNAVAILABLE_PERFORMANCE_IS_NOT_INDEX_COVERAGE","0","0","3","0","guide","futterautomaten","2026-07-12","2026-07-28","78","2","7","7","STRONG","true","true","2026-07-28T00:00:00.000Z","3780","[""Organization"",""Article"",""Organization"",""Organization"",""ImageObject"",""BreadcrumbList"",""ListItem"",""ListItem"",""ListItem"",""FAQPage"",""Question"",""Answer"",""Question"",""Answer"",""Question"",""Answer"",""Question"",""Answer"",""Question"",""Answer"",""Question"",""Answer"",""Question"",""Answer"",""Question"",""Answer"",""Question"",""Answer"",""Question"",""Answer"",""Question"",""Answer"",""Question"",""Answer"",""Question"",""Answer"",""Question"",""Answer"",""Question"",""Answer"",""Question"",""Answer""]","2291b07a87c0cac951d481c2cff9667c852a19195aec7dad7dcf4e464cfac166"
"https://pfotentechnik.de/futterautomat-bei-uebergewicht/","UNAVAILABLE_PERFORMANCE_IS_NOT_INDEX_COVERAGE","0","0","0","0","editorial-page","futterautomaten","2026-07-09","2026-07-25","81","2","8","8","NORMAL","true","true","2026-07-25T00:00:00.000Z","2975","[""Organization"",""Article"",""Organization"",""Organization"",""ImageObject"",""BreadcrumbList"",""ListItem"",""ListItem"",""ListItem"",""FAQPage"",""Question"",""Answer"",""Question"",""Answer"",""Question"",""Answer"",""Question"",""Answer"",""Question"",""Answer"",""Question"",""Answer"",""Question"",""Answer"",""Question"",""Answer"",""Question"",""Answer"",""Question"",""Answer"",""Question"",""Answer"",""Question"",""Answer"",""Question"",""Answer"",""Question"",""Answer"",""Question"",""Answer""]","bcf0a20fbbe38f185ee94d1ff7a316721fe504338fea5f2bd0c5dadd4d2df9d9"
"https://pfotentechnik.de/futterautomat-berater/","UNAVAILABLE_PERFORMANCE_IS_NOT_INDEX_COVERAGE","0","0","0","0","editorial-page","futterautomaten","","","null","null","0","0","ORPHAN","true","true","","288","[""Organization"",""BreadcrumbList"",""ListItem"",""ListItem""]","b70c3013721fabd9a147147e8f5f9d3d54fd64b288fd3e8e46c5a8a6cc100107"
"https://pfotentechnik.de/futterautomat-hund/","UNAVAILABLE_PERFORMANCE_IS_NOT_INDEX_COVERAGE","0","0","0","0","editorial-page","futterautomaten","2026-07-08","2026-07-24","82","2","37","34","NORMAL","true","true","2026-07-24T00:00:00.000Z","2824","[""Organization"",""Article"",""Organization"",""Organization"",""ImageObject"",""BreadcrumbList"",""ListItem"",""ListItem"",""ListItem"",""FAQPage"",""Question"",""Answer"",""Question"",""Answer"",""Question"",""Answer"",""Question"",""Answer"",""Question"",""Answer"",""Question"",""Answer"",""Question"",""Answer"",""Question"",""Answer"",""Question"",""Answer"",""Question"",""Answer"",""Question"",""Answer"",""Question"",""Answer"",""Question"",""Answer""]","b549dc75c926e3e8d4514dc36477d2a45c1ce4134eae5d728b2c46f026605594"
"https://pfotentechnik.de/futterautomat-im-urlaub/","UNAVAILABLE_PERFORMANCE_IS_NOT_INDEX_COVERAGE","0","0","0","0","editorial-page","futterautomaten","2026-07-09","2026-07-28","81","2","15","14","STRONG","true","true","2026-07-28T00:00:00.000Z","2863","[""Organization"",""Article"",""Organization"",""Organization"",""ImageObject"",""BreadcrumbList"",""ListItem"",""ListItem"",""ListItem"",""FAQPage"",""Question"",""Answer"",""Question"",""Answer"",""Question"",""Answer"",""Question"",""Answer"",""Question"",""Answer"",""Question"",""Answer"",""Question"",""Answer"",""Question"",""Answer"",""Question"",""Answer"",""Question"",""Answer"",""Question"",""Answer"",""Question"",""Answer""]","e7babb54083727bcb7b7d11064e3611c8cb023afab92f2dfffc02d874b185269"
"https://pfotentechnik.de/futterautomat-katze/","UNAVAILABLE_PERFORMANCE_IS_NOT_INDEX_COVERAGE","0","0","0","0","editorial-page","futterautomaten","2026-07-08","2026-08-24","82","2","26","23","NORMAL","true","true","2026-08-24T00:00:00.000Z","1058","[""Organization"",""Article"",""Organization"",""Organization"",""ImageObject"",""BreadcrumbList"",""ListItem"",""ListItem"",""ListItem"",""FAQPage"",""Question"",""Answer"",""Question"",""Answer"",""Question"",""Answer"",""Question"",""Answer""]","7de8ea6a28d7b710bf51083be1a2a1e38b24631fed96306d8196c2316122062c"
"https://pfotentechnik.de/futterautomat-richtig-reinigen/","UNAVAILABLE_PERFORMANCE_IS_NOT_INDEX_COVERAGE","0","0","0","0","problem-solving-guide","futterautomaten","2026-07-12","2026-07-19","78","2","10","10","STRONG","true","true","2026-07-19T00:00:00.000Z","6151","[""Organization"",""Article"",""Organization"",""Organization"",""ImageObject"",""BreadcrumbList"",""ListItem"",""ListItem"",""ListItem"",""FAQPage"",""Question"",""Answer"",""Question"",""Answer"",""Question"",""Answer"",""Question"",""Answer"",""Question"",""Answer"",""Question"",""Answer""]","b4a613651f1f48f27038ae6c1404b47660114fe3996f3b5679b25ec16dd46183"
"https://pfotentechnik.de/futterautomat-und-ernaehrung/","UNAVAILABLE_PERFORMANCE_IS_NOT_INDEX_COVERAGE","0","0","0","0","category-hub","futterautomaten","2026-07-09","2026-07-23","81","2","16","14","NORMAL","true","true","2026-07-23T00:00:00.000Z","1705","[""Organization"",""Article"",""Organization"",""Organization"",""ImageObject"",""BreadcrumbList"",""ListItem"",""ListItem"",""ListItem"",""FAQPage"",""Question"",""Answer"",""Question"",""Answer"",""Question"",""Answer"",""Question"",""Answer"",""Question"",""Answer"",""Question"",""Answer"",""Question"",""Answer"",""Question"",""Answer""]","c455fcc64f5f1c857fed926032cbc01b61a5c3ba45d49ba6da550dc14f2d312c"
"https://pfotentechnik.de/futtermenge-hund/","UNAVAILABLE_PERFORMANCE_IS_NOT_INDEX_COVERAGE","0","0","0","0","guide","futterautomaten","2026-07-19","2026-07-19","71","2","4","3","NORMAL","true","true","2026-07-19T00:00:00.000Z","1247","[""Organization"",""Article"",""Organization"",""Organization"",""ImageObject"",""BreadcrumbList"",""ListItem"",""ListItem"",""ListItem"",""FAQPage"",""Question"",""Answer"",""Question"",""Answer"",""Question"",""Answer"",""Question"",""Answer"",""Question"",""Answer"",""Question"",""Answer"",""Question"",""Answer"",""Question"",""Answer"",""Question"",""Answer"",""Question"",""Answer"",""Question"",""Answer"",""Question"",""Answer""]","e4c8dd582bd1b9051376feaa1ca1330b67027a88b17fed41e1b228aa88bedf5a"
"https://pfotentechnik.de/futtermenge-katze/","UNAVAILABLE_PERFORMANCE_IS_NOT_INDEX_COVERAGE","0","0","38","0","guide","katzenernaehrung","2026-07-19","2026-07-28","71","2","7","6","NORMAL","true","true","2026-07-28T00:00:00.000Z","3390","[""Organization"",""Article"",""Organization"",""Organization"",""ImageObject"",""BreadcrumbList"",""ListItem"",""ListItem"",""ListItem"",""FAQPage"",""Question"",""Answer"",""Question"",""Answer"",""Question"",""Answer"",""Question"",""Answer"",""Question"",""Answer"",""Question"",""Answer"",""Question"",""Answer"",""Question"",""Answer"",""Question"",""Answer"",""Question"",""Answer"",""Question"",""Answer"",""Question"",""Answer"",""Question"",""Answer"",""Question"",""Answer"",""Question"",""Answer"",""Question"",""Answer"",""Question"",""Answer""]","214a07d82d20f674cb4e1569f1a2a30d9ff57b3e8e841f5177356d7b66c4fca7"
"https://pfotentechnik.de/glossar/","UNAVAILABLE_PERFORMANCE_IS_NOT_INDEX_COVERAGE","0","0","0","0","guide","smarte-haustiertechnik","2026-09-03","2026-09-03","25","2","13","12","NORMAL","true","true","2026-09-03T00:00:00.000Z","1052","[""Organization"",""Article"",""Organization"",""Organization"",""ImageObject"",""BreadcrumbList"",""ListItem"",""ListItem"",""ListItem""]","b0188eeb57a245b693dd153ae547e7a86a253e7679d4c4c49932b92110f70462"
"https://pfotentechnik.de/gps-oder-bluetooth/","UNAVAILABLE_PERFORMANCE_IS_NOT_INDEX_COVERAGE","0","0","0","0","decision-guide","gps-tracker","2026-07-20","2026-07-20","70","2","8","3","STRONG","true","true","2026-07-20T00:00:00.000Z","695","[""Organization"",""Article"",""Organization"",""Organization"",""ImageObject"",""BreadcrumbList"",""ListItem"",""ListItem"",""ListItem"",""FAQPage"",""Question"",""Answer"",""Question"",""Answer"",""Question"",""Answer"",""Question"",""Answer"",""Question"",""Answer"",""Question"",""Answer""]","a172363d002ffe6379123f532131162f894e3df0bf5330cbd5f95778db30f6da"
"https://pfotentechnik.de/gps-tracker/","UNAVAILABLE_PERFORMANCE_IS_NOT_INDEX_COVERAGE","0","0","0","0","category-hub","gps-tracker","2026-07-20","2026-08-15","70","1","259","52","NORMAL","true","true","2026-08-15T00:00:00.000Z","1003","[""Organization"",""Article"",""Organization"",""Organization"",""ImageObject"",""BreadcrumbList"",""ListItem"",""ListItem"",""ListItem"",""FAQPage"",""Question"",""Answer"",""Question"",""Answer"",""Question"",""Answer"",""Question"",""Answer"",""Question"",""Answer"",""Question"",""Answer"",""Question"",""Answer"",""Question"",""Answer"",""Question"",""Answer"",""Question"",""Answer"",""Question"",""Answer"",""Question"",""Answer""]","b0618c93f8a12a2f20d221ffce98d79de2f885ab4283b18b2fceda971af17b3a"
"https://pfotentechnik.de/gps-tracker-richtig-befestigen/","UNAVAILABLE_PERFORMANCE_IS_NOT_INDEX_COVERAGE","0","0","0","0","problem-solving-guide","gps-tracker","2026-07-20","2026-07-20","70","2","6","5","STRONG","true","true","2026-07-20T00:00:00.000Z","673","[""Organization"",""Article"",""Organization"",""Organization"",""ImageObject"",""BreadcrumbList"",""ListItem"",""ListItem"",""ListItem"",""FAQPage"",""Question"",""Answer"",""Question"",""Answer"",""Question"",""Answer"",""Question"",""Answer"",""Question"",""Answer"",""Question"",""Answer""]","284c6455e79f8e67063b7fe1b17148d1e6873fbd9c2fb3ccfbd9c352f6b2a8c5"
"https://pfotentechnik.de/haustierkameras/","UNAVAILABLE_PERFORMANCE_IS_NOT_INDEX_COVERAGE","0","0","0","0","editorial-page","haustierkameras","2026-08-06","2026-08-25","53","1","259","21","NORMAL","true","true","2026-08-25T00:00:00.000Z","964","[""Organization"",""Article"",""Organization"",""Organization"",""ImageObject"",""BreadcrumbList"",""ListItem"",""ListItem"",""ListItem"",""FAQPage"",""Question"",""Answer"",""Question"",""Answer"",""Question"",""Answer"",""Question"",""Answer"",""Question"",""Answer"",""Question"",""Answer""]","5c5dc5966ed5fe3d1ff0c0d50ed49f4d47b1bcfde634624ac94ebf970b3294c8"
"https://pfotentechnik.de/hersteller/aqara/","UNAVAILABLE_PERFORMANCE_IS_NOT_INDEX_COVERAGE","0","0","0","0","manufacturer","hersteller","2026-07-26","2026-07-26","64","2","2","2","NORMAL","true","true","2026-07-26T00:00:00.000Z","518","[""Organization"",""Article"",""Organization"",""Organization"",""ImageObject"",""BreadcrumbList"",""ListItem"",""ListItem"",""ListItem""]","bb9cfb88c4adabbf355a31c076e260fee7edf03a192c2c9697b1942ba8b12850"
"https://pfotentechnik.de/hersteller/cat-mate/","UNAVAILABLE_PERFORMANCE_IS_NOT_INDEX_COVERAGE","0","0","0","0","manufacturer","hersteller","2026-07-12","2026-08-16","78","2","24","24","NORMAL","true","true","2026-08-16T00:00:00.000Z","1420","[""Organization"",""Article"",""Organization"",""Organization"",""ImageObject"",""BreadcrumbList"",""ListItem"",""ListItem"",""ListItem"",""FAQPage"",""Question"",""Answer"",""Question"",""Answer"",""Question"",""Answer"",""Question"",""Answer"",""Question"",""Answer""]","82f15b3711fb202abf192a2dbc2ab6c2850b0bccdbaa9929ee161e280eef1264"
"https://pfotentechnik.de/hersteller/catit/","UNAVAILABLE_PERFORMANCE_IS_NOT_INDEX_COVERAGE","0","0","0","0","manufacturer","trinkbrunnen","2026-07-25","2026-08-16","65","2","7","7","NORMAL","true","true","2026-08-16T00:00:00.000Z","870","[""Organization"",""Article"",""Organization"",""Organization"",""ImageObject"",""BreadcrumbList"",""ListItem"",""ListItem"",""ListItem"",""FAQPage"",""Question"",""Answer"",""Question"",""Answer"",""Question"",""Answer""]","0107b188bf8865f5b452579187e3e689f51d8306ec03e5dc4b94ec4bc613c4d9"
"https://pfotentechnik.de/hersteller/devoko/","UNAVAILABLE_PERFORMANCE_IS_NOT_INDEX_COVERAGE","0","0","0","0","manufacturer","hersteller","2026-08-07","2026-08-07","52","2","2","2","NORMAL","true","true","2026-08-07T00:00:00.000Z","651","[""Organization"",""Article"",""Organization"",""Organization"",""ImageObject"",""BreadcrumbList"",""ListItem"",""ListItem"",""ListItem""]","04e231c5bfd8c30f08814a382bdec49bc505b9916f894b6145c21c09bc0dbf7e"
"https://pfotentechnik.de/hersteller/enabot/","UNAVAILABLE_PERFORMANCE_IS_NOT_INDEX_COVERAGE","0","0","0","0","manufacturer","hersteller","2026-08-06","2026-08-15","53","2","6","6","NORMAL","true","true","2026-08-15T00:00:00.000Z","622","[""Organization"",""Article"",""Organization"",""Organization"",""ImageObject"",""BreadcrumbList"",""ListItem"",""ListItem"",""ListItem""]","784c130bbdfecda109f79e68e983e8c341c36a8f3b1107f21ce7c2821843130b"
"https://pfotentechnik.de/hersteller/flappie/","UNAVAILABLE_PERFORMANCE_IS_NOT_INDEX_COVERAGE","0","0","0","0","manufacturer","hersteller","2026-09-07","2026-09-07","21","2","188","188","NORMAL","true","true","2026-09-07T00:00:00.000Z","666","[""Organization"",""Article"",""Organization"",""Organization"",""ImageObject"",""BreadcrumbList"",""ListItem"",""ListItem"",""ListItem"",""FAQPage"",""Question"",""Answer"",""Question"",""Answer""]","8d9ce6a6e0ee586f573014e13e9aa7c9a6781e15d5efaf4abfe15981f6553e74"
"https://pfotentechnik.de/hersteller/furbo/","UNAVAILABLE_PERFORMANCE_IS_NOT_INDEX_COVERAGE","0","0","0","0","manufacturer","hersteller","2026-08-06","2026-08-21","53","2","7","7","NORMAL","true","true","2026-08-21T00:00:00.000Z","568","[""Organization"",""Article"",""Organization"",""Organization"",""ImageObject"",""BreadcrumbList"",""ListItem"",""ListItem"",""ListItem""]","05763d095eca0b273d54724412cd9e0f504b5de9a168d0ff0e266412a590a17d"
"https://pfotentechnik.de/hersteller/garmin/","UNAVAILABLE_PERFORMANCE_IS_NOT_INDEX_COVERAGE","0","0","0","0","manufacturer","gps-tracker","2026-07-20","2026-07-20","70","2","10","10","NORMAL","true","true","2026-07-20T00:00:00.000Z","1030","[""Organization"",""Article"",""Organization"",""Organization"",""ImageObject"",""BreadcrumbList"",""ListItem"",""ListItem"",""ListItem"",""FAQPage"",""Question"",""Answer"",""Question"",""Answer"",""Question"",""Answer"",""Question"",""Answer"",""Question"",""Answer"",""Question"",""Answer""]","795909468f28415f8e5eca5891d573fa773d3ad7190268569ccdfc4e13308d77"
"https://pfotentechnik.de/hersteller/honeyguardian/","UNAVAILABLE_PERFORMANCE_IS_NOT_INDEX_COVERAGE","0","0","0","0","manufacturer","hersteller","2026-07-12","2026-07-19","78","2","8","8","NORMAL","true","true","2026-07-19T00:00:00.000Z","1082","[""Organization"",""Article"",""Organization"",""Organization"",""ImageObject"",""BreadcrumbList"",""ListItem"",""ListItem"",""ListItem"",""FAQPage"",""Question"",""Answer"",""Question"",""Answer"",""Question"",""Answer"",""Question"",""Answer"",""Question"",""Answer""]","c3b84744a26747fef95cd37dab7b8e4a13428a8ebdb04d7cf3147afce78d90df"
"https://pfotentechnik.de/hersteller/imipaw/","UNAVAILABLE_PERFORMANCE_IS_NOT_INDEX_COVERAGE","0","0","0","0","manufacturer","hersteller","2026-07-12","2026-07-19","78","2","4","4","NORMAL","true","true","2026-07-19T00:00:00.000Z","863","[""Organization"",""Article"",""Organization"",""Organization"",""ImageObject"",""BreadcrumbList"",""ListItem"",""ListItem"",""ListItem"",""FAQPage"",""Question"",""Answer"",""Question"",""Answer"",""Question"",""Answer"",""Question"",""Answer""]","046610d3ffeff310f72b9d42eaa5bc3aeda3a61d9c9d08f3c8f7d9a6240eb199"
"https://pfotentechnik.de/hersteller/","UNAVAILABLE_PERFORMANCE_IS_NOT_INDEX_COVERAGE","0","0","0","0","manufacturer-index","hersteller","","","null","1","259","3","NORMAL","true","true","","389","[""Organization"",""WebPage"",""WebSite"",""BreadcrumbList"",""ListItem"",""ListItem""]","d4244d9b6e430fa039f374c61410d1b59be9e4d4223a11cbe0031e4924885c79"
"https://pfotentechnik.de/hersteller/invoxia/","UNAVAILABLE_PERFORMANCE_IS_NOT_INDEX_COVERAGE","0","0","1","0","manufacturer","gps-tracker","2026-08-16","2026-08-16","43","2","5","5","NORMAL","true","true","2026-08-16T00:00:00.000Z","536","[""Organization"",""Article"",""Organization"",""Organization"",""ImageObject"",""BreadcrumbList"",""ListItem"",""ListItem"",""ListItem"",""FAQPage"",""Question"",""Answer""]","5eefd7de515cd756e93bb360e376416502acde3db3ae2fb91bea97bcbaf5c464"
"https://pfotentechnik.de/hersteller/neakasa/","UNAVAILABLE_PERFORMANCE_IS_NOT_INDEX_COVERAGE","0","0","0","0","manufacturer","hersteller","2026-08-06","2026-09-15","53","2","9","9","NORMAL","true","true","2026-09-15T00:00:00.000Z","691","[""Organization"",""Article"",""Organization"",""Organization"",""ImageObject"",""BreadcrumbList"",""ListItem"",""ListItem"",""ListItem""]","9fdcf213fb9df9b92a483a12b43cd820a7e8f377d9cee53ab52aaf52d34ad41f"
"https://pfotentechnik.de/hersteller/oneisall/","UNAVAILABLE_PERFORMANCE_IS_NOT_INDEX_COVERAGE","0","0","0","0","manufacturer","trinkbrunnen","2026-07-12","2026-08-19","78","2","13","13","NORMAL","true","true","2026-08-19T00:00:00.000Z","1452","[""Organization"",""Article"",""Organization"",""Organization"",""ImageObject"",""BreadcrumbList"",""ListItem"",""ListItem"",""ListItem"",""FAQPage"",""Question"",""Answer"",""Question"",""Answer"",""Question"",""Answer"",""Question"",""Answer"",""Question"",""Answer""]","b82fd9c11f0e5b72c237e32c711ee2909a7ea8543d69a270ee4d7d5341468299"
"https://pfotentechnik.de/hersteller/onlycat/","UNAVAILABLE_PERFORMANCE_IS_NOT_INDEX_COVERAGE","0","0","5","1","manufacturer","hersteller","2026-08-04","2026-08-04","55","2","8","8","NORMAL","true","true","2026-08-04T00:00:00.000Z","531","[""Organization"",""Article"",""Organization"",""Organization"",""ImageObject"",""BreadcrumbList"",""ListItem"",""ListItem"",""ListItem"",""FAQPage"",""Question"",""Answer""]","b6ed842a751a4b7b6fc32574acb00d0f7898b0c2198dfc07deed97d68849abd0"
"https://pfotentechnik.de/hersteller/paj-gps/","UNAVAILABLE_PERFORMANCE_IS_NOT_INDEX_COVERAGE","0","0","0","0","manufacturer","gps-tracker","2026-07-20","2026-07-20","70","2","8","8","NORMAL","true","true","2026-07-20T00:00:00.000Z","970","[""Organization"",""Article"",""Organization"",""Organization"",""ImageObject"",""BreadcrumbList"",""ListItem"",""ListItem"",""ListItem"",""FAQPage"",""Question"",""Answer"",""Question"",""Answer"",""Question"",""Answer"",""Question"",""Answer"",""Question"",""Answer"",""Question"",""Answer""]","12c7448445dfd3afc5faaa530f6a7b6bc60f508906d5ba9ec6ccca1242c9f0f9"
"https://pfotentechnik.de/hersteller/pawbby/","UNAVAILABLE_PERFORMANCE_IS_NOT_INDEX_COVERAGE","0","0","0","0","manufacturer","hersteller","2026-07-12","2026-07-19","78","2","4","4","NORMAL","true","true","2026-07-19T00:00:00.000Z","739","[""Organization"",""Article"",""Organization"",""Organization"",""ImageObject"",""BreadcrumbList"",""ListItem"",""ListItem"",""ListItem"",""FAQPage"",""Question"",""Answer"",""Question"",""Answer"",""Question"",""Answer"",""Question"",""Answer""]","3f96a1bcdefcab37d9f1848de196e82dd3abc9fd660d8e0758c626d1167c4a9b"
"https://pfotentechnik.de/hersteller/pawfit/","UNAVAILABLE_PERFORMANCE_IS_NOT_INDEX_COVERAGE","0","0","0","0","manufacturer","gps-tracker","2026-08-16","2026-08-16","43","2","5","5","NORMAL","true","true","2026-08-16T00:00:00.000Z","515","[""Organization"",""Article"",""Organization"",""Organization"",""ImageObject"",""BreadcrumbList"",""ListItem"",""ListItem"",""ListItem"",""FAQPage"",""Question"",""Answer""]","11da94659dd8eb62621026c3ec8cf8dfadf39026f8bd82c6990284b488e74b58"
"https://pfotentechnik.de/hersteller/pawsync/","UNAVAILABLE_PERFORMANCE_IS_NOT_INDEX_COVERAGE","0","0","0","0","manufacturer","hersteller","2026-07-26","2026-07-26","64","2","2","2","NORMAL","true","true","2026-07-26T00:00:00.000Z","515","[""Organization"",""Article"",""Organization"",""Organization"",""ImageObject"",""BreadcrumbList"",""ListItem"",""ListItem"",""ListItem""]","8793d32d4775b945fa38edaf1654fba9e6d6349b20efd0bb72be8cafe125c386"
"https://pfotentechnik.de/hersteller/petkit/","UNAVAILABLE_PERFORMANCE_IS_NOT_INDEX_COVERAGE","0","0","0","0","manufacturer","hersteller","2026-07-12","2026-08-21","78","2","34","34","NORMAL","true","true","2026-08-21T00:00:00.000Z","1554","[""Organization"",""Article"",""Organization"",""Organization"",""ImageObject"",""BreadcrumbList"",""ListItem"",""ListItem"",""ListItem"",""FAQPage"",""Question"",""Answer"",""Question"",""Answer"",""Question"",""Answer"",""Question"",""Answer"",""Question"",""Answer"",""Question"",""Answer""]","4038ac2c6f13c6eb9214b23a14c180110c916a1bc41fca3c0c3a6d1c98e20844"
"https://pfotentechnik.de/hersteller/petlibro/","UNAVAILABLE_PERFORMANCE_IS_NOT_INDEX_COVERAGE","0","0","1","0","manufacturer","hersteller","2026-07-12","2026-08-19","78","2","50","50","NORMAL","true","true","2026-08-19T00:00:00.000Z","2365","[""Organization"",""Article"",""Organization"",""Organization"",""ImageObject"",""BreadcrumbList"",""ListItem"",""ListItem"",""ListItem"",""FAQPage"",""Question"",""Answer"",""Question"",""Answer"",""Question"",""Answer"",""Question"",""Answer"",""Question"",""Answer"",""Question"",""Answer"",""Question"",""Answer"",""Question"",""Answer"",""Question"",""Answer"",""Question"",""Answer""]","94faf0fa9b0ebb39be4210b4fddf21328255166288c09b19276ea1bc91054045"
"https://pfotentechnik.de/hersteller/petsafe/","UNAVAILABLE_PERFORMANCE_IS_NOT_INDEX_COVERAGE","0","0","0","0","manufacturer","hersteller","2026-07-25","2026-08-16","65","2","15","15","NORMAL","true","true","2026-08-16T00:00:00.000Z","1131","[""Organization"",""Article"",""Organization"",""Organization"",""ImageObject"",""BreadcrumbList"",""ListItem"",""ListItem"",""ListItem"",""FAQPage"",""Question"",""Answer"",""Question"",""Answer"",""Question"",""Answer""]","257ce7420fb2e900b228ed5e35ce60a8cbb84a60b3abc4058e073a57be24fe2a"
"https://pfotentechnik.de/hersteller/petsnowy/","UNAVAILABLE_PERFORMANCE_IS_NOT_INDEX_COVERAGE","0","0","0","0","manufacturer","hersteller","2026-08-15","2026-08-15","44","2","4","4","NORMAL","true","true","2026-08-15T00:00:00.000Z","512","[""Organization"",""Article"",""Organization"",""Organization"",""ImageObject"",""BreadcrumbList"",""ListItem"",""ListItem"",""ListItem""]","7f76c5da9c2cc5ea1dbe2ba65f1093f622967c41e456f1e4be63e0441afcf6e7"
"https://pfotentechnik.de/hersteller/pettec/","UNAVAILABLE_PERFORMANCE_IS_NOT_INDEX_COVERAGE","0","0","0","0","manufacturer","hersteller","2026-08-15","2026-08-15","44","2","6","6","NORMAL","true","true","2026-08-15T00:00:00.000Z","517","[""Organization"",""Article"",""Organization"",""Organization"",""ImageObject"",""BreadcrumbList"",""ListItem"",""ListItem"",""ListItem""]","127f0ac5907729fa0dd7e4e4806feec29a0169eb0bb4602858747464cb39d32c"
"https://pfotentechnik.de/hersteller/petwalk/","UNAVAILABLE_PERFORMANCE_IS_NOT_INDEX_COVERAGE","0","0","0","0","manufacturer","hersteller","2026-08-04","2026-08-04","55","2","3","3","NORMAL","true","true","2026-08-04T00:00:00.000Z","537","[""Organization"",""Article"",""Organization"",""Organization"",""ImageObject"",""BreadcrumbList"",""ListItem"",""ListItem"",""ListItem"",""FAQPage"",""Question"",""Answer""]","88d5581c2a29f6de8491096f42d521335c45131504ac9fd70701c4051553cf22"
"https://pfotentechnik.de/hersteller/prothelis/","UNAVAILABLE_PERFORMANCE_IS_NOT_INDEX_COVERAGE","0","0","0","0","manufacturer","hersteller","2026-08-16","2026-08-16","43","2","4","4","NORMAL","true","true","2026-08-16T00:00:00.000Z","518","[""Organization"",""Article"",""Organization"",""Organization"",""ImageObject"",""BreadcrumbList"",""ListItem"",""ListItem"",""ListItem"",""FAQPage"",""Question"",""Answer""]","2de303fbba854a18f4bfe275a04dbb269abe94b87ddfea1aca0cf768f63f245b"
"https://pfotentechnik.de/hersteller/reolink/","UNAVAILABLE_PERFORMANCE_IS_NOT_INDEX_COVERAGE","0","0","0","0","manufacturer","hersteller","2026-08-16","2026-08-16","43","2","5","5","NORMAL","true","true","2026-08-16T00:00:00.000Z","540","[""Organization"",""Article"",""Organization"",""Organization"",""ImageObject"",""BreadcrumbList"",""ListItem"",""ListItem"",""ListItem"",""FAQPage"",""Question"",""Answer""]","9159e40a194c5be3ed46215e89ba99d14f61778c6914adf50dbf064a66081b9d"
"https://pfotentechnik.de/hersteller/surefeed/","UNAVAILABLE_PERFORMANCE_IS_NOT_INDEX_COVERAGE","0","0","0","0","manufacturer","hersteller","2026-07-12","2026-07-19","78","2","20","20","NORMAL","true","true","2026-07-19T00:00:00.000Z","1304","[""Organization"",""Article"",""Organization"",""Organization"",""ImageObject"",""BreadcrumbList"",""ListItem"",""ListItem"",""ListItem"",""FAQPage"",""Question"",""Answer"",""Question"",""Answer"",""Question"",""Answer"",""Question"",""Answer"",""Question"",""Answer""]","73a604dd48573d313915ddcdbd9795b6f84b49928d553eb9bead6b4d9637012d"
"https://pfotentechnik.de/hersteller/tractive/","UNAVAILABLE_PERFORMANCE_IS_NOT_INDEX_COVERAGE","0","0","0","0","manufacturer","katzen-und-hundespezifische-hardware","2026-07-20","2026-08-21","70","2","19","19","NORMAL","true","true","2026-08-21T00:00:00.000Z","1165","[""Organization"",""Article"",""Organization"",""Organization"",""ImageObject"",""BreadcrumbList"",""ListItem"",""ListItem"",""ListItem"",""FAQPage"",""Question"",""Answer"",""Question"",""Answer"",""Question"",""Answer"",""Question"",""Answer"",""Question"",""Answer"",""Question"",""Answer""]","e0964dcffc3072d26378a87a83201ee4686072d76e8cf6cc1f099b6e73cb3be4"
"https://pfotentechnik.de/hersteller/weenect/","UNAVAILABLE_PERFORMANCE_IS_NOT_INDEX_COVERAGE","0","0","3","0","manufacturer","gps-tracker","2026-07-20","2026-08-06","70","2","17","17","NORMAL","true","true","2026-08-06T00:00:00.000Z","1106","[""Organization"",""Article"",""Organization"",""Organization"",""ImageObject"",""BreadcrumbList"",""ListItem"",""ListItem"",""ListItem"",""FAQPage"",""Question"",""Answer"",""Question"",""Answer"",""Question"",""Answer"",""Question"",""Answer"",""Question"",""Answer"",""Question"",""Answer""]","ec23a3ad78037ab393f21866d45061d409669e543ce702923a19b08b70b22587"
"https://pfotentechnik.de/hersteller/whisker/","UNAVAILABLE_PERFORMANCE_IS_NOT_INDEX_COVERAGE","0","0","0","0","manufacturer","hersteller","2026-08-06","2026-08-16","53","2","6","6","NORMAL","true","true","2026-08-16T00:00:00.000Z","607","[""Organization"",""Article"",""Organization"",""Organization"",""ImageObject"",""BreadcrumbList"",""ListItem"",""ListItem"",""ListItem""]","c5d2df0cc09b8d08da74118c99ed9c15284642f4d749da0d63e55557bce84dec"
"https://pfotentechnik.de/hersteller/wopet/","UNAVAILABLE_PERFORMANCE_IS_NOT_INDEX_COVERAGE","0","0","0","0","manufacturer","hersteller","2026-07-12","2026-07-19","78","2","12","12","NORMAL","true","true","2026-07-19T00:00:00.000Z","1203","[""Organization"",""Article"",""Organization"",""Organization"",""ImageObject"",""BreadcrumbList"",""ListItem"",""ListItem"",""ListItem"",""FAQPage"",""Question"",""Answer"",""Question"",""Answer"",""Question"",""Answer"",""Question"",""Answer"",""Question"",""Answer""]","bc4f7c504a4e4001c127fd3120c2fc333f69a9424483821942ad766d01becd27"
"https://pfotentechnik.de/hersteller/xiaomi/","UNAVAILABLE_PERFORMANCE_IS_NOT_INDEX_COVERAGE","0","0","0","0","manufacturer","hersteller","2026-07-12","2026-07-19","78","2","15","15","NORMAL","true","true","2026-07-19T00:00:00.000Z","1104","[""Organization"",""Article"",""Organization"",""Organization"",""ImageObject"",""BreadcrumbList"",""ListItem"",""ListItem"",""ListItem"",""FAQPage"",""Question"",""Answer"",""Question"",""Answer"",""Question"",""Answer"",""Question"",""Answer"",""Question"",""Answer""]","4461aa4ba658aa711fe8cddef92186d8af48ef7e21d1e5a1a86ea5ab5ac28113"
"https://pfotentechnik.de/hersteller/zeromouse/","UNAVAILABLE_PERFORMANCE_IS_NOT_INDEX_COVERAGE","0","0","0","0","manufacturer","hersteller","2026-07-27","2026-07-27","63","2","7","7","NORMAL","true","true","2026-07-27T00:00:00.000Z","807","[""Organization"",""Article"",""Organization"",""Organization"",""ImageObject"",""BreadcrumbList"",""ListItem"",""ListItem"",""ListItem"",""FAQPage"",""Question"",""Answer"",""Question"",""Answer"",""Question"",""Answer""]","aef6727449eca3b42180d079dec94ce2489b65308ef3e20dbd4f4e96d198acc8"
"https://pfotentechnik.de/hund-entlaufen-gps-sinnvoll/","UNAVAILABLE_PERFORMANCE_IS_NOT_INDEX_COVERAGE","0","0","0","0","decision-guide","gps-tracker","2026-07-20","2026-07-20","70","2","5","5","NORMAL","true","true","2026-07-20T00:00:00.000Z","672","[""Organization"",""Article"",""Organization"",""Organization"",""ImageObject"",""BreadcrumbList"",""ListItem"",""ListItem"",""ListItem"",""FAQPage"",""Question"",""Answer"",""Question"",""Answer"",""Question"",""Answer"",""Question"",""Answer"",""Question"",""Answer"",""Question"",""Answer""]","33f222879d3b470488b0094ea689ac7ed5e19147f6c990017f2c906ebfeacfdd"
"https://pfotentechnik.de/hund-frisst-nicht/","UNAVAILABLE_PERFORMANCE_IS_NOT_INDEX_COVERAGE","0","0","3","0","medical-guide","futterautomaten","2026-07-16","2026-07-16","74","2","9","8","NORMAL","true","true","2026-07-16T00:00:00.000Z","5551","[""Organization"",""Article"",""Organization"",""Organization"",""ImageObject"",""BreadcrumbList"",""ListItem"",""ListItem"",""ListItem"",""FAQPage"",""Question"",""Answer"",""Question"",""Answer"",""Question"",""Answer"",""Question"",""Answer"",""Question"",""Answer"",""Question"",""Answer"",""Question"",""Answer"",""Question"",""Answer"",""Question"",""Answer"",""Question"",""Answer"",""Question"",""Answer"",""Question"",""Answer"",""Question"",""Answer"",""Question"",""Answer"",""Question"",""Answer"",""Question"",""Answer""]","3400f395964c2e043990617abb9a24f4365b4f14e6756cb22f9caf38dfae6f48"
"https://pfotentechnik.de/hund-frisst-zu-schnell/","UNAVAILABLE_PERFORMANCE_IS_NOT_INDEX_COVERAGE","0","0","2","0","editorial-page","futterautomaten","2026-07-29","2026-07-29","61","3","5","2","NORMAL","true","true","2026-07-29T00:00:00.000Z","1042","[""Organization"",""Article"",""Organization"",""Organization"",""ImageObject"",""BreadcrumbList"",""ListItem"",""ListItem"",""ListItem""]","1b661c06f28132a5e73d93514f15da08d69cb0d77333bd6adc377a2d2eb1cfd4"
"https://pfotentechnik.de/hund-hat-durchfall/","UNAVAILABLE_PERFORMANCE_IS_NOT_INDEX_COVERAGE","0","0","16","0","medical-guide","hundegesundheit","2026-07-16","2026-07-19","74","2","4","2","NORMAL","true","true","2026-07-19T00:00:00.000Z","1907","[""Organization"",""Article"",""Organization"",""Organization"",""ImageObject"",""BreadcrumbList"",""ListItem"",""ListItem"",""ListItem"",""FAQPage"",""Question"",""Answer"",""Question"",""Answer"",""Question"",""Answer"",""Question"",""Answer"",""Question"",""Answer"",""Question"",""Answer"",""Question"",""Answer"",""Question"",""Answer"",""Question"",""Answer"",""Question"",""Answer"",""Question"",""Answer"",""Question"",""Answer"",""Question"",""Answer"",""Question"",""Answer"",""Question"",""Answer"",""Question"",""Answer""]","4a1b6ff582f6ab1c46ef2bacbe3051b6f2c3b78c26efef538caf97a358f2383e"
"https://pfotentechnik.de/hund-ist-muede/","UNAVAILABLE_PERFORMANCE_IS_NOT_INDEX_COVERAGE","0","0","37","3","medical-guide","hundegesundheit","2026-07-16","2026-07-19","74","2","3","2","NORMAL","true","true","2026-07-19T00:00:00.000Z","3046","[""Organization"",""Article"",""Organization"",""Organization"",""ImageObject"",""BreadcrumbList"",""ListItem"",""ListItem"",""ListItem"",""FAQPage"",""Question"",""Answer"",""Question"",""Answer"",""Question"",""Answer"",""Question"",""Answer"",""Question"",""Answer"",""Question"",""Answer"",""Question"",""Answer"",""Question"",""Answer"",""Question"",""Answer"",""Question"",""Answer"",""Question"",""Answer"",""Question"",""Answer"",""Question"",""Answer"",""Question"",""Answer"",""Question"",""Answer"",""Question"",""Answer""]","92d60e06b1506b7292fd04495b5b126d00b734a8acc1c459df2b3e9b69f53bdc"
"https://pfotentechnik.de/hund-trinkt-ploetzlich-viel/","UNAVAILABLE_PERFORMANCE_IS_NOT_INDEX_COVERAGE","0","0","2","0","editorial-page","smarte-haustiertechnik","2026-07-29","2026-07-29","61","3","6","3","NORMAL","true","true","2026-07-29T00:00:00.000Z","976","[""Organization"",""Article"",""Organization"",""Organization"",""ImageObject"",""BreadcrumbList"",""ListItem"",""ListItem"",""ListItem""]","e4b5e58ec61dcd3c8103dcd963e8597b29a2a244fe593a6e61542cdbc096017a"
"https://pfotentechnik.de/hund-trinkt-viel/","UNAVAILABLE_PERFORMANCE_IS_NOT_INDEX_COVERAGE","0","0","4","0","medical-guide","hundegesundheit","2026-07-19","2026-07-19","71","2","6","6","NORMAL","true","true","2026-07-19T00:00:00.000Z","1348","[""Organization"",""Article"",""Organization"",""Organization"",""ImageObject"",""BreadcrumbList"",""ListItem"",""ListItem"",""ListItem"",""FAQPage"",""Question"",""Answer"",""Question"",""Answer"",""Question"",""Answer"",""Question"",""Answer"",""Question"",""Answer"",""Question"",""Answer"",""Question"",""Answer"",""Question"",""Answer"",""Question"",""Answer"",""Question"",""Answer"",""Question"",""Answer"",""Question"",""Answer""]","5ecc3c5ff9ab064732be34bd46e99f6d3f799821664c1332640ba111669ffd66"
"https://pfotentechnik.de/hund-trinkt-zu-wenig/","UNAVAILABLE_PERFORMANCE_IS_NOT_INDEX_COVERAGE","0","0","2","0","medical-guide","trinkbrunnen","2026-07-16","2026-07-19","74","2","9","8","NORMAL","true","true","2026-07-19T00:00:00.000Z","4726","[""Organization"",""Article"",""Organization"",""Organization"",""ImageObject"",""BreadcrumbList"",""ListItem"",""ListItem"",""ListItem"",""FAQPage"",""Question"",""Answer"",""Question"",""Answer"",""Question"",""Answer"",""Question"",""Answer"",""Question"",""Answer"",""Question"",""Answer"",""Question"",""Answer"",""Question"",""Answer"",""Question"",""Answer"",""Question"",""Answer"",""Question"",""Answer"",""Question"",""Answer"",""Question"",""Answer"",""Question"",""Answer"",""Question"",""Answer""]","911460ceaee32d235385e453bd67ee0895e45064bf03c188e4c64712c2522431"
"https://pfotentechnik.de/ifa-2026-haustiertechnik/","UNAVAILABLE_PERFORMANCE_IS_NOT_INDEX_COVERAGE","0","0","0","0","guide","smarte-haustiertechnik","2026-09-14","2026-09-14","14","2","2","2","NORMAL","true","true","2026-09-14T00:00:00.000Z","1986","[""Organization"",""Article"",""Organization"",""Organization"",""ImageObject"",""BreadcrumbList"",""ListItem"",""ListItem"",""ListItem""]","b6ce67d4e63e158e661d101ca0ec547c6431f70c958264d1ec73147cd07f1ade"
"https://pfotentechnik.de/impressum/","UNAVAILABLE_PERFORMANCE_IS_NOT_INDEX_COVERAGE","0","0","0","0","legal","smarte-haustiertechnik","","","null","1","259","1","WEAK","true","true","","134","[""Organization"",""WebPage"",""WebSite""]","969092fe370f71d64e4b3ce07eaede10e5be7d652b1ba43d8556a6acc6859759"
"https://pfotentechnik.de/","UNAVAILABLE_PERFORMANCE_IS_NOT_INDEX_COVERAGE","14","0","0","0","homepage","smarte-haustiertechnik","","","null","0","259","0","STRONG","true","true","","673","[""Organization"",""WebSite"",""Organization"",""ImageObject""]","898ac5ed0bc5d4c156bc1ac49ae54dbfa733e6ae444cb7f1ac1bbf3129943375"
"https://pfotentechnik.de/kalk-katzentrinkbrunnen-entfernen/","UNAVAILABLE_PERFORMANCE_IS_NOT_INDEX_COVERAGE","0","0","3","0","problem-solving-guide","trinkbrunnen","2026-07-13","2026-07-25","77","2","11","10","NORMAL","true","true","2026-07-25T00:00:00.000Z","819","[""Organization"",""Article"",""Organization"",""Organization"",""ImageObject"",""BreadcrumbList"",""ListItem"",""ListItem"",""ListItem"",""FAQPage"",""Question"",""Answer"",""Question"",""Answer""]","6af77fa2658882f4f2abf5febd80a3436e52a14db58f7c915a95e22f083f4b8c"
"https://pfotentechnik.de/katze-an-katzenklappe-gewoehnen/","UNAVAILABLE_PERFORMANCE_IS_NOT_INDEX_COVERAGE","0","0","0","0","problem-solving-guide","katzenklappen","2026-08-04","2026-08-04","55","2","4","4","STRONG","true","true","2026-08-04T00:00:00.000Z","345","[""Organization"",""Article"",""Organization"",""Organization"",""ImageObject"",""BreadcrumbList"",""ListItem"",""ListItem"",""ListItem""]","9c2265d73e91324dc387c3e5954a62edc93062112c91ec792ae951fa3306c3a0"
"https://pfotentechnik.de/katze-an-trinkbrunnen-gewoehnen/","UNAVAILABLE_PERFORMANCE_IS_NOT_INDEX_COVERAGE","0","0","0","0","problem-solving-guide","katzenverhalten","2026-07-13","2026-07-19","77","2","7","2","NORMAL","true","true","2026-07-19T00:00:00.000Z","723","[""Organization"",""Article"",""Organization"",""Organization"",""ImageObject"",""BreadcrumbList"",""ListItem"",""ListItem"",""ListItem"",""FAQPage"",""Question"",""Answer"",""Question"",""Answer""]","7d0dfe793baf68a71b6b914b16a228a9dbaefa5128b93af7d2ed72d6707e82a9"
"https://pfotentechnik.de/katze-entlaufen-gps-sinnvoll/","UNAVAILABLE_PERFORMANCE_IS_NOT_INDEX_COVERAGE","0","0","1","0","guide","gps-tracker","2026-07-20","2026-07-20","70","2","5","5","NORMAL","true","true","2026-07-20T00:00:00.000Z","672","[""Organization"",""Article"",""Organization"",""Organization"",""ImageObject"",""BreadcrumbList"",""ListItem"",""ListItem"",""ListItem"",""FAQPage"",""Question"",""Answer"",""Question"",""Answer"",""Question"",""Answer"",""Question"",""Answer"",""Question"",""Answer"",""Question"",""Answer""]","7586d7b94b4fff07ffaea8514c28496cbcb7fa3132772f47ccf13c9342646093"
"https://pfotentechnik.de/katze-frisst-nicht/","UNAVAILABLE_PERFORMANCE_IS_NOT_INDEX_COVERAGE","0","0","0","0","medical-guide","futterautomaten","2026-07-15","2026-07-15","75","2","4","4","NORMAL","true","true","2026-07-15T00:00:00.000Z","5619","[""Organization"",""Article"",""Organization"",""Organization"",""ImageObject"",""BreadcrumbList"",""ListItem"",""ListItem"",""ListItem"",""FAQPage"",""Question"",""Answer"",""Question"",""Answer"",""Question"",""Answer"",""Question"",""Answer"",""Question"",""Answer"",""Question"",""Answer""]","bf3418e185cf569a924205bd9b123579a711ad50bcbc7360ee31c4625620fe54"
"https://pfotentechnik.de/katze-trinkt-viel/","UNAVAILABLE_PERFORMANCE_IS_NOT_INDEX_COVERAGE","0","0","7","0","medical-guide","trinkbrunnen","2026-07-15","2026-07-19","75","2","3","3","NORMAL","true","true","2026-07-19T00:00:00.000Z","3820","[""Organization"",""Article"",""Organization"",""Organization"",""ImageObject"",""BreadcrumbList"",""ListItem"",""ListItem"",""ListItem"",""FAQPage"",""Question"",""Answer"",""Question"",""Answer"",""Question"",""Answer"",""Question"",""Answer"",""Question"",""Answer"",""Question"",""Answer""]","d9e2cbd89eca85e49ddbce4b2512c8b4c8094c8be88091503e1c19a1447262e0"
"https://pfotentechnik.de/katzenklappe-einbauen/","UNAVAILABLE_PERFORMANCE_IS_NOT_INDEX_COVERAGE","0","0","5","0","problem-solving-guide","smarte-haustiertechnik","2026-08-04","2026-08-06","55","2","4","4","NORMAL","true","true","2026-08-06T00:00:00.000Z","1071","[""Organization"",""Article"",""Organization"",""Organization"",""ImageObject"",""BreadcrumbList"",""ListItem"",""ListItem"",""ListItem""]","3177f46a99e2b807235a023a029446ecd04dd8da230e32a49cc68f4d37c004a4"
"https://pfotentechnik.de/katzenklappe-fuer-mehrere-katzen/","UNAVAILABLE_PERFORMANCE_IS_NOT_INDEX_COVERAGE","0","0","0","0","problem-solving-guide","smarte-haustiertechnik","2026-08-04","2026-08-06","55","2","2","1","WEAK","true","true","2026-08-06T00:00:00.000Z","697","[""Organization"",""Article"",""Organization"",""Organization"",""ImageObject"",""BreadcrumbList"",""ListItem"",""ListItem"",""ListItem""]","4e83bba1f9828bc894cd4f9c951ca0b81b87039a3bf5c9d95bab79639de31107"
"https://pfotentechnik.de/katzenklappe-zugluft-und-waermedaemmung/","UNAVAILABLE_PERFORMANCE_IS_NOT_INDEX_COVERAGE","0","0","1","0","guide","katzenklappen","2026-08-04","2026-08-04","55","2","4","4","STRONG","true","true","2026-08-04T00:00:00.000Z","360","[""Organization"",""Article"",""Organization"",""Organization"",""ImageObject"",""BreadcrumbList"",""ListItem"",""ListItem"",""ListItem""]","3d83938b5e578d365147041442ca764787a9026e2f7102e4875d96527917ede1"
"https://pfotentechnik.de/katzenklappen/","UNAVAILABLE_PERFORMANCE_IS_NOT_INDEX_COVERAGE","0","0","0","0","editorial-page","katzenklappen","2026-08-04","2026-08-25","55","1","259","27","NORMAL","true","true","2026-08-25T00:00:00.000Z","1006","[""Organization"",""Article"",""Organization"",""Organization"",""ImageObject"",""BreadcrumbList"",""ListItem"",""ListItem"",""ListItem"",""FAQPage"",""Question"",""Answer"",""Question"",""Answer"",""Question"",""Answer"",""Question"",""Answer""]","1154e0a2de2a9788331e1fa62ab90926813fc1e943fcb43ba0b3519e9996f254"
"https://pfotentechnik.de/katzentrinkbrunnen-dauerbetrieb-urlaub/","UNAVAILABLE_PERFORMANCE_IS_NOT_INDEX_COVERAGE","0","0","0","0","guide","trinkbrunnen","2026-07-13","2026-07-13","77","2","4","3","STRONG","true","true","2026-07-13T00:00:00.000Z","840","[""Organization"",""Article"",""Organization"",""Organization"",""ImageObject"",""BreadcrumbList"",""ListItem"",""ListItem"",""ListItem"",""FAQPage"",""Question"",""Answer"",""Question"",""Answer""]","a01ec4330d42c954c4a3014a02aa11ca42d71bdb61d52010cfc37d6bd23143bc"
"https://pfotentechnik.de/katzentrinkbrunnen-laut-pumpe/","UNAVAILABLE_PERFORMANCE_IS_NOT_INDEX_COVERAGE","0","0","0","0","guide","trinkbrunnen","2026-07-13","2026-08-19","77","2","7","6","NORMAL","true","true","2026-08-19T00:00:00.000Z","1087","[""Organization"",""Article"",""Organization"",""Organization"",""ImageObject"",""BreadcrumbList"",""ListItem"",""ListItem"",""ListItem"",""FAQPage"",""Question"",""Answer"",""Question"",""Answer""]","79a7cdef2584d4c6c2ebe4c99b531d5042aad68cd55daf8b7c35d0e4f943ced3"
"https://pfotentechnik.de/katzentrinkbrunnen-material-edelstahl-keramik-kunststoff/","UNAVAILABLE_PERFORMANCE_IS_NOT_INDEX_COVERAGE","0","0","0","0","decision-guide","trinkbrunnen","2026-07-13","2026-08-19","77","2","22","22","STRONG","true","true","2026-08-19T00:00:00.000Z","837","[""Organization"",""Article"",""Organization"",""Organization"",""ImageObject"",""BreadcrumbList"",""ListItem"",""ListItem"",""ListItem"",""FAQPage"",""Question"",""Answer"",""Question"",""Answer""]","ad0d7590f83890f25e947072fb34d543a53eff013f3cedc6d4b092a5fdf1cae7"
"https://pfotentechnik.de/katzentrinkbrunnen-ohne-filter/","UNAVAILABLE_PERFORMANCE_IS_NOT_INDEX_COVERAGE","0","0","1","1","guide","trinkbrunnen","2026-07-13","2026-07-23","77","2","11","9","STRONG","true","true","2026-07-23T00:00:00.000Z","754","[""Organization"",""Article"",""Organization"",""Organization"",""ImageObject"",""BreadcrumbList"",""ListItem"",""ListItem"",""ListItem"",""FAQPage"",""Question"",""Answer"",""Question"",""Answer""]","b87960211088d0370a752a221f430f8718f07b420f3f53c078486d1f39428dc9"
"https://pfotentechnik.de/katzentrinkbrunnen-richtig-reinigen/","UNAVAILABLE_PERFORMANCE_IS_NOT_INDEX_COVERAGE","0","0","12","0","problem-solving-guide","trinkbrunnen","2026-07-13","2026-08-24","77","2","14","14","STRONG","true","true","2026-08-24T00:00:00.000Z","2333","[""Organization"",""Article"",""Organization"",""Organization"",""ImageObject"",""BreadcrumbList"",""ListItem"",""ListItem"",""ListItem"",""FAQPage"",""Question"",""Answer"",""Question"",""Answer"",""Question"",""Answer"",""Question"",""Answer"",""Question"",""Answer"",""Question"",""Answer"",""Question"",""Answer"",""Question"",""Answer""]","cf5fae9d7a855780f857e7ab5de23987cf54d7bdfb735b7af99fd82028215a41"
"https://pfotentechnik.de/katzenwasser-taeglich-wechseln/","UNAVAILABLE_PERFORMANCE_IS_NOT_INDEX_COVERAGE","0","0","3","1","problem-solving-guide","trinkbrunnen","2026-07-13","2026-08-19","77","2","10","8","NORMAL","true","true","2026-08-19T00:00:00.000Z","922","[""Organization"",""Article"",""Organization"",""Organization"",""ImageObject"",""BreadcrumbList"",""ListItem"",""ListItem"",""ListItem"",""FAQPage"",""Question"",""Answer"",""Question"",""Answer""]","35a577a9b7333d69afc6adb3649f77c1d7ca9e1fdb8b249e0feb2df127882844"
"https://pfotentechnik.de/kaufberatung/","UNAVAILABLE_PERFORMANCE_IS_NOT_INDEX_COVERAGE","0","0","0","0","editorial-page","smarte-haustiertechnik","","","null","1","259","0","WEAK","true","true","","167","[""Organization"",""WebPage"",""WebSite"",""BreadcrumbList"",""ListItem"",""ListItem""]","a7143d0ed65dd55c2c422d0664fd17c564ac86344414c734756f248f67ef7624"
"https://pfotentechnik.de/kontakt/","UNAVAILABLE_PERFORMANCE_IS_NOT_INDEX_COVERAGE","0","0","0","0","legal","smarte-haustiertechnik","","","null","1","259","2","NORMAL","true","true","","174","[""Organization"",""WebPage"",""WebSite""]","497243f0883a1c20b2329c167691ce383ea21b2b90b4556a7cf0ce40c0a0c625"
"https://pfotentechnik.de/nierenkranke-katze-trinken/","UNAVAILABLE_PERFORMANCE_IS_NOT_INDEX_COVERAGE","0","0","0","0","guide","trinkbrunnen","2026-07-13","2026-07-13","77","2","9","7","NORMAL","true","true","2026-07-13T00:00:00.000Z","750","[""Organization"",""Article"",""Organization"",""Organization"",""ImageObject"",""BreadcrumbList"",""ListItem"",""ListItem"",""ListItem"",""FAQPage"",""Question"",""Answer"",""Question"",""Answer""]","64bfecc763c240e98b4d34cf59bdfcd84cf9195579bee398ec5861e616e97604"
"https://pfotentechnik.de/produkt/aqara-smart-pet-feeder-c1/","UNAVAILABLE_PERFORMANCE_IS_NOT_INDEX_COVERAGE","0","0","0","0","product","futterautomaten","2026-07-12","2026-07-12","78","2","4","4","NORMAL","true","true","2026-07-12T00:00:00.000Z","1089","[""Organization"",""WebPage"",""WebSite"",""Organization"",""BreadcrumbList"",""ListItem"",""ListItem"",""ListItem"",""ListItem"",""Product"",""Brand"",""Offer"",""Organization"",""Review"",""Organization"",""Organization"",""Rating"",""ItemList"",""ListItem"",""ListItem"",""ListItem"",""ListItem"",""ListItem"",""ItemList"",""ListItem"",""ListItem"",""ListItem"",""ListItem""]","033d2201a7dea88ec429c576d6859c13c76d121c8b27205f950c7467789e092e"
"https://pfotentechnik.de/produkt/cat-mate-335-pet-fountain/","UNAVAILABLE_PERFORMANCE_IS_NOT_INDEX_COVERAGE","0","0","0","0","product","trinkbrunnen","2026-07-13","2026-07-23","77","3","5","5","NORMAL","true","true","2026-07-23T00:00:00.000Z","1494","[""Organization"",""WebPage"",""WebSite"",""Organization"",""BreadcrumbList"",""ListItem"",""ListItem"",""ListItem"",""ListItem"",""Product"",""Brand"",""Offer"",""Organization"",""Review"",""Organization"",""Organization"",""Rating"",""ItemList"",""ListItem"",""ListItem"",""ListItem"",""ListItem"",""ListItem"",""ItemList"",""ListItem"",""ListItem"",""ListItem"",""ListItem"",""ListItem""]","e440195b37db38bbb9d903ee543c9ddac7149319246befcfb091f28830884534"
"https://pfotentechnik.de/produkt/cat-mate-c200/","UNAVAILABLE_PERFORMANCE_IS_NOT_INDEX_COVERAGE","0","0","1","0","product","futterautomaten","2026-07-12","2026-07-16","78","2","3","3","NORMAL","true","true","2026-07-16T00:00:00.000Z","1056","[""Organization"",""WebPage"",""WebSite"",""Organization"",""BreadcrumbList"",""ListItem"",""ListItem"",""ListItem"",""ListItem"",""Product"",""Brand"",""Offer"",""Organization"",""Review"",""Organization"",""Organization"",""Rating"",""ItemList"",""ListItem"",""ListItem"",""ListItem"",""ListItem"",""ListItem"",""ItemList"",""ListItem"",""ListItem"",""ListItem"",""ListItem""]","1089132490dcbcd3265910946e9095449dd34ff843e8a3fb3416dd514a58f19d"
"https://pfotentechnik.de/produkt/cat-mate-c300/","UNAVAILABLE_PERFORMANCE_IS_NOT_INDEX_COVERAGE","0","0","0","0","product","futterautomaten","2026-07-12","2026-07-16","78","2","2","2","NORMAL","true","true","2026-07-16T00:00:00.000Z","1065","[""Organization"",""WebPage"",""WebSite"",""Organization"",""BreadcrumbList"",""ListItem"",""ListItem"",""ListItem"",""ListItem"",""Product"",""Brand"",""Offer"",""Organization"",""Review"",""Organization"",""Organization"",""Rating"",""ItemList"",""ListItem"",""ListItem"",""ListItem"",""ListItem"",""ListItem"",""ItemList"",""ListItem"",""ListItem"",""ListItem"",""ListItem""]","b04a28acfd603573ac1094c963c3599f220e02d9d57ccf1fbc8d77f2b28bedd4"
"https://pfotentechnik.de/produkt/cat-mate-c500/","UNAVAILABLE_PERFORMANCE_IS_NOT_INDEX_COVERAGE","0","0","1","0","product","futterautomaten","2026-07-12","2026-07-16","78","2","11","11","STRONG","true","true","2026-07-16T00:00:00.000Z","1205","[""Organization"",""WebPage"",""WebSite"",""Organization"",""BreadcrumbList"",""ListItem"",""ListItem"",""ListItem"",""ListItem"",""Product"",""Brand"",""Offer"",""Organization"",""Review"",""Organization"",""Organization"",""Rating"",""ItemList"",""ListItem"",""ListItem"",""ListItem"",""ListItem"",""ListItem"",""ItemList"",""ListItem"",""ListItem"",""ListItem"",""ListItem""]","2952bc6e476eeffdf5396156afafccc77f2a1398becb30963cb1f49f8dedf5b9"
"https://pfotentechnik.de/produkt/cat-mate-elite-355w/","UNAVAILABLE_PERFORMANCE_IS_NOT_INDEX_COVERAGE","0","0","0","0","product","katzenklappen","2026-08-16","2026-08-16","43","2","3","3","STRONG","true","true","2026-08-16T00:00:00.000Z","1032","[""Organization"",""WebPage"",""WebSite"",""Organization"",""BreadcrumbList"",""ListItem"",""ListItem"",""ListItem"",""ListItem"",""Product"",""Brand"",""Review"",""Organization"",""Organization"",""Rating"",""ItemList"",""ListItem"",""ListItem"",""ListItem"",""ListItem"",""ItemList"",""ListItem"",""ListItem"",""ListItem"",""ListItem""]","64e7396a23769ca03f8160d13d56fcd5b32e347187e9ab1523d53a697011ce53"
"https://pfotentechnik.de/produkt/cat-mate-shell-fountain/","UNAVAILABLE_PERFORMANCE_IS_NOT_INDEX_COVERAGE","0","0","0","0","product","trinkbrunnen","2026-07-13","2026-07-16","77","3","2","2","NORMAL","true","true","2026-07-16T00:00:00.000Z","1024","[""Organization"",""WebPage"",""WebSite"",""Organization"",""BreadcrumbList"",""ListItem"",""ListItem"",""ListItem"",""ListItem"",""Product"",""Brand"",""Review"",""Organization"",""Organization"",""Rating"",""ItemList"",""ListItem"",""ListItem"",""ListItem"",""ListItem"",""ListItem"",""ItemList"",""ListItem"",""ListItem"",""ListItem"",""ListItem""]","b32749958713fe541fa17385be73acaab41fb3be4a45e4866254f088e851e2e1"
"https://pfotentechnik.de/produkt/catit-pixi-smart-6-meal-feeder/","UNAVAILABLE_PERFORMANCE_IS_NOT_INDEX_COVERAGE","0","0","0","0","product","futterautomaten","2026-07-12","2026-07-23","78","2","3","3","NORMAL","true","true","2026-07-23T00:00:00.000Z","1409","[""Organization"",""WebPage"",""WebSite"",""Organization"",""BreadcrumbList"",""ListItem"",""ListItem"",""ListItem"",""ListItem"",""Product"",""Brand"",""Offer"",""Organization"",""Review"",""Organization"",""Organization"",""Rating"",""ItemList"",""ListItem"",""ListItem"",""ListItem"",""ListItem"",""ListItem"",""ItemList"",""ListItem"",""ListItem"",""ListItem"",""ListItem"",""ListItem""]","30538706b3518f58b6e8bd9d4a3a3472f6c12bf3377097675b4917c9d198bf7b"
"https://pfotentechnik.de/produkt/catit-pixi-smart-trinkbrunnen/","UNAVAILABLE_PERFORMANCE_IS_NOT_INDEX_COVERAGE","0","0","0","0","product","trinkbrunnen","2026-08-16","2026-08-16","43","2","3","3","STRONG","true","true","2026-08-16T00:00:00.000Z","1074","[""Organization"",""WebPage"",""WebSite"",""Organization"",""BreadcrumbList"",""ListItem"",""ListItem"",""ListItem"",""ListItem"",""Product"",""Brand"",""Review"",""Organization"",""Organization"",""Rating"",""ItemList"",""ListItem"",""ListItem"",""ListItem"",""ListItem"",""ItemList"",""ListItem"",""ListItem"",""ListItem"",""ListItem""]","9133855a2d0e0d3b6a59fd7a7594d7777e0bd70dbaf10e459199540df703c621"
"https://pfotentechnik.de/produkt/catit-pixi-vision-smart-feeder/","UNAVAILABLE_PERFORMANCE_IS_NOT_INDEX_COVERAGE","0","0","0","0","product","futterautomaten","2026-07-12","2026-08-10","78","2","3","3","NORMAL","true","true","2026-08-10T00:00:00.000Z","1072","[""Organization"",""WebPage"",""WebSite"",""Organization"",""BreadcrumbList"",""ListItem"",""ListItem"",""ListItem"",""ListItem"",""Product"",""Brand"",""Review"",""Organization"",""Organization"",""Rating"",""ItemList"",""ListItem"",""ListItem"",""ListItem"",""ListItem"",""ListItem"",""ItemList"",""ListItem"",""ListItem"",""ListItem"",""ListItem""]","ff66b2bfde7b3953e73c291b2c6add88392fc58bf5c60595a02b91ea1d683b74"
"https://pfotentechnik.de/produkt/devoko-90l-automatisches-katzenklo/","UNAVAILABLE_PERFORMANCE_IS_NOT_INDEX_COVERAGE","0","0","0","0","product","automatische-katzentoiletten","2026-08-07","2026-08-07","52","3","12","12","NORMAL","true","true","2026-08-07T00:00:00.000Z","1727","[""Organization"",""WebPage"",""WebSite"",""Organization"",""BreadcrumbList"",""ListItem"",""ListItem"",""ListItem"",""ListItem"",""Product"",""Brand"",""Offer"",""Organization"",""Review"",""Organization"",""Organization"",""Rating"",""ItemList"",""ListItem"",""ListItem"",""ListItem"",""ListItem"",""ListItem"",""ItemList"",""ListItem"",""ListItem"",""ListItem"",""ListItem"",""ListItem""]","7f31bf635fbfc4109c18f6088c78de273f5de65a4e621cdb92e3ba5d3325c8a9"
"https://pfotentechnik.de/produkt/enabot-ebo-air-2/","UNAVAILABLE_PERFORMANCE_IS_NOT_INDEX_COVERAGE","0","0","0","0","product","haustierkameras","2026-08-06","2026-08-06","53","3","5","5","NORMAL","true","true","2026-08-06T00:00:00.000Z","806","[""Organization"",""WebPage"",""WebSite"",""Organization"",""BreadcrumbList"",""ListItem"",""ListItem"",""ListItem"",""ListItem"",""Product"",""Brand"",""Review"",""Organization"",""Organization"",""Rating"",""ItemList"",""ListItem"",""ListItem"",""ListItem"",""ItemList"",""ListItem"",""ListItem"",""ListItem""]","9b1598462b13fa74e3d0cfb6506be5a19a7581e5e675ffd4d99bb71f77477331"
"https://pfotentechnik.de/produkt/enabot-rola-mini/","UNAVAILABLE_PERFORMANCE_IS_NOT_INDEX_COVERAGE","0","0","0","0","product","haustierkameras","2026-08-15","2026-08-15","44","2","10","10","STRONG","true","true","2026-08-15T00:00:00.000Z","905","[""Organization"",""WebPage"",""WebSite"",""Organization"",""BreadcrumbList"",""ListItem"",""ListItem"",""ListItem"",""ListItem"",""Product"",""Brand"",""Offer"",""Organization"",""Review"",""Organization"",""Organization"",""Rating"",""ItemList"",""ListItem"",""ListItem"",""ListItem"",""ItemList"",""ListItem"",""ListItem"",""ListItem""]","73abf7928369480e2e9c008b008d98eafd794a545f0c04fb1ae200548567d25e"
"https://pfotentechnik.de/produkt/enabot-rola-pettracker/","UNAVAILABLE_PERFORMANCE_IS_NOT_INDEX_COVERAGE","0","0","0","0","product","gps-tracker","2026-08-15","2026-08-16","44","2","3","3","NORMAL","true","true","2026-08-16T00:00:00.000Z","1303","[""Organization"",""WebPage"",""WebSite"",""Organization"",""BreadcrumbList"",""ListItem"",""ListItem"",""ListItem"",""ListItem"",""Product"",""Brand"",""Review"",""Organization"",""Organization"",""Rating"",""ItemList"",""ListItem"",""ListItem"",""ListItem"",""ListItem"",""ListItem"",""ItemList"",""ListItem"",""ListItem"",""ListItem"",""ListItem"",""ListItem""]","a10c2287d4f9edca0efca392f2c3782962c4e21f1eaaee92118bee9f4bfa7050"
"https://pfotentechnik.de/produkt/feelneedy-fn-w18-8l-katzenbrunnen/","UNAVAILABLE_PERFORMANCE_IS_NOT_INDEX_COVERAGE","0","0","0","0","product","trinkbrunnen","2026-07-23","2026-08-17","67","2","4","4","STRONG","true","true","2026-08-17T00:00:00.000Z","1497","[""Organization"",""WebPage"",""WebSite"",""Organization"",""BreadcrumbList"",""ListItem"",""ListItem"",""ListItem"",""ListItem"",""Product"",""Brand"",""Offer"",""Organization"",""Review"",""Organization"",""Organization"",""Rating"",""ItemList"",""ListItem"",""ListItem"",""ListItem"",""ListItem"",""ListItem"",""ItemList"",""ListItem"",""ListItem"",""ListItem"",""ListItem"",""ListItem""]","05c3596d120929f6ba43af91e57bcd3a0f611c9f9d10b3cd15c6de2e6a20f790"
"https://pfotentechnik.de/produkt/flappie/","UNAVAILABLE_PERFORMANCE_IS_NOT_INDEX_COVERAGE","0","0","0","0","product","katzenklappen","2026-09-07","2026-09-07","21","2","8","8","NORMAL","true","true","2026-09-07T00:00:00.000Z","1366","[""Organization"",""WebPage"",""WebSite"",""Organization"",""BreadcrumbList"",""ListItem"",""ListItem"",""ListItem"",""ListItem"",""Product"",""Brand"",""Offer"",""Organization"",""Review"",""Organization"",""Organization"",""Rating"",""ItemList"",""ListItem"",""ListItem"",""ListItem"",""ListItem"",""ItemList"",""ListItem"",""ListItem"",""ListItem"",""ListItem""]","60c313ff3e8fab496c5f5239f21be3516994aa29e5df1e66725244ebfd394ade"
"https://pfotentechnik.de/produkt/furbo-360-hundekamera/","UNAVAILABLE_PERFORMANCE_IS_NOT_INDEX_COVERAGE","0","0","0","0","product","haustierkameras","2026-08-06","2026-08-06","53","3","5","5","NORMAL","true","true","2026-08-06T00:00:00.000Z","889","[""Organization"",""WebPage"",""WebSite"",""Organization"",""BreadcrumbList"",""ListItem"",""ListItem"",""ListItem"",""ListItem"",""Product"",""Brand"",""Offer"",""Organization"",""Review"",""Organization"",""Organization"",""Rating"",""ItemList"",""ListItem"",""ListItem"",""ListItem"",""ItemList"",""ListItem"",""ListItem"",""ListItem""]","9addca31d451c580b1c589860142935e319e5f28c4ed24e29cca075988a2d731"
"https://pfotentechnik.de/produkt/furbo-360-katzenkamera/","UNAVAILABLE_PERFORMANCE_IS_NOT_INDEX_COVERAGE","0","0","0","0","product","haustierkameras","2026-08-21","2026-08-21","38","3","5","5","NORMAL","true","true","2026-08-21T00:00:00.000Z","838","[""Organization"",""WebPage"",""WebSite"",""Organization"",""BreadcrumbList"",""ListItem"",""ListItem"",""ListItem"",""ListItem"",""Product"",""Brand"",""Review"",""Organization"",""Organization"",""Rating"",""ItemList"",""ListItem"",""ListItem"",""ListItem"",""ListItem"",""ListItem"",""ItemList"",""ListItem"",""ListItem"",""ListItem"",""ListItem""]","0fa89904a08db5716d5effce98f337981cfbba21d1c025b208cbfc7b0d075ed4"
"https://pfotentechnik.de/produkt/furbo-mini-360/","UNAVAILABLE_PERFORMANCE_IS_NOT_INDEX_COVERAGE","0","0","0","0","product","haustierkameras","2026-08-15","2026-08-15","44","2","10","10","STRONG","true","true","2026-08-15T00:00:00.000Z","920","[""Organization"",""WebPage"",""WebSite"",""Organization"",""BreadcrumbList"",""ListItem"",""ListItem"",""ListItem"",""ListItem"",""Product"",""Brand"",""Offer"",""Organization"",""Review"",""Organization"",""Organization"",""Rating"",""ItemList"",""ListItem"",""ListItem"",""ListItem"",""ItemList"",""ListItem"",""ListItem"",""ListItem""]","4195f4b1ba6cf9aaf79d8c2a15638e688bcb9fcfa043ec3cbd70aec75d796f29"
"https://pfotentechnik.de/produkt/garmin-alpha-t-20/","UNAVAILABLE_PERFORMANCE_IS_NOT_INDEX_COVERAGE","0","0","0","0","product","gps-tracker","2026-07-20","2026-07-23","70","2","6","6","STRONG","true","true","2026-07-23T00:00:00.000Z","1715","[""Organization"",""WebPage"",""WebSite"",""Organization"",""BreadcrumbList"",""ListItem"",""ListItem"",""ListItem"",""ListItem"",""Product"",""Brand"",""Offer"",""Organization"",""Review"",""Organization"",""Organization"",""Rating"",""ItemList"",""ListItem"",""ListItem"",""ListItem"",""ListItem"",""ListItem"",""ItemList"",""ListItem"",""ListItem"",""ListItem"",""ListItem"",""ListItem""]","77352b161a53dc40074d9cc4bfefd4ea8bb52124eb288560bc2b3a1dac562bf8"
"https://pfotentechnik.de/produkt/garmin-alpha-tt-25/","UNAVAILABLE_PERFORMANCE_IS_NOT_INDEX_COVERAGE","0","0","0","0","product","gps-tracker","2026-07-20","2026-07-20","70","3","6","6","NORMAL","true","true","2026-07-20T00:00:00.000Z","1010","[""Organization"",""WebPage"",""WebSite"",""Organization"",""BreadcrumbList"",""ListItem"",""ListItem"",""ListItem"",""ListItem"",""Product"",""Brand"",""Review"",""Organization"",""Organization"",""Rating"",""ItemList"",""ListItem"",""ListItem"",""ListItem"",""ListItem"",""ListItem"",""ItemList"",""ListItem"",""ListItem"",""ListItem""]","e8966843a55de8db4ce899d0ac3ec73e6812582204fd8a94217dc41249cc6cfe"
"https://pfotentechnik.de/produkt/honeyguardian-a305d/","UNAVAILABLE_PERFORMANCE_IS_NOT_INDEX_COVERAGE","1","0","0","0","product","futterautomaten","2026-07-12","2026-07-12","78","3","2","2","NORMAL","true","true","2026-07-12T00:00:00.000Z","821","[""Organization"",""WebPage"",""WebSite"",""Organization"",""BreadcrumbList"",""ListItem"",""ListItem"",""ListItem"",""ListItem"",""Product"",""Brand"",""Review"",""Organization"",""Organization"",""Rating"",""ItemList"",""ListItem"",""ListItem"",""ListItem"",""ItemList"",""ListItem"",""ListItem"",""ListItem""]","345415966682838edfb440bcc623b5a3959e3a09fe6b0f9337c21d671e456d57"
"https://pfotentechnik.de/produkt/honeyguardian-a68/","UNAVAILABLE_PERFORMANCE_IS_NOT_INDEX_COVERAGE","0","0","0","0","product","futterautomaten","2026-07-12","2026-07-23","78","3","9","9","NORMAL","true","true","2026-07-23T00:00:00.000Z","758","[""Organization"",""WebPage"",""WebSite"",""Organization"",""BreadcrumbList"",""ListItem"",""ListItem"",""ListItem"",""ListItem"",""Product"",""Brand"",""Offer"",""Organization"",""Review"",""Organization"",""Organization"",""Rating"",""ItemList"",""ListItem"",""ListItem"",""ListItem"",""ItemList"",""ListItem"",""ListItem"",""ListItem""]","f48b22c66c9e62803d07f4826c3b58fe530218e58455afd0550f6436095738c9"
"https://pfotentechnik.de/produkt/honeyguardian-smart-pet-feeder-s305d/","UNAVAILABLE_PERFORMANCE_IS_NOT_INDEX_COVERAGE","1","0","0","0","product","futterautomaten","2026-07-12","2026-07-17","78","2","5","5","NORMAL","true","true","2026-07-17T00:00:00.000Z","939","[""Organization"",""WebPage"",""WebSite"",""Organization"",""BreadcrumbList"",""ListItem"",""ListItem"",""ListItem"",""ListItem"",""Product"",""Brand"",""Review"",""Organization"",""Organization"",""Rating"",""ItemList"",""ListItem"",""ListItem"",""ListItem"",""ListItem"",""ListItem"",""ItemList"",""ListItem"",""ListItem"",""ListItem"",""ListItem""]","65856cac33d856303a7457424909a61baec4a1ea0a73c13e01659f80f7c2ad39"
"https://pfotentechnik.de/produkt/imipaw-3l-automatic-cat-feeder/","UNAVAILABLE_PERFORMANCE_IS_NOT_INDEX_COVERAGE","0","0","0","0","product","futterautomaten","2026-07-12","2026-07-23","78","2","11","11","NORMAL","true","true","2026-07-23T00:00:00.000Z","1483","[""Organization"",""WebPage"",""WebSite"",""Organization"",""BreadcrumbList"",""ListItem"",""ListItem"",""ListItem"",""ListItem"",""Product"",""Brand"",""Offer"",""Organization"",""Review"",""Organization"",""Organization"",""Rating"",""ItemList"",""ListItem"",""ListItem"",""ListItem"",""ListItem"",""ListItem"",""ItemList"",""ListItem"",""ListItem"",""ListItem"",""ListItem"",""ListItem""]","2a0568fcf071a713b99a2052ddaa2179536283fa0e880a11acd263b7a4da37a1"
"https://pfotentechnik.de/produkt/invoxia-biotracker-2026/","UNAVAILABLE_PERFORMANCE_IS_NOT_INDEX_COVERAGE","0","0","0","0","product","gps-tracker","2026-08-16","2026-08-16","43","3","2","2","NORMAL","true","true","2026-08-16T00:00:00.000Z","1166","[""Organization"",""WebPage"",""WebSite"",""Organization"",""BreadcrumbList"",""ListItem"",""ListItem"",""ListItem"",""ListItem"",""Product"",""Brand"",""Review"",""Organization"",""Organization"",""Rating"",""ItemList"",""ListItem"",""ListItem"",""ListItem"",""ListItem"",""ItemList"",""ListItem"",""ListItem"",""ListItem"",""ListItem""]","f6236167abebdf33c42c99f90a0498c9ce2cba0e5ae74a93dbf7179335f6b16c"
"https://pfotentechnik.de/produkt/litter-robot-4/","UNAVAILABLE_PERFORMANCE_IS_NOT_INDEX_COVERAGE","0","0","0","0","product","automatische-katzentoiletten","2026-08-16","2026-08-26","43","2","3","3","STRONG","true","true","2026-08-26T00:00:00.000Z","1150","[""Organization"",""WebPage"",""WebSite"",""Organization"",""BreadcrumbList"",""ListItem"",""ListItem"",""ListItem"",""ListItem"",""Product"",""Brand"",""Review"",""Organization"",""Organization"",""Rating"",""ItemList"",""ListItem"",""ListItem"",""ListItem"",""ListItem"",""ItemList"",""ListItem"",""ListItem"",""ListItem"",""ListItem""]","9a63ab64e692c6ba5f9e993743867b0a1b7e11b6eb79ab32f25d3d6c8aae5af1"
"https://pfotentechnik.de/produkt/litter-robot-5-pro/","UNAVAILABLE_PERFORMANCE_IS_NOT_INDEX_COVERAGE","0","0","1","1","product","automatische-katzentoiletten","2026-08-06","2026-08-06","53","3","3","3","NORMAL","true","true","2026-08-06T00:00:00.000Z","936","[""Organization"",""WebPage"",""WebSite"",""Organization"",""BreadcrumbList"",""ListItem"",""ListItem"",""ListItem"",""ListItem"",""Product"",""Brand"",""Review"",""Organization"",""Organization"",""Rating"",""ItemList"",""ListItem"",""ListItem"",""ListItem"",""ItemList"",""ListItem"",""ListItem"",""ListItem""]","068df51963aca7117adcb84631a626c42726adfe8e7253895780ea58de32a967"
"https://pfotentechnik.de/produkt/neakasa-m1-lite/","UNAVAILABLE_PERFORMANCE_IS_NOT_INDEX_COVERAGE","0","0","0","0","product","automatische-katzentoiletten","2026-08-07","2026-08-15","52","2","3","3","STRONG","true","true","2026-08-15T00:00:00.000Z","1209","[""Organization"",""WebPage"",""WebSite"",""Organization"",""BreadcrumbList"",""ListItem"",""ListItem"",""ListItem"",""ListItem"",""Product"",""Brand"",""Review"",""Organization"",""Organization"",""Rating"",""ItemList"",""ListItem"",""ListItem"",""ListItem"",""ListItem"",""ItemList"",""ListItem"",""ListItem"",""ListItem"",""ListItem"",""ListItem""]","22d8204d9e0302efe689492c730d45be966bb76847268509c8a405d8c00ae029"
"https://pfotentechnik.de/produkt/neakasa-m1-plus/","UNAVAILABLE_PERFORMANCE_IS_NOT_INDEX_COVERAGE","0","0","0","0","product","automatische-katzentoiletten","2026-08-06","2026-08-06","53","3","3","3","NORMAL","true","true","2026-08-06T00:00:00.000Z","880","[""Organization"",""WebPage"",""WebSite"",""Organization"",""BreadcrumbList"",""ListItem"",""ListItem"",""ListItem"",""ListItem"",""Product"",""Brand"",""Offer"",""Organization"",""Review"",""Organization"",""Organization"",""Rating"",""ItemList"",""ListItem"",""ListItem"",""ListItem"",""ItemList"",""ListItem"",""ListItem"",""ListItem""]","115aa8938042dee6ddb9bc48fe693846e2d01f6579caf8cc11fc1497a3b4abf9"
"https://pfotentechnik.de/produkt/neakasa-riko/","UNAVAILABLE_PERFORMANCE_IS_NOT_INDEX_COVERAGE","0","0","0","0","product","futterautomaten","2026-09-15","2026-09-15","13","3","3","3","NORMAL","true","true","2026-09-15T00:00:00.000Z","1087","[""Organization"",""WebPage"",""WebSite"",""Organization"",""BreadcrumbList"",""ListItem"",""ListItem"",""ListItem"",""ListItem"",""Product"",""Brand"",""Review"",""Organization"",""Organization"",""Rating"",""ItemList"",""ListItem"",""ListItem"",""ListItem"",""ListItem"",""ItemList"",""ListItem"",""ListItem"",""ListItem"",""ListItem""]","e1825f3c27df9e21688e12f40d9463cd193b9151408e859a73a0f2e92acbc1e9"
"https://pfotentechnik.de/produkt/oneisall-2-2l-cordless-fountain/","UNAVAILABLE_PERFORMANCE_IS_NOT_INDEX_COVERAGE","0","0","0","0","product","trinkbrunnen","2026-07-13","2026-07-16","77","3","2","2","NORMAL","true","true","2026-07-16T00:00:00.000Z","947","[""Organization"",""WebPage"",""WebSite"",""Organization"",""BreadcrumbList"",""ListItem"",""ListItem"",""ListItem"",""ListItem"",""Product"",""Brand"",""Offer"",""Organization"",""Review"",""Organization"",""Organization"",""Rating"",""ItemList"",""ListItem"",""ListItem"",""ListItem"",""ListItem"",""ListItem"",""ItemList"",""ListItem"",""ListItem"",""ListItem"",""ListItem""]","e0863f61288c3613b09ab28b68cb86a2a948b82425c9298d565d827d00b0fb42"
"https://pfotentechnik.de/produkt/oneisall-2-in-1-feeder-water/","UNAVAILABLE_PERFORMANCE_IS_NOT_INDEX_COVERAGE","0","0","0","0","product","futterautomaten","2026-07-12","2026-07-23","78","2","2","2","NORMAL","true","true","2026-07-23T00:00:00.000Z","1345","[""Organization"",""WebPage"",""WebSite"",""Organization"",""BreadcrumbList"",""ListItem"",""ListItem"",""ListItem"",""ListItem"",""Product"",""Brand"",""Offer"",""Organization"",""Review"",""Organization"",""Organization"",""Rating"",""ItemList"",""ListItem"",""ListItem"",""ListItem"",""ListItem"",""ListItem"",""ItemList"",""ListItem"",""ListItem"",""ListItem"",""ListItem"",""ListItem""]","9986fe1567bc51cb613567f86da758bc7621e38771463648e797f4836635bba4"
"https://pfotentechnik.de/produkt/oneisall-3-2l-cordless-fountain/","UNAVAILABLE_PERFORMANCE_IS_NOT_INDEX_COVERAGE","0","0","0","0","product","trinkbrunnen","2026-07-13","2026-07-23","77","3","11","10","NORMAL","true","true","2026-07-23T00:00:00.000Z","1359","[""Organization"",""WebPage"",""WebSite"",""Organization"",""BreadcrumbList"",""ListItem"",""ListItem"",""ListItem"",""ListItem"",""Product"",""Brand"",""Offer"",""Organization"",""Review"",""Organization"",""Organization"",""Rating"",""ItemList"",""ListItem"",""ListItem"",""ListItem"",""ListItem"",""ListItem"",""ItemList"",""ListItem"",""ListItem"",""ListItem"",""ListItem"",""ListItem""]","922503ff3beeb394501440449cbf4d27367eb8141d74750c7f08de579c05711b"
"https://pfotentechnik.de/produkt/oneisall-3-5l-cordless-fountain/","UNAVAILABLE_PERFORMANCE_IS_NOT_INDEX_COVERAGE","0","0","0","0","product","trinkbrunnen","2026-07-13","2026-08-10","77","3","23","23","NORMAL","true","true","2026-08-10T00:00:00.000Z","1050","[""Organization"",""WebPage"",""WebSite"",""Organization"",""BreadcrumbList"",""ListItem"",""ListItem"",""ListItem"",""ListItem"",""Product"",""Brand"",""Review"",""Organization"",""Organization"",""Rating"",""ItemList"",""ListItem"",""ListItem"",""ListItem"",""ListItem"",""ListItem"",""ItemList"",""ListItem"",""ListItem"",""ListItem"",""ListItem""]","9d4542ce106c9cb646e8cbd66b4fb7e63868578234aaca6a8598aef7a2183a44"
"https://pfotentechnik.de/produkt/oneisall-5l-automatic-cat-feeder/","UNAVAILABLE_PERFORMANCE_IS_NOT_INDEX_COVERAGE","0","0","0","0","product","futterautomaten","2026-07-12","2026-07-17","78","2","3","3","NORMAL","true","true","2026-07-17T00:00:00.000Z","1000","[""Organization"",""WebPage"",""WebSite"",""Organization"",""BreadcrumbList"",""ListItem"",""ListItem"",""ListItem"",""ListItem"",""Product"",""Brand"",""Offer"",""Organization"",""Review"",""Organization"",""Organization"",""Rating"",""ItemList"",""ListItem"",""ListItem"",""ListItem"",""ListItem"",""ListItem"",""ItemList"",""ListItem"",""ListItem"",""ListItem"",""ListItem""]","3e3366b23e727b13f0306c549c9941b4bf7836e1a65ca62d80223b35cb4da638"
"https://pfotentechnik.de/produkt/oneisall-7l-dog-water-fountain/","UNAVAILABLE_PERFORMANCE_IS_NOT_INDEX_COVERAGE","0","0","0","0","product","trinkbrunnen","2026-07-13","2026-07-23","77","3","24","24","NORMAL","true","true","2026-07-23T00:00:00.000Z","1493","[""Organization"",""WebPage"",""WebSite"",""Organization"",""BreadcrumbList"",""ListItem"",""ListItem"",""ListItem"",""ListItem"",""Product"",""Brand"",""Offer"",""Organization"",""Review"",""Organization"",""Organization"",""Rating"",""ItemList"",""ListItem"",""ListItem"",""ListItem"",""ListItem"",""ListItem"",""ItemList"",""ListItem"",""ListItem"",""ListItem"",""ListItem"",""ListItem""]","974ee5fb1ab2c6918d06d26b2aeb7c8d6f3af88bc7bc0a22e38b1a0274b518f3"
"https://pfotentechnik.de/produkt/onlycat-mikrochip-katzenklappe/","UNAVAILABLE_PERFORMANCE_IS_NOT_INDEX_COVERAGE","0","0","2","0","product","katzenklappen","2026-08-04","2026-08-05","55","2","6","6","STRONG","true","true","2026-08-05T00:00:00.000Z","997","[""Organization"",""WebPage"",""WebSite"",""Organization"",""BreadcrumbList"",""ListItem"",""ListItem"",""ListItem"",""ListItem"",""Product"",""Brand"",""Offer"",""Organization"",""Review"",""Organization"",""Organization"",""Rating"",""ItemList"",""ListItem"",""ListItem"",""ListItem"",""ItemList"",""ListItem"",""ListItem"",""ListItem""]","bc6fbac2794fafcbde16d9d55b43ed42faa242f0bfe63284f9e42a40aa4bb51e"
"https://pfotentechnik.de/produkt/paj-pet-finder-4g-mini/","UNAVAILABLE_PERFORMANCE_IS_NOT_INDEX_COVERAGE","0","0","1","1","product","gps-tracker","2026-07-20","2026-07-23","70","2","7","7","STRONG","true","true","2026-07-23T00:00:00.000Z","1878","[""Organization"",""WebPage"",""WebSite"",""Organization"",""BreadcrumbList"",""ListItem"",""ListItem"",""ListItem"",""ListItem"",""Product"",""Brand"",""Offer"",""Organization"",""Review"",""Organization"",""Organization"",""Rating"",""ItemList"",""ListItem"",""ListItem"",""ListItem"",""ListItem"",""ListItem"",""ItemList"",""ListItem"",""ListItem"",""ListItem"",""ListItem"",""ListItem""]","9aa012b1620821cddbab1801eb9bfd585d07e59cf9f8e5fe4cd74336e8ff9857"
"https://pfotentechnik.de/produkt/pawbby-smart-pet-feeder/","UNAVAILABLE_PERFORMANCE_IS_NOT_INDEX_COVERAGE","0","0","0","0","product","futterautomaten","2026-07-12","2026-07-12","78","3","2","2","NORMAL","true","true","2026-07-12T00:00:00.000Z","774","[""Organization"",""WebPage"",""WebSite"",""Organization"",""BreadcrumbList"",""ListItem"",""ListItem"",""ListItem"",""ListItem"",""Product"",""Brand"",""Review"",""Organization"",""Organization"",""Rating"",""ItemList"",""ListItem"",""ListItem"",""ListItem"",""ItemList"",""ListItem"",""ListItem"",""ListItem""]","4a69dc4260db4b83c95398a673e53fc0b952a728dbc0b8cfb5b428a679b6b94e"
"https://pfotentechnik.de/produkt/pawfit-3/","UNAVAILABLE_PERFORMANCE_IS_NOT_INDEX_COVERAGE","0","0","0","0","product","gps-tracker","2026-08-16","2026-08-16","43","3","3","3","NORMAL","true","true","2026-08-16T00:00:00.000Z","1215","[""Organization"",""WebPage"",""WebSite"",""Organization"",""BreadcrumbList"",""ListItem"",""ListItem"",""ListItem"",""ListItem"",""Product"",""Brand"",""Review"",""Organization"",""Organization"",""Rating"",""ItemList"",""ListItem"",""ListItem"",""ListItem"",""ListItem"",""ItemList"",""ListItem"",""ListItem"",""ListItem"",""ListItem""]","adf908ba4f91c289a9a871504c42c4a54c947e6dd295e602745ec2b2ab72be7e"
"https://pfotentechnik.de/produkt/pawsync-smart-pet-feeder/","UNAVAILABLE_PERFORMANCE_IS_NOT_INDEX_COVERAGE","0","0","0","0","product","futterautomaten","2026-07-12","2026-08-10","78","2","7","7","NORMAL","true","true","2026-08-10T00:00:00.000Z","1035","[""Organization"",""WebPage"",""WebSite"",""Organization"",""BreadcrumbList"",""ListItem"",""ListItem"",""ListItem"",""ListItem"",""Product"",""Brand"",""Offer"",""Organization"",""Review"",""Organization"",""Organization"",""Rating"",""ItemList"",""ListItem"",""ListItem"",""ListItem"",""ListItem"",""ListItem"",""ItemList"",""ListItem"",""ListItem"",""ListItem"",""ListItem""]","cb0abd2c1befa43cc3795876cf3e3af1911caa06395cfaec43d3a45a57d6dda6"
"https://pfotentechnik.de/produkt/petkit-eversweet-3-pro-uvc/","UNAVAILABLE_PERFORMANCE_IS_NOT_INDEX_COVERAGE","0","0","0","0","product","trinkbrunnen","2026-07-13","2026-07-23","77","3","4","4","NORMAL","true","true","2026-07-23T00:00:00.000Z","1521","[""Organization"",""WebPage"",""WebSite"",""Organization"",""BreadcrumbList"",""ListItem"",""ListItem"",""ListItem"",""ListItem"",""Product"",""Brand"",""Offer"",""Organization"",""Review"",""Organization"",""Organization"",""Rating"",""ItemList"",""ListItem"",""ListItem"",""ListItem"",""ListItem"",""ListItem"",""ItemList"",""ListItem"",""ListItem"",""ListItem"",""ListItem"",""ListItem""]","fbedd8bc989e6c24badacecca0f96e26027f6c9027f4f81b21a91f75326fc890"
"https://pfotentechnik.de/produkt/petkit-eversweet-5-mini/","UNAVAILABLE_PERFORMANCE_IS_NOT_INDEX_COVERAGE","0","0","0","0","product","trinkbrunnen","2026-07-13","2026-07-16","77","3","2","2","NORMAL","true","true","2026-07-16T00:00:00.000Z","930","[""Organization"",""WebPage"",""WebSite"",""Organization"",""BreadcrumbList"",""ListItem"",""ListItem"",""ListItem"",""ListItem"",""Product"",""Brand"",""Review"",""Organization"",""Organization"",""Rating"",""ItemList"",""ListItem"",""ListItem"",""ListItem"",""ListItem"",""ItemList"",""ListItem"",""ListItem"",""ListItem"",""ListItem""]","d4208a79aab950f71cceb565629927a7df2e138bb9a3230f0276540155276e03"
"https://pfotentechnik.de/produkt/petkit-eversweet-max-2-uvc/","UNAVAILABLE_PERFORMANCE_IS_NOT_INDEX_COVERAGE","0","0","0","0","product","trinkbrunnen","2026-07-13","2026-07-16","77","3","4","4","NORMAL","true","true","2026-07-16T00:00:00.000Z","1107","[""Organization"",""WebPage"",""WebSite"",""Organization"",""BreadcrumbList"",""ListItem"",""ListItem"",""ListItem"",""ListItem"",""Product"",""Brand"",""Review"",""Organization"",""Organization"",""Rating"",""ItemList"",""ListItem"",""ListItem"",""ListItem"",""ListItem"",""ListItem"",""ItemList"",""ListItem"",""ListItem"",""ListItem"",""ListItem""]","5c93535e56e8b2f9ed495a4a333b9ffb59632d930c1848ba40fe9b33c00174d9"
"https://pfotentechnik.de/produkt/petkit-eversweet-max-cordless/","UNAVAILABLE_PERFORMANCE_IS_NOT_INDEX_COVERAGE","0","0","0","0","product","trinkbrunnen","2026-07-13","2026-08-19","77","3","3","3","NORMAL","true","true","2026-08-19T00:00:00.000Z","1173","[""Organization"",""WebPage"",""WebSite"",""Organization"",""BreadcrumbList"",""ListItem"",""ListItem"",""ListItem"",""ListItem"",""Product"",""Brand"",""Review"",""Organization"",""Organization"",""Rating"",""ItemList"",""ListItem"",""ListItem"",""ListItem"",""ListItem"",""ListItem"",""ItemList"",""ListItem"",""ListItem"",""ListItem"",""ListItem"",""ListItem""]","5850dfa0bc54416b09f0bf96a93c4af87e4791353d04e88cf7059ef9245c89d6"
"https://pfotentechnik.de/produkt/petkit-eversweet-solo-2-fountain/","UNAVAILABLE_PERFORMANCE_IS_NOT_INDEX_COVERAGE","0","0","0","0","product","trinkbrunnen","2026-07-13","2026-07-13","77","2","6","6","STRONG","true","true","2026-07-13T00:00:00.000Z","958","[""Organization"",""WebPage"",""WebSite"",""Organization"",""BreadcrumbList"",""ListItem"",""ListItem"",""ListItem"",""ListItem"",""Product"",""Brand"",""Offer"",""Organization"",""Review"",""Organization"",""Organization"",""Rating"",""ItemList"",""ListItem"",""ListItem"",""ListItem"",""ListItem"",""ListItem"",""ItemList"",""ListItem"",""ListItem"",""ListItem"",""ListItem""]","6505fc32b8863545d5f19ff4d7020712d519d464492cfae8f4624f3fc962de3b"
"https://pfotentechnik.de/produkt/petkit-eversweet-solo-se/","UNAVAILABLE_PERFORMANCE_IS_NOT_INDEX_COVERAGE","0","0","0","0","product","trinkbrunnen","2026-07-13","2026-07-16","77","3","2","2","NORMAL","true","true","2026-07-16T00:00:00.000Z","1017","[""Organization"",""WebPage"",""WebSite"",""Organization"",""BreadcrumbList"",""ListItem"",""ListItem"",""ListItem"",""ListItem"",""Product"",""Brand"",""Offer"",""Organization"",""Review"",""Organization"",""Organization"",""Rating"",""ItemList"",""ListItem"",""ListItem"",""ListItem"",""ListItem"",""ListItem"",""ItemList"",""ListItem"",""ListItem"",""ListItem"",""ListItem""]","46b52d8dcae5d89e52c3b4ba833cd29a346fecf162c78f076033cef455810688"
"https://pfotentechnik.de/produkt/petkit-eversweet-ultra/","UNAVAILABLE_PERFORMANCE_IS_NOT_INDEX_COVERAGE","0","0","7","0","product","trinkbrunnen","2026-07-13","2026-08-10","77","3","4","4","NORMAL","true","true","2026-08-10T00:00:00.000Z","1723","[""Organization"",""WebPage"",""WebSite"",""Organization"",""BreadcrumbList"",""ListItem"",""ListItem"",""ListItem"",""ListItem"",""Product"",""Brand"",""Offer"",""Organization"",""Review"",""Organization"",""Organization"",""Rating"",""ItemList"",""ListItem"",""ListItem"",""ListItem"",""ListItem"",""ListItem"",""ItemList"",""ListItem"",""ListItem"",""ListItem"",""ListItem"",""ListItem""]","61caab68ab9bd0a2d4f7d5cea66a48c984f2b4453709a7bee4d0569fc7f20c7d"
"https://pfotentechnik.de/produkt/petkit-fresh-element-infinity/","UNAVAILABLE_PERFORMANCE_IS_NOT_INDEX_COVERAGE","0","0","0","0","product","futterautomaten","2026-07-12","2026-07-12","78","3","1","1","NEAR_ORPHAN","true","true","2026-07-12T00:00:00.000Z","878","[""Organization"",""WebPage"",""WebSite"",""Organization"",""BreadcrumbList"",""ListItem"",""ListItem"",""ListItem"",""ListItem"",""Product"",""Brand"",""Review"",""Organization"",""Organization"",""Rating"",""ItemList"",""ListItem"",""ListItem"",""ListItem"",""ItemList"",""ListItem"",""ListItem"",""ListItem""]","084f79cc2d26e7ef4292f1dad28329bbe804ca4eafa11058d21cf99f39a6daed"
"https://pfotentechnik.de/produkt/petkit-fresh-element-solo/","UNAVAILABLE_PERFORMANCE_IS_NOT_INDEX_COVERAGE","0","0","0","0","product","futterautomaten","2026-07-12","2026-07-23","78","2","10","10","NORMAL","true","true","2026-07-23T00:00:00.000Z","1523","[""Organization"",""WebPage"",""WebSite"",""Organization"",""BreadcrumbList"",""ListItem"",""ListItem"",""ListItem"",""ListItem"",""Product"",""Brand"",""Offer"",""Organization"",""Review"",""Organization"",""Organization"",""Rating"",""ItemList"",""ListItem"",""ListItem"",""ListItem"",""ListItem"",""ListItem"",""ItemList"",""ListItem"",""ListItem"",""ListItem"",""ListItem"",""ListItem""]","c307f778ca7c16f9359344a65423ef93bab890c98dee7969234f57ee1f043dfe"
"https://pfotentechnik.de/produkt/petkit-puramax-2/","UNAVAILABLE_PERFORMANCE_IS_NOT_INDEX_COVERAGE","0","0","0","0","product","automatische-katzentoiletten","2026-08-16","2026-08-16","43","3","2","2","NORMAL","true","true","2026-08-16T00:00:00.000Z","1077","[""Organization"",""WebPage"",""WebSite"",""Organization"",""BreadcrumbList"",""ListItem"",""ListItem"",""ListItem"",""ListItem"",""Product"",""Brand"",""Review"",""Organization"",""Organization"",""Rating"",""ItemList"",""ListItem"",""ListItem"",""ListItem"",""ListItem"",""ItemList"",""ListItem"",""ListItem"",""ListItem"",""ListItem""]","8979bc21a45e954f90f02a713f246896f126f2b3cb08118a2ed96f64b1eb3212"
"https://pfotentechnik.de/produkt/petkit-purobot-crystal-duo/","UNAVAILABLE_PERFORMANCE_IS_NOT_INDEX_COVERAGE","0","0","0","0","product","automatische-katzentoiletten","2026-08-21","2026-08-25","38","3","9","9","NORMAL","true","true","2026-08-25T00:00:00.000Z","1037","[""Organization"",""WebPage"",""WebSite"",""Organization"",""BreadcrumbList"",""ListItem"",""ListItem"",""ListItem"",""ListItem"",""Product"",""Brand"",""Review"",""Organization"",""Organization"",""Rating"",""ItemList"",""ListItem"",""ListItem"",""ListItem"",""ListItem"",""ItemList"",""ListItem"",""ListItem"",""ListItem"",""ListItem""]","cee133ea648e450977e44eea4b65d190af9fc5338ec88ff8f34e872b8094bde6"
"https://pfotentechnik.de/produkt/petkit-purobot-max-3/","UNAVAILABLE_PERFORMANCE_IS_NOT_INDEX_COVERAGE","0","0","0","0","product","automatische-katzentoiletten","2026-08-15","2026-08-16","44","2","12","12","STRONG","true","true","2026-08-16T00:00:00.000Z","1022","[""Organization"",""WebPage"",""WebSite"",""Organization"",""BreadcrumbList"",""ListItem"",""ListItem"",""ListItem"",""ListItem"",""Product"",""Brand"",""Review"",""Organization"",""Organization"",""Rating"",""ItemList"",""ListItem"",""ListItem"",""ListItem"",""ListItem"",""ItemList"",""ListItem"",""ListItem"",""ListItem"",""ListItem""]","205c6c8cec264868540da84f9eeb6a0876bc25a5840a16088790dbfaa2c1ab0e"
"https://pfotentechnik.de/produkt/petkit-purobot-max-pro-2/","UNAVAILABLE_PERFORMANCE_IS_NOT_INDEX_COVERAGE","0","0","0","0","product","automatische-katzentoiletten","2026-08-06","2026-08-15","53","3","8","8","NORMAL","true","true","2026-08-15T00:00:00.000Z","1017","[""Organization"",""WebPage"",""WebSite"",""Organization"",""BreadcrumbList"",""ListItem"",""ListItem"",""ListItem"",""ListItem"",""Product"",""Brand"",""Offer"",""Organization"",""Review"",""Organization"",""Organization"",""Rating"",""ItemList"",""ListItem"",""ListItem"",""ListItem"",""ItemList"",""ListItem"",""ListItem"",""ListItem""]","6635337dfe56388dab626561e9427d3ef1811e57dd4c4a6862f0d47e3cf4e944"
"https://pfotentechnik.de/produkt/petkit-yumshare-dual-hopper/","UNAVAILABLE_PERFORMANCE_IS_NOT_INDEX_COVERAGE","0","0","0","0","product","futterautomaten","2026-07-12","2026-08-10","78","2","57","48","NORMAL","true","true","2026-08-10T00:00:00.000Z","1743","[""Organization"",""WebPage"",""WebSite"",""Organization"",""BreadcrumbList"",""ListItem"",""ListItem"",""ListItem"",""ListItem"",""Product"",""Brand"",""Offer"",""Organization"",""Review"",""Organization"",""Organization"",""Rating"",""ItemList"",""ListItem"",""ListItem"",""ListItem"",""ListItem"",""ListItem"",""ItemList"",""ListItem"",""ListItem"",""ListItem"",""ListItem"",""ListItem""]","59b95353f938404984fa87623fd48a7d621a7861c7ae6e0cd29900d424fd5b2e"
"https://pfotentechnik.de/produkt/petkit-yumshare-solo-2/","UNAVAILABLE_PERFORMANCE_IS_NOT_INDEX_COVERAGE","0","0","0","0","product","futterautomaten","2026-07-12","2026-08-19","78","2","4","4","NORMAL","true","true","2026-08-19T00:00:00.000Z","1471","[""Organization"",""WebPage"",""WebSite"",""Organization"",""BreadcrumbList"",""ListItem"",""ListItem"",""ListItem"",""ListItem"",""Product"",""Brand"",""Offer"",""Organization"",""Review"",""Organization"",""Organization"",""Rating"",""ItemList"",""ListItem"",""ListItem"",""ListItem"",""ListItem"",""ListItem"",""ItemList"",""ListItem"",""ListItem"",""ListItem"",""ListItem"",""ListItem""]","6ad7fa7ab6e622848f7e7f7c5debe7df570920a038092e05d6e6f04d2c39b04f"
"https://pfotentechnik.de/produkt/petlibro-air-automatic-feeder/","UNAVAILABLE_PERFORMANCE_IS_NOT_INDEX_COVERAGE","0","0","0","0","product","futterautomaten","2026-07-12","2026-07-12","78","3","2","2","NORMAL","true","true","2026-07-12T00:00:00.000Z","1007","[""Organization"",""WebPage"",""WebSite"",""Organization"",""BreadcrumbList"",""ListItem"",""ListItem"",""ListItem"",""ListItem"",""Product"",""Brand"",""Offer"",""Organization"",""Review"",""Organization"",""Organization"",""Rating"",""ItemList"",""ListItem"",""ListItem"",""ListItem"",""ItemList"",""ListItem"",""ListItem"",""ListItem""]","a546dff7b90a3159c0c9b4c189bf99ec4d8195e9df7ce0fb68d03dfc3bbc73e1"
"https://pfotentechnik.de/produkt/petlibro-air-wifi-feeder/","UNAVAILABLE_PERFORMANCE_IS_NOT_INDEX_COVERAGE","1","0","0","0","product","futterautomaten","2026-07-12","2026-07-23","78","2","7","7","NORMAL","true","true","2026-07-23T00:00:00.000Z","1506","[""Organization"",""WebPage"",""WebSite"",""Organization"",""BreadcrumbList"",""ListItem"",""ListItem"",""ListItem"",""ListItem"",""Product"",""Brand"",""Review"",""Organization"",""Organization"",""Rating"",""ItemList"",""ListItem"",""ListItem"",""ListItem"",""ListItem"",""ListItem"",""ItemList"",""ListItem"",""ListItem"",""ListItem"",""ListItem"",""ListItem""]","2a8ccc68f44e7aa97e4eadb58c381787f3d1a11f3abd887145ad1ad8bef273e1"
"https://pfotentechnik.de/produkt/petlibro-capsule-dog-fountain/","UNAVAILABLE_PERFORMANCE_IS_NOT_INDEX_COVERAGE","0","0","0","0","product","trinkbrunnen","2026-07-13","2026-07-16","77","3","2","2","NORMAL","true","true","2026-07-16T00:00:00.000Z","1113","[""Organization"",""WebPage"",""WebSite"",""Organization"",""BreadcrumbList"",""ListItem"",""ListItem"",""ListItem"",""ListItem"",""Product"",""Brand"",""Review"",""Organization"",""Organization"",""Rating"",""ItemList"",""ListItem"",""ListItem"",""ListItem"",""ListItem"",""ListItem"",""ItemList"",""ListItem"",""ListItem"",""ListItem"",""ListItem""]","4fa492bcd090d56182940ca63a58c235ea5a0c7d04cbd65772517cd336a3f83d"
"https://pfotentechnik.de/produkt/petlibro-dockstream-2-smart/","UNAVAILABLE_PERFORMANCE_IS_NOT_INDEX_COVERAGE","0","0","1","1","product","trinkbrunnen","2026-07-13","2026-07-26","77","3","9","9","NORMAL","true","true","2026-07-26T00:00:00.000Z","1315","[""Organization"",""WebPage"",""WebSite"",""Organization"",""BreadcrumbList"",""ListItem"",""ListItem"",""ListItem"",""ListItem"",""Product"",""Brand"",""Offer"",""Organization"",""Review"",""Organization"",""Organization"",""Rating"",""ItemList"",""ListItem"",""ListItem"",""ListItem"",""ListItem"",""ListItem"",""ItemList"",""ListItem"",""ListItem"",""ListItem"",""ListItem"",""ListItem""]","c02f9368a4020c3084687c5e88ae5149c73085caa433078ae2b802a901d75aab"
"https://pfotentechnik.de/produkt/petlibro-dockstream-2-smart-cordless/","UNAVAILABLE_PERFORMANCE_IS_NOT_INDEX_COVERAGE","0","0","0","0","product","trinkbrunnen","2026-07-26","2026-07-26","64","2","10","10","STRONG","true","true","2026-07-26T00:00:00.000Z","1505","[""Organization"",""WebPage"",""WebSite"",""Organization"",""BreadcrumbList"",""ListItem"",""ListItem"",""ListItem"",""ListItem"",""Product"",""Brand"",""Offer"",""Organization"",""Review"",""Organization"",""Organization"",""Rating"",""ItemList"",""ListItem"",""ListItem"",""ListItem"",""ListItem"",""ListItem"",""ItemList"",""ListItem"",""ListItem"",""ListItem"",""ListItem"",""ListItem""]","ccf5f5d690caca257c074704d160b3f2b2cedc10a34b4ecf697d004a89c9170c"
"https://pfotentechnik.de/produkt/petlibro-dockstream-cordless/","UNAVAILABLE_PERFORMANCE_IS_NOT_INDEX_COVERAGE","0","0","0","0","product","trinkbrunnen","2026-07-13","2026-07-16","77","3","2","2","NORMAL","true","true","2026-07-16T00:00:00.000Z","1062","[""Organization"",""WebPage"",""WebSite"",""Organization"",""BreadcrumbList"",""ListItem"",""ListItem"",""ListItem"",""ListItem"",""Product"",""Brand"",""Offer"",""Organization"",""Review"",""Organization"",""Organization"",""Rating"",""ItemList"",""ListItem"",""ListItem"",""ListItem"",""ListItem"",""ListItem"",""ItemList"",""ListItem"",""ListItem"",""ListItem"",""ListItem""]","abc04d961726321098fe7a1708c49dd80dd569e8d56d417c1640cf500eded7d8"
"https://pfotentechnik.de/produkt/petlibro-dockstream-rfid-smart/","UNAVAILABLE_PERFORMANCE_IS_NOT_INDEX_COVERAGE","0","0","0","0","product","trinkbrunnen","2026-07-13","2026-08-21","77","3","3","3","NORMAL","true","true","2026-08-21T00:00:00.000Z","1091","[""Organization"",""WebPage"",""WebSite"",""Organization"",""BreadcrumbList"",""ListItem"",""ListItem"",""ListItem"",""ListItem"",""Product"",""Brand"",""Review"",""Organization"",""Organization"",""Rating"",""ItemList"",""ListItem"",""ListItem"",""ListItem"",""ListItem"",""ListItem"",""ItemList"",""ListItem"",""ListItem"",""ListItem"",""ListItem"",""ListItem""]","28601edcb6ee2a06ff17cdadd432611fd9e12d760dd567cba3f76f35c6226225"
"https://pfotentechnik.de/produkt/petlibro-glacier-ultrafiltration/","UNAVAILABLE_PERFORMANCE_IS_NOT_INDEX_COVERAGE","1","0","0","0","product","trinkbrunnen","2026-07-13","2026-07-16","77","3","2","2","NORMAL","true","true","2026-07-16T00:00:00.000Z","972","[""Organization"",""WebPage"",""WebSite"",""Organization"",""BreadcrumbList"",""ListItem"",""ListItem"",""ListItem"",""ListItem"",""Product"",""Brand"",""Review"",""Organization"",""Organization"",""Rating"",""ItemList"",""ListItem"",""ListItem"",""ListItem"",""ListItem"",""ListItem"",""ItemList"",""ListItem"",""ListItem"",""ListItem"",""ListItem""]","95537f7451cd9aa7087ad94881b7dac509cc0c32e800c4ec2bb45fe630178f76"
"https://pfotentechnik.de/produkt/petlibro-granary-2-vision/","UNAVAILABLE_PERFORMANCE_IS_NOT_INDEX_COVERAGE","1","0","0","0","product","futterautomaten","2026-07-26","2026-07-26","64","2","8","8","NORMAL","true","true","2026-07-26T00:00:00.000Z","1583","[""Organization"",""WebPage"",""WebSite"",""Organization"",""BreadcrumbList"",""ListItem"",""ListItem"",""ListItem"",""ListItem"",""Product"",""Brand"",""Offer"",""Organization"",""Review"",""Organization"",""Organization"",""Rating"",""ItemList"",""ListItem"",""ListItem"",""ListItem"",""ListItem"",""ListItem"",""ItemList"",""ListItem"",""ListItem"",""ListItem"",""ListItem"",""ListItem""]","1f657f36ed2276e0d6153e30dc0a55a2d34ec74f93bda5f226d135fee4359ac9"
"https://pfotentechnik.de/produkt/petlibro-granary-camera-feeder/","UNAVAILABLE_PERFORMANCE_IS_NOT_INDEX_COVERAGE","0","0","0","0","product","futterautomaten","2026-07-12","2026-08-10","78","2","53","41","STRONG","true","true","2026-08-10T00:00:00.000Z","1173","[""Organization"",""WebPage"",""WebSite"",""Organization"",""BreadcrumbList"",""ListItem"",""ListItem"",""ListItem"",""ListItem"",""Product"",""Brand"",""Offer"",""Organization"",""Offer"",""Organization"",""Review"",""Organization"",""Organization"",""Rating"",""ItemList"",""ListItem"",""ListItem"",""ListItem"",""ListItem"",""ListItem"",""ItemList"",""ListItem"",""ListItem"",""ListItem"",""ListItem""]","04adc10263d2e71adda911a9643af9acaa4723f0aede222a75dcf20dfa528f50"
"https://pfotentechnik.de/produkt/petlibro-granary-dual-feeder/","UNAVAILABLE_PERFORMANCE_IS_NOT_INDEX_COVERAGE","0","0","0","0","product","futterautomaten","2026-07-17","2026-07-17","73","2","18","18","NORMAL","true","true","2026-07-17T00:00:00.000Z","1034","[""Organization"",""WebPage"",""WebSite"",""Organization"",""BreadcrumbList"",""ListItem"",""ListItem"",""ListItem"",""ListItem"",""Product"",""Brand"",""Offer"",""Organization"",""Offer"",""Organization"",""Review"",""Organization"",""Organization"",""Rating"",""ItemList"",""ListItem"",""ListItem"",""ListItem"",""ListItem"",""ListItem"",""ItemList"",""ListItem"",""ListItem"",""ListItem"",""ListItem""]","5e01899b422c9d7fb80fece754a6ac24e6a275224f8848e0a9423e0a5251a9f3"
"https://pfotentechnik.de/produkt/petlibro-granary-wifi-feeder/","UNAVAILABLE_PERFORMANCE_IS_NOT_INDEX_COVERAGE","0","0","0","0","product","futterautomaten","2026-07-12","2026-07-16","78","2","24","24","STRONG","true","true","2026-07-16T00:00:00.000Z","1082","[""Organization"",""WebPage"",""WebSite"",""Organization"",""BreadcrumbList"",""ListItem"",""ListItem"",""ListItem"",""ListItem"",""Product"",""Brand"",""Offer"",""Organization"",""Offer"",""Organization"",""Review"",""Organization"",""Organization"",""Rating"",""ItemList"",""ListItem"",""ListItem"",""ListItem"",""ListItem"",""ListItem"",""ItemList"",""ListItem"",""ListItem"",""ListItem"",""ListItem""]","58189b75cd397a896a98ce5cac13800e44368999e6fc7bd44bc34b4a3c1b782d"
"https://pfotentechnik.de/produkt/petlibro-luma-smart-litter-box/","UNAVAILABLE_PERFORMANCE_IS_NOT_INDEX_COVERAGE","0","0","0","0","product","automatische-katzentoiletten","2026-08-15","2026-08-15","44","2","4","4","STRONG","true","true","2026-08-15T00:00:00.000Z","1240","[""Organization"",""WebPage"",""WebSite"",""Organization"",""BreadcrumbList"",""ListItem"",""ListItem"",""ListItem"",""ListItem"",""Product"",""Brand"",""Offer"",""Organization"",""Offer"",""Organization"",""Review"",""Organization"",""Organization"",""Rating"",""ItemList"",""ListItem"",""ListItem"",""ListItem"",""ItemList"",""ListItem"",""ListItem"",""ListItem""]","3dbf0e40541f3ffa8786d5d361485bbdfd8853603c63f6b08c08d3de3f9cc4a6"
"https://pfotentechnik.de/produkt/petlibro-one-rfid-smart-feeder/","UNAVAILABLE_PERFORMANCE_IS_NOT_INDEX_COVERAGE","0","0","0","0","product","futterautomaten","2026-07-12","2026-07-12","78","3","1","1","NEAR_ORPHAN","true","true","2026-07-12T00:00:00.000Z","970","[""Organization"",""WebPage"",""WebSite"",""Organization"",""BreadcrumbList"",""ListItem"",""ListItem"",""ListItem"",""ListItem"",""Product"",""Brand"",""Offer"",""Organization"",""Offer"",""Organization"",""Review"",""Organization"",""Organization"",""Rating"",""ItemList"",""ListItem"",""ListItem"",""ListItem"",""ItemList"",""ListItem"",""ListItem"",""ListItem""]","a814786841aa5ce18e5d85cad992908d0abe91c167961f208fa43bbfc9de5e6b"
"https://pfotentechnik.de/produkt/petlibro-polar-wet-food-feeder/","UNAVAILABLE_PERFORMANCE_IS_NOT_INDEX_COVERAGE","0","0","0","0","product","futterautomaten","2026-07-12","2026-08-26","78","2","17","17","NORMAL","true","true","2026-08-26T00:00:00.000Z","1460","[""Organization"",""WebPage"",""WebSite"",""Organization"",""BreadcrumbList"",""ListItem"",""ListItem"",""ListItem"",""ListItem"",""Product"",""Brand"",""Offer"",""Organization"",""Offer"",""Organization"",""Review"",""Organization"",""Organization"",""Rating"",""ItemList"",""ListItem"",""ListItem"",""ListItem"",""ListItem"",""ListItem"",""ItemList"",""ListItem"",""ListItem"",""ListItem"",""ListItem"",""ListItem""]","dad86b8875f28c34c461dfc3b207360fa8f0aea9b55d7da246bdaa23b39244ab"
"https://pfotentechnik.de/produkt/petlibro-scout-smart-camera/","UNAVAILABLE_PERFORMANCE_IS_NOT_INDEX_COVERAGE","0","0","4","0","product","haustierkameras","2026-08-06","2026-08-15","53","2","4","4","STRONG","true","true","2026-08-15T00:00:00.000Z","1052","[""Organization"",""WebPage"",""WebSite"",""Organization"",""BreadcrumbList"",""ListItem"",""ListItem"",""ListItem"",""ListItem"",""Product"",""Brand"",""Offer"",""Organization"",""Offer"",""Organization"",""Review"",""Organization"",""Organization"",""Rating"",""ItemList"",""ListItem"",""ListItem"",""ListItem"",""ItemList"",""ListItem"",""ListItem"",""ListItem""]","a5f1f9aa5809167ea9769758166f42a86aaf01b5750b80d40291a11e0d8f3d46"
"https://pfotentechnik.de/produkt/petlibro-space-smart-feeder/","UNAVAILABLE_PERFORMANCE_IS_NOT_INDEX_COVERAGE","0","0","0","0","product","futterautomaten","2026-07-12","2026-07-23","78","3","5","5","NORMAL","true","true","2026-07-23T00:00:00.000Z","1745","[""Organization"",""WebPage"",""WebSite"",""Organization"",""BreadcrumbList"",""ListItem"",""ListItem"",""ListItem"",""ListItem"",""Product"",""Brand"",""Offer"",""Organization"",""Review"",""Organization"",""Organization"",""Rating"",""ItemList"",""ListItem"",""ListItem"",""ListItem"",""ListItem"",""ListItem"",""ItemList"",""ListItem"",""ListItem"",""ListItem"",""ListItem"",""ListItem""]","3b9e8bb019511c0d8b37dc6502641c8a4fa2d29589bcdc567a99620c3288a6c0"
"https://pfotentechnik.de/produkt/petlibro-stainless-steel-fountain/","UNAVAILABLE_PERFORMANCE_IS_NOT_INDEX_COVERAGE","0","0","0","0","product","trinkbrunnen","2026-07-13","2026-08-19","77","3","3","3","NORMAL","true","true","2026-08-19T00:00:00.000Z","1073","[""Organization"",""WebPage"",""WebSite"",""Organization"",""BreadcrumbList"",""ListItem"",""ListItem"",""ListItem"",""ListItem"",""Product"",""Brand"",""Offer"",""Organization"",""Review"",""Organization"",""Organization"",""Rating"",""ItemList"",""ListItem"",""ListItem"",""ListItem"",""ListItem"",""ListItem"",""ItemList"",""ListItem"",""ListItem"",""ListItem"",""ListItem"",""ListItem""]","b534c29ca315928b1c8a03154e756943120ff58d94feb481355ea89dff2d127d"
"https://pfotentechnik.de/produkt/petsafe-freshfeed-refrigerated-feeder/","UNAVAILABLE_PERFORMANCE_IS_NOT_INDEX_COVERAGE","0","0","0","0","product","futterautomaten","2026-07-13","2026-07-13","77","2","7","7","NORMAL","true","true","2026-07-13T00:00:00.000Z","1066","[""Organization"",""WebPage"",""WebSite"",""Organization"",""BreadcrumbList"",""ListItem"",""ListItem"",""ListItem"",""ListItem"",""Product"",""Brand"",""Review"",""Organization"",""Organization"",""Rating"",""ItemList"",""ListItem"",""ListItem"",""ListItem"",""ListItem"",""ListItem"",""ItemList"",""ListItem"",""ListItem"",""ListItem"",""ListItem"",""ListItem""]","739a1299b9dc7b1bc93e113c416a7d1aa0b49aecb1031ecc874c17673f59d6a1"
"https://pfotentechnik.de/produkt/petsafe-healthy-pet-simply-feed/","UNAVAILABLE_PERFORMANCE_IS_NOT_INDEX_COVERAGE","0","0","0","0","product","futterautomaten","2026-07-13","2026-07-13","77","2","5","5","NORMAL","true","true","2026-07-13T00:00:00.000Z","1048","[""Organization"",""WebPage"",""WebSite"",""Organization"",""BreadcrumbList"",""ListItem"",""ListItem"",""ListItem"",""ListItem"",""Product"",""Brand"",""Offer"",""Organization"",""Review"",""Organization"",""Organization"",""Rating"",""ItemList"",""ListItem"",""ListItem"",""ListItem"",""ListItem"",""ListItem"",""ItemList"",""ListItem"",""ListItem"",""ListItem"",""ListItem"",""ListItem""]","ebdb6217eae81c99445ce3798ab4ff09c9301665ace9ba93a7506957ffce6e27"
"https://pfotentechnik.de/produkt/petsafe-mikrochip-katzenklappe/","UNAVAILABLE_PERFORMANCE_IS_NOT_INDEX_COVERAGE","0","0","0","0","product","katzenklappen","2026-08-04","2026-08-26","55","2","4","4","NORMAL","true","true","2026-08-26T00:00:00.000Z","868","[""Organization"",""WebPage"",""WebSite"",""Organization"",""BreadcrumbList"",""ListItem"",""ListItem"",""ListItem"",""ListItem"",""Product"",""Brand"",""Offer"",""Organization"",""Review"",""Organization"",""Organization"",""Rating"",""ItemList"",""ListItem"",""ListItem"",""ListItem"",""ItemList"",""ListItem"",""ListItem"",""ListItem""]","ef7f8a54fb01cd641a68f8e77007d5c5c0b0be110877645dfd3bdb7827aebffa"
"https://pfotentechnik.de/produkt/petsafe-petporte-smart-flap/","UNAVAILABLE_PERFORMANCE_IS_NOT_INDEX_COVERAGE","0","0","0","0","product","katzenklappen","2026-08-04","2026-08-07","55","2","12","12","NORMAL","true","true","2026-08-07T00:00:00.000Z","1228","[""Organization"",""WebPage"",""WebSite"",""Organization"",""BreadcrumbList"",""ListItem"",""ListItem"",""ListItem"",""ListItem"",""Product"",""Brand"",""Offer"",""Organization"",""Review"",""Organization"",""Organization"",""Rating"",""ItemList"",""ListItem"",""ListItem"",""ListItem"",""ListItem"",""ListItem"",""ItemList"",""ListItem"",""ListItem"",""ListItem"",""ListItem"",""ListItem""]","ef990fff385b110c65ba710f39983594662c36bce07bb66733ef1f3d2d0fdb1d"
"https://pfotentechnik.de/produkt/petsafe-smart-feed-2/","UNAVAILABLE_PERFORMANCE_IS_NOT_INDEX_COVERAGE","0","0","0","0","product","futterautomaten","2026-07-13","2026-08-25","77","2","6","6","NORMAL","true","true","2026-08-25T00:00:00.000Z","1145","[""Organization"",""WebPage"",""WebSite"",""Organization"",""BreadcrumbList"",""ListItem"",""ListItem"",""ListItem"",""ListItem"",""Product"",""Brand"",""Review"",""Organization"",""Organization"",""Rating"",""ItemList"",""ListItem"",""ListItem"",""ListItem"",""ListItem"",""ListItem"",""ItemList"",""ListItem"",""ListItem"",""ListItem"",""ListItem"",""ListItem""]","ed468cbde0bdb159c3132033a7e327a5bd1e2a34d77ebfa6c09b89d2fa6a2e18"
"https://pfotentechnik.de/produkt/petsafe-streamside-trinkbrunnen/","UNAVAILABLE_PERFORMANCE_IS_NOT_INDEX_COVERAGE","0","0","0","0","product","trinkbrunnen","2026-08-16","2026-08-16","43","2","3","3","STRONG","true","true","2026-08-16T00:00:00.000Z","1020","[""Organization"",""WebPage"",""WebSite"",""Organization"",""BreadcrumbList"",""ListItem"",""ListItem"",""ListItem"",""ListItem"",""Product"",""Brand"",""Review"",""Organization"",""Organization"",""Rating"",""ItemList"",""ListItem"",""ListItem"",""ListItem"",""ListItem"",""ItemList"",""ListItem"",""ListItem"",""ListItem"",""ListItem""]","deb8a4c2e43d4eae5949193c3ca794e83d93e6f1ff70f17461ada1cf4af4251c"
"https://pfotentechnik.de/produkt/petsnowy-snow-plus/","UNAVAILABLE_PERFORMANCE_IS_NOT_INDEX_COVERAGE","0","0","0","0","product","automatische-katzentoiletten","2026-08-15","2026-08-16","44","2","3","3","STRONG","true","true","2026-08-16T00:00:00.000Z","911","[""Organization"",""WebPage"",""WebSite"",""Organization"",""BreadcrumbList"",""ListItem"",""ListItem"",""ListItem"",""ListItem"",""Product"",""Brand"",""Review"",""Organization"",""Organization"",""Rating"",""ItemList"",""ListItem"",""ListItem"",""ListItem"",""ListItem"",""ItemList"",""ListItem"",""ListItem"",""ListItem"",""ListItem""]","5fb05c4ef9dd2a265b96456c6503b5b5ed704bec728b8bb8d6f45642032b91f0"
"https://pfotentechnik.de/produkt/pettec-cam-360/","UNAVAILABLE_PERFORMANCE_IS_NOT_INDEX_COVERAGE","0","0","0","0","product","haustierkameras","2026-08-15","2026-08-16","44","2","4","4","STRONG","true","true","2026-08-16T00:00:00.000Z","1146","[""Organization"",""WebPage"",""WebSite"",""Organization"",""BreadcrumbList"",""ListItem"",""ListItem"",""ListItem"",""ListItem"",""Product"",""Brand"",""Review"",""Organization"",""Organization"",""Rating"",""ItemList"",""ListItem"",""ListItem"",""ListItem"",""ListItem"",""ItemList"",""ListItem"",""ListItem"",""ListItem"",""ListItem""]","537c5dcafd3f948214609c2082f08f390798fcafb5245c6cafa1258a9413418a"
"https://pfotentechnik.de/produkt/petwalk-medium-tiertuer/","UNAVAILABLE_PERFORMANCE_IS_NOT_INDEX_COVERAGE","0","0","0","0","product","katzenklappen","2026-08-04","2026-08-17","55","2","5","5","STRONG","true","true","2026-08-17T00:00:00.000Z","957","[""Organization"",""WebPage"",""WebSite"",""Organization"",""BreadcrumbList"",""ListItem"",""ListItem"",""ListItem"",""ListItem"",""Product"",""Brand"",""Offer"",""Organization"",""Review"",""Organization"",""Organization"",""Rating"",""ItemList"",""ListItem"",""ListItem"",""ListItem"",""ListItem"",""ItemList"",""ListItem"",""ListItem"",""ListItem"",""ListItem""]","39253fe796d1040eb23f4cb56652fa69c5cf924d31075476f24ed03004cbc855"
"https://pfotentechnik.de/produkt/prothelis-area-pets/","UNAVAILABLE_PERFORMANCE_IS_NOT_INDEX_COVERAGE","0","0","0","0","product","gps-tracker","2026-08-16","2026-08-16","43","3","4","4","NORMAL","true","true","2026-08-16T00:00:00.000Z","1185","[""Organization"",""WebPage"",""WebSite"",""Organization"",""BreadcrumbList"",""ListItem"",""ListItem"",""ListItem"",""ListItem"",""Product"",""Brand"",""Review"",""Organization"",""Organization"",""Rating"",""ItemList"",""ListItem"",""ListItem"",""ListItem"",""ListItem"",""ItemList"",""ListItem"",""ListItem"",""ListItem"",""ListItem""]","20e2ffa126cf7ad65161e737c2c9985063a5b835fef3e9ab4621fd5af040df6b"
"https://pfotentechnik.de/produkt/reolink-e1-zoom/","UNAVAILABLE_PERFORMANCE_IS_NOT_INDEX_COVERAGE","0","0","0","0","product","haustierkameras","2026-08-16","2026-08-16","43","2","3","3","STRONG","true","true","2026-08-16T00:00:00.000Z","1043","[""Organization"",""WebPage"",""WebSite"",""Organization"",""BreadcrumbList"",""ListItem"",""ListItem"",""ListItem"",""ListItem"",""Product"",""Brand"",""Review"",""Organization"",""Organization"",""Rating"",""ItemList"",""ListItem"",""ListItem"",""ListItem"",""ListItem"",""ItemList"",""ListItem"",""ListItem"",""ListItem"",""ListItem""]","0ca34950a3f66ad193970e6bb023d6c1fe08b315f9c61cbc53c154951272db8e"
"https://pfotentechnik.de/produkt/surefeed-microchip-pet-feeder/","UNAVAILABLE_PERFORMANCE_IS_NOT_INDEX_COVERAGE","0","0","0","0","product","futterautomaten","2026-07-12","2026-07-25","78","2","9","9","NORMAL","true","true","2026-07-25T00:00:00.000Z","1061","[""Organization"",""WebPage"",""WebSite"",""Organization"",""BreadcrumbList"",""ListItem"",""ListItem"",""ListItem"",""ListItem"",""Product"",""Brand"",""Offer"",""Organization"",""Review"",""Organization"",""Organization"",""Rating"",""ItemList"",""ListItem"",""ListItem"",""ListItem"",""ListItem"",""ListItem"",""ItemList"",""ListItem"",""ListItem"",""ListItem"",""ListItem""]","5638c3539ea7e243682a00043ec9442b6982656550127e4173787aa07c24e55a"
"https://pfotentechnik.de/produkt/surefeed-microchip-pet-feeder-connect/","UNAVAILABLE_PERFORMANCE_IS_NOT_INDEX_COVERAGE","0","0","0","0","product","futterautomaten","2026-07-12","2026-08-03","78","2","9","9","STRONG","true","true","2026-08-03T00:00:00.000Z","1112","[""Organization"",""WebPage"",""WebSite"",""Organization"",""BreadcrumbList"",""ListItem"",""ListItem"",""ListItem"",""ListItem"",""Product"",""Brand"",""Review"",""Organization"",""Organization"",""Rating"",""ItemList"",""ListItem"",""ListItem"",""ListItem"",""ListItem"",""ItemList"",""ListItem"",""ListItem"",""ListItem"",""ListItem""]","f6011269ab6701b1543339e41de9623e06a3e6e08db549dcf9d1224a6b866f4d"
"https://pfotentechnik.de/produkt/sureflap-dualscan-mikrochip-katzenklappe/","UNAVAILABLE_PERFORMANCE_IS_NOT_INDEX_COVERAGE","0","0","0","0","product","katzenklappen","2026-08-04","2026-08-26","55","2","3","3","NORMAL","true","true","2026-08-26T00:00:00.000Z","990","[""Organization"",""WebPage"",""WebSite"",""Organization"",""BreadcrumbList"",""ListItem"",""ListItem"",""ListItem"",""ListItem"",""Product"",""Brand"",""Review"",""Organization"",""Organization"",""Rating"",""ItemList"",""ListItem"",""ListItem"",""ListItem"",""ListItem"",""ListItem"",""ItemList"",""ListItem"",""ListItem"",""ListItem"",""ListItem""]","6f6ef79aab52af736d48d2f91623946cd71552b19c89976ee2d72b88704b96e0"
"https://pfotentechnik.de/produkt/sureflap-mikrochip-katzenklappe/","UNAVAILABLE_PERFORMANCE_IS_NOT_INDEX_COVERAGE","0","0","0","0","product","katzenklappen","2026-08-04","2026-08-04","55","1","4","4","STRONG","true","true","2026-08-04T00:00:00.000Z","1301","[""Organization"",""WebPage"",""WebSite"",""Organization"",""BreadcrumbList"",""ListItem"",""ListItem"",""ListItem"",""ListItem"",""Product"",""Brand"",""Review"",""Organization"",""Organization"",""Rating"",""ItemList"",""ListItem"",""ListItem"",""ListItem"",""ListItem"",""ListItem"",""ItemList"",""ListItem"",""ListItem"",""ListItem"",""ListItem"",""ListItem""]","fdeb4aebd681eff1e7b528e1816a15f47407e4c97ed39596c5734ad4df6c2a88"
"https://pfotentechnik.de/produkt/sureflap-mikrochip-katzenklappe-connect/","UNAVAILABLE_PERFORMANCE_IS_NOT_INDEX_COVERAGE","0","0","2","0","product","katzenklappen","2026-08-04","2026-08-26","55","2","8","8","NORMAL","true","true","2026-08-26T00:00:00.000Z","1188","[""Organization"",""WebPage"",""WebSite"",""Organization"",""BreadcrumbList"",""ListItem"",""ListItem"",""ListItem"",""ListItem"",""Product"",""Brand"",""Offer"",""Organization"",""Review"",""Organization"",""Organization"",""Rating"",""ItemList"",""ListItem"",""ListItem"",""ListItem"",""ListItem"",""ListItem"",""ItemList"",""ListItem"",""ListItem"",""ListItem"",""ListItem"",""ListItem""]","2c8d1282400b390d129b62773b904b860c77c74dcaa490d2cbadfe23f801f0f9"
"https://pfotentechnik.de/produkt/tractive-cat-6-mini/","UNAVAILABLE_PERFORMANCE_IS_NOT_INDEX_COVERAGE","4","0","3","0","product","gps-tracker","2026-07-20","2026-08-24","70","2","7","6","STRONG","true","true","2026-08-24T00:00:00.000Z","1460","[""Organization"",""WebPage"",""WebSite"",""Organization"",""BreadcrumbList"",""ListItem"",""ListItem"",""ListItem"",""ListItem"",""Product"",""Brand"",""Offer"",""Organization"",""Review"",""Organization"",""Organization"",""Rating"",""ItemList"",""ListItem"",""ListItem"",""ListItem"",""ListItem"",""ListItem"",""ItemList"",""ListItem"",""ListItem"",""ListItem"",""ListItem"",""ListItem""]","b1cba4979f2e96b958e79566aeb88e6f308494f532beebf1c236d3a38eb177d7"
"https://pfotentechnik.de/produkt/tractive-dog-6/","UNAVAILABLE_PERFORMANCE_IS_NOT_INDEX_COVERAGE","0","0","2","1","product","gps-tracker","2026-07-20","2026-08-10","70","2","17","14","STRONG","true","true","2026-08-10T00:00:00.000Z","1642","[""Organization"",""WebPage"",""WebSite"",""Organization"",""BreadcrumbList"",""ListItem"",""ListItem"",""ListItem"",""ListItem"",""Product"",""Brand"",""Offer"",""Organization"",""Review"",""Organization"",""Organization"",""Rating"",""ItemList"",""ListItem"",""ListItem"",""ListItem"",""ListItem"",""ListItem"",""ItemList"",""ListItem"",""ListItem"",""ListItem"",""ListItem"",""ListItem""]","e25a16460c3ea4b290f72c63c0d684e952d4800ce2c701954d3db1bf68fa07cb"
"https://pfotentechnik.de/produkt/tractive-dog-6-xl/","UNAVAILABLE_PERFORMANCE_IS_NOT_INDEX_COVERAGE","0","0","3","0","product","gps-tracker","2026-07-20","2026-08-10","70","3","14","14","NORMAL","true","true","2026-08-10T00:00:00.000Z","1724","[""Organization"",""WebPage"",""WebSite"",""Organization"",""BreadcrumbList"",""ListItem"",""ListItem"",""ListItem"",""ListItem"",""Product"",""Brand"",""Offer"",""Organization"",""Review"",""Organization"",""Organization"",""Rating"",""ItemList"",""ListItem"",""ListItem"",""ListItem"",""ListItem"",""ListItem"",""ItemList"",""ListItem"",""ListItem"",""ListItem"",""ListItem"",""ListItem""]","06f6503bcd4eda6ec83ed8d0dcd956898c14b8b0647b23db7563b833f586956d"
"https://pfotentechnik.de/produkt/weenect-xs/","UNAVAILABLE_PERFORMANCE_IS_NOT_INDEX_COVERAGE","1","0","5","0","product","gps-tracker","2026-07-20","2026-08-19","70","2","15","14","NORMAL","true","true","2026-08-19T00:00:00.000Z","1772","[""Organization"",""WebPage"",""WebSite"",""Organization"",""BreadcrumbList"",""ListItem"",""ListItem"",""ListItem"",""ListItem"",""Product"",""Brand"",""Offer"",""Organization"",""Review"",""Organization"",""Organization"",""Rating"",""ItemList"",""ListItem"",""ListItem"",""ListItem"",""ListItem"",""ListItem"",""ItemList"",""ListItem"",""ListItem"",""ListItem"",""ListItem"",""ListItem""]","94315ce38af7271d9843529a8f94f56302d894816ea38335bcc252cd01b3be3b"
"https://pfotentechnik.de/produkt/weenect-xt/","UNAVAILABLE_PERFORMANCE_IS_NOT_INDEX_COVERAGE","1","0","1","0","product","gps-tracker","2026-07-20","2026-07-26","70","3","5","5","NORMAL","true","true","2026-07-26T00:00:00.000Z","1840","[""Organization"",""WebPage"",""WebSite"",""Organization"",""BreadcrumbList"",""ListItem"",""ListItem"",""ListItem"",""ListItem"",""Product"",""Brand"",""Offer"",""Organization"",""Review"",""Organization"",""Organization"",""Rating"",""ItemList"",""ListItem"",""ListItem"",""ListItem"",""ListItem"",""ListItem"",""ItemList"",""ListItem"",""ListItem"",""ListItem"",""ListItem"",""ListItem""]","e4df8f24d858b3ff96d7b0fc74ba6b23e2c7b626e3700c92d35b2cf01c4bf9cb"
"https://pfotentechnik.de/produkt/wopet-cube-air-ca10/","UNAVAILABLE_PERFORMANCE_IS_NOT_INDEX_COVERAGE","0","0","0","0","product","futterautomaten","2026-07-12","2026-07-12","78","3","2","2","NORMAL","true","true","2026-07-12T00:00:00.000Z","920","[""Organization"",""WebPage"",""WebSite"",""Organization"",""BreadcrumbList"",""ListItem"",""ListItem"",""ListItem"",""ListItem"",""Product"",""Brand"",""Review"",""Organization"",""Organization"",""Rating"",""ItemList"",""ListItem"",""ListItem"",""ListItem"",""ItemList"",""ListItem"",""ListItem"",""ListItem""]","565a402980ee7dd1fb7a92b8c59efd83f460c5896e93c4c612abc5fea656ecdf"
"https://pfotentechnik.de/produkt/wopet-heritage-view-camera-feeder/","UNAVAILABLE_PERFORMANCE_IS_NOT_INDEX_COVERAGE","0","0","0","0","product","futterautomaten","2026-07-12","2026-07-12","78","3","2","2","NORMAL","true","true","2026-07-12T00:00:00.000Z","882","[""Organization"",""WebPage"",""WebSite"",""Organization"",""BreadcrumbList"",""ListItem"",""ListItem"",""ListItem"",""ListItem"",""Product"",""Brand"",""Review"",""Organization"",""Organization"",""Rating"",""ItemList"",""ListItem"",""ListItem"",""ListItem"",""ItemList"",""ListItem"",""ListItem"",""ListItem""]","2a76c5a46a49c0b267344fa304875f1e5030ba6748b46d384899aa346a619197"
"https://pfotentechnik.de/produkt/wopet-patrol-f07-pro/","UNAVAILABLE_PERFORMANCE_IS_NOT_INDEX_COVERAGE","0","0","0","0","product","futterautomaten","2026-07-12","2026-07-16","78","2","3","3","NORMAL","true","true","2026-07-16T00:00:00.000Z","1055","[""Organization"",""WebPage"",""WebSite"",""Organization"",""BreadcrumbList"",""ListItem"",""ListItem"",""ListItem"",""ListItem"",""Product"",""Brand"",""Review"",""Organization"",""Organization"",""Rating"",""ItemList"",""ListItem"",""ListItem"",""ListItem"",""ListItem"",""ListItem"",""ItemList"",""ListItem"",""ListItem"",""ListItem"",""ListItem""]","9616446266ef5a2af090d48a734a5f419ed67b31fc5cc708912d0fc0ef388d54"
"https://pfotentechnik.de/produkt/wopet-pioneer-f01-plus/","UNAVAILABLE_PERFORMANCE_IS_NOT_INDEX_COVERAGE","0","0","0","0","product","futterautomaten","2026-07-12","2026-07-12","78","3","1","1","NEAR_ORPHAN","true","true","2026-07-12T00:00:00.000Z","905","[""Organization"",""WebPage"",""WebSite"",""Organization"",""BreadcrumbList"",""ListItem"",""ListItem"",""ListItem"",""ListItem"",""Product"",""Brand"",""Review"",""Organization"",""Organization"",""Rating"",""ItemList"",""ListItem"",""ListItem"",""ListItem"",""ItemList"",""ListItem"",""ListItem"",""ListItem""]","441f3ee3fc635df95cc9196d27d4c61fb24b65e079063e6436881c061a2a2c5d"
"https://pfotentechnik.de/produkt/xiaomi-smart-pet-food-feeder-2/","UNAVAILABLE_PERFORMANCE_IS_NOT_INDEX_COVERAGE","0","0","0","0","product","futterautomaten","2026-07-12","2026-08-10","78","2","29","22","NORMAL","true","true","2026-08-10T00:00:00.000Z","1109","[""Organization"",""WebPage"",""WebSite"",""Organization"",""BreadcrumbList"",""ListItem"",""ListItem"",""ListItem"",""ListItem"",""Product"",""Brand"",""Offer"",""Organization"",""Review"",""Organization"",""Organization"",""Rating"",""ItemList"",""ListItem"",""ListItem"",""ListItem"",""ListItem"",""ListItem"",""ItemList"",""ListItem"",""ListItem"",""ListItem"",""ListItem""]","b7de1a27ccfa42f02822b498a402e8535dc96276c090b69bb2bddee8f037a2c2"
"https://pfotentechnik.de/produkt/xiaomi-smart-pet-fountain-2/","UNAVAILABLE_PERFORMANCE_IS_NOT_INDEX_COVERAGE","1","0","0","0","product","trinkbrunnen","2026-07-13","2026-08-10","77","3","27","27","NORMAL","true","true","2026-08-10T00:00:00.000Z","1166","[""Organization"",""WebPage"",""WebSite"",""Organization"",""BreadcrumbList"",""ListItem"",""ListItem"",""ListItem"",""ListItem"",""Product"",""Brand"",""Offer"",""Organization"",""Review"",""Organization"",""Organization"",""Rating"",""ItemList"",""ListItem"",""ListItem"",""ListItem"",""ListItem"",""ListItem"",""ItemList"",""ListItem"",""ListItem"",""ListItem"",""ListItem""]","ca6554a4d2b5bce41bfb655c35862312bdc23b93f4a4797eecbd3a836e57e50e"
"https://pfotentechnik.de/produkt/zeromouse-2-0/","UNAVAILABLE_PERFORMANCE_IS_NOT_INDEX_COVERAGE","0","0","5","0","product","katzenklappen","2026-07-26","2026-08-16","64","2","12","12","STRONG","true","true","2026-08-16T00:00:00.000Z","1350","[""Organization"",""WebPage"",""WebSite"",""Organization"",""BreadcrumbList"",""ListItem"",""ListItem"",""ListItem"",""ListItem"",""Product"",""Brand"",""Offer"",""Organization"",""Review"",""Organization"",""Organization"",""Rating"",""ItemList"",""ListItem"",""ListItem"",""ListItem"",""ListItem"",""ListItem"",""ItemList"",""ListItem"",""ListItem"",""ListItem"",""ListItem"",""ListItem""]","5a7dbcc3f631a8aef3a3414a05878e52524b010072c0e2fdcfc3ae28ece82828"
"https://pfotentechnik.de/pumpe-katzentrinkbrunnen-reinigen/","UNAVAILABLE_PERFORMANCE_IS_NOT_INDEX_COVERAGE","0","0","1","1","problem-solving-guide","trinkbrunnen","2026-07-13","2026-08-19","77","2","11","9","NORMAL","true","true","2026-08-19T00:00:00.000Z","1015","[""Organization"",""Article"",""Organization"",""Organization"",""ImageObject"",""BreadcrumbList"",""ListItem"",""ListItem"",""ListItem"",""FAQPage"",""Question"",""Answer"",""Question"",""Answer""]","cfb6b60eea6cdbb7c1f86c727e5d80a6387be9a025b9091281f1a55578d781de"
"https://pfotentechnik.de/redaktion/","UNAVAILABLE_PERFORMANCE_IS_NOT_INDEX_COVERAGE","0","0","0","0","editorial-page","smarte-haustiertechnik","","","null","1","259","139","NORMAL","true","true","","394","[""Organization"",""WebPage"",""WebSite""]","0685f6d926839920ad8ff85fba3fd8366f925403f4b9ac964a8ac46e3b2e02ab"
"https://pfotentechnik.de/reichweite-von-gps-trackern/","UNAVAILABLE_PERFORMANCE_IS_NOT_INDEX_COVERAGE","0","0","0","0","guide","gps-tracker","2026-07-20","2026-07-20","70","2","6","5","NORMAL","true","true","2026-07-20T00:00:00.000Z","600","[""Organization"",""Article"",""Organization"",""Organization"",""ImageObject"",""BreadcrumbList"",""ListItem"",""ListItem"",""ListItem"",""FAQPage"",""Question"",""Answer"",""Question"",""Answer"",""Question"",""Answer"",""Question"",""Answer"",""Question"",""Answer"",""Question"",""Answer""]","e8f67f63beabc211e64307cf0457c3e54f6b1ea2e0e1f02c0b1297b5ffb5f012"
"https://pfotentechnik.de/seniorenhunde-richtig-versorgen/","UNAVAILABLE_PERFORMANCE_IS_NOT_INDEX_COVERAGE","0","0","0","0","problem-solving-guide","hundegesundheit","2026-07-12","2026-07-31","78","2","1","1","NEAR_ORPHAN","true","true","2026-07-31T00:00:00.000Z","2874","[""Organization"",""Article"",""Organization"",""Organization"",""ImageObject"",""BreadcrumbList"",""ListItem"",""ListItem"",""ListItem"",""FAQPage"",""Question"",""Answer"",""Question"",""Answer"",""Question"",""Answer"",""Question"",""Answer"",""Question"",""Answer"",""Question"",""Answer"",""Question"",""Answer"",""Question"",""Answer"",""Question"",""Answer"",""Question"",""Answer"",""Question"",""Answer"",""Question"",""Answer""]","15bb9207317675b2b9342b488b35dcf68085d50d6e2e31c43913e442fa753af1"
"https://pfotentechnik.de/smarte-futterautomaten/","UNAVAILABLE_PERFORMANCE_IS_NOT_INDEX_COVERAGE","6","0","0","0","category-hub","futterautomaten","2026-07-08","2026-08-06","82","1","259","114","NORMAL","true","true","2026-08-06T00:00:00.000Z","1016","[""Organization"",""Article"",""Organization"",""Organization"",""ImageObject"",""BreadcrumbList"",""ListItem"",""ListItem"",""ListItem"",""FAQPage"",""Question"",""Answer"",""Question"",""Answer"",""Question"",""Answer"",""Question"",""Answer"",""Question"",""Answer"",""Question"",""Answer"",""Question"",""Answer"",""Question"",""Answer"",""Question"",""Answer"",""Question"",""Answer"",""Question"",""Answer"",""Question"",""Answer"",""Question"",""Answer"",""Question"",""Answer"",""Question"",""Answer""]","c7b5cd33e8165661ff519229148ff0d92832c5a45d4d81b033a0aa1d46685b11"
"https://pfotentechnik.de/smarte-gadgets-fuer-hunde-und-katzen/","UNAVAILABLE_PERFORMANCE_IS_NOT_INDEX_COVERAGE","0","0","0","0","editorial-page","smarte-haustiertechnik","2026-07-08","2026-07-20","82","2","2","1","WEAK","true","true","2026-07-20T00:00:00.000Z","504","[""Organization"",""Article"",""Organization"",""Organization"",""ImageObject"",""BreadcrumbList"",""ListItem"",""ListItem"",""ListItem""]","fc7c156c318a15bdfb148eea4ed1e1c075f4b99e52b795aabcf826c20b6ced41"
"https://pfotentechnik.de/smarte-haustiertechnik/","UNAVAILABLE_PERFORMANCE_IS_NOT_INDEX_COVERAGE","1","0","0","0","category-hub","smarte-haustiertechnik","2026-07-20","2026-07-20","70","1","259","25","NORMAL","true","true","2026-07-20T00:00:00.000Z","2980","[""Organization"",""Article"",""Organization"",""Organization"",""ImageObject"",""BreadcrumbList"",""ListItem"",""ListItem"",""ListItem"",""FAQPage"",""Question"",""Answer"",""Question"",""Answer"",""Question"",""Answer"",""Question"",""Answer"",""Question"",""Answer"",""Question"",""Answer"",""Question"",""Answer"",""Question"",""Answer"",""Question"",""Answer"",""Question"",""Answer"",""Question"",""Answer"",""Question"",""Answer""]","4501b88e4587a2da944be72246b6c062d7d7bba4925c0ec1b92a9a92a709e28b"
"https://pfotentechnik.de/so-bewerten-wir/","UNAVAILABLE_PERFORMANCE_IS_NOT_INDEX_COVERAGE","0","0","0","0","guide","futterautomaten","2026-07-13","2026-07-30","77","1","259","24","STRONG","true","true","2026-07-30T00:00:00.000Z","1501","[""Organization"",""Article"",""Organization"",""Organization"",""ImageObject"",""BreadcrumbList"",""ListItem"",""ListItem"",""ListItem"",""FAQPage"",""Question"",""Answer"",""Question"",""Answer"",""Question"",""Answer""]","dd5d0fd590d595d750f3a60b5ee6bd9d6cd33544f3940b6a526c58cf3de07ffa"
"https://pfotentechnik.de/trinkbrunnen/","UNAVAILABLE_PERFORMANCE_IS_NOT_INDEX_COVERAGE","3","0","0","0","category-hub","trinkbrunnen","2026-07-13","2026-08-17","77","1","259","64","NORMAL","true","true","2026-08-17T00:00:00.000Z","1047","[""Organization"",""Article"",""Organization"",""Organization"",""ImageObject"",""BreadcrumbList"",""ListItem"",""ListItem"",""ListItem"",""FAQPage"",""Question"",""Answer"",""Question"",""Answer"",""Question"",""Answer"",""Question"",""Answer"",""Question"",""Answer"",""Question"",""Answer"",""Question"",""Answer"",""Question"",""Answer""]","6816c738a3cdbd86a6bb413272239ed1e9dae4711925abfdc75706dd9be75cfe"
"https://pfotentechnik.de/trinkbrunnen-fuer-katzen-sinnvoll/","UNAVAILABLE_PERFORMANCE_IS_NOT_INDEX_COVERAGE","0","0","2","0","decision-guide","trinkbrunnen","2026-07-13","2026-07-14","77","2","14","14","NORMAL","true","true","2026-07-14T00:00:00.000Z","2655","[""Organization"",""Article"",""Organization"",""Organization"",""ImageObject"",""BreadcrumbList"",""ListItem"",""ListItem"",""ListItem"",""FAQPage"",""Question"",""Answer"",""Question"",""Answer"",""Question"",""Answer"",""Question"",""Answer"",""Question"",""Answer""]","df889580e51d86e204395502f3123d1c1c9b5542ab927ebbf1cb04f756757bb6"
"https://pfotentechnik.de/trinkbrunnen-fuer-kitten-sicher/","UNAVAILABLE_PERFORMANCE_IS_NOT_INDEX_COVERAGE","0","0","0","0","guide","trinkbrunnen","2026-07-13","2026-08-19","77","2","3","2","STRONG","true","true","2026-08-19T00:00:00.000Z","1053","[""Organization"",""Article"",""Organization"",""Organization"",""ImageObject"",""BreadcrumbList"",""ListItem"",""ListItem"",""ListItem"",""FAQPage"",""Question"",""Answer"",""Question"",""Answer""]","8416d486e998dc2a96ef36f130150a6f6971d2b15aa533926fed6d3a3bd3b0ed"
"https://pfotentechnik.de/trinkbrunnen-fuer-mehrere-katzen/","UNAVAILABLE_PERFORMANCE_IS_NOT_INDEX_COVERAGE","0","0","1","0","problem-solving-guide","trinkbrunnen","2026-07-13","2026-07-25","77","2","32","31","NORMAL","true","true","2026-07-25T00:00:00.000Z","886","[""Organization"",""Article"",""Organization"",""Organization"",""ImageObject"",""BreadcrumbList"",""ListItem"",""ListItem"",""ListItem"",""FAQPage"",""Question"",""Answer"",""Question"",""Answer""]","8fe387edace70c7effaa5b70b6d1fdf76ebcb28c27786d614a27b16ce6bb5a3d"
"https://pfotentechnik.de/trinkbrunnen-hund/","UNAVAILABLE_PERFORMANCE_IS_NOT_INDEX_COVERAGE","0","0","1","0","decision-guide","trinkbrunnen","2026-07-19","2026-07-19","71","2","9","9","NORMAL","true","true","2026-07-19T00:00:00.000Z","1411","[""Organization"",""Article"",""Organization"",""Organization"",""ImageObject"",""BreadcrumbList"",""ListItem"",""ListItem"",""ListItem"",""FAQPage"",""Question"",""Answer"",""Question"",""Answer"",""Question"",""Answer"",""Question"",""Answer"",""Question"",""Answer"",""Question"",""Answer"",""Question"",""Answer"",""Question"",""Answer"",""Question"",""Answer"",""Question"",""Answer"",""Question"",""Answer"",""Question"",""Answer""]","7bb9b79cc2175eca04420e8dee8baa496045ba51d3dbf3f8772e60b8794a029e"
"https://pfotentechnik.de/trinkbrunnen-seniorenkatzen/","UNAVAILABLE_PERFORMANCE_IS_NOT_INDEX_COVERAGE","0","0","0","0","guide","trinkbrunnen","2026-07-13","2026-07-23","77","2","5","5","NORMAL","true","true","2026-07-23T00:00:00.000Z","892","[""Organization"",""Article"",""Organization"",""Organization"",""ImageObject"",""BreadcrumbList"",""ListItem"",""ListItem"",""ListItem"",""FAQPage"",""Question"",""Answer"",""Question"",""Answer""]","fd220c85f2499b26264ebfdaae5c85d32cb94bccd59df68a66a6656257dc2750"
"https://pfotentechnik.de/trinkmenge-hund-messen/","UNAVAILABLE_PERFORMANCE_IS_NOT_INDEX_COVERAGE","0","0","0","0","problem-solving-guide","trinkbrunnen","2026-07-19","2026-07-19","71","2","6","4","NORMAL","true","true","2026-07-19T00:00:00.000Z","1313","[""Organization"",""Article"",""Organization"",""Organization"",""ImageObject"",""BreadcrumbList"",""ListItem"",""ListItem"",""ListItem"",""FAQPage"",""Question"",""Answer"",""Question"",""Answer"",""Question"",""Answer"",""Question"",""Answer"",""Question"",""Answer"",""Question"",""Answer"",""Question"",""Answer"",""Question"",""Answer"",""Question"",""Answer"",""Question"",""Answer"",""Question"",""Answer"",""Question"",""Answer""]","fc796c76356ddf0b4988a4a92118a8d0014f917207f2ecfc9822e8e8006fb828"
"https://pfotentechnik.de/trinkmenge-katze-messen/","UNAVAILABLE_PERFORMANCE_IS_NOT_INDEX_COVERAGE","0","0","0","0","guide","trinkbrunnen","2026-07-13","2026-07-13","77","2","8","6","NORMAL","true","true","2026-07-13T00:00:00.000Z","674","[""Organization"",""Article"",""Organization"",""Organization"",""ImageObject"",""BreadcrumbList"",""ListItem"",""ListItem"",""ListItem"",""FAQPage"",""Question"",""Answer"",""Question"",""Answer""]","e244409c1d28e6947070bf841970c7f8beecca12720c54a32c3d83d8010e53ae"
"https://pfotentechnik.de/trockenfutter-oder-nassfutter-hund/","UNAVAILABLE_PERFORMANCE_IS_NOT_INDEX_COVERAGE","0","0","0","0","decision-guide","hundeernaehrung","2026-07-28","2026-07-28","62","2","11","11","NORMAL","true","true","2026-07-28T00:00:00.000Z","4066","[""Organization"",""Article"",""Organization"",""Organization"",""ImageObject"",""BreadcrumbList"",""ListItem"",""ListItem"",""ListItem"",""FAQPage"",""Question"",""Answer"",""Question"",""Answer"",""Question"",""Answer"",""Question"",""Answer"",""Question"",""Answer"",""Question"",""Answer"",""Question"",""Answer"",""Question"",""Answer"",""Question"",""Answer"",""Question"",""Answer"",""Question"",""Answer"",""Question"",""Answer"",""Question"",""Answer"",""Question"",""Answer"",""Question"",""Answer"",""Question"",""Answer""]","752e6703678d886fcefe121b0268f60d49154b16ffe822d37baf9c557b02e475"
"https://pfotentechnik.de/trockenfutter-oder-nassfutter-katze/","UNAVAILABLE_PERFORMANCE_IS_NOT_INDEX_COVERAGE","0","0","1","0","decision-guide","futterautomaten","2026-07-15","2026-07-19","75","2","5","5","NORMAL","true","true","2026-07-19T00:00:00.000Z","4179","[""Organization"",""Article"",""Organization"",""Organization"",""ImageObject"",""BreadcrumbList"",""ListItem"",""ListItem"",""ListItem"",""FAQPage"",""Question"",""Answer"",""Question"",""Answer"",""Question"",""Answer"",""Question"",""Answer"",""Question"",""Answer""]","a1f6a253786bff76a351fe2f794ae06011ec43547a3a33cb39ae2ae65064d007"
"https://pfotentechnik.de/uebergewicht-bei-katzen-vermeiden/","UNAVAILABLE_PERFORMANCE_IS_NOT_INDEX_COVERAGE","0","0","0","0","guide","futterautomaten","2026-07-12","2026-07-24","78","2","4","4","NORMAL","true","true","2026-07-24T00:00:00.000Z","3255","[""Organization"",""Article"",""Organization"",""Organization"",""ImageObject"",""BreadcrumbList"",""ListItem"",""ListItem"",""ListItem"",""FAQPage"",""Question"",""Answer"",""Question"",""Answer"",""Question"",""Answer"",""Question"",""Answer"",""Question"",""Answer"",""Question"",""Answer"",""Question"",""Answer"",""Question"",""Answer"",""Question"",""Answer"",""Question"",""Answer"",""Question"",""Answer"",""Question"",""Answer""]","ea8c23b865dd80486491e9da6876e3ff96e1dbea62969e72c47866b6afcdfa91"
"https://pfotentechnik.de/vergleiche/beste-automatische-katzentoiletten/","UNAVAILABLE_PERFORMANCE_IS_NOT_INDEX_COVERAGE","0","0","0","0","comparison","automatische-katzentoiletten","2026-08-06","2026-08-21","53","2","20","19","STRONG","true","true","2026-08-21T00:00:00.000Z","3585","[""Organization"",""WebPage"",""WebSite"",""Organization"",""BreadcrumbList"",""ListItem"",""ListItem"",""ListItem"",""FAQPage"",""Question"",""Answer"",""Question"",""Answer"",""Question"",""Answer"",""Question"",""Answer"",""Question"",""Answer"",""ItemList"",""ListItem"",""ListItem"",""ListItem"",""ListItem"",""ListItem"",""ListItem"",""ListItem"",""ListItem"",""ListItem"",""ListItem"",""ListItem""]","19668aa6896b88b107a9625a3bcda6ffc82bdb359b7559263bcee39c613b0524"
"https://pfotentechnik.de/vergleiche/beste-futterautomaten-fuer-berufstaetige/","UNAVAILABLE_PERFORMANCE_IS_NOT_INDEX_COVERAGE","0","0","0","0","comparison","futterautomaten","2026-07-09","2026-07-30","81","2","7","4","NORMAL","true","true","2026-07-30T00:00:00.000Z","1795","[""Organization"",""WebPage"",""WebSite"",""Organization"",""BreadcrumbList"",""ListItem"",""ListItem"",""ListItem"",""FAQPage"",""Question"",""Answer"",""Question"",""Answer"",""Question"",""Answer"",""Question"",""Answer"",""Question"",""Answer"",""Question"",""Answer"",""Question"",""Answer"",""Question"",""Answer"",""ItemList"",""ListItem"",""ListItem"",""ListItem""]","59b574fd86edc9b2a341ff436ddf563edf9e68a6303da6ce8daf8e2f56138cf5"
"https://pfotentechnik.de/vergleiche/beste-futterautomaten-fuer-hunde/","UNAVAILABLE_PERFORMANCE_IS_NOT_INDEX_COVERAGE","0","0","1","0","comparison","futterautomaten","2026-07-09","2026-07-30","81","2","23","16","STRONG","true","true","2026-07-30T00:00:00.000Z","4021","[""Organization"",""WebPage"",""WebSite"",""Organization"",""BreadcrumbList"",""ListItem"",""ListItem"",""ListItem"",""FAQPage"",""Question"",""Answer"",""Question"",""Answer"",""Question"",""Answer"",""Question"",""Answer"",""Question"",""Answer"",""Question"",""Answer"",""Question"",""Answer"",""Question"",""Answer"",""Question"",""Answer"",""Question"",""Answer"",""Question"",""Answer"",""Question"",""Answer"",""Question"",""Answer"",""Question"",""Answer"",""Question"",""Answer"",""Question"",""Answer"",""Question"",""Answer"",""Question"",""Answer"",""ItemList"",""ListItem"",""ListItem"",""ListItem"",""ListItem"",""ListItem"",""ListItem"",""ListItem"",""ListItem"",""ListItem"",""ListItem"",""ListItem"",""ListItem"",""ListItem"",""ListItem"",""ListItem"",""ListItem""]","9e8aaae402a029bdff98b02d3ccf51359bd141912e06ba75ab56b703f38d5696"
"https://pfotentechnik.de/vergleiche/beste-futterautomaten-fuer-katzen/","UNAVAILABLE_PERFORMANCE_IS_NOT_INDEX_COVERAGE","1","0","1","0","comparison","futterautomaten","2026-07-09","2026-07-30","81","1","45","44","STRONG","true","true","2026-07-30T00:00:00.000Z","5148","[""Organization"",""WebPage"",""WebSite"",""Organization"",""BreadcrumbList"",""ListItem"",""ListItem"",""ListItem"",""FAQPage"",""Question"",""Answer"",""Question"",""Answer"",""Question"",""Answer"",""Question"",""Answer"",""Question"",""Answer"",""Question"",""Answer"",""Question"",""Answer"",""Question"",""Answer"",""Question"",""Answer"",""Question"",""Answer"",""Question"",""Answer"",""Question"",""Answer"",""Question"",""Answer"",""Question"",""Answer"",""Question"",""Answer"",""Question"",""Answer"",""Question"",""Answer"",""Question"",""Answer"",""Question"",""Answer"",""Question"",""Answer"",""ItemList"",""ListItem"",""ListItem"",""ListItem"",""ListItem"",""ListItem"",""ListItem"",""ListItem"",""ListItem"",""ListItem"",""ListItem"",""ListItem"",""ListItem"",""ListItem"",""ListItem"",""ListItem"",""ListItem"",""ListItem"",""ListItem"",""ListItem"",""ListItem"",""ListItem"",""ListItem"",""ListItem"",""ListItem"",""ListItem"",""ListItem"",""ListItem""]","40a0e2b6322b7a8b088ddec261c5054c649944539e841d7599a8a4edceac20b1"
"https://pfotentechnik.de/vergleiche/beste-futterautomaten-fuer-kleine-hunde/","UNAVAILABLE_PERFORMANCE_IS_NOT_INDEX_COVERAGE","0","0","0","0","comparison","futterautomaten","2026-07-09","2026-07-30","81","2","33","24","NORMAL","true","true","2026-07-30T00:00:00.000Z","1979","[""Organization"",""WebPage"",""WebSite"",""Organization"",""BreadcrumbList"",""ListItem"",""ListItem"",""ListItem"",""FAQPage"",""Question"",""Answer"",""Question"",""Answer"",""Question"",""Answer"",""Question"",""Answer"",""Question"",""Answer"",""Question"",""Answer"",""Question"",""Answer"",""Question"",""Answer"",""ItemList"",""ListItem"",""ListItem"",""ListItem""]","2cc91f5b45109ab7ef2ae2572a89fe7eea2b8498e7b229aa26fe4a2f3d323b7b"
"https://pfotentechnik.de/vergleiche/beste-futterautomaten-fuer-mehrtierhaushalte/","UNAVAILABLE_PERFORMANCE_IS_NOT_INDEX_COVERAGE","0","0","0","0","comparison","futterautomaten","2026-07-09","2026-07-30","81","2","6","5","NORMAL","true","true","2026-07-30T00:00:00.000Z","2593","[""Organization"",""WebPage"",""WebSite"",""Organization"",""BreadcrumbList"",""ListItem"",""ListItem"",""ListItem"",""FAQPage"",""Question"",""Answer"",""Question"",""Answer"",""Question"",""Answer"",""Question"",""Answer"",""Question"",""Answer"",""Question"",""Answer"",""Question"",""Answer"",""Question"",""Answer"",""Question"",""Answer"",""Question"",""Answer"",""ItemList"",""ListItem"",""ListItem"",""ListItem""]","8cbd345ec37a5facacd23874d3ba35f5b91be2955c6cdbf3daab1535abae33ee"
"https://pfotentechnik.de/vergleiche/beste-futterautomaten-fuer-nassfutter/","UNAVAILABLE_PERFORMANCE_IS_NOT_INDEX_COVERAGE","0","0","0","0","comparison","futterautomaten","2026-07-10","2026-08-26","80","1","24","23","STRONG","true","true","2026-08-26T00:00:00.000Z","5399","[""Organization"",""WebPage"",""WebSite"",""Organization"",""BreadcrumbList"",""ListItem"",""ListItem"",""ListItem"",""FAQPage"",""Question"",""Answer"",""Question"",""Answer"",""Question"",""Answer"",""Question"",""Answer"",""Question"",""Answer"",""Question"",""Answer"",""Question"",""Answer"",""Question"",""Answer"",""Question"",""Answer"",""Question"",""Answer"",""Question"",""Answer"",""Question"",""Answer"",""Question"",""Answer"",""Question"",""Answer"",""Question"",""Answer"",""Question"",""Answer"",""Question"",""Answer"",""Question"",""Answer"",""Question"",""Answer"",""Question"",""Answer"",""Question"",""Answer"",""Question"",""Answer"",""Question"",""Answer"",""Question"",""Answer"",""Question"",""Answer"",""Question"",""Answer"",""Question"",""Answer"",""ItemList"",""ListItem"",""ListItem"",""ListItem"",""ListItem"",""ListItem"",""ListItem""]","9b93eebb48dc48a1d7b543f379c38de9f0a8f32ee7048ff04dc67e30e9af2b0f"
"https://pfotentechnik.de/vergleiche/beste-futterautomaten-fuer-seniorenkatzen/","UNAVAILABLE_PERFORMANCE_IS_NOT_INDEX_COVERAGE","0","0","0","0","comparison","futterautomaten","2026-07-09","2026-07-30","81","2","13","8","NORMAL","true","true","2026-07-30T00:00:00.000Z","1751","[""Organization"",""WebPage"",""WebSite"",""Organization"",""BreadcrumbList"",""ListItem"",""ListItem"",""ListItem"",""FAQPage"",""Question"",""Answer"",""Question"",""Answer"",""Question"",""Answer"",""Question"",""Answer"",""Question"",""Answer"",""Question"",""Answer"",""Question"",""Answer"",""Question"",""Answer"",""ItemList"",""ListItem"",""ListItem"",""ListItem""]","b15fe28f2f418918fd3a34542f702d45c3dd6e68dd6a15ad244b2f2fa2cbf0d0"
"https://pfotentechnik.de/vergleiche/beste-futterautomaten-fuer-welpen/","UNAVAILABLE_PERFORMANCE_IS_NOT_INDEX_COVERAGE","0","0","0","0","comparison","futterautomaten","2026-07-09","2026-07-30","81","2","12","8","NORMAL","true","true","2026-07-30T00:00:00.000Z","4469","[""Organization"",""WebPage"",""WebSite"",""Organization"",""BreadcrumbList"",""ListItem"",""ListItem"",""ListItem"",""FAQPage"",""Question"",""Answer"",""Question"",""Answer"",""Question"",""Answer"",""Question"",""Answer"",""Question"",""Answer"",""Question"",""Answer"",""Question"",""Answer"",""Question"",""Answer"",""Question"",""Answer"",""Question"",""Answer"",""Question"",""Answer"",""Question"",""Answer"",""Question"",""Answer"",""Question"",""Answer"",""Question"",""Answer"",""Question"",""Answer"",""Question"",""Answer"",""Question"",""Answer"",""Question"",""Answer"",""Question"",""Answer"",""Question"",""Answer"",""ItemList"",""ListItem"",""ListItem"",""ListItem""]","accfc8b48259668d538bfcc39acc6f280599de488ab7df401e6f1fb428065590"
"https://pfotentechnik.de/vergleiche/beste-futterautomaten-fuer-zwei-katzen/","UNAVAILABLE_PERFORMANCE_IS_NOT_INDEX_COVERAGE","0","0","2","0","comparison","futterautomaten","2026-07-09","2026-07-30","81","2","15","14","STRONG","true","true","2026-07-30T00:00:00.000Z","5932","[""Organization"",""WebPage"",""WebSite"",""Organization"",""BreadcrumbList"",""ListItem"",""ListItem"",""ListItem"",""FAQPage"",""Question"",""Answer"",""Question"",""Answer"",""Question"",""Answer"",""Question"",""Answer"",""Question"",""Answer"",""Question"",""Answer"",""Question"",""Answer"",""Question"",""Answer"",""Question"",""Answer"",""Question"",""Answer"",""Question"",""Answer"",""Question"",""Answer"",""Question"",""Answer"",""Question"",""Answer"",""Question"",""Answer"",""Question"",""Answer"",""Question"",""Answer"",""Question"",""Answer"",""Question"",""Answer"",""Question"",""Answer"",""Question"",""Answer"",""Question"",""Answer"",""Question"",""Answer"",""Question"",""Answer"",""Question"",""Answer"",""Question"",""Answer"",""Question"",""Answer"",""Question"",""Answer"",""Question"",""Answer"",""Question"",""Answer"",""Question"",""Answer"",""Question"",""Answer"",""Question"",""Answer"",""Question"",""Answer"",""Question"",""Answer"",""ItemList"",""ListItem"",""ListItem"",""ListItem"",""ListItem""]","a9a761a175d0dd3083b1e581d0fc8f83c6a37846bd770c9ab69b94c912931f4d"
"https://pfotentechnik.de/vergleiche/beste-futterautomaten-mit-akku/","UNAVAILABLE_PERFORMANCE_IS_NOT_INDEX_COVERAGE","0","0","0","0","comparison","futterautomaten","2026-07-09","2026-07-30","81","2","3","2","NORMAL","true","true","2026-07-30T00:00:00.000Z","1784","[""Organization"",""WebPage"",""WebSite"",""Organization"",""BreadcrumbList"",""ListItem"",""ListItem"",""ListItem"",""FAQPage"",""Question"",""Answer"",""Question"",""Answer"",""Question"",""Answer"",""Question"",""Answer"",""Question"",""Answer"",""Question"",""Answer"",""Question"",""Answer"",""Question"",""Answer"",""ItemList"",""ListItem"",""ListItem"",""ListItem""]","af57eda6b5cc981cffbd05817c5ec39d070f49fe814d6d84e99988251c570490"
"https://pfotentechnik.de/vergleiche/beste-futterautomaten-mit-edelstahl-napf/","UNAVAILABLE_PERFORMANCE_IS_NOT_INDEX_COVERAGE","0","0","0","0","comparison","futterautomaten","2026-07-09","2026-07-30","81","2","3","1","WEAK","true","true","2026-07-30T00:00:00.000Z","1651","[""Organization"",""WebPage"",""WebSite"",""Organization"",""BreadcrumbList"",""ListItem"",""ListItem"",""ListItem"",""FAQPage"",""Question"",""Answer"",""Question"",""Answer"",""Question"",""Answer"",""Question"",""Answer"",""Question"",""Answer"",""Question"",""Answer"",""Question"",""Answer"",""Question"",""Answer"",""ItemList"",""ListItem"",""ListItem"",""ListItem""]","e05e1a72f6ed6d52227ec3635fd5592c1ce51fda55d1149bb26e9d768e3fe9e3"
"https://pfotentechnik.de/vergleiche/beste-futterautomaten-mit-kamera/","UNAVAILABLE_PERFORMANCE_IS_NOT_INDEX_COVERAGE","0","0","0","0","comparison","futterautomaten","2026-07-09","2026-07-30","81","2","13","11","STRONG","true","true","2026-07-30T00:00:00.000Z","3998","[""Organization"",""WebPage"",""WebSite"",""Organization"",""BreadcrumbList"",""ListItem"",""ListItem"",""ListItem"",""FAQPage"",""Question"",""Answer"",""Question"",""Answer"",""Question"",""Answer"",""Question"",""Answer"",""Question"",""Answer"",""Question"",""Answer"",""Question"",""Answer"",""Question"",""Answer"",""Question"",""Answer"",""Question"",""Answer"",""Question"",""Answer"",""Question"",""Answer"",""Question"",""Answer"",""Question"",""Answer"",""Question"",""Answer"",""Question"",""Answer"",""Question"",""Answer"",""Question"",""Answer"",""Question"",""Answer"",""Question"",""Answer"",""Question"",""Answer"",""Question"",""Answer"",""Question"",""Answer"",""ItemList"",""ListItem"",""ListItem"",""ListItem"",""ListItem"",""ListItem"",""ListItem""]","c259edb3c55a4c8da1ba02660a7dc0a10579ec6c2c62b42b0ca942684e46ca5e"
"https://pfotentechnik.de/vergleiche/beste-futterautomaten-ohne-wlan/","UNAVAILABLE_PERFORMANCE_IS_NOT_INDEX_COVERAGE","0","0","0","0","comparison","futterautomaten","2026-07-09","2026-07-30","81","2","13","10","STRONG","true","true","2026-07-30T00:00:00.000Z","1870","[""Organization"",""WebPage"",""WebSite"",""Organization"",""BreadcrumbList"",""ListItem"",""ListItem"",""ListItem"",""FAQPage"",""Question"",""Answer"",""Question"",""Answer"",""Question"",""Answer"",""Question"",""Answer"",""Question"",""Answer"",""Question"",""Answer"",""Question"",""Answer"",""Question"",""Answer"",""Question"",""Answer"",""Question"",""Answer"",""Question"",""Answer"",""Question"",""Answer"",""Question"",""Answer"",""Question"",""Answer"",""Question"",""Answer"",""ItemList"",""ListItem"",""ListItem"",""ListItem"",""ListItem"",""ListItem""]","200f009af06073a70ba19dca7649a86f6dcb90e07170c2cdd784ab91b6605b3a"
"https://pfotentechnik.de/vergleiche/beste-futterautomaten-unter-100-euro/","UNAVAILABLE_PERFORMANCE_IS_NOT_INDEX_COVERAGE","0","0","0","0","comparison","futterautomaten","2026-07-09","2026-07-30","81","2","7","6","NORMAL","true","true","2026-07-30T00:00:00.000Z","1728","[""Organization"",""WebPage"",""WebSite"",""Organization"",""BreadcrumbList"",""ListItem"",""ListItem"",""ListItem"",""FAQPage"",""Question"",""Answer"",""Question"",""Answer"",""Question"",""Answer"",""Question"",""Answer"",""Question"",""Answer"",""Question"",""Answer"",""Question"",""Answer"",""Question"",""Answer"",""ItemList"",""ListItem"",""ListItem"",""ListItem""]","a8c25a27a45c079d5af4d08bc38b9e88a36d28bf9abb47ceea550a1ccf56270a"
"https://pfotentechnik.de/vergleiche/beste-gps-tracker-fuer-hunde/","UNAVAILABLE_PERFORMANCE_IS_NOT_INDEX_COVERAGE","2","0","0","0","comparison","gps-tracker","2026-07-20","2026-08-16","70","2","32","28","STRONG","true","true","2026-08-16T00:00:00.000Z","2979","[""Organization"",""WebPage"",""WebSite"",""Organization"",""BreadcrumbList"",""ListItem"",""ListItem"",""ListItem"",""FAQPage"",""Question"",""Answer"",""Question"",""Answer"",""Question"",""Answer"",""Question"",""Answer"",""Question"",""Answer"",""Question"",""Answer"",""Question"",""Answer"",""Question"",""Answer"",""Question"",""Answer"",""ItemList"",""ListItem"",""ListItem"",""ListItem"",""ListItem"",""ListItem"",""ListItem"",""ListItem"",""ListItem"",""ListItem"",""ListItem""]","8455ba1dc8897dcefbb46cf46db2f6ddaf51b4aa2decdeebbb56cacd00b6a47e"
"https://pfotentechnik.de/vergleiche/beste-gps-tracker-fuer-katzen/","UNAVAILABLE_PERFORMANCE_IS_NOT_INDEX_COVERAGE","0","0","0","0","comparison","gps-tracker","2026-07-20","2026-08-15","70","1","11","10","STRONG","true","true","2026-08-15T00:00:00.000Z","2332","[""Organization"",""WebPage"",""WebSite"",""Organization"",""BreadcrumbList"",""ListItem"",""ListItem"",""ListItem"",""FAQPage"",""Question"",""Answer"",""Question"",""Answer"",""Question"",""Answer"",""Question"",""Answer"",""Question"",""Answer"",""Question"",""Answer"",""Question"",""Answer"",""Question"",""Answer"",""Question"",""Answer"",""ItemList"",""ListItem"",""ListItem"",""ListItem""]","88f431b8e7f015e44fd3d076ec90b1aa20f7bdc02d414e05a5dc4ac51ca9e508"
"https://pfotentechnik.de/vergleiche/beste-haustierkameras/","UNAVAILABLE_PERFORMANCE_IS_NOT_INDEX_COVERAGE","0","0","0","0","comparison","haustierkameras","2026-08-06","2026-08-21","53","2","15","15","STRONG","true","true","2026-08-21T00:00:00.000Z","2525","[""Organization"",""WebPage"",""WebSite"",""Organization"",""BreadcrumbList"",""ListItem"",""ListItem"",""ListItem"",""FAQPage"",""Question"",""Answer"",""Question"",""Answer"",""Question"",""Answer"",""Question"",""Answer"",""Question"",""Answer"",""ItemList"",""ListItem"",""ListItem"",""ListItem"",""ListItem"",""ListItem"",""ListItem"",""ListItem"",""ListItem""]","29577ad09b64f9e111ce4771dd11e072fc65d0c2b8ec47682a7f403eef649528"
"https://pfotentechnik.de/vergleiche/beste-mikrochip-katzenklappen/","UNAVAILABLE_PERFORMANCE_IS_NOT_INDEX_COVERAGE","0","0","0","0","comparison","katzenklappen","2026-08-04","2026-08-16","55","1","28","25","STRONG","true","true","2026-08-16T00:00:00.000Z","1850","[""Organization"",""WebPage"",""WebSite"",""Organization"",""BreadcrumbList"",""ListItem"",""ListItem"",""ListItem"",""FAQPage"",""Question"",""Answer"",""Question"",""Answer"",""Question"",""Answer"",""ItemList"",""ListItem"",""ListItem"",""ListItem"",""ListItem"",""ListItem"",""ListItem"",""ListItem"",""ListItem""]","c879f5c9a38692b98816c5b40ae27227b7f9900f829c248287b10c21a4c39e93"
"https://pfotentechnik.de/vergleiche/beste-trinkbrunnen-fuer-hunde/","UNAVAILABLE_PERFORMANCE_IS_NOT_INDEX_COVERAGE","0","0","5","0","comparison","trinkbrunnen","2026-07-24","2026-08-06","66","2","21","17","STRONG","true","true","2026-08-06T00:00:00.000Z","3181","[""Organization"",""WebPage"",""WebSite"",""Organization"",""BreadcrumbList"",""ListItem"",""ListItem"",""ListItem"",""FAQPage"",""Question"",""Answer"",""Question"",""Answer"",""Question"",""Answer"",""Question"",""Answer"",""Question"",""Answer"",""Question"",""Answer"",""Question"",""Answer"",""Question"",""Answer"",""Question"",""Answer"",""Question"",""Answer"",""Question"",""Answer"",""Question"",""Answer"",""Question"",""Answer"",""Question"",""Answer"",""Question"",""Answer"",""Question"",""Answer"",""Question"",""Answer"",""ItemList"",""ListItem"",""ListItem"",""ListItem"",""ListItem"",""ListItem"",""ListItem"",""ListItem"",""ListItem"",""ListItem"",""ListItem""]","9317c44d57ff94274acfabf07f39d7f693b85024880da1dd94fc033833a2695a"
"https://pfotentechnik.de/vergleiche/beste-trinkbrunnen-fuer-katzen/","UNAVAILABLE_PERFORMANCE_IS_NOT_INDEX_COVERAGE","1","0","2","0","comparison","trinkbrunnen","2026-07-24","2026-08-16","66","2","62","46","STRONG","true","true","2026-08-16T00:00:00.000Z","3601","[""Organization"",""WebPage"",""WebSite"",""Organization"",""BreadcrumbList"",""ListItem"",""ListItem"",""ListItem"",""FAQPage"",""Question"",""Answer"",""Question"",""Answer"",""Question"",""Answer"",""Question"",""Answer"",""Question"",""Answer"",""Question"",""Answer"",""Question"",""Answer"",""Question"",""Answer"",""Question"",""Answer"",""Question"",""Answer"",""Question"",""Answer"",""Question"",""Answer"",""Question"",""Answer"",""Question"",""Answer"",""Question"",""Answer"",""Question"",""Answer"",""Question"",""Answer"",""ItemList"",""ListItem"",""ListItem"",""ListItem"",""ListItem"",""ListItem"",""ListItem"",""ListItem"",""ListItem"",""ListItem"",""ListItem"",""ListItem"",""ListItem"",""ListItem"",""ListItem"",""ListItem"",""ListItem"",""ListItem"",""ListItem"",""ListItem"",""ListItem"",""ListItem""]","b4aaac3a0180a3fef20f00e4ecef8617aeb3b6d55436d918c46285e817fc9874"
"https://pfotentechnik.de/vergleiche/futterautomat-fuer-grosse-hunde/","UNAVAILABLE_PERFORMANCE_IS_NOT_INDEX_COVERAGE","0","0","0","0","comparison","futterautomaten","2026-07-09","2026-07-30","81","2","6","5","NORMAL","true","true","2026-07-30T00:00:00.000Z","2350","[""Organization"",""WebPage"",""WebSite"",""Organization"",""BreadcrumbList"",""ListItem"",""ListItem"",""ListItem"",""FAQPage"",""Question"",""Answer"",""Question"",""Answer"",""Question"",""Answer"",""Question"",""Answer"",""Question"",""Answer"",""Question"",""Answer"",""Question"",""Answer"",""Question"",""Answer"",""ItemList"",""ListItem"",""ListItem"",""ListItem""]","4079853da9800505272e0d5a6dc4e302d1c5879d11af8aaf38ccd479968c92f8"
"https://pfotentechnik.de/vergleiche/futterautomat-gegen-schlingen/","UNAVAILABLE_PERFORMANCE_IS_NOT_INDEX_COVERAGE","0","0","0","0","comparison","futterautomaten","2026-07-09","2026-07-30","81","2","17","15","NORMAL","true","true","2026-07-30T00:00:00.000Z","1783","[""Organization"",""WebPage"",""WebSite"",""Organization"",""BreadcrumbList"",""ListItem"",""ListItem"",""ListItem"",""FAQPage"",""Question"",""Answer"",""Question"",""Answer"",""Question"",""Answer"",""Question"",""Answer"",""Question"",""Answer"",""Question"",""Answer"",""Question"",""Answer"",""Question"",""Answer"",""ItemList"",""ListItem"",""ListItem"",""ListItem""]","e892382f1bd58095bfe52bbefa4cbc588b765810408bdf9dca49004f410b0576"
"https://pfotentechnik.de/vergleiche/futterautomat-mit-app/","UNAVAILABLE_PERFORMANCE_IS_NOT_INDEX_COVERAGE","0","0","0","0","comparison","futterautomaten","2026-07-08","2026-07-30","82","2","16","15","NORMAL","true","true","2026-07-30T00:00:00.000Z","3308","[""Organization"",""WebPage"",""WebSite"",""Organization"",""BreadcrumbList"",""ListItem"",""ListItem"",""ListItem"",""FAQPage"",""Question"",""Answer"",""Question"",""Answer"",""Question"",""Answer"",""Question"",""Answer"",""Question"",""Answer"",""Question"",""Answer"",""Question"",""Answer"",""Question"",""Answer"",""Question"",""Answer"",""Question"",""Answer"",""Question"",""Answer"",""Question"",""Answer"",""ItemList"",""ListItem"",""ListItem"",""ListItem"",""ListItem"",""ListItem"",""ListItem""]","c0dd42e10c039b51e7c89f4246a265462469c11b42c508e84b28c67b0effdd25"
"https://pfotentechnik.de/vergleiche/gps-tracker-mit-langer-akkulaufzeit/","UNAVAILABLE_PERFORMANCE_IS_NOT_INDEX_COVERAGE","0","0","0","0","comparison","gps-tracker","2026-07-20","2026-07-30","70","2","9","8","STRONG","true","true","2026-07-30T00:00:00.000Z","2285","[""Organization"",""WebPage"",""WebSite"",""Organization"",""BreadcrumbList"",""ListItem"",""ListItem"",""ListItem"",""FAQPage"",""Question"",""Answer"",""Question"",""Answer"",""Question"",""Answer"",""Question"",""Answer"",""Question"",""Answer"",""Question"",""Answer"",""Question"",""Answer"",""Question"",""Answer"",""Question"",""Answer"",""Question"",""Answer"",""ItemList"",""ListItem"",""ListItem"",""ListItem"",""ListItem"",""ListItem"",""ListItem"",""ListItem"",""ListItem""]","473b1bf2ae540218ebfbbb1420c758f0a7502de9eecdcbde154bcb7f77dbe54c"
"https://pfotentechnik.de/vergleiche/gps-tracker-ohne-abo/","UNAVAILABLE_PERFORMANCE_IS_NOT_INDEX_COVERAGE","0","0","0","0","comparison","gps-tracker","2026-07-20","2026-07-30","70","2","7","6","STRONG","true","true","2026-07-30T00:00:00.000Z","1198","[""Organization"",""WebPage"",""WebSite"",""Organization"",""BreadcrumbList"",""ListItem"",""ListItem"",""ListItem"",""FAQPage"",""Question"",""Answer"",""Question"",""Answer"",""Question"",""Answer"",""Question"",""Answer"",""Question"",""Answer"",""Question"",""Answer"",""Question"",""Answer"",""Question"",""Answer"",""Question"",""Answer"",""Question"",""Answer"",""ItemList"",""ListItem"",""ListItem""]","f0514ce21a846fc77e55c7b08cd2cd9fafb8b75e6c3c47d4fc70644152ce8e60"
"https://pfotentechnik.de/vergleiche/","UNAVAILABLE_PERFORMANCE_IS_NOT_INDEX_COVERAGE","0","0","0","0","comparison-index","futterautomaten","","","null","1","259","18","STRONG","true","true","","358","[""Organization"",""WebPage"",""WebSite"",""Organization"",""BreadcrumbList"",""ListItem"",""ListItem""]","02cbff28e4c59c5f318dcaa8d5c9d44639263dcf4e5e2e2398d6287d728091a4"
"https://pfotentechnik.de/vergleiche/katzenklappen-mit-app-und-beuteerkennung/","UNAVAILABLE_PERFORMANCE_IS_NOT_INDEX_COVERAGE","0","0","0","0","comparison","katzenklappen","2026-08-04","2026-09-07","55","2","8","7","STRONG","true","true","2026-09-07T00:00:00.000Z","1633","[""Organization"",""WebPage"",""WebSite"",""Organization"",""BreadcrumbList"",""ListItem"",""ListItem"",""ListItem"",""FAQPage"",""Question"",""Answer"",""Question"",""Answer"",""Question"",""Answer"",""Question"",""Answer"",""ItemList"",""ListItem"",""ListItem"",""ListItem"",""ListItem"",""ListItem""]","3396970654ae7ad95b07e591c1a95165ee0880d778040d84899207dd25174894"
"https://pfotentechnik.de/vergleiche/kleine-gps-tracker-fuer-katzen/","UNAVAILABLE_PERFORMANCE_IS_NOT_INDEX_COVERAGE","0","0","0","0","comparison","gps-tracker","2026-07-20","2026-07-30","70","2","2","1","WEAK","true","true","2026-07-30T00:00:00.000Z","1973","[""Organization"",""WebPage"",""WebSite"",""Organization"",""BreadcrumbList"",""ListItem"",""ListItem"",""ListItem"",""FAQPage"",""Question"",""Answer"",""Question"",""Answer"",""Question"",""Answer"",""Question"",""Answer"",""Question"",""Answer"",""Question"",""Answer"",""Question"",""Answer"",""Question"",""Answer"",""Question"",""Answer"",""Question"",""Answer"",""ItemList"",""ListItem"",""ListItem"",""ListItem""]","375be2ebb1a2f8b2cac58ceff24df1fc7e30b44bb3231c1a8b40c8543c5310ae"
"https://pfotentechnik.de/warum-brauchen-gps-tracker-ein-abo/","UNAVAILABLE_PERFORMANCE_IS_NOT_INDEX_COVERAGE","0","0","2","0","problem-solving-guide","gps-tracker","2026-07-20","2026-07-20","70","2","7","7","STRONG","true","true","2026-07-20T00:00:00.000Z","598","[""Organization"",""Article"",""Organization"",""Organization"",""ImageObject"",""BreadcrumbList"",""ListItem"",""ListItem"",""ListItem"",""FAQPage"",""Question"",""Answer"",""Question"",""Answer"",""Question"",""Answer"",""Question"",""Answer"",""Question"",""Answer"",""Question"",""Answer""]","a3823c6682ae491ab58308b32b0ccab60dbf8333442d14f736c5292cfb85df54"
"https://pfotentechnik.de/warum-hunde-feste-fuetterungszeiten-brauchen/","UNAVAILABLE_PERFORMANCE_IS_NOT_INDEX_COVERAGE","0","0","0","0","guide","hundeernaehrung","2026-07-12","2026-07-14","78","2","6","5","NORMAL","true","true","2026-07-14T00:00:00.000Z","1382","[""Organization"",""Article"",""Organization"",""Organization"",""ImageObject"",""BreadcrumbList"",""ListItem"",""ListItem"",""ListItem"",""FAQPage"",""Question"",""Answer"",""Question"",""Answer"",""Question"",""Answer"",""Question"",""Answer"",""Question"",""Answer"",""Question"",""Answer""]","48ca08af3f20c10c8c48866c73457e67eee03adf88de478adf9625cbed1af2a4"
"https://pfotentechnik.de/warum-katzen-fliessendes-wasser-trinken/","UNAVAILABLE_PERFORMANCE_IS_NOT_INDEX_COVERAGE","0","0","7","2","problem-solving-guide","katzengesundheit","2026-07-12","2026-07-12","78","2","12","12","NORMAL","true","true","2026-07-12T00:00:00.000Z","1071","[""Organization"",""Article"",""Organization"",""Organization"",""ImageObject"",""BreadcrumbList"",""ListItem"",""ListItem"",""ListItem"",""FAQPage"",""Question"",""Answer"",""Question"",""Answer"",""Question"",""Answer""]","a4e21050bbc8f99c757479169471c11920ba76626d28b33fc7e0b7249379aacd"
"https://pfotentechnik.de/warum-schlingt-mein-hund/","UNAVAILABLE_PERFORMANCE_IS_NOT_INDEX_COVERAGE","0","0","0","0","problem-solving-guide","futterautomaten","2026-07-12","2026-07-12","78","2","4","3","NORMAL","true","true","2026-07-12T00:00:00.000Z","733","[""Organization"",""Article"",""Organization"",""Organization"",""ImageObject"",""BreadcrumbList"",""ListItem"",""ListItem"",""ListItem"",""FAQPage"",""Question"",""Answer"",""Question"",""Answer"",""Question"",""Answer""]","abfe4f4768d895e51453161b2413d19750ef194b275d8dcd6b115ad71fb2883c"
"https://pfotentechnik.de/wasserstelle-katze-richtiger-standort/","UNAVAILABLE_PERFORMANCE_IS_NOT_INDEX_COVERAGE","0","0","0","0","guide","katzenhaltung","2026-07-13","2026-07-19","77","2","5","2","NORMAL","true","true","2026-07-19T00:00:00.000Z","706","[""Organization"",""Article"",""Organization"",""Organization"",""ImageObject"",""BreadcrumbList"",""ListItem"",""ListItem"",""ListItem"",""FAQPage"",""Question"",""Answer"",""Question"",""Answer""]","a12d1cddddc5b8cb6a054172c26e44cc2a7789f5bbc53d3960ebecea3be775da"
"https://pfotentechnik.de/welche-portionsgroesse-ist-richtig/","UNAVAILABLE_PERFORMANCE_IS_NOT_INDEX_COVERAGE","0","0","0","0","guide","futterautomaten","2026-07-12","2026-07-28","78","2","13","12","NORMAL","true","true","2026-07-28T00:00:00.000Z","3878","[""Organization"",""Article"",""Organization"",""Organization"",""ImageObject"",""BreadcrumbList"",""ListItem"",""ListItem"",""ListItem"",""FAQPage"",""Question"",""Answer"",""Question"",""Answer"",""Question"",""Answer"",""Question"",""Answer"",""Question"",""Answer"",""Question"",""Answer"",""Question"",""Answer"",""Question"",""Answer"",""Question"",""Answer"",""Question"",""Answer"",""Question"",""Answer"",""Question"",""Answer"",""Question"",""Answer"",""Question"",""Answer"",""Question"",""Answer"",""Question"",""Answer"",""Question"",""Answer"",""Question"",""Answer""]","5ff670f07fcdde26b9f5849e7f8d8ee45ee326f8522c5477efa5b628f99d9281"
"https://pfotentechnik.de/welcher-futterautomat-ist-der-richtige/","UNAVAILABLE_PERFORMANCE_IS_NOT_INDEX_COVERAGE","0","0","0","0","editorial-page","futterautomaten","2026-07-09","2026-07-25","81","2","27","22","STRONG","true","true","2026-07-25T00:00:00.000Z","1929","[""Organization"",""Article"",""Organization"",""Organization"",""ImageObject"",""BreadcrumbList"",""ListItem"",""ListItem"",""ListItem"",""FAQPage"",""Question"",""Answer"",""Question"",""Answer"",""Question"",""Answer"",""Question"",""Answer"",""Question"",""Answer"",""Question"",""Answer"",""Question"",""Answer"",""Question"",""Answer""]","eef5f55531aaf9c83380333e596eda73fbddd1551df2607d331d4baba20ee563"
"https://pfotentechnik.de/welpen-richtig-fuettern/","UNAVAILABLE_PERFORMANCE_IS_NOT_INDEX_COVERAGE","0","0","32","2","guide","hundeernaehrung","2026-07-12","2026-07-24","78","2","8","8","NORMAL","true","true","2026-07-24T00:00:00.000Z","3690","[""Organization"",""Article"",""Organization"",""Organization"",""ImageObject"",""BreadcrumbList"",""ListItem"",""ListItem"",""ListItem"",""FAQPage"",""Question"",""Answer"",""Question"",""Answer"",""Question"",""Answer"",""Question"",""Answer"",""Question"",""Answer"",""Question"",""Answer"",""Question"",""Answer"",""Question"",""Answer"",""Question"",""Answer"",""Question"",""Answer"",""Question"",""Answer"",""Question"",""Answer""]","1fd4192a75724aa4b831d1b7d612e90ab830aae347959840cec56535825e552c"
"https://pfotentechnik.de/wie-funktionieren-gps-tracker/","UNAVAILABLE_PERFORMANCE_IS_NOT_INDEX_COVERAGE","0","0","5","1","guide","gps-tracker","2026-07-20","2026-08-24","70","2","4","4","STRONG","true","true","2026-08-24T00:00:00.000Z","917","[""Organization"",""Article"",""Organization"",""Organization"",""ImageObject"",""BreadcrumbList"",""ListItem"",""ListItem"",""ListItem"",""FAQPage"",""Question"",""Answer"",""Question"",""Answer"",""Question"",""Answer"",""Question"",""Answer"",""Question"",""Answer"",""Question"",""Answer"",""Question"",""Answer""]","313ed976da866120c896acd505c8abbf1f34654d880592c71b1620534c03c836"
"https://pfotentechnik.de/wie-funktioniert-ein-futterautomat/","UNAVAILABLE_PERFORMANCE_IS_NOT_INDEX_COVERAGE","0","0","0","0","editorial-page","futterautomaten","2026-07-09","2026-07-25","81","2","7","7","NORMAL","true","true","2026-07-25T00:00:00.000Z","1192","[""Organization"",""Article"",""Organization"",""Organization"",""ImageObject"",""BreadcrumbList"",""ListItem"",""ListItem"",""ListItem"",""FAQPage"",""Question"",""Answer"",""Question"",""Answer""]","fa5187e7f0120ffb2077d780a74ac852ddcbc2ebeb4e68ca5019da4863478bbf"
"https://pfotentechnik.de/wie-genau-sind-gps-tracker/","UNAVAILABLE_PERFORMANCE_IS_NOT_INDEX_COVERAGE","0","0","0","0","guide","gps-tracker","2026-07-20","2026-07-20","70","2","7","7","STRONG","true","true","2026-07-20T00:00:00.000Z","604","[""Organization"",""Article"",""Organization"",""Organization"",""ImageObject"",""BreadcrumbList"",""ListItem"",""ListItem"",""ListItem"",""FAQPage"",""Question"",""Answer"",""Question"",""Answer"",""Question"",""Answer"",""Question"",""Answer"",""Question"",""Answer"",""Question"",""Answer""]","8e54f2491d89249d545d934faa52a276c16aa20c18e72a03f2fa3d3376b5fccf"
"https://pfotentechnik.de/wie-gross-sollte-ein-futterautomat-sein/","UNAVAILABLE_PERFORMANCE_IS_NOT_INDEX_COVERAGE","0","0","0","0","guide","futterautomaten","2026-07-12","2026-07-28","78","2","10","10","NORMAL","true","true","2026-07-28T00:00:00.000Z","4262","[""Organization"",""Article"",""Organization"",""Organization"",""ImageObject"",""BreadcrumbList"",""ListItem"",""ListItem"",""ListItem"",""FAQPage"",""Question"",""Answer"",""Question"",""Answer"",""Question"",""Answer"",""Question"",""Answer"",""Question"",""Answer"",""Question"",""Answer"",""Question"",""Answer"",""Question"",""Answer"",""Question"",""Answer"",""Question"",""Answer"",""Question"",""Answer"",""Question"",""Answer"",""Question"",""Answer"",""Question"",""Answer"",""Question"",""Answer"",""Question"",""Answer"",""Question"",""Answer"",""Question"",""Answer""]","b3949e65f1265cd4d00fdd980c6c3cc5c725fe28e05597eed9687267a66fb187"
"https://pfotentechnik.de/wie-kann-technik-gegen-langeweile-helfen/","UNAVAILABLE_PERFORMANCE_IS_NOT_INDEX_COVERAGE","0","0","0","0","guide","tierbeschaeftigung","2026-07-12","2026-07-12","78","2","2","2","NORMAL","true","true","2026-07-12T00:00:00.000Z","778","[""Organization"",""Article"",""Organization"",""Organization"",""ImageObject"",""BreadcrumbList"",""ListItem"",""ListItem"",""ListItem"",""FAQPage"",""Question"",""Answer"",""Question"",""Answer"",""Question"",""Answer""]","8ce0860b580c43ac55bdd83487250ad4e9894f2d1ad433f6c8d6c55e5e0ac3ab"
"https://pfotentechnik.de/wie-lange-bleibt-trockenfutter-frisch/","UNAVAILABLE_PERFORMANCE_IS_NOT_INDEX_COVERAGE","0","0","15","2","guide","futterautomaten","2026-07-12","2026-07-28","78","2","6","6","NORMAL","true","true","2026-07-28T00:00:00.000Z","4169","[""Organization"",""Article"",""Organization"",""Organization"",""ImageObject"",""BreadcrumbList"",""ListItem"",""ListItem"",""ListItem"",""FAQPage"",""Question"",""Answer"",""Question"",""Answer"",""Question"",""Answer"",""Question"",""Answer"",""Question"",""Answer"",""Question"",""Answer"",""Question"",""Answer"",""Question"",""Answer"",""Question"",""Answer"",""Question"",""Answer"",""Question"",""Answer"",""Question"",""Answer"",""Question"",""Answer"",""Question"",""Answer"",""Question"",""Answer"",""Question"",""Answer"",""Question"",""Answer"",""Question"",""Answer""]","b784abff51fba8e1cb4f12e7674f65771b4c999aba36b44353a1c4905b16a8b2"
"https://pfotentechnik.de/wie-laut-sind-automatische-futterautomaten/","UNAVAILABLE_PERFORMANCE_IS_NOT_INDEX_COVERAGE","0","0","0","0","guide","futterautomaten","2026-07-12","2026-07-12","78","2","2","2","NORMAL","true","true","2026-07-12T00:00:00.000Z","795","[""Organization"",""Article"",""Organization"",""Organization"",""ImageObject"",""BreadcrumbList"",""ListItem"",""ListItem"",""ListItem"",""FAQPage"",""Question"",""Answer"",""Question"",""Answer""]","f70e6fabc0c8fd2cb44db11ca7e10e763a17f4d5f9aef2404e9d531d9576612a"
"https://pfotentechnik.de/wie-viel-wasser-braucht-ein-hund/","UNAVAILABLE_PERFORMANCE_IS_NOT_INDEX_COVERAGE","0","0","16","0","guide","trinkbrunnen","2026-07-19","2026-07-19","71","2","9","7","NORMAL","true","true","2026-07-19T00:00:00.000Z","1409","[""Organization"",""Article"",""Organization"",""Organization"",""ImageObject"",""BreadcrumbList"",""ListItem"",""ListItem"",""ListItem"",""FAQPage"",""Question"",""Answer"",""Question"",""Answer"",""Question"",""Answer"",""Question"",""Answer"",""Question"",""Answer"",""Question"",""Answer"",""Question"",""Answer"",""Question"",""Answer"",""Question"",""Answer"",""Question"",""Answer"",""Question"",""Answer"",""Question"",""Answer""]","8a1a3339b49f6909669a8beb659089a8fcdbf98f5adce7088cea51e774d96ff8"
"https://pfotentechnik.de/wie-viel-wasser-braucht-eine-katze/","UNAVAILABLE_PERFORMANCE_IS_NOT_INDEX_COVERAGE","0","0","8","0","guide","trinkbrunnen","2026-07-13","2026-07-14","77","2","8","5","NORMAL","true","true","2026-07-14T00:00:00.000Z","2313","[""Organization"",""Article"",""Organization"",""Organization"",""ImageObject"",""BreadcrumbList"",""ListItem"",""ListItem"",""ListItem"",""FAQPage"",""Question"",""Answer"",""Question"",""Answer"",""Question"",""Answer"",""Question"",""Answer"",""Question"",""Answer""]","b17ef4926dd84feb844ec975cbcb723290bf53d30e81fc2d8c9a8f52946357f4"
"https://pfotentechnik.de/wie-viele-mahlzeiten-hund/","UNAVAILABLE_PERFORMANCE_IS_NOT_INDEX_COVERAGE","0","0","3","0","editorial-page","futterautomaten","2026-07-09","2026-07-31","81","2","24","23","NORMAL","true","true","2026-07-31T00:00:00.000Z","1208","[""Organization"",""Article"",""Organization"",""Organization"",""ImageObject"",""BreadcrumbList"",""ListItem"",""ListItem"",""ListItem"",""FAQPage"",""Question"",""Answer"",""Question"",""Answer""]","259db48dad3d03afc0ab3d1f92be7dd6ff523a4aaa74bae45eae5dc9cb0eaf86"
"https://pfotentechnik.de/wie-viele-mahlzeiten-katze/","UNAVAILABLE_PERFORMANCE_IS_NOT_INDEX_COVERAGE","0","0","3","0","editorial-page","futterautomaten","2026-07-09","2026-07-09","81","2","23","23","NORMAL","true","true","2026-07-09T00:00:00.000Z","1101","[""Organization"",""Article"",""Organization"",""Organization"",""ImageObject"",""BreadcrumbList"",""ListItem"",""ListItem"",""ListItem"",""FAQPage"",""Question"",""Answer"",""Question"",""Answer""]","2e5ec4f3895375d3ffeff8bfb3f5c06194cd95b218dd34c62ecdbb4a0bcbba99"
"https://pfotentechnik.de/wie-viele-wasserstellen-katze/","UNAVAILABLE_PERFORMANCE_IS_NOT_INDEX_COVERAGE","0","0","0","0","problem-solving-guide","trinkbrunnen","2026-07-13","2026-07-25","77","2","16","15","NORMAL","true","true","2026-07-25T00:00:00.000Z","3110","[""Organization"",""Article"",""Organization"",""Organization"",""ImageObject"",""BreadcrumbList"",""ListItem"",""ListItem"",""ListItem"",""FAQPage"",""Question"",""Answer"",""Question"",""Answer"",""Question"",""Answer"",""Question"",""Answer"",""Question"",""Answer"",""Question"",""Answer"",""Question"",""Answer"",""Question"",""Answer"",""Question"",""Answer"",""Question"",""Answer"",""Question"",""Answer"",""Question"",""Answer"",""Question"",""Answer"",""Question"",""Answer""]","0998d638566aa244c21f89e4d5c5f2965b006a5677b8bee90003641804001919"
"https://pfotentechnik.de/wissen/","UNAVAILABLE_PERFORMANCE_IS_NOT_INDEX_COVERAGE","0","0","0","0","knowledge-hub","smarte-haustiertechnik","","","null","1","259","1","WEAK","true","true","","1234","[""Organization"",""Article"",""Organization"",""Organization"",""ImageObject"",""BreadcrumbList"",""ListItem"",""ListItem""]","e3d4cee25a93cc8667ed1c49e8bfd77e70cca8df01d8501e393ef1849d8c064d"
"https://pfotentechnik.de/woran-erkennt-man-dass-die-katze-zu-wenig-trinkt/","UNAVAILABLE_PERFORMANCE_IS_NOT_INDEX_COVERAGE","0","0","0","0","medical-guide","trinkbrunnen","2026-07-12","2026-07-19","78","2","7","6","NORMAL","true","true","2026-07-19T00:00:00.000Z","4406","[""Organization"",""Article"",""Organization"",""Organization"",""ImageObject"",""BreadcrumbList"",""ListItem"",""ListItem"",""ListItem"",""FAQPage"",""Question"",""Answer"",""Question"",""Answer"",""Question"",""Answer"",""Question"",""Answer"",""Question"",""Answer"",""Question"",""Answer""]","e4544737f23d2f4987b6500fba4404a6ed026c3bf8207f1f92e55e49e125d3c1"
