source,url,pageType,surface,location,pattern,context,classification,rootCause,severity,changed,replacement,reason
"apps/pfotentechnik/src/content/pages/automatische-katzentoiletten.md","https://pfotentechnik.de/automatische-katzentoiletten/","hubs","PUBLIC_RENDERED","header:p","Cornerstone","Cornerstone fuer automatische Katzentoiletten: Funktion, Bauform, Innenraum, Einstieg, Sicherheit, Streu, Wartung, Daten und laufende Kosten vor der Modellwahl klaeren.","CONFIRMED_INTERNAL_LEAK","SYSTEMIC","P1","YES","Kaufberatung fuer automatische Katzentoiletten: Funktion, Bauform, Innenraum, Einstieg, Sicherheit, Streu, Wartung, Daten und laufende Kosten vor der Modellwahl klaeren.","Public description reused by shared discovery components, or Markdown table cells copied into plain-text summaries."
"apps/pfotentechnik/src/content/pages/smarte-haustiertechnik.md","https://pfotentechnik.de/automatische-katzentoiletten/","hubs","PUBLIC_RENDERED","main:p","Cornerstone","Cornerstone-Ratgeber zu Gerätekategorien, Datenschutz, Verbindungen, Folgekosten und Kaufentscheidungen.","CONFIRMED_INTERNAL_LEAK","SYSTEMIC","P1","YES","Ratgeber zu Gerätekategorien, Datenschutz, Verbindungen, Folgekosten und Kaufentscheidungen.","Public description reused by shared discovery components, or Markdown table cells copied into plain-text summaries."
"apps/pfotentechnik/src/content/pages/gps-tracker.md","https://pfotentechnik.de/datenschutz-bei-gps-trackern/","guides","PUBLIC_RENDERED","main:p","Cornerstone","Cornerstone zu Technik, Tier-Fit, Kosten und aktuellen Modellen.","CONFIRMED_INTERNAL_LEAK","SYSTEMIC","P1","YES","Ratgeber zu Technik, Tier-Fit, Kosten und aktuellen Modellen.","Public description reused by shared discovery components, or Markdown table cells copied into plain-text summaries."
"apps/pfotentechnik/src/content/pages/gps-tracker.md","https://pfotentechnik.de/fuetterungszeiten-nach-alter/","guides","PUBLIC_RENDERED","main:p","Cornerstone","Cornerstone zu Technik, Tier-Fit, Kosten und aktuellen Modellen.","CONFIRMED_INTERNAL_LEAK","SYSTEMIC","P1","YES","Ratgeber zu Technik, Tier-Fit, Kosten und aktuellen Modellen.","Public description reused by shared discovery components, or Markdown table cells copied into plain-text summaries."
"apps/pfotentechnik/src/content/pages/smarte-haustiertechnik.md","https://pfotentechnik.de/fuetterungszeiten-nach-alter/","guides","PUBLIC_RENDERED","main:p","Cornerstone","Cornerstone-Ratgeber zu Gerätekategorien, Datenschutz, Verbindungen, Folgekosten und Kaufentscheidungen.","CONFIRMED_INTERNAL_LEAK","SYSTEMIC","P1","YES","Ratgeber zu Gerätekategorien, Datenschutz, Verbindungen, Folgekosten und Kaufentscheidungen.","Public description reused by shared discovery components, or Markdown table cells copied into plain-text summaries."
"apps/pfotentechnik/src/content/pages/smarte-futterautomaten.md","https://pfotentechnik.de/futterautomat-hund/","guides","PUBLIC_RENDERED","main:p","Cluster","Zentraler Cluster-Hub mit vollständiger Kaufberatung, Auswahlkriterien und fachlich passenden nächsten Schritten.","CONFIRMED_INTERNAL_LEAK","SYSTEMIC","P1","YES","Kaufberatung mit Auswahlkriterien und passenden nächsten Schritten.","Public description reused by shared discovery components, or Markdown table cells copied into plain-text summaries."
"apps/pfotentechnik/src/content/pages/futterautomat-richtig-reinigen.md","https://pfotentechnik.de/futterautomat-richtig-reinigen/","guides","PUBLIC_RENDERED","main:li","Information Gain","31 Information Gain: Mit einer weißen Kontrollkarte Fettfilm erkennen","CONFIRMED_INTERNAL_LEAK","CONTENT_LEVEL","P2","YES","31 Mit einer weißen Kontrollkarte Fettfilm erkennen","Public wording directly contains production terminology or an observable publication artifact."
"apps/pfotentechnik/src/content/pages/futterautomat-richtig-reinigen.md","https://pfotentechnik.de/futterautomat-richtig-reinigen/","guides","PUBLIC_RENDERED","main:li","Information Gain","32 Information Gain: Der Geruchstest braucht eine Pause","CONFIRMED_INTERNAL_LEAK","CONTENT_LEVEL","P2","YES","32 Der Geruchstest braucht eine Pause","Public wording directly contains production terminology or an observable publication artifact."
"apps/pfotentechnik/src/content/pages/futterautomat-richtig-reinigen.md","https://pfotentechnik.de/futterautomat-richtig-reinigen/","guides","PUBLIC_RENDERED","main:li","Information Gain","33 Information Gain: Die Testportion ist eine Diagnose","CONFIRMED_INTERNAL_LEAK","CONTENT_LEVEL","P2","YES","33 Die Testportion ist eine Diagnose","Public wording directly contains production terminology or an observable publication artifact."
"apps/pfotentechnik/src/content/pages/futterautomat-richtig-reinigen.md","https://pfotentechnik.de/futterautomat-richtig-reinigen/","guides","PUBLIC_RENDERED","main:li","Information Gain","47 Information Gain: Reinigungsprotokoll für problematische Geräte","CONFIRMED_INTERNAL_LEAK","CONTENT_LEVEL","P2","YES","47 Reinigungsprotokoll für problematische Geräte","Public wording directly contains production terminology or an observable publication artifact."
"apps/pfotentechnik/src/content/pages/futterautomat-richtig-reinigen.md","https://pfotentechnik.de/futterautomat-richtig-reinigen/","guides","PUBLIC_RENDERED","main:h2","Information Gain","Information Gain: Mit einer weißen Kontrollkarte Fettfilm erkennen","CONFIRMED_INTERNAL_LEAK","CONTENT_LEVEL","P2","YES","Mit einer weißen Kontrollkarte Fettfilm erkennen","Public wording directly contains production terminology or an observable publication artifact."
"apps/pfotentechnik/src/content/pages/futterautomat-richtig-reinigen.md","https://pfotentechnik.de/futterautomat-richtig-reinigen/","guides","PUBLIC_RENDERED","main:h2","Information Gain","Information Gain: Der Geruchstest braucht eine Pause","CONFIRMED_INTERNAL_LEAK","CONTENT_LEVEL","P2","YES","Der Geruchstest braucht eine Pause","Public wording directly contains production terminology or an observable publication artifact."
"apps/pfotentechnik/src/content/pages/futterautomat-richtig-reinigen.md","https://pfotentechnik.de/futterautomat-richtig-reinigen/","guides","PUBLIC_RENDERED","main:h2","Information Gain","Information Gain: Die Testportion ist eine Diagnose","CONFIRMED_INTERNAL_LEAK","CONTENT_LEVEL","P2","YES","Die Testportion ist eine Diagnose","Public wording directly contains production terminology or an observable publication artifact."
"apps/pfotentechnik/src/content/pages/futterautomat-richtig-reinigen.md","https://pfotentechnik.de/futterautomat-richtig-reinigen/","guides","PUBLIC_RENDERED","main:h2","Information Gain","Information Gain: Reinigungsprotokoll für problematische Geräte","CONFIRMED_INTERNAL_LEAK","CONTENT_LEVEL","P2","YES","Reinigungsprotokoll für problematische Geräte","Public wording directly contains production terminology or an observable publication artifact."
"apps/pfotentechnik/src/content/pages/smarte-futterautomaten.md","https://pfotentechnik.de/futterautomat-richtig-reinigen/","guides","PUBLIC_RENDERED","main:p","Cluster","Zentraler Cluster-Hub mit vollständiger Kaufberatung, Auswahlkriterien und fachlich passenden nächsten Schritten.","CONFIRMED_INTERNAL_LEAK","SYSTEMIC","P1","YES","Kaufberatung mit Auswahlkriterien und passenden nächsten Schritten.","Public description reused by shared discovery components, or Markdown table cells copied into plain-text summaries."
"apps/pfotentechnik/src/content/pages/futtermenge-hund.md","https://pfotentechnik.de/futtermenge-hund/","guides","PUBLIC_RENDERED","main:li","Information Gain","05 Information Gain: Automatenportionen kalibrieren","CONFIRMED_INTERNAL_LEAK","CONTENT_LEVEL","P2","YES","05 Automatenportionen kalibrieren","Public wording directly contains production terminology or an observable publication artifact."
"apps/pfotentechnik/src/content/pages/futtermenge-hund.md","https://pfotentechnik.de/futtermenge-hund/","guides","PUBLIC_RENDERED","main:h2","Information Gain","Information Gain: Automatenportionen kalibrieren","CONFIRMED_INTERNAL_LEAK","CONTENT_LEVEL","P2","YES","Automatenportionen kalibrieren","Public wording directly contains production terminology or an observable publication artifact."
"apps/pfotentechnik/src/content/pages/gps-tracker.md","https://pfotentechnik.de/futtermenge-hund/","guides","PUBLIC_RENDERED","main:p","Cornerstone","Cornerstone zu Technik, Tier-Fit, Kosten und aktuellen Modellen.","CONFIRMED_INTERNAL_LEAK","SYSTEMIC","P1","YES","Ratgeber zu Technik, Tier-Fit, Kosten und aktuellen Modellen.","Public description reused by shared discovery components, or Markdown table cells copied into plain-text summaries."
"apps/pfotentechnik/src/content/pages/smarte-futterautomaten.md","https://pfotentechnik.de/futtermenge-katze/","guides","PUBLIC_RENDERED","main:p","Cluster","Zentraler Cluster-Hub mit vollständiger Kaufberatung, Auswahlkriterien und fachlich passenden nächsten Schritten.","CONFIRMED_INTERNAL_LEAK","SYSTEMIC","P1","YES","Kaufberatung mit Auswahlkriterien und passenden nächsten Schritten.","Public description reused by shared discovery components, or Markdown table cells copied into plain-text summaries."
"apps/pfotentechnik/src/content/pages/glossar.md","https://pfotentechnik.de/glossar/","guides","PUBLIC_RENDERED","header:p","Clustern","Dieses Glossar ist kein Lexikon für jedes Fachwort. Es bündelt nur Begriffe, die in mehreren bestehenden PfotenTechnik-Clustern konkrete Kauf- oder Betriebsentscheidungen unterstützen. Gezählt wurden die Vorkommen im redaktionellen Repository vor Veröffentlichung: Jede der acht Begriffsfamilien erscheint in mindestens acht Inhaltsdateien.","CONFIRMED_INTERNAL_LEAK","CONTENT_LEVEL","P2","YES","Dieses Glossar ist kein Lexikon für jedes Fachwort. Es bündelt Begriffe, die bei verschiedenen Gerätekategorien konkrete Kauf- oder Betriebsentscheidungen unterstützen.","Public wording directly contains production terminology or an observable publication artifact."
"apps/pfotentechnik/src/content/pages/glossar.md","https://pfotentechnik.de/glossar/","guides","PUBLIC_RENDERED","header:p","Repository","Dieses Glossar ist kein Lexikon für jedes Fachwort. Es bündelt nur Begriffe, die in mehreren bestehenden PfotenTechnik-Clustern konkrete Kauf- oder Betriebsentscheidungen unterstützen. Gezählt wurden die Vorkommen im redaktionellen Repository vor Veröffentlichung: Jede der acht Begriffsfamilien erscheint in mindestens acht Inhaltsdateien.","CONFIRMED_INTERNAL_LEAK","CONTENT_LEVEL","P2","YES","Dieses Glossar ist kein Lexikon für jedes Fachwort. Es bündelt Begriffe, die bei verschiedenen Gerätekategorien konkrete Kauf- oder Betriebsentscheidungen unterstützen.","Public wording directly contains production terminology or an observable publication artifact."
"apps/pfotentechnik/src/content/pages/glossar.md","https://pfotentechnik.de/glossar/","guides","PUBLIC_RENDERED","main:p","Clustern","Dieses Glossar ist kein Lexikon für jedes Fachwort. Es bündelt nur Begriffe, die in mehreren bestehenden PfotenTechnik-Clustern konkrete Kauf- oder Betriebsentscheidungen unterstützen. Gezählt wurden die Vorkommen im redaktionellen Repository vor Veröffentlichung: Jede der acht Begriffsfamilien erscheint in mindestens acht Inhaltsdateien.","CONFIRMED_INTERNAL_LEAK","CONTENT_LEVEL","P2","YES","Dieses Glossar ist kein Lexikon für jedes Fachwort. Es bündelt Begriffe, die bei verschiedenen Gerätekategorien konkrete Kauf- oder Betriebsentscheidungen unterstützen.","Public wording directly contains production terminology or an observable publication artifact."
"apps/pfotentechnik/src/content/pages/glossar.md","https://pfotentechnik.de/glossar/","guides","PUBLIC_RENDERED","main:p","Repository","Dieses Glossar ist kein Lexikon für jedes Fachwort. Es bündelt nur Begriffe, die in mehreren bestehenden PfotenTechnik-Clustern konkrete Kauf- oder Betriebsentscheidungen unterstützen. Gezählt wurden die Vorkommen im redaktionellen Repository vor Veröffentlichung: Jede der acht Begriffsfamilien erscheint in mindestens acht Inhaltsdateien.","CONFIRMED_INTERNAL_LEAK","CONTENT_LEVEL","P2","YES","Dieses Glossar ist kein Lexikon für jedes Fachwort. Es bündelt Begriffe, die bei verschiedenen Gerätekategorien konkrete Kauf- oder Betriebsentscheidungen unterstützen.","Public wording directly contains production terminology or an observable publication artifact."
"apps/pfotentechnik/src/content/pages/glossar.md","https://pfotentechnik.de/glossar/","guides","PUBLIC_RENDERED","main:p","Frontmatter","Die technischen Grundbegriffe wurden mit den oben im Frontmatter dokumentierten Primärquellen abgeglichen. Produktabhängige Werte, Kompatibilitäten und Wirkungsversprechen stehen bewusst nicht im Glossar; dafür bleiben die jeweilige Produktseite, Bedienungsanleitung und Herstellerquelle maßgeblich.","CONFIRMED_INTERNAL_LEAK","CONTENT_LEVEL","P2","YES","Die technischen Grundbegriffe wurden mit den angegebenen Primärquellen abgeglichen. Produktabhängige Werte, Kompatibilitäten und Wirkungsversprechen stehen bewusst nicht im Glossar; dafür bleiben die jeweilige Produktseite, Bedienungsanleitung und Herstellerquelle maßgeblich.","Public wording directly contains production terminology or an observable publication artifact."
"apps/pfotentechnik/src/content/pages/gps-tracker.md","https://pfotentechnik.de/gps-oder-bluetooth/","guides","PUBLIC_RENDERED","main:p","Cornerstone","Cornerstone zu Technik, Tier-Fit, Kosten und aktuellen Modellen.","CONFIRMED_INTERNAL_LEAK","SYSTEMIC","P1","YES","Ratgeber zu Technik, Tier-Fit, Kosten und aktuellen Modellen.","Public description reused by shared discovery components, or Markdown table cells copied into plain-text summaries."
"apps/pfotentechnik/src/content/pages/gps-tracker.md","https://pfotentechnik.de/gps-tracker-richtig-befestigen/","guides","PUBLIC_RENDERED","main:p","Cornerstone","Cornerstone zu Technik, Tier-Fit, Kosten und aktuellen Modellen.","CONFIRMED_INTERNAL_LEAK","SYSTEMIC","P1","YES","Ratgeber zu Technik, Tier-Fit, Kosten und aktuellen Modellen.","Public description reused by shared discovery components, or Markdown table cells copied into plain-text summaries."
"apps/pfotentechnik/src/content/pages/haustierkameras.md","https://pfotentechnik.de/haustierkameras/","hubs","PUBLIC_RENDERED","header:p","Cornerstone","Cornerstone für Haustierkameras: festen Blickpunkt, Interaktion oder mobilen Kameraroboter nach Wohnsituation, Datenschutz, Speicherung, Abo und Gesamtkosten auswählen.","CONFIRMED_INTERNAL_LEAK","SYSTEMIC","P1","YES","Kaufberatung für Haustierkameras: festen Blickpunkt, Interaktion oder mobilen Kameraroboter nach Wohnsituation, Datenschutz, Speicherung, Abo und Gesamtkosten auswählen.","Public description reused by shared discovery components, or Markdown table cells copied into plain-text summaries."
"apps/pfotentechnik/src/content/pages/smarte-haustiertechnik.md","https://pfotentechnik.de/haustierkameras/","hubs","PUBLIC_RENDERED","main:p","Cornerstone","Cornerstone-Ratgeber zu Gerätekategorien, Datenschutz, Verbindungen, Folgekosten und Kaufentscheidungen.","CONFIRMED_INTERNAL_LEAK","SYSTEMIC","P1","YES","Ratgeber zu Gerätekategorien, Datenschutz, Verbindungen, Folgekosten und Kaufentscheidungen.","Public description reused by shared discovery components, or Markdown table cells copied into plain-text summaries."
"apps/pfotentechnik/src/content/manufacturers/devoko.md","https://pfotentechnik.de/hersteller/devoko/","manufacturers","PUBLIC_RENDERED","main:dd","Repository","Das Profil bildet die im Repository gepflegte Devoko-Produktrolle ab. In deutschen Handelsangaben wird für das aktuelle 90L-Modell Mainwin Furniture GmbH als Hersteller genannt; die konkrete Angebotsvariante bleibt vor Kauf zu prüfen.","CONFIRMED_INTERNAL_LEAK","CONTENT_LEVEL","P2","YES","Das Profil stellt die automatische Katzentoilette von Devoko vor. In deutschen Handelsangaben wird für das aktuelle 90L-Modell Mainwin Furniture GmbH als Hersteller genannt; die konkrete Angebotsvariante bleibt vor Kauf zu prüfen.","Public wording directly contains production terminology or an observable publication artifact."
"apps/pfotentechnik/src/content/manufacturers/enabot.md","https://pfotentechnik.de/hersteller/enabot/","manufacturers","PUBLIC_RENDERED","main:dd","Cluster","Enabot steht im Cluster für mobile Navigation statt festen Blickpunkt oder Leckerliausgabe.","CONFIRMED_INTERNAL_LEAK","CONTENT_LEVEL","P2","YES","Enabot steht für mobile Navigation statt festen Blickpunkt oder Leckerliausgabe.","Public wording directly contains production terminology or an observable publication artifact."
"apps/pfotentechnik/src/content/manufacturers/flappie.md","https://pfotentechnik.de/hersteller/flappie/","manufacturers","PUBLIC_RENDERED","main:p","Cluster","Flappie Technologies AG steht im Katzenklappen-Cluster für das Modell FLP1; aktuelle Identitäts- und Premium-Grenzen gehören zur Produktentscheidung.","CONFIRMED_INTERNAL_LEAK","CONTENT_LEVEL","P2","YES","Flappie Technologies AG steht bei Katzenklappen für das Modell FLP1; aktuelle Identitäts- und Premium-Grenzen gehören zur Produktentscheidung.","Public wording directly contains production terminology or an observable publication artifact."
"apps/pfotentechnik/src/content/manufacturers/onlycat.md","https://pfotentechnik.de/hersteller/onlycat/","manufacturers","PUBLIC_RENDERED","main:p","Cluster","Die Marke steht im Cluster für ein konkretes Kamera-Komplettsystem, nicht für allgemeine Mikrochip-Klappen.","CONFIRMED_INTERNAL_LEAK","CONTENT_LEVEL","P2","YES","Die Marke steht für ein konkretes Kamera-Komplettsystem, nicht für allgemeine Mikrochip-Klappen.","Public wording directly contains production terminology or an observable publication artifact."
"apps/pfotentechnik/src/content/pages/smarte-futterautomaten.md","https://pfotentechnik.de/hersteller/petlibro/","manufacturers","PUBLIC_RENDERED","main:p","Cluster","Zentraler Cluster-Hub mit vollständiger Kaufberatung, Auswahlkriterien und fachlich passenden nächsten Schritten.","CONFIRMED_INTERNAL_LEAK","SYSTEMIC","P1","YES","Kaufberatung mit Auswahlkriterien und passenden nächsten Schritten.","Public description reused by shared discovery components, or Markdown table cells copied into plain-text summaries."
"apps/pfotentechnik/src/content/manufacturers/whisker.md","https://pfotentechnik.de/hersteller/whisker/","manufacturers","PUBLIC_RENDERED","main:dd","Repository","Das Profil beschränkt sich auf das im Repository gepflegte Litter-Robot-System.","CONFIRMED_INTERNAL_LEAK","CONTENT_LEVEL","P2","YES","Das Profil beschränkt sich auf das Litter-Robot-System.","Public wording directly contains production terminology or an observable publication artifact."
"apps/pfotentechnik/src/content/pages/gps-tracker.md","https://pfotentechnik.de/hund-entlaufen-gps-sinnvoll/","guides","PUBLIC_RENDERED","main:p","Cornerstone","Cornerstone zu Technik, Tier-Fit, Kosten und aktuellen Modellen.","CONFIRMED_INTERNAL_LEAK","SYSTEMIC","P1","YES","Ratgeber zu Technik, Tier-Fit, Kosten und aktuellen Modellen.","Public description reused by shared discovery components, or Markdown table cells copied into plain-text summaries."
"apps/pfotentechnik/src/content/pages/gps-tracker.md","https://pfotentechnik.de/hund-hat-durchfall/","guides","PUBLIC_RENDERED","main:p","Cornerstone","Cornerstone zu Technik, Tier-Fit, Kosten und aktuellen Modellen.","CONFIRMED_INTERNAL_LEAK","SYSTEMIC","P1","YES","Ratgeber zu Technik, Tier-Fit, Kosten und aktuellen Modellen.","Public description reused by shared discovery components, or Markdown table cells copied into plain-text summaries."
"apps/pfotentechnik/src/content/pages/hund-ist-muede.md","https://pfotentechnik.de/hund-ist-muede/","guides","PUBLIC_RENDERED","main:li","Information Gain","07 Information Gain: Reaktionstest statt „Er schläft viel“","CONFIRMED_INTERNAL_LEAK","CONTENT_LEVEL","P2","YES","07 Reaktionstest statt „Er schläft viel“","Public wording directly contains production terminology or an observable publication artifact."
"apps/pfotentechnik/src/content/pages/hund-ist-muede.md","https://pfotentechnik.de/hund-ist-muede/","guides","PUBLIC_RENDERED","main:h2","Information Gain","Information Gain: Reaktionstest statt „Er schläft viel“","CONFIRMED_INTERNAL_LEAK","CONTENT_LEVEL","P2","YES","Reaktionstest statt „Er schläft viel“","Public wording directly contains production terminology or an observable publication artifact."
"apps/pfotentechnik/src/content/pages/hund-trinkt-viel.md","https://pfotentechnik.de/hund-trinkt-viel/","guides","PUBLIC_RENDERED","main:li","Information Gain","06 Information Gain: Durst und Urin gemeinsam betrachten","CONFIRMED_INTERNAL_LEAK","CONTENT_LEVEL","P2","YES","06 Durst und Urin gemeinsam betrachten","Public wording directly contains production terminology or an observable publication artifact."
"apps/pfotentechnik/src/content/pages/hund-trinkt-viel.md","https://pfotentechnik.de/hund-trinkt-viel/","guides","PUBLIC_RENDERED","main:h2","Information Gain","Information Gain: Durst und Urin gemeinsam betrachten","CONFIRMED_INTERNAL_LEAK","CONTENT_LEVEL","P2","YES","Durst und Urin gemeinsam betrachten","Public wording directly contains production terminology or an observable publication artifact."
"apps/pfotentechnik/src/content/pages/hund-trinkt-zu-wenig.md","https://pfotentechnik.de/hund-trinkt-zu-wenig/","guides","PUBLIC_RENDERED","main:li","Information Gain","05 Information Gain: Wasser aus dem Futter berechnen","CONFIRMED_INTERNAL_LEAK","CONTENT_LEVEL","P2","YES","05 Wasser aus dem Futter berechnen","Public wording directly contains production terminology or an observable publication artifact."
"apps/pfotentechnik/src/content/pages/hund-trinkt-zu-wenig.md","https://pfotentechnik.de/hund-trinkt-zu-wenig/","guides","PUBLIC_RENDERED","main:li","Information Gain","09 Information Gain: Dehydration und Hypovolämie unterscheiden","CONFIRMED_INTERNAL_LEAK","CONTENT_LEVEL","P2","YES","09 Dehydration und Hypovolämie unterscheiden","Public wording directly contains production terminology or an observable publication artifact."
"apps/pfotentechnik/src/content/pages/hund-trinkt-zu-wenig.md","https://pfotentechnik.de/hund-trinkt-zu-wenig/","guides","PUBLIC_RENDERED","main:li","Information Gain","10 Information Gain: Wasserbilanz statt Napfgefühl","CONFIRMED_INTERNAL_LEAK","CONTENT_LEVEL","P2","YES","10 Wasserbilanz statt Napfgefühl","Public wording directly contains production terminology or an observable publication artifact."
"apps/pfotentechnik/src/content/pages/hund-trinkt-zu-wenig.md","https://pfotentechnik.de/hund-trinkt-zu-wenig/","guides","PUBLIC_RENDERED","main:li","Information Gain","20 Information Gain: Typische Fehleinschätzungen","CONFIRMED_INTERNAL_LEAK","CONTENT_LEVEL","P2","YES","20 Typische Fehleinschätzungen","Public wording directly contains production terminology or an observable publication artifact."
"apps/pfotentechnik/src/content/pages/hund-trinkt-zu-wenig.md","https://pfotentechnik.de/hund-trinkt-zu-wenig/","guides","PUBLIC_RENDERED","main:h2","Information Gain","Information Gain: Wasser aus dem Futter berechnen","CONFIRMED_INTERNAL_LEAK","CONTENT_LEVEL","P2","YES","Wasser aus dem Futter berechnen","Public wording directly contains production terminology or an observable publication artifact."
"apps/pfotentechnik/src/content/pages/hund-trinkt-zu-wenig.md","https://pfotentechnik.de/hund-trinkt-zu-wenig/","guides","PUBLIC_RENDERED","main:h2","Information Gain","Information Gain: Dehydration und Hypovolämie unterscheiden","CONFIRMED_INTERNAL_LEAK","CONTENT_LEVEL","P2","YES","Dehydration und Hypovolämie unterscheiden","Public wording directly contains production terminology or an observable publication artifact."
"apps/pfotentechnik/src/content/pages/hund-trinkt-zu-wenig.md","https://pfotentechnik.de/hund-trinkt-zu-wenig/","guides","PUBLIC_RENDERED","main:h2","Information Gain","Information Gain: Wasserbilanz statt Napfgefühl","CONFIRMED_INTERNAL_LEAK","CONTENT_LEVEL","P2","YES","Wasserbilanz statt Napfgefühl","Public wording directly contains production terminology or an observable publication artifact."
"apps/pfotentechnik/src/content/pages/hund-trinkt-zu-wenig.md","https://pfotentechnik.de/hund-trinkt-zu-wenig/","guides","PUBLIC_RENDERED","main:h2","Information Gain","Information Gain: Typische Fehleinschätzungen","CONFIRMED_INTERNAL_LEAK","CONTENT_LEVEL","P2","YES","Typische Fehleinschätzungen","Public wording directly contains production terminology or an observable publication artifact."
"apps/pfotentechnik/src/content/pages/smarte-haustiertechnik.md","https://pfotentechnik.de/ifa-2026-haustiertechnik/","guides","PUBLIC_RENDERED","main:p","Cornerstone","Cornerstone-Ratgeber zu Gerätekategorien, Datenschutz, Verbindungen, Folgekosten und Kaufentscheidungen.","CONFIRMED_INTERNAL_LEAK","SYSTEMIC","P1","YES","Ratgeber zu Gerätekategorien, Datenschutz, Verbindungen, Folgekosten und Kaufentscheidungen.","Public description reused by shared discovery components, or Markdown table cells copied into plain-text summaries."
"apps/pfotentechnik/src/content/pages/katze-an-katzenklappe-gewoehnen.md","https://pfotentechnik.de/katze-an-katzenklappe-gewoehnen/","guides","PUBLIC_RENDERED","header:p","Intent","Gewöhnung ist ein eigener Support-Intent. Das Ziel ist nicht, die Katze durch die Klappe zu drücken, sondern jede neue Reizstufe kontrollierbar und freiwillig zu machen.","CONFIRMED_INTERNAL_LEAK","CONTENT_LEVEL","P2","YES","Das Ziel ist nicht, die Katze durch die Klappe zu drücken, sondern jede neue Reizstufe kontrollierbar und freiwillig zu machen.","Public wording directly contains production terminology or an observable publication artifact."
"apps/pfotentechnik/src/content/pages/katze-an-katzenklappe-gewoehnen.md","https://pfotentechnik.de/katze-an-katzenklappe-gewoehnen/","guides","PUBLIC_RENDERED","main:p","Intent","Gewöhnung ist ein eigener Support-Intent. Das Ziel ist nicht, die Katze durch die Klappe zu drücken, sondern jede neue Reizstufe kontrollierbar und freiwillig zu machen.","CONFIRMED_INTERNAL_LEAK","CONTENT_LEVEL","P2","YES","Das Ziel ist nicht, die Katze durch die Klappe zu drücken, sondern jede neue Reizstufe kontrollierbar und freiwillig zu machen.","Public wording directly contains production terminology or an observable publication artifact."
"apps/pfotentechnik/src/content/pages/gps-tracker.md","https://pfotentechnik.de/katze-entlaufen-gps-sinnvoll/","guides","PUBLIC_RENDERED","main:p","Cornerstone","Cornerstone zu Technik, Tier-Fit, Kosten und aktuellen Modellen.","CONFIRMED_INTERNAL_LEAK","SYSTEMIC","P1","YES","Ratgeber zu Technik, Tier-Fit, Kosten und aktuellen Modellen.","Public description reused by shared discovery components, or Markdown table cells copied into plain-text summaries."
"apps/pfotentechnik/src/content/pages/katze-frisst-nicht.md","https://pfotentechnik.de/katze-frisst-nicht/","guides","PUBLIC_RENDERED","main:li","Information Gain","35 Information Gain: Futteraufnahme als Prozent der normalen Menge","CONFIRMED_INTERNAL_LEAK","CONTENT_LEVEL","P2","YES","35 Futteraufnahme als Prozent der normalen Menge","Public wording directly contains production terminology or an observable publication artifact."
"apps/pfotentechnik/src/content/pages/katze-frisst-nicht.md","https://pfotentechnik.de/katze-frisst-nicht/","guides","PUBLIC_RENDERED","main:li","Information Gain","36 Information Gain: Vier Beobachtungen statt nur „frisst nicht“","CONFIRMED_INTERNAL_LEAK","CONTENT_LEVEL","P2","YES","36 Vier Beobachtungen statt nur „frisst nicht“","Public wording directly contains production terminology or an observable publication artifact."
"apps/pfotentechnik/src/content/pages/katze-frisst-nicht.md","https://pfotentechnik.de/katze-frisst-nicht/","guides","PUBLIC_RENDERED","main:h2","Information Gain","Information Gain: Futteraufnahme als Prozent der normalen Menge","CONFIRMED_INTERNAL_LEAK","CONTENT_LEVEL","P2","YES","Futteraufnahme als Prozent der normalen Menge","Public wording directly contains production terminology or an observable publication artifact."
"apps/pfotentechnik/src/content/pages/katze-frisst-nicht.md","https://pfotentechnik.de/katze-frisst-nicht/","guides","PUBLIC_RENDERED","main:h2","Information Gain","Information Gain: Vier Beobachtungen statt nur „frisst nicht“","CONFIRMED_INTERNAL_LEAK","CONTENT_LEVEL","P2","YES","Vier Beobachtungen statt nur „frisst nicht“","Public wording directly contains production terminology or an observable publication artifact."
"apps/pfotentechnik/src/content/pages/katze-trinkt-viel.md","https://pfotentechnik.de/katze-trinkt-viel/","guides","PUBLIC_RENDERED","main:li","Information Gain","24 Information Gain: Persönliche Basislinie","CONFIRMED_INTERNAL_LEAK","CONTENT_LEVEL","P2","YES","24 Persönliche Basislinie","Public wording directly contains production terminology or an observable publication artifact."
"apps/pfotentechnik/src/content/pages/katze-trinkt-viel.md","https://pfotentechnik.de/katze-trinkt-viel/","guides","PUBLIC_RENDERED","main:li","Information Gain","25 Information Gain: Durchschnitt aus mehreren Tagen","CONFIRMED_INTERNAL_LEAK","CONTENT_LEVEL","P2","YES","25 Durchschnitt aus mehreren Tagen","Public wording directly contains production terminology or an observable publication artifact."
"apps/pfotentechnik/src/content/pages/katze-trinkt-viel.md","https://pfotentechnik.de/katze-trinkt-viel/","guides","PUBLIC_RENDERED","main:li","Information Gain","26 Information Gain: Urinklumpen fotografisch vergleichen","CONFIRMED_INTERNAL_LEAK","CONTENT_LEVEL","P2","YES","26 Urinklumpen fotografisch vergleichen","Public wording directly contains production terminology or an observable publication artifact."
"apps/pfotentechnik/src/content/pages/katze-trinkt-viel.md","https://pfotentechnik.de/katze-trinkt-viel/","guides","PUBLIC_RENDERED","main:li","Information Gain","27 Information Gain: Gewicht als Frühwarnsignal","CONFIRMED_INTERNAL_LEAK","CONTENT_LEVEL","P2","YES","27 Gewicht als Frühwarnsignal","Public wording directly contains production terminology or an observable publication artifact."
"apps/pfotentechnik/src/content/pages/katze-trinkt-viel.md","https://pfotentechnik.de/katze-trinkt-viel/","guides","PUBLIC_RENDERED","main:li","Information Gain","28 Information Gain: Kamera sinnvoll nutzen","CONFIRMED_INTERNAL_LEAK","CONTENT_LEVEL","P2","YES","28 Kamera sinnvoll nutzen","Public wording directly contains production terminology or an observable publication artifact."
"apps/pfotentechnik/src/content/pages/katze-trinkt-viel.md","https://pfotentechnik.de/katze-trinkt-viel/","guides","PUBLIC_RENDERED","main:h2","Information Gain","Information Gain: Persönliche Basislinie","CONFIRMED_INTERNAL_LEAK","CONTENT_LEVEL","P2","YES","Persönliche Basislinie","Public wording directly contains production terminology or an observable publication artifact."
"apps/pfotentechnik/src/content/pages/katze-trinkt-viel.md","https://pfotentechnik.de/katze-trinkt-viel/","guides","PUBLIC_RENDERED","main:h2","Information Gain","Information Gain: Durchschnitt aus mehreren Tagen","CONFIRMED_INTERNAL_LEAK","CONTENT_LEVEL","P2","YES","Durchschnitt aus mehreren Tagen","Public wording directly contains production terminology or an observable publication artifact."
"apps/pfotentechnik/src/content/pages/katze-trinkt-viel.md","https://pfotentechnik.de/katze-trinkt-viel/","guides","PUBLIC_RENDERED","main:h2","Information Gain","Information Gain: Urinklumpen fotografisch vergleichen","CONFIRMED_INTERNAL_LEAK","CONTENT_LEVEL","P2","YES","Urinklumpen fotografisch vergleichen","Public wording directly contains production terminology or an observable publication artifact."
"apps/pfotentechnik/src/content/pages/katze-trinkt-viel.md","https://pfotentechnik.de/katze-trinkt-viel/","guides","PUBLIC_RENDERED","main:h2","Information Gain","Information Gain: Gewicht als Frühwarnsignal","CONFIRMED_INTERNAL_LEAK","CONTENT_LEVEL","P2","YES","Gewicht als Frühwarnsignal","Public wording directly contains production terminology or an observable publication artifact."
"apps/pfotentechnik/src/content/pages/katze-trinkt-viel.md","https://pfotentechnik.de/katze-trinkt-viel/","guides","PUBLIC_RENDERED","main:h2","Information Gain","Information Gain: Kamera sinnvoll nutzen","CONFIRMED_INTERNAL_LEAK","CONTENT_LEVEL","P2","YES","Kamera sinnvoll nutzen","Public wording directly contains production terminology or an observable publication artifact."
"apps/pfotentechnik/src/content/pages/gps-tracker.md","https://pfotentechnik.de/katze-trinkt-viel/","guides","PUBLIC_RENDERED","main:p","Cornerstone","Cornerstone zu Technik, Tier-Fit, Kosten und aktuellen Modellen.","CONFIRMED_INTERNAL_LEAK","SYSTEMIC","P1","YES","Ratgeber zu Technik, Tier-Fit, Kosten und aktuellen Modellen.","Public description reused by shared discovery components, or Markdown table cells copied into plain-text summaries."
"apps/pfotentechnik/src/content/pages/katzenklappe-zugluft-und-waermedaemmung.md","https://pfotentechnik.de/katzenklappe-zugluft-und-waermedaemmung/","guides","PUBLIC_RENDERED","header:p","Intent","Zugluft ist ein eigenständiger Problem-Intent, weil sie nicht allein durch „eine besser gedichtete Klappe“ erklärt wird. Drei Ebenen sind zu trennen.","CONFIRMED_INTERNAL_LEAK","CONTENT_LEVEL","P2","YES","Zugluft lässt sich nicht allein durch „eine besser gedichtete Klappe“ erklären. Drei Ebenen sind zu trennen.","Public wording directly contains production terminology or an observable publication artifact."
"apps/pfotentechnik/src/content/pages/katzenklappe-zugluft-und-waermedaemmung.md","https://pfotentechnik.de/katzenklappe-zugluft-und-waermedaemmung/","guides","PUBLIC_RENDERED","main:p","Intent","Zugluft ist ein eigenständiger Problem-Intent, weil sie nicht allein durch „eine besser gedichtete Klappe“ erklärt wird. Drei Ebenen sind zu trennen.","CONFIRMED_INTERNAL_LEAK","CONTENT_LEVEL","P2","YES","Zugluft lässt sich nicht allein durch „eine besser gedichtete Klappe“ erklären. Drei Ebenen sind zu trennen.","Public wording directly contains production terminology or an observable publication artifact."
"apps/pfotentechnik/src/content/pages/katzenklappe-zugluft-und-waermedaemmung.md","https://pfotentechnik.de/katzenklappe-zugluft-und-waermedaemmung/","guides","PUBLIC_RENDERED","main:p","Owner","Bei einem Neubau, Passivhaus oder hochwertigen Außenelement sollte ein Fachbetrieb den Anschluss planen. Der Einbauratgeber führt die Bauteile durch; die petWALK Medium ist ein konkreter Owner der motorisierten Premiumklasse.","CONFIRMED_INTERNAL_LEAK","CONTENT_LEVEL","P2","YES","Bei einem Neubau, Passivhaus oder hochwertigen Außenelement sollte ein Fachbetrieb den Anschluss planen. Der Einbauratgeber führt die Bauteile durch; die petWALK Medium ist ein konkretes Modell der motorisierten Premiumklasse.","Public wording directly contains production terminology or an observable publication artifact."
"apps/pfotentechnik/src/content/pages/katzenklappen.md","https://pfotentechnik.de/katzenklappen/","hubs","PUBLIC_RENDERED","header:p","Cornerstone","Cornerstone für Katzenklappen: Nutzeraufgabe, Mikrochip-Zugang, Mehrkatzen-Rechte, App, Beuteerkennung, Passform und Einbau in der richtigen Reihenfolge klären.","CONFIRMED_INTERNAL_LEAK","SYSTEMIC","P1","YES","Kaufberatung für Katzenklappen: Nutzeraufgabe, Mikrochip-Zugang, Mehrkatzen-Rechte, App, Beuteerkennung, Passform und Einbau in der richtigen Reihenfolge klären.","Public description reused by shared discovery components, or Markdown table cells copied into plain-text summaries."
"apps/pfotentechnik/src/content/pages/katzentrinkbrunnen-richtig-reinigen.md","https://pfotentechnik.de/katzentrinkbrunnen-richtig-reinigen/","guides","PUBLIC_RENDERED","main:th","Evidence","Spülmaschine laut vorhandener Hersteller-Evidence","CONFIRMED_INTERNAL_LEAK","CONTENT_LEVEL","P2","YES","Spülmaschine laut vorliegenden Herstellerangaben","Public wording directly contains production terminology or an observable publication artifact."
"apps/pfotentechnik/src/content/pages/gps-tracker.md","https://pfotentechnik.de/nierenkranke-katze-trinken/","guides","PUBLIC_RENDERED","main:p","Cornerstone","Cornerstone zu Technik, Tier-Fit, Kosten und aktuellen Modellen.","CONFIRMED_INTERNAL_LEAK","SYSTEMIC","P1","YES","Ratgeber zu Technik, Tier-Fit, Kosten und aktuellen Modellen.","Public description reused by shared discovery components, or Markdown table cells copied into plain-text summaries."
"apps/pfotentechnik/src/content/products/cat-mate-elite-355w.md","https://pfotentechnik.de/produkt/cat-mate-elite-355w/","products","PUBLIC_RENDERED","main:p","externalEvidence","Langzeit- und Zuverlässigkeitsaussagen werden nur so stark gewichtet, wie sie durch die unter externalEvidence und evidenceSources dokumentierten Quellen gedeckt sind.","CONFIRMED_INTERNAL_LEAK","CONTENT_LEVEL","P2","YES","Langzeit- und Zuverlässigkeitsaussagen werden nur so stark gewichtet, wie sie durch die angegebenen Quellen gedeckt sind.","Public wording directly contains production terminology or an observable publication artifact."
"apps/pfotentechnik/src/content/products/cat-mate-elite-355w.md","https://pfotentechnik.de/produkt/cat-mate-elite-355w/","products","PUBLIC_RENDERED","main:p","evidenceSources","Langzeit- und Zuverlässigkeitsaussagen werden nur so stark gewichtet, wie sie durch die unter externalEvidence und evidenceSources dokumentierten Quellen gedeckt sind.","CONFIRMED_INTERNAL_LEAK","CONTENT_LEVEL","P2","YES","Langzeit- und Zuverlässigkeitsaussagen werden nur so stark gewichtet, wie sie durch die angegebenen Quellen gedeckt sind.","Public wording directly contains production terminology or an observable publication artifact."
"apps/pfotentechnik/src/content/pages/katzenklappen.md","https://pfotentechnik.de/produkt/cat-mate-elite-355w/","products","PUBLIC_RENDERED","main:p","Cornerstone","Cornerstone für Katzenklappen: Nutzeraufgabe, Mikrochip-Zugang, Mehrkatzen-Rechte, App, Beuteerkennung, Passform und Einbau in der richtigen Reihenfolge klären.","CONFIRMED_INTERNAL_LEAK","SYSTEMIC","P1","YES","Kaufberatung für Katzenklappen: Nutzeraufgabe, Mikrochip-Zugang, Mehrkatzen-Rechte, App, Beuteerkennung, Passform und Einbau in der richtigen Reihenfolge klären.","Public description reused by shared discovery components, or Markdown table cells copied into plain-text summaries."
"apps/pfotentechnik/src/content/products/cat-mate-shell-fountain.md","https://pfotentechnik.de/produkt/cat-mate-shell-fountain/","products","PUBLIC_RENDERED","main:p","Evidence","Die große produktspezifische Nutzerbasis ist belastbar genug für wiederkehrende Nutzungsmuster. Eine unabhängige professionelle Reviewquelle für genau die Shell Pet Fountain wurde nicht ausreichend belegt; deshalb bleibt die Evidence bewusst teilweise.","CONFIRMED_INTERNAL_LEAK","CONTENT_LEVEL","P2","YES","Die große produktspezifische Nutzerbasis ist belastbar genug für wiederkehrende Nutzungsmuster. Eine unabhängige professionelle Reviewquelle für genau die Shell Pet Fountain wurde nicht ausreichend belegt; deshalb bleibt die Beleglage unvollständig.","Public wording directly contains production terminology or an observable publication artifact."
"apps/pfotentechnik/src/content/pages/smarte-futterautomaten.md","https://pfotentechnik.de/produkt/catit-pixi-smart-6-meal-feeder/","products","PUBLIC_RENDERED","main:p","Cluster","Zentraler Cluster-Hub mit vollständiger Kaufberatung, Auswahlkriterien und fachlich passenden nächsten Schritten.","CONFIRMED_INTERNAL_LEAK","SYSTEMIC","P1","YES","Kaufberatung mit Auswahlkriterien und passenden nächsten Schritten.","Public description reused by shared discovery components, or Markdown table cells copied into plain-text summaries."
"apps/pfotentechnik/src/content/products/catit-pixi-smart-trinkbrunnen.md","https://pfotentechnik.de/produkt/catit-pixi-smart-trinkbrunnen/","products","PUBLIC_RENDERED","main:p","externalEvidence","Langzeit- und Zuverlässigkeitsaussagen werden nur so stark gewichtet, wie sie durch die unter externalEvidence und evidenceSources dokumentierten Quellen gedeckt sind.","CONFIRMED_INTERNAL_LEAK","CONTENT_LEVEL","P2","YES","Langzeit- und Zuverlässigkeitsaussagen werden nur so stark gewichtet, wie sie durch die angegebenen Quellen gedeckt sind.","Public wording directly contains production terminology or an observable publication artifact."
"apps/pfotentechnik/src/content/products/catit-pixi-smart-trinkbrunnen.md","https://pfotentechnik.de/produkt/catit-pixi-smart-trinkbrunnen/","products","PUBLIC_RENDERED","main:p","evidenceSources","Langzeit- und Zuverlässigkeitsaussagen werden nur so stark gewichtet, wie sie durch die unter externalEvidence und evidenceSources dokumentierten Quellen gedeckt sind.","CONFIRMED_INTERNAL_LEAK","CONTENT_LEVEL","P2","YES","Langzeit- und Zuverlässigkeitsaussagen werden nur so stark gewichtet, wie sie durch die angegebenen Quellen gedeckt sind.","Public wording directly contains production terminology or an observable publication artifact."
"apps/pfotentechnik/src/content/pages/automatische-katzentoiletten.md","https://pfotentechnik.de/produkt/devoko-90l-automatisches-katzenklo/","products","PUBLIC_RENDERED","main:p","Cornerstone","Cornerstone fuer automatische Katzentoiletten: Funktion, Bauform, Innenraum, Einstieg, Sicherheit, Streu, Wartung, Daten und laufende Kosten vor der Modellwahl klaeren.","CONFIRMED_INTERNAL_LEAK","SYSTEMIC","P1","YES","Kaufberatung fuer automatische Katzentoiletten: Funktion, Bauform, Innenraum, Einstieg, Sicherheit, Streu, Wartung, Daten und laufende Kosten vor der Modellwahl klaeren.","Public description reused by shared discovery components, or Markdown table cells copied into plain-text summaries."
"apps/pfotentechnik/src/content/pages/gps-tracker.md","https://pfotentechnik.de/produkt/enabot-rola-pettracker/","products","PUBLIC_RENDERED","main:p","Cornerstone","Cornerstone zu Technik, Tier-Fit, Kosten und aktuellen Modellen.","CONFIRMED_INTERNAL_LEAK","SYSTEMIC","P1","YES","Ratgeber zu Technik, Tier-Fit, Kosten und aktuellen Modellen.","Public description reused by shared discovery components, or Markdown table cells copied into plain-text summaries."
"apps/pfotentechnik/src/content/products/flappie.md","https://pfotentechnik.de/produkt/flappie/","products","PUBLIC_RENDERED","main:p","Research-constrained","Research-constrained: Herstellerdaten plus Community-Signal; kein eigener oder unabhängiger Praxistest.","CONFIRMED_INTERNAL_LEAK","CONTENT_LEVEL","P2","YES","Herstellerdaten plus Community-Signal; kein eigener oder unabhängiger Praxistest.","Public wording directly contains production terminology or an observable publication artifact."
"apps/pfotentechnik/src/content/pages/katzenklappen.md","https://pfotentechnik.de/produkt/flappie/","products","PUBLIC_RENDERED","main:p","Cornerstone","Cornerstone für Katzenklappen: Nutzeraufgabe, Mikrochip-Zugang, Mehrkatzen-Rechte, App, Beuteerkennung, Passform und Einbau in der richtigen Reihenfolge klären.","CONFIRMED_INTERNAL_LEAK","SYSTEMIC","P1","YES","Kaufberatung für Katzenklappen: Nutzeraufgabe, Mikrochip-Zugang, Mehrkatzen-Rechte, App, Beuteerkennung, Passform und Einbau in der richtigen Reihenfolge klären.","Public description reused by shared discovery components, or Markdown table cells copied into plain-text summaries."
"apps/pfotentechnik/src/content/pages/smarte-futterautomaten.md","https://pfotentechnik.de/produkt/honeyguardian-a305d/","products","PUBLIC_RENDERED","main:p","Cluster","Zentraler Cluster-Hub mit vollständiger Kaufberatung, Auswahlkriterien und fachlich passenden nächsten Schritten.","CONFIRMED_INTERNAL_LEAK","SYSTEMIC","P1","YES","Kaufberatung mit Auswahlkriterien und passenden nächsten Schritten.","Public description reused by shared discovery components, or Markdown table cells copied into plain-text summaries."
"apps/pfotentechnik/src/content/pages/smarte-futterautomaten.md","https://pfotentechnik.de/produkt/honeyguardian-a68/","products","PUBLIC_RENDERED","main:p","Cluster","Zentraler Cluster-Hub mit vollständiger Kaufberatung, Auswahlkriterien und fachlich passenden nächsten Schritten.","CONFIRMED_INTERNAL_LEAK","SYSTEMIC","P1","YES","Kaufberatung mit Auswahlkriterien und passenden nächsten Schritten.","Public description reused by shared discovery components, or Markdown table cells copied into plain-text summaries."
"apps/pfotentechnik/src/content/products/invoxia-biotracker-2026.md","https://pfotentechnik.de/produkt/invoxia-biotracker-2026/","products","PUBLIC_RENDERED","main:p","externalEvidence","Langzeit- und Zuverlässigkeitsaussagen werden nur so stark gewichtet, wie sie durch die unter externalEvidence und evidenceSources dokumentierten Quellen gedeckt sind.","CONFIRMED_INTERNAL_LEAK","CONTENT_LEVEL","P2","YES","Langzeit- und Zuverlässigkeitsaussagen werden nur so stark gewichtet, wie sie durch die angegebenen Quellen gedeckt sind.","Public wording directly contains production terminology or an observable publication artifact."
"apps/pfotentechnik/src/content/products/invoxia-biotracker-2026.md","https://pfotentechnik.de/produkt/invoxia-biotracker-2026/","products","PUBLIC_RENDERED","main:p","evidenceSources","Langzeit- und Zuverlässigkeitsaussagen werden nur so stark gewichtet, wie sie durch die unter externalEvidence und evidenceSources dokumentierten Quellen gedeckt sind.","CONFIRMED_INTERNAL_LEAK","CONTENT_LEVEL","P2","YES","Langzeit- und Zuverlässigkeitsaussagen werden nur so stark gewichtet, wie sie durch die angegebenen Quellen gedeckt sind.","Public wording directly contains production terminology or an observable publication artifact."
"apps/pfotentechnik/src/content/pages/gps-tracker.md","https://pfotentechnik.de/produkt/invoxia-biotracker-2026/","products","PUBLIC_RENDERED","main:p","Cornerstone","Cornerstone zu Technik, Tier-Fit, Kosten und aktuellen Modellen.","CONFIRMED_INTERNAL_LEAK","SYSTEMIC","P1","YES","Ratgeber zu Technik, Tier-Fit, Kosten und aktuellen Modellen.","Public description reused by shared discovery components, or Markdown table cells copied into plain-text summaries."
"apps/pfotentechnik/src/content/products/litter-robot-4.md","https://pfotentechnik.de/produkt/litter-robot-4/","products","PUBLIC_RENDERED","main:p","externalEvidence","Langzeit- und Zuverlässigkeitsaussagen werden nur so stark gewichtet, wie sie durch die unter externalEvidence und evidenceSources dokumentierten Quellen gedeckt sind.","CONFIRMED_INTERNAL_LEAK","CONTENT_LEVEL","P2","YES","Langzeit- und Zuverlässigkeitsaussagen werden nur so stark gewichtet, wie sie durch die angegebenen Quellen gedeckt sind.","Public wording directly contains production terminology or an observable publication artifact."
"apps/pfotentechnik/src/content/products/litter-robot-4.md","https://pfotentechnik.de/produkt/litter-robot-4/","products","PUBLIC_RENDERED","main:p","evidenceSources","Langzeit- und Zuverlässigkeitsaussagen werden nur so stark gewichtet, wie sie durch die unter externalEvidence und evidenceSources dokumentierten Quellen gedeckt sind.","CONFIRMED_INTERNAL_LEAK","CONTENT_LEVEL","P2","YES","Langzeit- und Zuverlässigkeitsaussagen werden nur so stark gewichtet, wie sie durch die angegebenen Quellen gedeckt sind.","Public wording directly contains production terminology or an observable publication artifact."
"apps/pfotentechnik/src/content/pages/automatische-katzentoiletten.md","https://pfotentechnik.de/produkt/litter-robot-4/","products","PUBLIC_RENDERED","main:p","Cornerstone","Cornerstone fuer automatische Katzentoiletten: Funktion, Bauform, Innenraum, Einstieg, Sicherheit, Streu, Wartung, Daten und laufende Kosten vor der Modellwahl klaeren.","CONFIRMED_INTERNAL_LEAK","SYSTEMIC","P1","YES","Kaufberatung fuer automatische Katzentoiletten: Funktion, Bauform, Innenraum, Einstieg, Sicherheit, Streu, Wartung, Daten und laufende Kosten vor der Modellwahl klaeren.","Public description reused by shared discovery components, or Markdown table cells copied into plain-text summaries."
"apps/pfotentechnik/src/content/pages/automatische-katzentoiletten.md","https://pfotentechnik.de/produkt/litter-robot-5-pro/","products","PUBLIC_RENDERED","main:p","Cornerstone","Cornerstone fuer automatische Katzentoiletten: Funktion, Bauform, Innenraum, Einstieg, Sicherheit, Streu, Wartung, Daten und laufende Kosten vor der Modellwahl klaeren.","CONFIRMED_INTERNAL_LEAK","SYSTEMIC","P1","YES","Kaufberatung fuer automatische Katzentoiletten: Funktion, Bauform, Innenraum, Einstieg, Sicherheit, Streu, Wartung, Daten und laufende Kosten vor der Modellwahl klaeren.","Public description reused by shared discovery components, or Markdown table cells copied into plain-text summaries."
"apps/pfotentechnik/src/content/pages/automatische-katzentoiletten.md","https://pfotentechnik.de/produkt/neakasa-m1-lite/","products","PUBLIC_RENDERED","main:p","Cornerstone","Cornerstone fuer automatische Katzentoiletten: Funktion, Bauform, Innenraum, Einstieg, Sicherheit, Streu, Wartung, Daten und laufende Kosten vor der Modellwahl klaeren.","CONFIRMED_INTERNAL_LEAK","SYSTEMIC","P1","YES","Kaufberatung fuer automatische Katzentoiletten: Funktion, Bauform, Innenraum, Einstieg, Sicherheit, Streu, Wartung, Daten und laufende Kosten vor der Modellwahl klaeren.","Public description reused by shared discovery components, or Markdown table cells copied into plain-text summaries."
"apps/pfotentechnik/src/content/pages/automatische-katzentoiletten.md","https://pfotentechnik.de/produkt/neakasa-m1-plus/","products","PUBLIC_RENDERED","main:p","Cornerstone","Cornerstone fuer automatische Katzentoiletten: Funktion, Bauform, Innenraum, Einstieg, Sicherheit, Streu, Wartung, Daten und laufende Kosten vor der Modellwahl klaeren.","CONFIRMED_INTERNAL_LEAK","SYSTEMIC","P1","YES","Kaufberatung fuer automatische Katzentoiletten: Funktion, Bauform, Innenraum, Einstieg, Sicherheit, Streu, Wartung, Daten und laufende Kosten vor der Modellwahl klaeren.","Public description reused by shared discovery components, or Markdown table cells copied into plain-text summaries."
"apps/pfotentechnik/src/content/products/onlycat-mikrochip-katzenklappe.md","https://pfotentechnik.de/produkt/onlycat-mikrochip-katzenklappe/","products","PUBLIC_METADATA","jsonld.review.reviewBody","Intent","Der klarste Komplettsystem-Intent für Beuteerkennung; die höhere Strom-, WLAN- und Kostenabhängigkeit muss bewusst passen.","CONFIRMED_INTERNAL_LEAK","CONTENT_LEVEL","P2","YES","Das klarste Komplettsystem für Beuteerkennung; die höhere Strom-, WLAN- und Kostenabhängigkeit muss bewusst passen.","Public wording directly contains production terminology or an observable publication artifact."
"apps/pfotentechnik/src/content/pages/katzenklappen.md","https://pfotentechnik.de/produkt/onlycat-mikrochip-katzenklappe/","products","PUBLIC_RENDERED","main:p","Cornerstone","Cornerstone für Katzenklappen: Nutzeraufgabe, Mikrochip-Zugang, Mehrkatzen-Rechte, App, Beuteerkennung, Passform und Einbau in der richtigen Reihenfolge klären.","CONFIRMED_INTERNAL_LEAK","SYSTEMIC","P1","YES","Kaufberatung für Katzenklappen: Nutzeraufgabe, Mikrochip-Zugang, Mehrkatzen-Rechte, App, Beuteerkennung, Passform und Einbau in der richtigen Reihenfolge klären.","Public description reused by shared discovery components, or Markdown table cells copied into plain-text summaries."
"apps/pfotentechnik/src/content/pages/smarte-futterautomaten.md","https://pfotentechnik.de/produkt/pawbby-smart-pet-feeder/","products","PUBLIC_RENDERED","main:p","Cluster","Zentraler Cluster-Hub mit vollständiger Kaufberatung, Auswahlkriterien und fachlich passenden nächsten Schritten.","CONFIRMED_INTERNAL_LEAK","SYSTEMIC","P1","YES","Kaufberatung mit Auswahlkriterien und passenden nächsten Schritten.","Public description reused by shared discovery components, or Markdown table cells copied into plain-text summaries."
"apps/pfotentechnik/src/content/products/pawfit-3.md","https://pfotentechnik.de/produkt/pawfit-3/","products","PUBLIC_RENDERED","main:p","externalEvidence","Langzeit- und Zuverlässigkeitsaussagen werden nur so stark gewichtet, wie sie durch die unter externalEvidence und evidenceSources dokumentierten Quellen gedeckt sind.","CONFIRMED_INTERNAL_LEAK","CONTENT_LEVEL","P2","YES","Langzeit- und Zuverlässigkeitsaussagen werden nur so stark gewichtet, wie sie durch die angegebenen Quellen gedeckt sind.","Public wording directly contains production terminology or an observable publication artifact."
"apps/pfotentechnik/src/content/products/pawfit-3.md","https://pfotentechnik.de/produkt/pawfit-3/","products","PUBLIC_RENDERED","main:p","evidenceSources","Langzeit- und Zuverlässigkeitsaussagen werden nur so stark gewichtet, wie sie durch die unter externalEvidence und evidenceSources dokumentierten Quellen gedeckt sind.","CONFIRMED_INTERNAL_LEAK","CONTENT_LEVEL","P2","YES","Langzeit- und Zuverlässigkeitsaussagen werden nur so stark gewichtet, wie sie durch die angegebenen Quellen gedeckt sind.","Public wording directly contains production terminology or an observable publication artifact."
"apps/pfotentechnik/src/content/pages/gps-tracker.md","https://pfotentechnik.de/produkt/pawfit-3/","products","PUBLIC_RENDERED","main:p","Cornerstone","Cornerstone zu Technik, Tier-Fit, Kosten und aktuellen Modellen.","CONFIRMED_INTERNAL_LEAK","SYSTEMIC","P1","YES","Ratgeber zu Technik, Tier-Fit, Kosten und aktuellen Modellen.","Public description reused by shared discovery components, or Markdown table cells copied into plain-text summaries."
"apps/pfotentechnik/src/content/products/petkit-fresh-element-infinity.md","https://pfotentechnik.de/produkt/petkit-fresh-element-infinity/","products","PUBLIC_RENDERED","main:p","Repository","Es existieren unabhängige redaktionelle Einordnungen, aber keine ausreichend belastbare produktspezifische Nutzerbasis für die konkrete im Repository geführte Infinity-Variante. Deshalb kein Consensus.","CONFIRMED_INTERNAL_LEAK","CONTENT_LEVEL","P2","YES","Es existieren unabhängige redaktionelle Einordnungen, aber keine ausreichend belastbare produktspezifische Nutzerbasis für die hier beschriebene Infinity-Variante. Deshalb kein Consensus.","Public wording directly contains production terminology or an observable publication artifact."
"apps/pfotentechnik/src/content/pages/smarte-futterautomaten.md","https://pfotentechnik.de/produkt/petkit-fresh-element-infinity/","products","PUBLIC_RENDERED","main:p","Cluster","Zentraler Cluster-Hub mit vollständiger Kaufberatung, Auswahlkriterien und fachlich passenden nächsten Schritten.","CONFIRMED_INTERNAL_LEAK","SYSTEMIC","P1","YES","Kaufberatung mit Auswahlkriterien und passenden nächsten Schritten.","Public description reused by shared discovery components, or Markdown table cells copied into plain-text summaries."
"apps/pfotentechnik/src/content/products/petkit-fresh-element-solo.md","https://pfotentechnik.de/produkt/petkit-fresh-element-solo/","products","PUBLIC_RENDERED","main:p","constrained","Für das exakt als Fresh Element Solo identifizierte Modell wurde keine hinreichend belastbare unabhängige professionelle Hands-on-Review gefunden. Die große Händler-Stichprobe erlaubt ein Nutzersignal, aber keinen belastbaren Quellenkonsens. Deshalb bleibt die Evidenz constrained.","CONFIRMED_INTERNAL_LEAK","CONTENT_LEVEL","P2","YES","Für das exakt als Fresh Element Solo identifizierte Modell wurde keine hinreichend belastbare unabhängige professionelle Hands-on-Review gefunden. Die große Händler-Stichprobe erlaubt ein Nutzersignal, aber keinen belastbaren Quellenkonsens. Deshalb bleibt die Beleglage eingeschränkt.","Public wording directly contains production terminology or an observable publication artifact."
"apps/pfotentechnik/src/content/products/petkit-puramax-2.md","https://pfotentechnik.de/produkt/petkit-puramax-2/","products","PUBLIC_RENDERED","main:p","externalEvidence","Langzeit- und Zuverlässigkeitsaussagen werden nur so stark gewichtet, wie sie durch die unter externalEvidence und evidenceSources dokumentierten Quellen gedeckt sind.","CONFIRMED_INTERNAL_LEAK","CONTENT_LEVEL","P2","YES","Langzeit- und Zuverlässigkeitsaussagen werden nur so stark gewichtet, wie sie durch die angegebenen Quellen gedeckt sind.","Public wording directly contains production terminology or an observable publication artifact."
"apps/pfotentechnik/src/content/products/petkit-puramax-2.md","https://pfotentechnik.de/produkt/petkit-puramax-2/","products","PUBLIC_RENDERED","main:p","evidenceSources","Langzeit- und Zuverlässigkeitsaussagen werden nur so stark gewichtet, wie sie durch die unter externalEvidence und evidenceSources dokumentierten Quellen gedeckt sind.","CONFIRMED_INTERNAL_LEAK","CONTENT_LEVEL","P2","YES","Langzeit- und Zuverlässigkeitsaussagen werden nur so stark gewichtet, wie sie durch die angegebenen Quellen gedeckt sind.","Public wording directly contains production terminology or an observable publication artifact."
"apps/pfotentechnik/src/content/pages/automatische-katzentoiletten.md","https://pfotentechnik.de/produkt/petkit-puramax-2/","products","PUBLIC_RENDERED","main:p","Cornerstone","Cornerstone fuer automatische Katzentoiletten: Funktion, Bauform, Innenraum, Einstieg, Sicherheit, Streu, Wartung, Daten und laufende Kosten vor der Modellwahl klaeren.","CONFIRMED_INTERNAL_LEAK","SYSTEMIC","P1","YES","Kaufberatung fuer automatische Katzentoiletten: Funktion, Bauform, Innenraum, Einstieg, Sicherheit, Streu, Wartung, Daten und laufende Kosten vor der Modellwahl klaeren.","Public description reused by shared discovery components, or Markdown table cells copied into plain-text summaries."
"apps/pfotentechnik/src/content/pages/automatische-katzentoiletten.md","https://pfotentechnik.de/produkt/petkit-purobot-crystal-duo/","products","PUBLIC_RENDERED","main:p","Cornerstone","Cornerstone fuer automatische Katzentoiletten: Funktion, Bauform, Innenraum, Einstieg, Sicherheit, Streu, Wartung, Daten und laufende Kosten vor der Modellwahl klaeren.","CONFIRMED_INTERNAL_LEAK","SYSTEMIC","P1","YES","Kaufberatung fuer automatische Katzentoiletten: Funktion, Bauform, Innenraum, Einstieg, Sicherheit, Streu, Wartung, Daten und laufende Kosten vor der Modellwahl klaeren.","Public description reused by shared discovery components, or Markdown table cells copied into plain-text summaries."
"apps/pfotentechnik/src/content/products/petkit-purobot-max-3.md","https://pfotentechnik.de/produkt/petkit-purobot-max-3/","products","PUBLIC_RENDERED","main:p","Research-constrained","Research-constrained: keine unabhängige MAX-3-Testquelle gefunden; die Händlerbewertungen sind nicht produktspezifisch.","CONFIRMED_INTERNAL_LEAK","CONTENT_LEVEL","P2","YES","Keine unabhängige MAX-3-Testquelle gefunden; die Händlerbewertungen sind nicht produktspezifisch.","Public wording directly contains production terminology or an observable publication artifact."
"apps/pfotentechnik/src/content/pages/automatische-katzentoiletten.md","https://pfotentechnik.de/produkt/petkit-purobot-max-3/","products","PUBLIC_RENDERED","main:p","Cornerstone","Cornerstone fuer automatische Katzentoiletten: Funktion, Bauform, Innenraum, Einstieg, Sicherheit, Streu, Wartung, Daten und laufende Kosten vor der Modellwahl klaeren.","CONFIRMED_INTERNAL_LEAK","SYSTEMIC","P1","YES","Kaufberatung fuer automatische Katzentoiletten: Funktion, Bauform, Innenraum, Einstieg, Sicherheit, Streu, Wartung, Daten und laufende Kosten vor der Modellwahl klaeren.","Public description reused by shared discovery components, or Markdown table cells copied into plain-text summaries."
"apps/pfotentechnik/src/content/pages/automatische-katzentoiletten.md","https://pfotentechnik.de/produkt/petkit-purobot-max-pro-2/","products","PUBLIC_RENDERED","main:p","Cornerstone","Cornerstone fuer automatische Katzentoiletten: Funktion, Bauform, Innenraum, Einstieg, Sicherheit, Streu, Wartung, Daten und laufende Kosten vor der Modellwahl klaeren.","CONFIRMED_INTERNAL_LEAK","SYSTEMIC","P1","YES","Kaufberatung fuer automatische Katzentoiletten: Funktion, Bauform, Innenraum, Einstieg, Sicherheit, Streu, Wartung, Daten und laufende Kosten vor der Modellwahl klaeren.","Public description reused by shared discovery components, or Markdown table cells copied into plain-text summaries."
"apps/pfotentechnik/src/content/pages/smarte-futterautomaten.md","https://pfotentechnik.de/produkt/petkit-yumshare-dual-hopper/","products","PUBLIC_RENDERED","main:p","Cluster","Zentraler Cluster-Hub mit vollständiger Kaufberatung, Auswahlkriterien und fachlich passenden nächsten Schritten.","CONFIRMED_INTERNAL_LEAK","SYSTEMIC","P1","YES","Kaufberatung mit Auswahlkriterien und passenden nächsten Schritten.","Public description reused by shared discovery components, or Markdown table cells copied into plain-text summaries."
"apps/pfotentechnik/src/content/pages/smarte-futterautomaten.md","https://pfotentechnik.de/produkt/petkit-yumshare-solo-2/","products","PUBLIC_RENDERED","main:p","Cluster","Zentraler Cluster-Hub mit vollständiger Kaufberatung, Auswahlkriterien und fachlich passenden nächsten Schritten.","CONFIRMED_INTERNAL_LEAK","SYSTEMIC","P1","YES","Kaufberatung mit Auswahlkriterien und passenden nächsten Schritten.","Public description reused by shared discovery components, or Markdown table cells copied into plain-text summaries."
"apps/pfotentechnik/src/content/products/petlibro-air-wifi-feeder.md","https://pfotentechnik.de/produkt/petlibro-air-wifi-feeder/","products","PUBLIC_RENDERED","main:p","constrained","Der unabhängige Praxistest ist belastbar, die öffentlich auffindbare produktspezifische Nutzerbasis jedoch zu klein, um einen Consensus aus professioneller und Nutzer-Evidenz zu bilden. Deshalb bleibt die Evidenz constrained.","CONFIRMED_INTERNAL_LEAK","CONTENT_LEVEL","P2","YES","Der unabhängige Praxistest ist belastbar, die öffentlich auffindbare produktspezifische Nutzerbasis jedoch zu klein, um einen Consensus aus professioneller und Nutzer-Evidenz zu bilden. Deshalb bleibt die Beleglage eingeschränkt.","Public wording directly contains production terminology or an observable publication artifact."
"apps/pfotentechnik/src/content/pages/smarte-futterautomaten.md","https://pfotentechnik.de/produkt/petlibro-air-wifi-feeder/","products","PUBLIC_RENDERED","main:p","Cluster","Zentraler Cluster-Hub mit vollständiger Kaufberatung, Auswahlkriterien und fachlich passenden nächsten Schritten.","CONFIRMED_INTERNAL_LEAK","SYSTEMIC","P1","YES","Kaufberatung mit Auswahlkriterien und passenden nächsten Schritten.","Public description reused by shared discovery components, or Markdown table cells copied into plain-text summaries."
"apps/pfotentechnik/src/content/products/petlibro-granary-2-vision.md","https://pfotentechnik.de/produkt/petlibro-granary-2-vision/","products","PUBLIC_RENDERED","footer:p","Audit","Einordnung: Die Evidenzlage hat sich seit dem letzten Audit klar verbessert: Zwei aktuelle externe Beiträge beziehen sich ausdrücklich auf die Granary-2-Vision-Generation beziehungsweise Modell AF205. Die Nutzerbasis ist noch sehr jung; die Herstellerseite zeigt Beta-Tester-Feedback und ist deshalb deutlich schwächer zu gewichten als eine unabhängige Händlerplattform.","CONFIRMED_INTERNAL_LEAK","CONTENT_LEVEL","P2","YES","Einordnung: Zwei aktuelle externe Beiträge beziehen sich ausdrücklich auf die Granary-2-Vision-Generation beziehungsweise Modell AF205. Die Nutzerbasis ist noch sehr jung; die Herstellerseite zeigt Beta-Tester-Feedback und ist deshalb deutlich schwächer zu gewichten als eine unabhängige Händlerplattform.","Public wording directly contains production terminology or an observable publication artifact."
"apps/pfotentechnik/src/content/pages/smarte-futterautomaten.md","https://pfotentechnik.de/produkt/petlibro-granary-2-vision/","products","PUBLIC_RENDERED","main:p","Cluster","Zentraler Cluster-Hub mit vollständiger Kaufberatung, Auswahlkriterien und fachlich passenden nächsten Schritten.","CONFIRMED_INTERNAL_LEAK","SYSTEMIC","P1","YES","Kaufberatung mit Auswahlkriterien und passenden nächsten Schritten.","Public description reused by shared discovery components, or Markdown table cells copied into plain-text summaries."
"apps/pfotentechnik/src/content/pages/smarte-futterautomaten.md","https://pfotentechnik.de/produkt/petlibro-granary-camera-feeder/","products","PUBLIC_RENDERED","main:p","Cluster","Zentraler Cluster-Hub mit vollständiger Kaufberatung, Auswahlkriterien und fachlich passenden nächsten Schritten.","CONFIRMED_INTERNAL_LEAK","SYSTEMIC","P1","YES","Kaufberatung mit Auswahlkriterien und passenden nächsten Schritten.","Public description reused by shared discovery components, or Markdown table cells copied into plain-text summaries."
"apps/pfotentechnik/src/content/products/petlibro-granary-dual-feeder.md","https://pfotentechnik.de/produkt/petlibro-granary-dual-feeder/","products","PUBLIC_RENDERED","main:p","Constrained","The Spruce Pets hat einen PETLIBRO Granary Feeder für zwei Katzen praktisch getestet, die dort beschriebene Variante ist jedoch nicht eindeutig als WiFi Dual Food Tray Feeder identifiziert. Diese Review wird deshalb nicht als professioneller Beleg für das konkrete Modell übernommen. Die Nutzerbasis ist ebenfalls zu klein. Constrained.","CONFIRMED_INTERNAL_LEAK","CONTENT_LEVEL","P2","YES","The Spruce Pets hat einen PETLIBRO Granary Feeder für zwei Katzen praktisch getestet, die dort beschriebene Variante ist jedoch nicht eindeutig als WiFi Dual Food Tray Feeder identifiziert. Diese Review wird deshalb nicht als professioneller Beleg für das konkrete Modell übernommen. Die Nutzerbasis ist ebenfalls zu klein. Die Beleglage bleibt eingeschränkt.","Public wording directly contains production terminology or an observable publication artifact."
"apps/pfotentechnik/src/content/pages/automatische-katzentoiletten.md","https://pfotentechnik.de/produkt/petlibro-luma-smart-litter-box/","products","PUBLIC_RENDERED","main:p","Cornerstone","Cornerstone fuer automatische Katzentoiletten: Funktion, Bauform, Innenraum, Einstieg, Sicherheit, Streu, Wartung, Daten und laufende Kosten vor der Modellwahl klaeren.","CONFIRMED_INTERNAL_LEAK","SYSTEMIC","P1","YES","Kaufberatung fuer automatische Katzentoiletten: Funktion, Bauform, Innenraum, Einstieg, Sicherheit, Streu, Wartung, Daten und laufende Kosten vor der Modellwahl klaeren.","Public description reused by shared discovery components, or Markdown table cells copied into plain-text summaries."
"apps/pfotentechnik/src/content/pages/smarte-futterautomaten.md","https://pfotentechnik.de/produkt/petlibro-space-smart-feeder/","products","PUBLIC_RENDERED","main:p","Cluster","Zentraler Cluster-Hub mit vollständiger Kaufberatung, Auswahlkriterien und fachlich passenden nächsten Schritten.","CONFIRMED_INTERNAL_LEAK","SYSTEMIC","P1","YES","Kaufberatung mit Auswahlkriterien und passenden nächsten Schritten.","Public description reused by shared discovery components, or Markdown table cells copied into plain-text summaries."
"apps/pfotentechnik/src/content/pages/smarte-futterautomaten.md","https://pfotentechnik.de/produkt/petsafe-freshfeed-refrigerated-feeder/","products","PUBLIC_RENDERED","main:p","Cluster","Zentraler Cluster-Hub mit vollständiger Kaufberatung, Auswahlkriterien und fachlich passenden nächsten Schritten.","CONFIRMED_INTERNAL_LEAK","SYSTEMIC","P1","YES","Kaufberatung mit Auswahlkriterien und passenden nächsten Schritten.","Public description reused by shared discovery components, or Markdown table cells copied into plain-text summaries."
"apps/pfotentechnik/src/content/pages/katzenklappen.md","https://pfotentechnik.de/produkt/petsafe-mikrochip-katzenklappe/","products","PUBLIC_RENDERED","main:p","Cornerstone","Cornerstone für Katzenklappen: Nutzeraufgabe, Mikrochip-Zugang, Mehrkatzen-Rechte, App, Beuteerkennung, Passform und Einbau in der richtigen Reihenfolge klären.","CONFIRMED_INTERNAL_LEAK","SYSTEMIC","P1","YES","Kaufberatung für Katzenklappen: Nutzeraufgabe, Mikrochip-Zugang, Mehrkatzen-Rechte, App, Beuteerkennung, Passform und Einbau in der richtigen Reihenfolge klären.","Public description reused by shared discovery components, or Markdown table cells copied into plain-text summaries."
"apps/pfotentechnik/src/content/pages/katzenklappen.md","https://pfotentechnik.de/produkt/petsafe-petporte-smart-flap/","products","PUBLIC_RENDERED","main:p","Cornerstone","Cornerstone für Katzenklappen: Nutzeraufgabe, Mikrochip-Zugang, Mehrkatzen-Rechte, App, Beuteerkennung, Passform und Einbau in der richtigen Reihenfolge klären.","CONFIRMED_INTERNAL_LEAK","SYSTEMIC","P1","YES","Kaufberatung für Katzenklappen: Nutzeraufgabe, Mikrochip-Zugang, Mehrkatzen-Rechte, App, Beuteerkennung, Passform und Einbau in der richtigen Reihenfolge klären.","Public description reused by shared discovery components, or Markdown table cells copied into plain-text summaries."
"apps/pfotentechnik/src/content/products/petsafe-streamside-trinkbrunnen.md","https://pfotentechnik.de/produkt/petsafe-streamside-trinkbrunnen/","products","PUBLIC_RENDERED","main:p","externalEvidence","Langzeit- und Zuverlässigkeitsaussagen werden nur so stark gewichtet, wie sie durch die unter externalEvidence und evidenceSources dokumentierten Quellen gedeckt sind.","CONFIRMED_INTERNAL_LEAK","CONTENT_LEVEL","P2","YES","Langzeit- und Zuverlässigkeitsaussagen werden nur so stark gewichtet, wie sie durch die angegebenen Quellen gedeckt sind.","Public wording directly contains production terminology or an observable publication artifact."
"apps/pfotentechnik/src/content/products/petsafe-streamside-trinkbrunnen.md","https://pfotentechnik.de/produkt/petsafe-streamside-trinkbrunnen/","products","PUBLIC_RENDERED","main:p","evidenceSources","Langzeit- und Zuverlässigkeitsaussagen werden nur so stark gewichtet, wie sie durch die unter externalEvidence und evidenceSources dokumentierten Quellen gedeckt sind.","CONFIRMED_INTERNAL_LEAK","CONTENT_LEVEL","P2","YES","Langzeit- und Zuverlässigkeitsaussagen werden nur so stark gewichtet, wie sie durch die angegebenen Quellen gedeckt sind.","Public wording directly contains production terminology or an observable publication artifact."
"apps/pfotentechnik/src/content/pages/automatische-katzentoiletten.md","https://pfotentechnik.de/produkt/petsnowy-snow-plus/","products","PUBLIC_RENDERED","main:p","Cornerstone","Cornerstone fuer automatische Katzentoiletten: Funktion, Bauform, Innenraum, Einstieg, Sicherheit, Streu, Wartung, Daten und laufende Kosten vor der Modellwahl klaeren.","CONFIRMED_INTERNAL_LEAK","SYSTEMIC","P1","YES","Kaufberatung fuer automatische Katzentoiletten: Funktion, Bauform, Innenraum, Einstieg, Sicherheit, Streu, Wartung, Daten und laufende Kosten vor der Modellwahl klaeren.","Public description reused by shared discovery components, or Markdown table cells copied into plain-text summaries."
"apps/pfotentechnik/src/content/pages/katzenklappen.md","https://pfotentechnik.de/produkt/petwalk-medium-tiertuer/","products","PUBLIC_RENDERED","main:p","Cornerstone","Cornerstone für Katzenklappen: Nutzeraufgabe, Mikrochip-Zugang, Mehrkatzen-Rechte, App, Beuteerkennung, Passform und Einbau in der richtigen Reihenfolge klären.","CONFIRMED_INTERNAL_LEAK","SYSTEMIC","P1","YES","Kaufberatung für Katzenklappen: Nutzeraufgabe, Mikrochip-Zugang, Mehrkatzen-Rechte, App, Beuteerkennung, Passform und Einbau in der richtigen Reihenfolge klären.","Public description reused by shared discovery components, or Markdown table cells copied into plain-text summaries."
"apps/pfotentechnik/src/content/products/prothelis-area-pets.md","https://pfotentechnik.de/produkt/prothelis-area-pets/","products","PUBLIC_RENDERED","main:p","externalEvidence","Langzeit- und Zuverlässigkeitsaussagen werden nur so stark gewichtet, wie sie durch die unter externalEvidence und evidenceSources dokumentierten Quellen gedeckt sind.","CONFIRMED_INTERNAL_LEAK","CONTENT_LEVEL","P2","YES","Langzeit- und Zuverlässigkeitsaussagen werden nur so stark gewichtet, wie sie durch die angegebenen Quellen gedeckt sind.","Public wording directly contains production terminology or an observable publication artifact."
"apps/pfotentechnik/src/content/products/prothelis-area-pets.md","https://pfotentechnik.de/produkt/prothelis-area-pets/","products","PUBLIC_RENDERED","main:p","evidenceSources","Langzeit- und Zuverlässigkeitsaussagen werden nur so stark gewichtet, wie sie durch die unter externalEvidence und evidenceSources dokumentierten Quellen gedeckt sind.","CONFIRMED_INTERNAL_LEAK","CONTENT_LEVEL","P2","YES","Langzeit- und Zuverlässigkeitsaussagen werden nur so stark gewichtet, wie sie durch die angegebenen Quellen gedeckt sind.","Public wording directly contains production terminology or an observable publication artifact."
"apps/pfotentechnik/src/content/pages/gps-tracker.md","https://pfotentechnik.de/produkt/prothelis-area-pets/","products","PUBLIC_RENDERED","main:p","Cornerstone","Cornerstone zu Technik, Tier-Fit, Kosten und aktuellen Modellen.","CONFIRMED_INTERNAL_LEAK","SYSTEMIC","P1","YES","Ratgeber zu Technik, Tier-Fit, Kosten und aktuellen Modellen.","Public description reused by shared discovery components, or Markdown table cells copied into plain-text summaries."
"apps/pfotentechnik/src/content/products/reolink-e1-zoom.md","https://pfotentechnik.de/produkt/reolink-e1-zoom/","products","PUBLIC_RENDERED","main:p","externalEvidence","Langzeit- und Zuverlässigkeitsaussagen werden nur so stark gewichtet, wie sie durch die unter externalEvidence und evidenceSources dokumentierten Quellen gedeckt sind.","CONFIRMED_INTERNAL_LEAK","CONTENT_LEVEL","P2","YES","Langzeit- und Zuverlässigkeitsaussagen werden nur so stark gewichtet, wie sie durch die angegebenen Quellen gedeckt sind.","Public wording directly contains production terminology or an observable publication artifact."
"apps/pfotentechnik/src/content/products/reolink-e1-zoom.md","https://pfotentechnik.de/produkt/reolink-e1-zoom/","products","PUBLIC_RENDERED","main:p","evidenceSources","Langzeit- und Zuverlässigkeitsaussagen werden nur so stark gewichtet, wie sie durch die unter externalEvidence und evidenceSources dokumentierten Quellen gedeckt sind.","CONFIRMED_INTERNAL_LEAK","CONTENT_LEVEL","P2","YES","Langzeit- und Zuverlässigkeitsaussagen werden nur so stark gewichtet, wie sie durch die angegebenen Quellen gedeckt sind.","Public wording directly contains production terminology or an observable publication artifact."
"apps/pfotentechnik/src/content/pages/smarte-futterautomaten.md","https://pfotentechnik.de/produkt/surefeed-microchip-pet-feeder-connect/","products","PUBLIC_RENDERED","main:p","Cluster","Zentraler Cluster-Hub mit vollständiger Kaufberatung, Auswahlkriterien und fachlich passenden nächsten Schritten.","CONFIRMED_INTERNAL_LEAK","SYSTEMIC","P1","YES","Kaufberatung mit Auswahlkriterien und passenden nächsten Schritten.","Public description reused by shared discovery components, or Markdown table cells copied into plain-text summaries."
"apps/pfotentechnik/src/content/pages/katzenklappen.md","https://pfotentechnik.de/produkt/sureflap-dualscan-mikrochip-katzenklappe/","products","PUBLIC_RENDERED","main:p","Cornerstone","Cornerstone für Katzenklappen: Nutzeraufgabe, Mikrochip-Zugang, Mehrkatzen-Rechte, App, Beuteerkennung, Passform und Einbau in der richtigen Reihenfolge klären.","CONFIRMED_INTERNAL_LEAK","SYSTEMIC","P1","YES","Kaufberatung für Katzenklappen: Nutzeraufgabe, Mikrochip-Zugang, Mehrkatzen-Rechte, App, Beuteerkennung, Passform und Einbau in der richtigen Reihenfolge klären.","Public description reused by shared discovery components, or Markdown table cells copied into plain-text summaries."
"apps/pfotentechnik/src/content/pages/katzenklappen.md","https://pfotentechnik.de/produkt/sureflap-mikrochip-katzenklappe/","products","PUBLIC_RENDERED","main:p","Cornerstone","Cornerstone für Katzenklappen: Nutzeraufgabe, Mikrochip-Zugang, Mehrkatzen-Rechte, App, Beuteerkennung, Passform und Einbau in der richtigen Reihenfolge klären.","CONFIRMED_INTERNAL_LEAK","SYSTEMIC","P1","YES","Kaufberatung für Katzenklappen: Nutzeraufgabe, Mikrochip-Zugang, Mehrkatzen-Rechte, App, Beuteerkennung, Passform und Einbau in der richtigen Reihenfolge klären.","Public description reused by shared discovery components, or Markdown table cells copied into plain-text summaries."
"apps/pfotentechnik/src/content/pages/katzenklappen.md","https://pfotentechnik.de/produkt/sureflap-mikrochip-katzenklappe-connect/","products","PUBLIC_RENDERED","main:p","Cornerstone","Cornerstone für Katzenklappen: Nutzeraufgabe, Mikrochip-Zugang, Mehrkatzen-Rechte, App, Beuteerkennung, Passform und Einbau in der richtigen Reihenfolge klären.","CONFIRMED_INTERNAL_LEAK","SYSTEMIC","P1","YES","Kaufberatung für Katzenklappen: Nutzeraufgabe, Mikrochip-Zugang, Mehrkatzen-Rechte, App, Beuteerkennung, Passform und Einbau in der richtigen Reihenfolge klären.","Public description reused by shared discovery components, or Markdown table cells copied into plain-text summaries."
"apps/pfotentechnik/src/content/pages/smarte-futterautomaten.md","https://pfotentechnik.de/produkt/wopet-cube-air-ca10/","products","PUBLIC_RENDERED","main:p","Cluster","Zentraler Cluster-Hub mit vollständiger Kaufberatung, Auswahlkriterien und fachlich passenden nächsten Schritten.","CONFIRMED_INTERNAL_LEAK","SYSTEMIC","P1","YES","Kaufberatung mit Auswahlkriterien und passenden nächsten Schritten.","Public description reused by shared discovery components, or Markdown table cells copied into plain-text summaries."
"apps/pfotentechnik/src/content/products/wopet-heritage-view-camera-feeder.md","https://pfotentechnik.de/produkt/wopet-heritage-view-camera-feeder/","products","PUBLIC_RENDERED","main:p","PfotenTechnik-Datei","Ein unabhängiger K9-Magazine-Hands-on-Test existiert für die Heritage-View-Dual-Bowl-Variante. Da die vorhandene PfotenTechnik-Datei keine eindeutige Modellnummer beziehungsweise Dual-Bowl-Identität festlegt, wird dieser Test nicht auf das hier geführte Produkt übertragen. Deshalb bleibt Professional Reviews leer und die Evidence constrained.","CONFIRMED_INTERNAL_LEAK","CONTENT_LEVEL","P2","YES","Ein unabhängiger K9-Magazine-Hands-on-Test existiert für die Heritage-View-Dual-Bowl-Variante. Da für das hier beschriebene Produkt keine eindeutige Modellnummer beziehungsweise Dual-Bowl-Identität belegt ist, wird dieser Test nicht auf das hier geführte Produkt übertragen. Deshalb fehlt ein eindeutig zuordenbarer unabhängiger Praxistest und die Beleglage bleibt eingeschränkt.","Public wording directly contains production terminology or an observable publication artifact."
"apps/pfotentechnik/src/content/products/wopet-heritage-view-camera-feeder.md","https://pfotentechnik.de/produkt/wopet-heritage-view-camera-feeder/","products","PUBLIC_RENDERED","main:p","Evidence","Ein unabhängiger K9-Magazine-Hands-on-Test existiert für die Heritage-View-Dual-Bowl-Variante. Da die vorhandene PfotenTechnik-Datei keine eindeutige Modellnummer beziehungsweise Dual-Bowl-Identität festlegt, wird dieser Test nicht auf das hier geführte Produkt übertragen. Deshalb bleibt Professional Reviews leer und die Evidence constrained.","CONFIRMED_INTERNAL_LEAK","CONTENT_LEVEL","P2","YES","Ein unabhängiger K9-Magazine-Hands-on-Test existiert für die Heritage-View-Dual-Bowl-Variante. Da für das hier beschriebene Produkt keine eindeutige Modellnummer beziehungsweise Dual-Bowl-Identität belegt ist, wird dieser Test nicht auf das hier geführte Produkt übertragen. Deshalb fehlt ein eindeutig zuordenbarer unabhängiger Praxistest und die Beleglage bleibt eingeschränkt.","Public wording directly contains production terminology or an observable publication artifact."
"apps/pfotentechnik/src/content/products/wopet-heritage-view-camera-feeder.md","https://pfotentechnik.de/produkt/wopet-heritage-view-camera-feeder/","products","PUBLIC_RENDERED","main:p","constrained","Ein unabhängiger K9-Magazine-Hands-on-Test existiert für die Heritage-View-Dual-Bowl-Variante. Da die vorhandene PfotenTechnik-Datei keine eindeutige Modellnummer beziehungsweise Dual-Bowl-Identität festlegt, wird dieser Test nicht auf das hier geführte Produkt übertragen. Deshalb bleibt Professional Reviews leer und die Evidence constrained.","CONFIRMED_INTERNAL_LEAK","CONTENT_LEVEL","P2","YES","Ein unabhängiger K9-Magazine-Hands-on-Test existiert für die Heritage-View-Dual-Bowl-Variante. Da für das hier beschriebene Produkt keine eindeutige Modellnummer beziehungsweise Dual-Bowl-Identität belegt ist, wird dieser Test nicht auf das hier geführte Produkt übertragen. Deshalb fehlt ein eindeutig zuordenbarer unabhängiger Praxistest und die Beleglage bleibt eingeschränkt.","Public wording directly contains production terminology or an observable publication artifact."
"apps/pfotentechnik/src/content/pages/smarte-futterautomaten.md","https://pfotentechnik.de/produkt/wopet-heritage-view-camera-feeder/","products","PUBLIC_RENDERED","main:p","Cluster","Zentraler Cluster-Hub mit vollständiger Kaufberatung, Auswahlkriterien und fachlich passenden nächsten Schritten.","CONFIRMED_INTERNAL_LEAK","SYSTEMIC","P1","YES","Kaufberatung mit Auswahlkriterien und passenden nächsten Schritten.","Public description reused by shared discovery components, or Markdown table cells copied into plain-text summaries."
"apps/pfotentechnik/src/content/products/xiaomi-smart-pet-food-feeder-2.md","https://pfotentechnik.de/produkt/xiaomi-smart-pet-food-feeder-2/","products","PUBLIC_RENDERED","main:p","reviewCount","Yandex weist zum Abrufdatum 251 Bewertungen und 148 schriftliche Rezensionen aus. Im Feld reviewCount wird die Zahl der schriftlichen Rezensionen dokumentiert; ein unabhängiger professioneller Hands-on-Test wurde für diesen Batch nicht als belastbar genug gefunden.","CONFIRMED_INTERNAL_LEAK","CONTENT_LEVEL","P2","YES","Yandex weist zum Abrufdatum 251 Bewertungen und 148 schriftliche Rezensionen aus. Die angegebene Rezensionszahl bezieht sich auf die schriftlichen Rezensionen; ein ausreichend belastbarer unabhängiger professioneller Hands-on-Test wurde nicht gefunden.","Public wording directly contains production terminology or an observable publication artifact."
"apps/pfotentechnik/src/content/products/xiaomi-smart-pet-food-feeder-2.md","https://pfotentechnik.de/produkt/xiaomi-smart-pet-food-feeder-2/","products","PUBLIC_RENDERED","main:p","Batch","Yandex weist zum Abrufdatum 251 Bewertungen und 148 schriftliche Rezensionen aus. Im Feld reviewCount wird die Zahl der schriftlichen Rezensionen dokumentiert; ein unabhängiger professioneller Hands-on-Test wurde für diesen Batch nicht als belastbar genug gefunden.","CONFIRMED_INTERNAL_LEAK","CONTENT_LEVEL","P2","YES","Yandex weist zum Abrufdatum 251 Bewertungen und 148 schriftliche Rezensionen aus. Die angegebene Rezensionszahl bezieht sich auf die schriftlichen Rezensionen; ein ausreichend belastbarer unabhängiger professioneller Hands-on-Test wurde nicht gefunden.","Public wording directly contains production terminology or an observable publication artifact."
"apps/pfotentechnik/src/content/products/zeromouse-2-0.md","https://pfotentechnik.de/produkt/zeromouse-2-0/","products","PUBLIC_RENDERED","main:p","Research-constrained","Research-constrained: kein unabhängiger Fachtest gefunden. Kein eigener PfotenTechnik-Praxistest.","CONFIRMED_INTERNAL_LEAK","CONTENT_LEVEL","P2","YES","Kein unabhängiger Fachtest gefunden. Kein eigener PfotenTechnik-Praxistest.","Public wording directly contains production terminology or an observable publication artifact."
"apps/pfotentechnik/src/content/pages/katzenklappen.md","https://pfotentechnik.de/produkt/zeromouse-2-0/","products","PUBLIC_RENDERED","main:p","Cornerstone","Cornerstone für Katzenklappen: Nutzeraufgabe, Mikrochip-Zugang, Mehrkatzen-Rechte, App, Beuteerkennung, Passform und Einbau in der richtigen Reihenfolge klären.","CONFIRMED_INTERNAL_LEAK","SYSTEMIC","P1","YES","Kaufberatung für Katzenklappen: Nutzeraufgabe, Mikrochip-Zugang, Mehrkatzen-Rechte, App, Beuteerkennung, Passform und Einbau in der richtigen Reihenfolge klären.","Public description reused by shared discovery components, or Markdown table cells copied into plain-text summaries."
"apps/pfotentechnik/src/content/pages/gps-tracker.md","https://pfotentechnik.de/reichweite-von-gps-trackern/","guides","PUBLIC_RENDERED","main:p","Cornerstone","Cornerstone zu Technik, Tier-Fit, Kosten und aktuellen Modellen.","CONFIRMED_INTERNAL_LEAK","SYSTEMIC","P1","YES","Ratgeber zu Technik, Tier-Fit, Kosten und aktuellen Modellen.","Public description reused by shared discovery components, or Markdown table cells copied into plain-text summaries."
"apps/pfotentechnik/src/content/pages/gps-tracker.md","https://pfotentechnik.de/seniorenhunde-richtig-versorgen/","guides","PUBLIC_RENDERED","main:p","Cornerstone","Cornerstone zu Technik, Tier-Fit, Kosten und aktuellen Modellen.","CONFIRMED_INTERNAL_LEAK","SYSTEMIC","P1","YES","Ratgeber zu Technik, Tier-Fit, Kosten und aktuellen Modellen.","Public description reused by shared discovery components, or Markdown table cells copied into plain-text summaries."
"apps/pfotentechnik/src/content/pages/smarte-gadgets-fuer-hunde-und-katzen.md","https://pfotentechnik.de/smarte-gadgets-fuer-hunde-und-katzen/","guides","PUBLIC_RENDERED","main:p","Cornerstone","Die zentrale Einordnung aller Gerätekategorien, Verbindungsarten, Datenschutzfragen und Folgekosten findest du im Cornerstone-Ratgeber Smarte Haustiertechnik .","CONFIRMED_INTERNAL_LEAK","CONTENT_LEVEL","P2","YES","Die zentrale Einordnung aller Gerätekategorien, Verbindungsarten, Datenschutzfragen und Folgekosten findest du im Ratgeber Smarte Haustiertechnik .","Public wording directly contains production terminology or an observable publication artifact."
"apps/pfotentechnik/src/content/pages/smarte-haustiertechnik.md","https://pfotentechnik.de/smarte-gadgets-fuer-hunde-und-katzen/","guides","PUBLIC_RENDERED","main:p","Cornerstone","Cornerstone-Ratgeber zu Gerätekategorien, Datenschutz, Verbindungen, Folgekosten und Kaufentscheidungen.","CONFIRMED_INTERNAL_LEAK","SYSTEMIC","P1","YES","Ratgeber zu Gerätekategorien, Datenschutz, Verbindungen, Folgekosten und Kaufentscheidungen.","Public description reused by shared discovery components, or Markdown table cells copied into plain-text summaries."
"apps/pfotentechnik/src/content/pages/smarte-haustiertechnik.md","https://pfotentechnik.de/smarte-haustiertechnik/","hubs","PUBLIC_RENDERED","main:p","Cluster","Dieser Ratgeber ist die zentrale Landkarte von PfotenTechnik. Er erklärt die grundlegenden Entscheidungen und führt anschließend in die spezialisierten Cluster, Vergleiche und Herstellerprofile. Detailfragen bleiben bewusst auf den jeweiligen Fachseiten.","CONFIRMED_INTERNAL_LEAK","CONTENT_LEVEL","P2","YES","Dieser Ratgeber ist die zentrale Landkarte von PfotenTechnik. Er erklärt die grundlegenden Entscheidungen und führt anschließend in die spezialisierten Ratgeber, Vergleiche und Herstellerprofile. Detailfragen bleiben bewusst auf den jeweiligen Fachseiten.","Public wording directly contains production terminology or an observable publication artifact."
"apps/pfotentechnik/src/content/pages/smarte-haustiertechnik.md","https://pfotentechnik.de/smarte-haustiertechnik/","hubs","PUBLIC_RENDERED","main:h3","Information Gain","Information Gain: die Technikleiter","CONFIRMED_INTERNAL_LEAK","CONTENT_LEVEL","P2","YES","die Technikleiter","Public wording directly contains production terminology or an observable publication artifact."
"apps/pfotentechnik/src/content/pages/smarte-haustiertechnik.md","https://pfotentechnik.de/smarte-haustiertechnik/","hubs","PUBLIC_RENDERED","main:p","Information Gain","Jede zusätzliche Stufe schafft Möglichkeiten, aber auch Abhängigkeiten, Datenflüsse und Wartungsaufwand. Information Gain entsteht daher nicht durch „mehr smart“, sondern durch die kleinste ausreichende Technikstufe .","CONFIRMED_INTERNAL_LEAK","CONTENT_LEVEL","P2","YES","Jede zusätzliche Stufe schafft Möglichkeiten, aber auch Abhängigkeiten, Datenflüsse und Wartungsaufwand. Entscheidend ist daher nicht „mehr smart“, sondern die kleinste ausreichende Technikstufe .","Public wording directly contains production terminology or an observable publication artifact."
"apps/pfotentechnik/src/content/pages/smarte-haustiertechnik.md","https://pfotentechnik.de/smarte-haustiertechnik/","hubs","PUBLIC_RENDERED","main:p","Cluster","Futterautomaten sind sinnvoll, wenn Zeitpunkte, Teilportionen oder individueller Zugang reproduzierbar werden sollen. Die Bauart muss zuerst zur Futterart passen: Ein Vorratsautomat für Trockenfutter löst eine andere Aufgabe als ein gekühltes Fachsystem für Nassfutter. Die App kommt erst danach. Der Cluster Smarte Futterautomaten führt durch Bauarten, Portionierung, Ausfallsicherheit und Tiergrößen.","CONFIRMED_INTERNAL_LEAK","CONTENT_LEVEL","P2","YES","Futterautomaten sind sinnvoll, wenn Zeitpunkte, Teilportionen oder individueller Zugang reproduzierbar werden sollen. Die Bauart muss zuerst zur Futterart passen: Ein Vorratsautomat für Trockenfutter löst eine andere Aufgabe als ein gekühltes Fachsystem für Nassfutter. Die App kommt erst danach. Der Ratgeber Smarte Futterautomaten führt durch Bauarten, Portionierung, Ausfallsicherheit und Tiergrößen.","Public wording directly contains production terminology or an observable publication artifact."
"apps/pfotentechnik/src/content/pages/smarte-haustiertechnik.md","https://pfotentechnik.de/smarte-haustiertechnik/","hubs","PUBLIC_RENDERED","main:p","Cornerstone","Der Cornerstone GPS-Tracker für Hunde und Katzen trennt Positionsbestimmung, Übertragung und App-Anzeige, führt zu den Tiervergleichen und ordnet Abo-, Akku-, Befestigungs- und Datenschutzfragen ein.","CONFIRMED_INTERNAL_LEAK","CONTENT_LEVEL","P2","YES","Der Ratgeber GPS-Tracker für Hunde und Katzen trennt Positionsbestimmung, Übertragung und App-Anzeige, führt zu den Tiervergleichen und ordnet Abo-, Akku-, Befestigungs- und Datenschutzfragen ein.","Public wording directly contains production terminology or an observable publication artifact."
"apps/pfotentechnik/src/content/pages/smarte-haustiertechnik.md","https://pfotentechnik.de/smarte-haustiertechnik/","hubs","PUBLIC_RENDERED","main:p","Cornerstone","Der Cornerstone Katzenklappen trennt lokale Mikrochip-Erkennung, App-Funktionen und spezialisierte Nachrüstung und führt zu Vergleichen, Praxisratgebern und konkreten Produktprüfungen.","CONFIRMED_INTERNAL_LEAK","CONTENT_LEVEL","P2","YES","Der Ratgeber Katzenklappen trennt lokale Mikrochip-Erkennung, App-Funktionen und spezialisierte Nachrüstung und führt zu Vergleichen, Praxisratgebern und konkreten Produktprüfungen.","Public wording directly contains production terminology or an observable publication artifact."
"apps/pfotentechnik/src/content/pages/smarte-haustiertechnik.md","https://pfotentechnik.de/smarte-haustiertechnik/","hubs","PUBLIC_RENDERED","main:h3","Information Gain","Information Gain: Lock-in-Risiko getrennt bewerten","CONFIRMED_INTERNAL_LEAK","CONTENT_LEVEL","P2","YES","Lock-in-Risiko getrennt bewerten","Public wording directly contains production terminology or an observable publication artifact."
"apps/pfotentechnik/src/content/pages/gps-tracker.md","https://pfotentechnik.de/smarte-haustiertechnik/","hubs","PUBLIC_RENDERED","main:p","Cornerstone","Cornerstone zu Technik, Tier-Fit, Kosten und aktuellen Modellen.","CONFIRMED_INTERNAL_LEAK","SYSTEMIC","P1","YES","Ratgeber zu Technik, Tier-Fit, Kosten und aktuellen Modellen.","Public description reused by shared discovery components, or Markdown table cells copied into plain-text summaries."
"apps/pfotentechnik/src/content/pages/gps-tracker.md","https://pfotentechnik.de/so-bewerten-wir/","guides","PUBLIC_RENDERED","main:p","Cornerstone","Cornerstone zu Technik, Tier-Fit, Kosten und aktuellen Modellen.","CONFIRMED_INTERNAL_LEAK","SYSTEMIC","P1","YES","Ratgeber zu Technik, Tier-Fit, Kosten und aktuellen Modellen.","Public description reused by shared discovery components, or Markdown table cells copied into plain-text summaries."
"apps/pfotentechnik/src/content/pages/trinkbrunnen-hund.md","https://pfotentechnik.de/trinkbrunnen-hund/","guides","PUBLIC_RENDERED","main:li","Information Gain","05 Information Gain: Trinkgeometrie statt Tieretikett","CONFIRMED_INTERNAL_LEAK","CONTENT_LEVEL","P2","YES","05 Trinkgeometrie statt Tieretikett","Public wording directly contains production terminology or an observable publication artifact."
"apps/pfotentechnik/src/content/pages/trinkbrunnen-hund.md","https://pfotentechnik.de/trinkbrunnen-hund/","guides","PUBLIC_RENDERED","main:h2","Information Gain","Information Gain: Trinkgeometrie statt Tieretikett","CONFIRMED_INTERNAL_LEAK","CONTENT_LEVEL","P2","YES","Trinkgeometrie statt Tieretikett","Public wording directly contains production terminology or an observable publication artifact."
"apps/pfotentechnik/src/content/pages/smarte-haustiertechnik.md","https://pfotentechnik.de/trinkbrunnen-hund/","guides","PUBLIC_RENDERED","main:p","Cornerstone","Cornerstone-Ratgeber zu Gerätekategorien, Datenschutz, Verbindungen, Folgekosten und Kaufentscheidungen.","CONFIRMED_INTERNAL_LEAK","SYSTEMIC","P1","YES","Ratgeber zu Gerätekategorien, Datenschutz, Verbindungen, Folgekosten und Kaufentscheidungen.","Public description reused by shared discovery components, or Markdown table cells copied into plain-text summaries."
"apps/pfotentechnik/src/content/pages/trinkmenge-hund-messen.md","https://pfotentechnik.de/trinkmenge-hund-messen/","guides","PUBLIC_RENDERED","main:li","Information Gain","06 Information Gain: Messunsicherheit sichtbar machen","CONFIRMED_INTERNAL_LEAK","CONTENT_LEVEL","P2","YES","06 Messunsicherheit sichtbar machen","Public wording directly contains production terminology or an observable publication artifact."
"apps/pfotentechnik/src/content/pages/trinkmenge-hund-messen.md","https://pfotentechnik.de/trinkmenge-hund-messen/","guides","PUBLIC_RENDERED","main:h2","Information Gain","Information Gain: Messunsicherheit sichtbar machen","CONFIRMED_INTERNAL_LEAK","CONTENT_LEVEL","P2","YES","Messunsicherheit sichtbar machen","Public wording directly contains production terminology or an observable publication artifact."
"apps/pfotentechnik/src/content/pages/gps-tracker.md","https://pfotentechnik.de/trinkmenge-katze-messen/","guides","PUBLIC_RENDERED","main:p","Cornerstone","Cornerstone zu Technik, Tier-Fit, Kosten und aktuellen Modellen.","CONFIRMED_INTERNAL_LEAK","SYSTEMIC","P1","YES","Ratgeber zu Technik, Tier-Fit, Kosten und aktuellen Modellen.","Public description reused by shared discovery components, or Markdown table cells copied into plain-text summaries."
"apps/pfotentechnik/src/content/pages/smarte-haustiertechnik.md","https://pfotentechnik.de/trinkmenge-katze-messen/","guides","PUBLIC_RENDERED","main:p","Cornerstone","Cornerstone-Ratgeber zu Gerätekategorien, Datenschutz, Verbindungen, Folgekosten und Kaufentscheidungen.","CONFIRMED_INTERNAL_LEAK","SYSTEMIC","P1","YES","Ratgeber zu Gerätekategorien, Datenschutz, Verbindungen, Folgekosten und Kaufentscheidungen.","Public description reused by shared discovery components, or Markdown table cells copied into plain-text summaries."
"apps/pfotentechnik/src/content/pages/smarte-futterautomaten.md","https://pfotentechnik.de/trockenfutter-oder-nassfutter-hund/","guides","PUBLIC_RENDERED","main:p","Cluster","Zentraler Cluster-Hub mit vollständiger Kaufberatung, Auswahlkriterien und fachlich passenden nächsten Schritten.","CONFIRMED_INTERNAL_LEAK","SYSTEMIC","P1","YES","Kaufberatung mit Auswahlkriterien und passenden nächsten Schritten.","Public description reused by shared discovery components, or Markdown table cells copied into plain-text summaries."
"apps/pfotentechnik/src/content/pages/gps-tracker.md","https://pfotentechnik.de/trockenfutter-oder-nassfutter-katze/","guides","PUBLIC_RENDERED","main:p","Cornerstone","Cornerstone zu Technik, Tier-Fit, Kosten und aktuellen Modellen.","CONFIRMED_INTERNAL_LEAK","SYSTEMIC","P1","YES","Ratgeber zu Technik, Tier-Fit, Kosten und aktuellen Modellen.","Public description reused by shared discovery components, or Markdown table cells copied into plain-text summaries."
"apps/pfotentechnik/src/content/comparisons/beste-automatische-katzentoiletten.md","https://pfotentechnik.de/vergleiche/beste-automatische-katzentoiletten/","comparisons","PUBLIC_RENDERED","main:p","Dieser Vergleich besitzt die konkrete Modellentscheidung","Dieser Vergleich besitzt die konkrete Modellentscheidung. Das Prüfprinzip lautet: erst Katze und Mechanik, danach Komfort.","CONFIRMED_INTERNAL_LEAK","CONTENT_LEVEL","P2","YES","Dieser Vergleich hilft bei der konkreten Modellentscheidung. Das Prüfprinzip lautet: erst Katze und Mechanik, danach Komfort.","Public wording directly contains production terminology or an observable publication artifact."
"apps/pfotentechnik/src/content/comparisons/beste-automatische-katzentoiletten.md","https://pfotentechnik.de/vergleiche/beste-automatische-katzentoiletten/","comparisons","PUBLIC_RENDERED","main:th","Audit","Audit-Status","CONFIRMED_INTERNAL_LEAK","CONTENT_LEVEL","P2","YES","Beleglage","Public wording directly contains production terminology or an observable publication artifact."
"apps/pfotentechnik/src/content/comparisons/beste-automatische-katzentoiletten.md","https://pfotentechnik.de/vergleiche/beste-automatische-katzentoiletten/","comparisons","PUBLIC_RENDERED","main:th","Status","Audit-Status","CONFIRMED_INTERNAL_LEAK","CONTENT_LEVEL","P2","YES","Beleglage","Public wording directly contains production terminology or an observable publication artifact."
"apps/pfotentechnik/src/content/comparisons/beste-automatische-katzentoiletten.md","https://pfotentechnik.de/vergleiche/beste-automatische-katzentoiletten/","comparisons","PUBLIC_RENDERED","main:td","Evidence","keine konkrete Teppich- oder Mattenfreigabe in der vorhandenen Evidence","CONFIRMED_INTERNAL_LEAK","CONTENT_LEVEL","P2","YES","keine konkrete Teppich- oder Mattenfreigabe in den vorliegenden Quellen","Public wording directly contains production terminology or an observable publication artifact."
"apps/pfotentechnik/src/content/comparisons/beste-automatische-katzentoiletten.md","https://pfotentechnik.de/vergleiche/beste-automatische-katzentoiletten/","comparisons","PUBLIC_RENDERED","main:td","unknown","unknown","CONFIRMED_INTERNAL_LEAK","CONTENT_LEVEL","P2","YES","nicht belegt","Public wording directly contains production terminology or an observable publication artifact."
"apps/pfotentechnik/src/content/comparisons/beste-automatische-katzentoiletten.md","https://pfotentechnik.de/vergleiche/beste-automatische-katzentoiletten/","comparisons","PUBLIC_RENDERED","main:td","Evidence","keine modellübergreifend belastbare Teppichfreigabe in der vorhandenen Evidence","CONFIRMED_INTERNAL_LEAK","CONTENT_LEVEL","P2","YES","keine modellübergreifend belastbare Teppichfreigabe in den vorliegenden Quellen","Public wording directly contains production terminology or an observable publication artifact."
"apps/pfotentechnik/src/content/comparisons/beste-automatische-katzentoiletten.md","https://pfotentechnik.de/vergleiche/beste-automatische-katzentoiletten/","comparisons","PUBLIC_RENDERED","main:td","unknown","unknown","CONFIRMED_INTERNAL_LEAK","CONTENT_LEVEL","P2","YES","nicht belegt","Public wording directly contains production terminology or an observable publication artifact."
"apps/pfotentechnik/src/content/comparisons/beste-automatische-katzentoiletten.md","https://pfotentechnik.de/vergleiche/beste-automatische-katzentoiletten/","comparisons","PUBLIC_RENDERED","main:td","Evidence","konkrete Matten-/Teppichbedingungen in der vorhandenen Evidence nicht vollständig dokumentiert","CONFIRMED_INTERNAL_LEAK","CONTENT_LEVEL","P2","YES","konkrete Matten-/Teppichbedingungen in den vorliegenden Quellen nicht vollständig dokumentiert","Public wording directly contains production terminology or an observable publication artifact."
"apps/pfotentechnik/src/content/comparisons/beste-automatische-katzentoiletten.md","https://pfotentechnik.de/vergleiche/beste-automatische-katzentoiletten/","comparisons","PUBLIC_RENDERED","main:td","unknown","unknown","CONFIRMED_INTERNAL_LEAK","CONTENT_LEVEL","P2","YES","nicht belegt","Public wording directly contains production terminology or an observable publication artifact."
"apps/pfotentechnik/src/content/comparisons/beste-automatische-katzentoiletten.md","https://pfotentechnik.de/vergleiche/beste-automatische-katzentoiletten/","comparisons","PUBLIC_RENDERED","main:td","unknown","unknown","CONFIRMED_INTERNAL_LEAK","CONTENT_LEVEL","P2","YES","nicht belegt","Public wording directly contains production terminology or an observable publication artifact."
"apps/pfotentechnik/src/content/comparisons/beste-automatische-katzentoiletten.md","https://pfotentechnik.de/vergleiche/beste-automatische-katzentoiletten/","comparisons","PUBLIC_RENDERED","main:p","unknown","Bei unknown darf aus einer funktionierenden Rotation keine korrekte Waage oder Sicherheitserkennung abgeleitet werden. Bis zur Herstellerbestätigung ist ein fester, ebener und stabiler Stand die konservative Wahl; Unterlegmatten dürfen das Gerät nicht verkanten.","CONFIRMED_INTERNAL_LEAK","CONTENT_LEVEL","P2","YES","Ohne belastbare Herstellerangabe darf aus einer funktionierenden Rotation keine korrekte Waage oder Sicherheitserkennung abgeleitet werden. Bis zur Herstellerbestätigung ist ein fester, ebener und stabiler Stand die konservative Wahl; Unterlegmatten dürfen das Gerät nicht verkanten.","Public wording directly contains production terminology or an observable publication artifact."
"apps/pfotentechnik/src/content/comparisons/beste-automatische-katzentoiletten.md","https://pfotentechnik.de/vergleiche/beste-automatische-katzentoiletten/","comparisons","PUBLIC_RENDERED","main:li","unknown","Keine belastbare Herstellerangabe: PetSnowy und Devoko bleiben unknown .","CONFIRMED_INTERNAL_LEAK","CONTENT_LEVEL","P2","YES","Keine belastbare Herstellerangabe: Für PetSnowy und Devoko fehlt eine belastbare Freigabe.","Public wording directly contains production terminology or an observable publication artifact."
"apps/pfotentechnik/src/content/comparisons/beste-automatische-katzentoiletten.md","https://pfotentechnik.de/vergleiche/beste-automatische-katzentoiletten/","comparisons","PUBLIC_RENDERED","main:p","Unknown","Unknown bedeutet nicht ungeeignet, sondern fehlende belastbare Hersteller-Evidence. Bei Mehrkatzenprofilen belegen Gewicht oder Kamera außerdem keine zuverlässige Trennung ähnlich schwerer Tiere; eine universelle Mindestgewichtsdifferenz ist für diese Auswahl nicht dokumentiert.","CONFIRMED_INTERNAL_LEAK","CONTENT_LEVEL","P2","YES","Fehlende belastbare Herstellerangaben bedeuten nicht, dass ein Modell ungeeignet ist. Bei Mehrkatzenprofilen belegen Gewicht oder Kamera außerdem keine zuverlässige Trennung ähnlich schwerer Tiere; eine universelle Mindestgewichtsdifferenz ist für diese Auswahl nicht dokumentiert.","Public wording directly contains production terminology or an observable publication artifact."
"apps/pfotentechnik/src/content/comparisons/beste-automatische-katzentoiletten.md","https://pfotentechnik.de/vergleiche/beste-automatische-katzentoiletten/","comparisons","PUBLIC_RENDERED","main:p","Evidence","Unknown bedeutet nicht ungeeignet, sondern fehlende belastbare Hersteller-Evidence. Bei Mehrkatzenprofilen belegen Gewicht oder Kamera außerdem keine zuverlässige Trennung ähnlich schwerer Tiere; eine universelle Mindestgewichtsdifferenz ist für diese Auswahl nicht dokumentiert.","CONFIRMED_INTERNAL_LEAK","CONTENT_LEVEL","P2","YES","Fehlende belastbare Herstellerangaben bedeuten nicht, dass ein Modell ungeeignet ist. Bei Mehrkatzenprofilen belegen Gewicht oder Kamera außerdem keine zuverlässige Trennung ähnlich schwerer Tiere; eine universelle Mindestgewichtsdifferenz ist für diese Auswahl nicht dokumentiert.","Public wording directly contains production terminology or an observable publication artifact."
"apps/pfotentechnik/src/content/pages/automatische-katzentoiletten.md","https://pfotentechnik.de/vergleiche/beste-automatische-katzentoiletten/","comparisons","PUBLIC_RENDERED","main:p","Cornerstone","Cornerstone fuer automatische Katzentoiletten: Funktion, Bauform, Innenraum, Einstieg, Sicherheit, Streu, Wartung, Daten und laufende Kosten vor der Modellwahl klaeren.","CONFIRMED_INTERNAL_LEAK","SYSTEMIC","P1","YES","Kaufberatung fuer automatische Katzentoiletten: Funktion, Bauform, Innenraum, Einstieg, Sicherheit, Streu, Wartung, Daten und laufende Kosten vor der Modellwahl klaeren.","Public description reused by shared discovery components, or Markdown table cells copied into plain-text summaries."
"apps/pfotentechnik/src/content/pages/smarte-futterautomaten.md","https://pfotentechnik.de/vergleiche/beste-futterautomaten-fuer-berufstaetige/","comparisons","PUBLIC_RENDERED","main:p","Cluster","Zentraler Cluster-Hub mit vollständiger Kaufberatung, Auswahlkriterien und fachlich passenden nächsten Schritten.","CONFIRMED_INTERNAL_LEAK","SYSTEMIC","P1","YES","Kaufberatung mit Auswahlkriterien und passenden nächsten Schritten.","Public description reused by shared discovery components, or Markdown table cells copied into plain-text summaries."
"apps/pfotentechnik/src/content/pages/smarte-futterautomaten.md","https://pfotentechnik.de/vergleiche/beste-futterautomaten-fuer-hunde/","comparisons","PUBLIC_RENDERED","main:p","Cluster","Zentraler Cluster-Hub mit vollständiger Kaufberatung, Auswahlkriterien und fachlich passenden nächsten Schritten.","CONFIRMED_INTERNAL_LEAK","SYSTEMIC","P1","YES","Kaufberatung mit Auswahlkriterien und passenden nächsten Schritten.","Public description reused by shared discovery components, or Markdown table cells copied into plain-text summaries."
"apps/pfotentechnik/src/content/pages/smarte-futterautomaten.md","https://pfotentechnik.de/vergleiche/beste-futterautomaten-fuer-nassfutter/","comparisons","PUBLIC_RENDERED","main:p","Cluster","Zentraler Cluster-Hub mit vollständiger Kaufberatung, Auswahlkriterien und fachlich passenden nächsten Schritten.","CONFIRMED_INTERNAL_LEAK","SYSTEMIC","P1","YES","Kaufberatung mit Auswahlkriterien und passenden nächsten Schritten.","Public description reused by shared discovery components, or Markdown table cells copied into plain-text summaries."
"apps/pfotentechnik/src/content/pages/haustierkameras.md","https://pfotentechnik.de/vergleiche/beste-gps-tracker-fuer-katzen/","comparisons","PUBLIC_RENDERED","main:p","Cornerstone","Cornerstone für Haustierkameras: festen Blickpunkt, Interaktion oder mobilen Kameraroboter nach Wohnsituation, Datenschutz, Speicherung, Abo und Gesamtkosten auswählen.","CONFIRMED_INTERNAL_LEAK","SYSTEMIC","P1","YES","Kaufberatung für Haustierkameras: festen Blickpunkt, Interaktion oder mobilen Kameraroboter nach Wohnsituation, Datenschutz, Speicherung, Abo und Gesamtkosten auswählen.","Public description reused by shared discovery components, or Markdown table cells copied into plain-text summaries."
"apps/pfotentechnik/src/content/comparisons/beste-haustierkameras.md","https://pfotentechnik.de/vergleiche/beste-haustierkameras/","comparisons","PUBLIC_RENDERED","main:p","Evaluationsintention","Der Vergleich besitzt die konkrete Evaluationsintention. Grundlagen zu Aufstellung, Datenschutz und Kostenformel bleiben beim Haustierkamera-Hub .","CONFIRMED_INTERNAL_LEAK","CONTENT_LEVEL","P2","YES","Dieser Vergleich hilft bei der Auswahl eines konkreten Modells. Grundlagen zu Aufstellung, Datenschutz und Kostenformel bleiben beim Ratgeber zu Haustierkameras .","Public wording directly contains production terminology or an observable publication artifact."
"apps/pfotentechnik/src/content/comparisons/beste-haustierkameras.md","https://pfotentechnik.de/vergleiche/beste-haustierkameras/","comparisons","PUBLIC_RENDERED","main:td","unknown","Fernzugriff und Push fallen ohne Verbindung aus; Playback während des Ausfalls unknown","CONFIRMED_INTERNAL_LEAK","CONTENT_LEVEL","P2","YES","Fernzugriff und Push fallen ohne Verbindung aus; Playback während des Ausfalls nicht belegt","Public wording directly contains production terminology or an observable publication artifact."
"apps/pfotentechnik/src/content/comparisons/beste-haustierkameras.md","https://pfotentechnik.de/vergleiche/beste-haustierkameras/","comparisons","PUBLIC_RENDERED","main:td","unknown","unknown","CONFIRMED_INTERNAL_LEAK","CONTENT_LEVEL","P2","YES","nicht belegt","Public wording directly contains production terminology or an observable publication artifact."
"apps/pfotentechnik/src/content/comparisons/beste-haustierkameras.md","https://pfotentechnik.de/vergleiche/beste-haustierkameras/","comparisons","PUBLIC_RENDERED","main:td","unknown","unknown","CONFIRMED_INTERNAL_LEAK","CONTENT_LEVEL","P2","YES","nicht belegt","Public wording directly contains production terminology or an observable publication artifact."
"apps/pfotentechnik/src/content/comparisons/beste-haustierkameras.md","https://pfotentechnik.de/vergleiche/beste-haustierkameras/","comparisons","PUBLIC_RENDERED","main:td","unknown","unknown","CONFIRMED_INTERNAL_LEAK","CONTENT_LEVEL","P2","YES","nicht belegt","Public wording directly contains production terminology or an observable publication artifact."
"apps/pfotentechnik/src/content/comparisons/beste-haustierkameras.md","https://pfotentechnik.de/vergleiche/beste-haustierkameras/","comparisons","PUBLIC_RENDERED","main:td","unknown","Live-/Nanny-Restfunktion bei Internet- oder Dienstausfall unknown","CONFIRMED_INTERNAL_LEAK","CONTENT_LEVEL","P2","YES","Live-/Nanny-Restfunktion bei Internet- oder Dienstausfall nicht belegt","Public wording directly contains production terminology or an observable publication artifact."
"apps/pfotentechnik/src/content/comparisons/beste-haustierkameras.md","https://pfotentechnik.de/vergleiche/beste-haustierkameras/","comparisons","PUBLIC_RENDERED","main:p","Repository","Eine zweite Kamera ist nur dann als gemeinsames System belegt, wenn der Hersteller Gerätezahl , gemeinsame App-Verwaltung , Multi-Camera-Ansicht und Tariflogik pro Kamera oder Konto ausdrücklich dokumentiert. Diese vier Punkte sind in der aktuell vorhandenen Repository-Evidence für Furbo, PETLIBRO Scout, PetTec, Reolink und Enabot nicht vollständig belegt und bleiben deshalb unknown .","CONFIRMED_INTERNAL_LEAK","CONTENT_LEVEL","P2","YES","Eine zweite Kamera ist nur dann als gemeinsames System belegt, wenn der Hersteller Gerätezahl , gemeinsame App-Verwaltung , Multi-Camera-Ansicht und Tariflogik pro Kamera oder Konto ausdrücklich dokumentiert. Diese vier Punkte sind in der aktuell vorhandenen Quellenlage für Furbo, PETLIBRO Scout, PetTec, Reolink und Enabot nicht vollständig belegt.","Public wording directly contains production terminology or an observable publication artifact."
"apps/pfotentechnik/src/content/comparisons/beste-haustierkameras.md","https://pfotentechnik.de/vergleiche/beste-haustierkameras/","comparisons","PUBLIC_RENDERED","main:p","Evidence","Eine zweite Kamera ist nur dann als gemeinsames System belegt, wenn der Hersteller Gerätezahl , gemeinsame App-Verwaltung , Multi-Camera-Ansicht und Tariflogik pro Kamera oder Konto ausdrücklich dokumentiert. Diese vier Punkte sind in der aktuell vorhandenen Repository-Evidence für Furbo, PETLIBRO Scout, PetTec, Reolink und Enabot nicht vollständig belegt und bleiben deshalb unknown .","CONFIRMED_INTERNAL_LEAK","CONTENT_LEVEL","P2","YES","Eine zweite Kamera ist nur dann als gemeinsames System belegt, wenn der Hersteller Gerätezahl , gemeinsame App-Verwaltung , Multi-Camera-Ansicht und Tariflogik pro Kamera oder Konto ausdrücklich dokumentiert. Diese vier Punkte sind in der aktuell vorhandenen Quellenlage für Furbo, PETLIBRO Scout, PetTec, Reolink und Enabot nicht vollständig belegt.","Public wording directly contains production terminology or an observable publication artifact."
"apps/pfotentechnik/src/content/comparisons/beste-haustierkameras.md","https://pfotentechnik.de/vergleiche/beste-haustierkameras/","comparisons","PUBLIC_RENDERED","main:p","unknown","Eine zweite Kamera ist nur dann als gemeinsames System belegt, wenn der Hersteller Gerätezahl , gemeinsame App-Verwaltung , Multi-Camera-Ansicht und Tariflogik pro Kamera oder Konto ausdrücklich dokumentiert. Diese vier Punkte sind in der aktuell vorhandenen Repository-Evidence für Furbo, PETLIBRO Scout, PetTec, Reolink und Enabot nicht vollständig belegt und bleiben deshalb unknown .","CONFIRMED_INTERNAL_LEAK","CONTENT_LEVEL","P2","YES","Eine zweite Kamera ist nur dann als gemeinsames System belegt, wenn der Hersteller Gerätezahl , gemeinsame App-Verwaltung , Multi-Camera-Ansicht und Tariflogik pro Kamera oder Konto ausdrücklich dokumentiert. Diese vier Punkte sind in der aktuell vorhandenen Quellenlage für Furbo, PETLIBRO Scout, PetTec, Reolink und Enabot nicht vollständig belegt.","Public wording directly contains production terminology or an observable publication artifact."
"apps/pfotentechnik/src/content/pages/haustierkameras.md","https://pfotentechnik.de/vergleiche/beste-haustierkameras/","comparisons","PUBLIC_RENDERED","main:p","Cornerstone","Cornerstone für Haustierkameras: festen Blickpunkt, Interaktion oder mobilen Kameraroboter nach Wohnsituation, Datenschutz, Speicherung, Abo und Gesamtkosten auswählen.","CONFIRMED_INTERNAL_LEAK","SYSTEMIC","P1","YES","Kaufberatung für Haustierkameras: festen Blickpunkt, Interaktion oder mobilen Kameraroboter nach Wohnsituation, Datenschutz, Speicherung, Abo und Gesamtkosten auswählen.","Public description reused by shared discovery components, or Markdown table cells copied into plain-text summaries."
"apps/pfotentechnik/src/content/comparisons/beste-mikrochip-katzenklappen.md","https://pfotentechnik.de/vergleiche/beste-mikrochip-katzenklappen/","comparisons","PUBLIC_RENDERED","main:p","Evaluations","Dieser Vergleich besitzt den modellübergreifenden Evaluations-Intent. Er ersetzt keine Produktprüfung und macht aus unterschiedlichen Produktrollen keine scheinbar identische Rangliste.","CONFIRMED_INTERNAL_LEAK","CONTENT_LEVEL","P2","YES","Dieser Vergleich stellt unterschiedliche Modelle gegenüber. Er ersetzt keine Produktprüfung und macht aus unterschiedlichen Produktrollen keine scheinbar identische Rangliste.","Public wording directly contains production terminology or an observable publication artifact."
"apps/pfotentechnik/src/content/comparisons/beste-mikrochip-katzenklappen.md","https://pfotentechnik.de/vergleiche/beste-mikrochip-katzenklappen/","comparisons","PUBLIC_RENDERED","main:p","Intent","Dieser Vergleich besitzt den modellübergreifenden Evaluations-Intent. Er ersetzt keine Produktprüfung und macht aus unterschiedlichen Produktrollen keine scheinbar identische Rangliste.","CONFIRMED_INTERNAL_LEAK","CONTENT_LEVEL","P2","YES","Dieser Vergleich stellt unterschiedliche Modelle gegenüber. Er ersetzt keine Produktprüfung und macht aus unterschiedlichen Produktrollen keine scheinbar identische Rangliste.","Public wording directly contains production terminology or an observable publication artifact."
"apps/pfotentechnik/src/content/comparisons/beste-mikrochip-katzenklappen.md","https://pfotentechnik.de/vergleiche/beste-mikrochip-katzenklappen/","comparisons","PUBLIC_RENDERED","main:td","Evidence","kein Fallback in der vorhandenen Evidence belegt","CONFIRMED_INTERNAL_LEAK","CONTENT_LEVEL","P2","YES","kein Fallback in den vorliegenden Quellen belegt","Public wording directly contains production terminology or an observable publication artifact."
"apps/pfotentechnik/src/content/comparisons/beste-mikrochip-katzenklappen.md","https://pfotentechnik.de/vergleiche/beste-mikrochip-katzenklappen/","comparisons","PUBLIC_RENDERED","main:td","unknown","Chip-/Tag-Speicher bleibt laut Familien-Support erhalten; Erhalt jeder Detailregel nach langem stromlosen Zustand bleibt unknown","CONFIRMED_INTERNAL_LEAK","CONTENT_LEVEL","P2","YES","Chip-/Tag-Speicher bleibt laut Familien-Support erhalten; Erhalt jeder Detailregel nach langem stromlosen Zustand bleibt ungeklärt","Public wording directly contains production terminology or an observable publication artifact."
"apps/pfotentechnik/src/content/comparisons/beste-mikrochip-katzenklappen.md","https://pfotentechnik.de/vergleiche/beste-mikrochip-katzenklappen/","comparisons","PUBLIC_RENDERED","main:p","unknown","Eine Kapazität von 32 IDs ist damit keine Zusage für 32 Zeitpläne. Ebenso beantwortet ein Low-Battery-Licht nicht automatisch den Zustand bei vollständig leerer Batterie; ohne modellbezogene Dokumentation bleibt die finale Verriegelungsstellung unknown .","CONFIRMED_INTERNAL_LEAK","CONTENT_LEVEL","P2","YES","Eine Kapazität von 32 IDs ist damit keine Zusage für 32 Zeitpläne. Ebenso beantwortet ein Low-Battery-Licht nicht automatisch den Zustand bei vollständig leerer Batterie; ohne modellbezogene Dokumentation bleibt die finale Verriegelungsstellung ungeklärt.","Public wording directly contains production terminology or an observable publication artifact."
"apps/pfotentechnik/src/content/pages/katzenklappen.md","https://pfotentechnik.de/vergleiche/beste-mikrochip-katzenklappen/","comparisons","PUBLIC_RENDERED","main:p","Cornerstone","Cornerstone für Katzenklappen: Nutzeraufgabe, Mikrochip-Zugang, Mehrkatzen-Rechte, App, Beuteerkennung, Passform und Einbau in der richtigen Reihenfolge klären.","CONFIRMED_INTERNAL_LEAK","SYSTEMIC","P1","YES","Kaufberatung für Katzenklappen: Nutzeraufgabe, Mikrochip-Zugang, Mehrkatzen-Rechte, App, Beuteerkennung, Passform und Einbau in der richtigen Reihenfolge klären.","Public description reused by shared discovery components, or Markdown table cells copied into plain-text summaries."
"apps/pfotentechnik/src/content/pages/smarte-futterautomaten.md","https://pfotentechnik.de/vergleiche/futterautomat-gegen-schlingen/","comparisons","PUBLIC_RENDERED","main:p","Cluster","Zentraler Cluster-Hub mit vollständiger Kaufberatung, Auswahlkriterien und fachlich passenden nächsten Schritten.","CONFIRMED_INTERNAL_LEAK","SYSTEMIC","P1","YES","Kaufberatung mit Auswahlkriterien und passenden nächsten Schritten.","Public description reused by shared discovery components, or Markdown table cells copied into plain-text summaries."
"apps/pfotentechnik/src/content/pages/smarte-futterautomaten.md","https://pfotentechnik.de/vergleiche/futterautomat-mit-app/","comparisons","PUBLIC_RENDERED","main:p","Cluster","Zentraler Cluster-Hub mit vollständiger Kaufberatung, Auswahlkriterien und fachlich passenden nächsten Schritten.","CONFIRMED_INTERNAL_LEAK","SYSTEMIC","P1","YES","Kaufberatung mit Auswahlkriterien und passenden nächsten Schritten.","Public description reused by shared discovery components, or Markdown table cells copied into plain-text summaries."
"apps/pfotentechnik/src/content/pages/gps-tracker.md","https://pfotentechnik.de/vergleiche/gps-tracker-ohne-abo/","comparisons","PUBLIC_RENDERED","main:p","Cornerstone","Cornerstone zu Technik, Tier-Fit, Kosten und aktuellen Modellen.","CONFIRMED_INTERNAL_LEAK","SYSTEMIC","P1","YES","Ratgeber zu Technik, Tier-Fit, Kosten und aktuellen Modellen.","Public description reused by shared discovery components, or Markdown table cells copied into plain-text summaries."
"apps/pfotentechnik/src/content/comparisons/katzenklappen-mit-app-und-beuteerkennung.md","https://pfotentechnik.de/vergleiche/katzenklappen-mit-app-und-beuteerkennung/","comparisons","PUBLIC_RENDERED","main:p","Route","Diese Route besitzt den eigenständigen Evaluations-Intent für vernetzte Systeme. Sie trennt App-Fernfunktionen, Beuteerkennung und Identitätszugang. Flappie arbeitet bei der Beuteentscheidung lokal, bietet aber derzeit keinen Mikrochip-Zugang und keine allgemein aktive individuelle Cat ID. ZeroMOUSE bleibt ausdrücklich eine Nachrüstung.","CONFIRMED_INTERNAL_LEAK","CONTENT_LEVEL","P2","YES","Dieser Vergleich vernetzter Systeme trennt App-Fernfunktionen, Beuteerkennung und Identitätszugang. Flappie arbeitet bei der Beuteentscheidung lokal, bietet aber derzeit keinen Mikrochip-Zugang und keine allgemein aktive individuelle Cat ID. ZeroMOUSE bleibt ausdrücklich eine Nachrüstung.","Public wording directly contains production terminology or an observable publication artifact."
"apps/pfotentechnik/src/content/comparisons/katzenklappen-mit-app-und-beuteerkennung.md","https://pfotentechnik.de/vergleiche/katzenklappen-mit-app-und-beuteerkennung/","comparisons","PUBLIC_RENDERED","main:p","Evaluations","Diese Route besitzt den eigenständigen Evaluations-Intent für vernetzte Systeme. Sie trennt App-Fernfunktionen, Beuteerkennung und Identitätszugang. Flappie arbeitet bei der Beuteentscheidung lokal, bietet aber derzeit keinen Mikrochip-Zugang und keine allgemein aktive individuelle Cat ID. ZeroMOUSE bleibt ausdrücklich eine Nachrüstung.","CONFIRMED_INTERNAL_LEAK","CONTENT_LEVEL","P2","YES","Dieser Vergleich vernetzter Systeme trennt App-Fernfunktionen, Beuteerkennung und Identitätszugang. Flappie arbeitet bei der Beuteentscheidung lokal, bietet aber derzeit keinen Mikrochip-Zugang und keine allgemein aktive individuelle Cat ID. ZeroMOUSE bleibt ausdrücklich eine Nachrüstung.","Public wording directly contains production terminology or an observable publication artifact."
"apps/pfotentechnik/src/content/comparisons/katzenklappen-mit-app-und-beuteerkennung.md","https://pfotentechnik.de/vergleiche/katzenklappen-mit-app-und-beuteerkennung/","comparisons","PUBLIC_RENDERED","main:p","Intent","Diese Route besitzt den eigenständigen Evaluations-Intent für vernetzte Systeme. Sie trennt App-Fernfunktionen, Beuteerkennung und Identitätszugang. Flappie arbeitet bei der Beuteentscheidung lokal, bietet aber derzeit keinen Mikrochip-Zugang und keine allgemein aktive individuelle Cat ID. ZeroMOUSE bleibt ausdrücklich eine Nachrüstung.","CONFIRMED_INTERNAL_LEAK","CONTENT_LEVEL","P2","YES","Dieser Vergleich vernetzter Systeme trennt App-Fernfunktionen, Beuteerkennung und Identitätszugang. Flappie arbeitet bei der Beuteentscheidung lokal, bietet aber derzeit keinen Mikrochip-Zugang und keine allgemein aktive individuelle Cat ID. ZeroMOUSE bleibt ausdrücklich eine Nachrüstung.","Public wording directly contains production terminology or an observable publication artifact."
"apps/pfotentechnik/src/content/pages/katzenklappen.md","https://pfotentechnik.de/vergleiche/katzenklappen-mit-app-und-beuteerkennung/","comparisons","PUBLIC_RENDERED","main:p","Cornerstone","Cornerstone für Katzenklappen: Nutzeraufgabe, Mikrochip-Zugang, Mehrkatzen-Rechte, App, Beuteerkennung, Passform und Einbau in der richtigen Reihenfolge klären.","CONFIRMED_INTERNAL_LEAK","SYSTEMIC","P1","YES","Kaufberatung für Katzenklappen: Nutzeraufgabe, Mikrochip-Zugang, Mehrkatzen-Rechte, App, Beuteerkennung, Passform und Einbau in der richtigen Reihenfolge klären.","Public description reused by shared discovery components, or Markdown table cells copied into plain-text summaries."
"apps/pfotentechnik/src/content/comparisons/kleine-gps-tracker-fuer-katzen.md","https://pfotentechnik.de/vergleiche/kleine-gps-tracker-fuer-katzen/","comparisons","PUBLIC_RENDERED","main:h2","Information Gain","Information Gain: Gerätegewicht und Systemgewicht trennen","CONFIRMED_INTERNAL_LEAK","CONTENT_LEVEL","P2","YES","Gerätegewicht und Systemgewicht trennen","Public wording directly contains production terminology or an observable publication artifact."
"apps/pfotentechnik/src/content/pages/haustierkameras.md","https://pfotentechnik.de/vergleiche/kleine-gps-tracker-fuer-katzen/","comparisons","PUBLIC_RENDERED","main:p","Cornerstone","Cornerstone für Haustierkameras: festen Blickpunkt, Interaktion oder mobilen Kameraroboter nach Wohnsituation, Datenschutz, Speicherung, Abo und Gesamtkosten auswählen.","CONFIRMED_INTERNAL_LEAK","SYSTEMIC","P1","YES","Kaufberatung für Haustierkameras: festen Blickpunkt, Interaktion oder mobilen Kameraroboter nach Wohnsituation, Datenschutz, Speicherung, Abo und Gesamtkosten auswählen.","Public description reused by shared discovery components, or Markdown table cells copied into plain-text summaries."
"apps/pfotentechnik/src/content/pages/warum-brauchen-gps-tracker-ein-abo.md","https://pfotentechnik.de/warum-brauchen-gps-tracker-ein-abo/","guides","PUBLIC_RENDERED","main:li","Cluster","01 Tarifmodelle im Cluster","CONFIRMED_INTERNAL_LEAK","CONTENT_LEVEL","P2","YES","01 Tarifmodelle im Vergleich","Public wording directly contains production terminology or an observable publication artifact."
"apps/pfotentechnik/src/content/pages/warum-brauchen-gps-tracker-ein-abo.md","https://pfotentechnik.de/warum-brauchen-gps-tracker-ein-abo/","guides","PUBLIC_RENDERED","main:h2","Cluster","Tarifmodelle im Cluster","CONFIRMED_INTERNAL_LEAK","CONTENT_LEVEL","P2","YES","Tarifmodelle im Vergleich","Public wording directly contains production terminology or an observable publication artifact."
"apps/pfotentechnik/src/content/pages/gps-tracker.md","https://pfotentechnik.de/warum-brauchen-gps-tracker-ein-abo/","guides","PUBLIC_RENDERED","main:p","Cornerstone","Cornerstone zu Technik, Tier-Fit, Kosten und aktuellen Modellen.","CONFIRMED_INTERNAL_LEAK","SYSTEMIC","P1","YES","Ratgeber zu Technik, Tier-Fit, Kosten und aktuellen Modellen.","Public description reused by shared discovery components, or Markdown table cells copied into plain-text summaries."
"apps/pfotentechnik/src/content/pages/gps-tracker.md","https://pfotentechnik.de/warum-katzen-fliessendes-wasser-trinken/","guides","PUBLIC_RENDERED","main:p","Cornerstone","Cornerstone zu Technik, Tier-Fit, Kosten und aktuellen Modellen.","CONFIRMED_INTERNAL_LEAK","SYSTEMIC","P1","YES","Ratgeber zu Technik, Tier-Fit, Kosten und aktuellen Modellen.","Public description reused by shared discovery components, or Markdown table cells copied into plain-text summaries."
"apps/pfotentechnik/src/content/pages/gps-tracker.md","https://pfotentechnik.de/wasserstelle-katze-richtiger-standort/","guides","PUBLIC_RENDERED","main:p","Cornerstone","Cornerstone zu Technik, Tier-Fit, Kosten und aktuellen Modellen.","CONFIRMED_INTERNAL_LEAK","SYSTEMIC","P1","YES","Ratgeber zu Technik, Tier-Fit, Kosten und aktuellen Modellen.","Public description reused by shared discovery components, or Markdown table cells copied into plain-text summaries."
"apps/pfotentechnik/src/content/pages/smarte-futterautomaten.md","https://pfotentechnik.de/welcher-futterautomat-ist-der-richtige/","guides","PUBLIC_RENDERED","main:p","Cluster","Zentraler Cluster-Hub mit vollständiger Kaufberatung, Auswahlkriterien und fachlich passenden nächsten Schritten.","CONFIRMED_INTERNAL_LEAK","SYSTEMIC","P1","YES","Kaufberatung mit Auswahlkriterien und passenden nächsten Schritten.","Public description reused by shared discovery components, or Markdown table cells copied into plain-text summaries."
"apps/pfotentechnik/src/content/pages/gps-tracker.md","https://pfotentechnik.de/wie-funktionieren-gps-tracker/","guides","PUBLIC_RENDERED","main:p","Cornerstone","Cornerstone zu Technik, Tier-Fit, Kosten und aktuellen Modellen.","CONFIRMED_INTERNAL_LEAK","SYSTEMIC","P1","YES","Ratgeber zu Technik, Tier-Fit, Kosten und aktuellen Modellen.","Public description reused by shared discovery components, or Markdown table cells copied into plain-text summaries."
"apps/pfotentechnik/src/content/pages/gps-tracker.md","https://pfotentechnik.de/wie-genau-sind-gps-tracker/","guides","PUBLIC_RENDERED","main:p","Cornerstone","Cornerstone zu Technik, Tier-Fit, Kosten und aktuellen Modellen.","CONFIRMED_INTERNAL_LEAK","SYSTEMIC","P1","YES","Ratgeber zu Technik, Tier-Fit, Kosten und aktuellen Modellen.","Public description reused by shared discovery components, or Markdown table cells copied into plain-text summaries."
"apps/pfotentechnik/src/content/pages/smarte-futterautomaten.md","https://pfotentechnik.de/wie-gross-sollte-ein-futterautomat-sein/","guides","PUBLIC_RENDERED","main:p","Cluster","Zentraler Cluster-Hub mit vollständiger Kaufberatung, Auswahlkriterien und fachlich passenden nächsten Schritten.","CONFIRMED_INTERNAL_LEAK","SYSTEMIC","P1","YES","Kaufberatung mit Auswahlkriterien und passenden nächsten Schritten.","Public description reused by shared discovery components, or Markdown table cells copied into plain-text summaries."
"apps/pfotentechnik/src/content/pages/gps-tracker.md","https://pfotentechnik.de/wie-kann-technik-gegen-langeweile-helfen/","guides","PUBLIC_RENDERED","main:p","Cornerstone","Cornerstone zu Technik, Tier-Fit, Kosten und aktuellen Modellen.","CONFIRMED_INTERNAL_LEAK","SYSTEMIC","P1","YES","Ratgeber zu Technik, Tier-Fit, Kosten und aktuellen Modellen.","Public description reused by shared discovery components, or Markdown table cells copied into plain-text summaries."
"apps/pfotentechnik/src/content/pages/smarte-haustiertechnik.md","https://pfotentechnik.de/wie-kann-technik-gegen-langeweile-helfen/","guides","PUBLIC_RENDERED","main:p","Cornerstone","Cornerstone-Ratgeber zu Gerätekategorien, Datenschutz, Verbindungen, Folgekosten und Kaufentscheidungen.","CONFIRMED_INTERNAL_LEAK","SYSTEMIC","P1","YES","Ratgeber zu Gerätekategorien, Datenschutz, Verbindungen, Folgekosten und Kaufentscheidungen.","Public description reused by shared discovery components, or Markdown table cells copied into plain-text summaries."
"apps/pfotentechnik/src/content/pages/wie-viel-wasser-braucht-ein-hund.md","https://pfotentechnik.de/wie-viel-wasser-braucht-ein-hund/","guides","PUBLIC_RENDERED","main:li","Information Gain","06 Information Gain: Napfmenge ist nicht Wasseraufnahme","CONFIRMED_INTERNAL_LEAK","CONTENT_LEVEL","P2","YES","06 Napfmenge ist nicht Wasseraufnahme","Public wording directly contains production terminology or an observable publication artifact."
"apps/pfotentechnik/src/content/pages/wie-viel-wasser-braucht-ein-hund.md","https://pfotentechnik.de/wie-viel-wasser-braucht-ein-hund/","guides","PUBLIC_RENDERED","main:h2","Information Gain","Information Gain: Napfmenge ist nicht Wasseraufnahme","CONFIRMED_INTERNAL_LEAK","CONTENT_LEVEL","P2","YES","Napfmenge ist nicht Wasseraufnahme","Public wording directly contains production terminology or an observable publication artifact."
"apps/pfotentechnik/src/content/pages/smarte-haustiertechnik.md","https://pfotentechnik.de/wissen/","hubs","PUBLIC_RENDERED","main:p","Cornerstone","Cornerstone-Ratgeber zu Gerätekategorien, Datenschutz, Verbindungen, Folgekosten und Kaufentscheidungen.","CONFIRMED_INTERNAL_LEAK","SYSTEMIC","P1","YES","Ratgeber zu Gerätekategorien, Datenschutz, Verbindungen, Folgekosten und Kaufentscheidungen.","Public description reused by shared discovery components, or Markdown table cells copied into plain-text summaries."
"apps/pfotentechnik/src/content/pages/gps-tracker.md","https://pfotentechnik.de/wissen/","hubs","PUBLIC_RENDERED","main:p","Cornerstone","Cornerstone zu Technik, Tier-Fit, Kosten und aktuellen Modellen.","CONFIRMED_INTERNAL_LEAK","SYSTEMIC","P1","YES","Ratgeber zu Technik, Tier-Fit, Kosten und aktuellen Modellen.","Public description reused by shared discovery components, or Markdown table cells copied into plain-text summaries."
"apps/pfotentechnik/src/pages/wissen.astro","https://pfotentechnik.de/wissen/","hubs","PUBLIC_RENDERED","header:p","Content Registry","Alle Inhalte stammen direkt aus der Content Registry.","CONFIRMED_INTERNAL_LEAK","CONTENT_LEVEL","P2","YES","Hier findest du alle veröffentlichten Ratgeber und Entscheidungshilfen.","Public wording directly contains production terminology or an observable publication artifact."
"apps/pfotentechnik/src/content/pages/smarte-futterautomaten.md","https://pfotentechnik.de/wissen/","hubs","PUBLIC_RENDERED","main:p","Cluster","Zentraler Cluster-Hub mit vollständiger Kaufberatung, Auswahlkriterien und fachlich passenden nächsten Schritten.","CONFIRMED_INTERNAL_LEAK","SYSTEMIC","P1","YES","Kaufberatung mit Auswahlkriterien und passenden nächsten Schritten.","Public description reused by shared discovery components, or Markdown table cells copied into plain-text summaries."
"apps/pfotentechnik/src/content/pages/woran-erkennt-man-dass-die-katze-zu-wenig-trinkt.md","https://pfotentechnik.de/woran-erkennt-man-dass-die-katze-zu-wenig-trinkt/","guides","PUBLIC_RENDERED","main:li","Information Gain","21 Information Gain: Gesamtwasser aus Futter und Napf grob berechnen","CONFIRMED_INTERNAL_LEAK","CONTENT_LEVEL","P2","YES","21 Gesamtwasser aus Futter und Napf grob berechnen","Public wording directly contains production terminology or an observable publication artifact."
"apps/pfotentechnik/src/content/pages/woran-erkennt-man-dass-die-katze-zu-wenig-trinkt.md","https://pfotentechnik.de/woran-erkennt-man-dass-die-katze-zu-wenig-trinkt/","guides","PUBLIC_RENDERED","main:li","Information Gain","22 Information Gain: Eine persönliche Basislinie aufbauen","CONFIRMED_INTERNAL_LEAK","CONTENT_LEVEL","P2","YES","22 Eine persönliche Basislinie aufbauen","Public wording directly contains production terminology or an observable publication artifact."
"apps/pfotentechnik/src/content/pages/woran-erkennt-man-dass-die-katze-zu-wenig-trinkt.md","https://pfotentechnik.de/woran-erkennt-man-dass-die-katze-zu-wenig-trinkt/","guides","PUBLIC_RENDERED","main:li","Information Gain","23 Information Gain: Trinkverhalten per Kamera prüfen","CONFIRMED_INTERNAL_LEAK","CONTENT_LEVEL","P2","YES","23 Trinkverhalten per Kamera prüfen","Public wording directly contains production terminology or an observable publication artifact."
"apps/pfotentechnik/src/content/pages/woran-erkennt-man-dass-die-katze-zu-wenig-trinkt.md","https://pfotentechnik.de/woran-erkennt-man-dass-die-katze-zu-wenig-trinkt/","guides","PUBLIC_RENDERED","main:li","Information Gain","38 Information Gain: Beobachtungsprotokoll","CONFIRMED_INTERNAL_LEAK","CONTENT_LEVEL","P2","YES","38 Beobachtungsprotokoll","Public wording directly contains production terminology or an observable publication artifact."
"apps/pfotentechnik/src/content/pages/woran-erkennt-man-dass-die-katze-zu-wenig-trinkt.md","https://pfotentechnik.de/woran-erkennt-man-dass-die-katze-zu-wenig-trinkt/","guides","PUBLIC_RENDERED","main:li","Information Gain","39 Information Gain: Was Fotos und Videos dokumentieren können","CONFIRMED_INTERNAL_LEAK","CONTENT_LEVEL","P2","YES","39 Was Fotos und Videos dokumentieren können","Public wording directly contains production terminology or an observable publication artifact."
"apps/pfotentechnik/src/content/pages/woran-erkennt-man-dass-die-katze-zu-wenig-trinkt.md","https://pfotentechnik.de/woran-erkennt-man-dass-die-katze-zu-wenig-trinkt/","guides","PUBLIC_RENDERED","main:h2","Information Gain","Information Gain: Gesamtwasser aus Futter und Napf grob berechnen","CONFIRMED_INTERNAL_LEAK","CONTENT_LEVEL","P2","YES","Gesamtwasser aus Futter und Napf grob berechnen","Public wording directly contains production terminology or an observable publication artifact."
"apps/pfotentechnik/src/content/pages/woran-erkennt-man-dass-die-katze-zu-wenig-trinkt.md","https://pfotentechnik.de/woran-erkennt-man-dass-die-katze-zu-wenig-trinkt/","guides","PUBLIC_RENDERED","main:h2","Information Gain","Information Gain: Eine persönliche Basislinie aufbauen","CONFIRMED_INTERNAL_LEAK","CONTENT_LEVEL","P2","YES","Eine persönliche Basislinie aufbauen","Public wording directly contains production terminology or an observable publication artifact."
"apps/pfotentechnik/src/content/pages/woran-erkennt-man-dass-die-katze-zu-wenig-trinkt.md","https://pfotentechnik.de/woran-erkennt-man-dass-die-katze-zu-wenig-trinkt/","guides","PUBLIC_RENDERED","main:h2","Information Gain","Information Gain: Trinkverhalten per Kamera prüfen","CONFIRMED_INTERNAL_LEAK","CONTENT_LEVEL","P2","YES","Trinkverhalten per Kamera prüfen","Public wording directly contains production terminology or an observable publication artifact."
"apps/pfotentechnik/src/content/pages/woran-erkennt-man-dass-die-katze-zu-wenig-trinkt.md","https://pfotentechnik.de/woran-erkennt-man-dass-die-katze-zu-wenig-trinkt/","guides","PUBLIC_RENDERED","main:h2","Information Gain","Information Gain: Beobachtungsprotokoll","CONFIRMED_INTERNAL_LEAK","CONTENT_LEVEL","P2","YES","Beobachtungsprotokoll","Public wording directly contains production terminology or an observable publication artifact."
"apps/pfotentechnik/src/content/pages/woran-erkennt-man-dass-die-katze-zu-wenig-trinkt.md","https://pfotentechnik.de/woran-erkennt-man-dass-die-katze-zu-wenig-trinkt/","guides","PUBLIC_RENDERED","main:h2","Information Gain","Information Gain: Was Fotos und Videos dokumentieren können","CONFIRMED_INTERNAL_LEAK","CONTENT_LEVEL","P2","YES","Was Fotos und Videos dokumentieren können","Public wording directly contains production terminology or an observable publication artifact."
"apps/pfotentechnik/src/content/pages/gps-tracker.md","https://pfotentechnik.de/woran-erkennt-man-dass-die-katze-zu-wenig-trinkt/","guides","PUBLIC_RENDERED","main:p","Cornerstone","Cornerstone zu Technik, Tier-Fit, Kosten und aktuellen Modellen.","CONFIRMED_INTERNAL_LEAK","SYSTEMIC","P1","YES","Ratgeber zu Technik, Tier-Fit, Kosten und aktuellen Modellen.","Public description reused by shared discovery components, or Markdown table cells copied into plain-text summaries."
