route,sourceFile,pageType,title,h1,metaTitle,metaDescription,canonical,indexable,inSitemap,publishedAt,updatedAt,author,cluster,primaryIntent,secondaryIntents,topicOwner,mainEntity,animal,productCategory,character,internalIncomingLinks,internalOutgoingLinks,linkDepth,wordCount,headingCount,structuredData,recommendationTypes,relatedProducts,relatedComparisons,qualityScore,searchClicks,searchImpressions,searchCtr,searchPosition
/,apps/pfotentechnik/dist/index.html,homepage,Smarte Haustier-Technik im Vergleich | PfotenTechnik,Unabhängige Orientierung für smarte Haustiertechnik,Smarte Haustier-Technik im Vergleich | PfotenTechnik,"Unabhängige Kaufberatung, verständliche Vergleiche und praxisnahe Empfehlungen für Futterautomaten, Trinkbrunnen und weitere Haustier-Technik.",https://pfotentechnik.de/,true,true,,,,smarte-haustiertechnik,category-discovery,informational,/smarte-haustiertechnik/,Unabhängige Orientierung für smarte Haustiertechnik,both,,informational,109,30,0,1133,42,Organization | WebSite | ImageObject,alternatives,/produkt/sureflap-mikrochip-katzenklappe/ | /produkt/petsafe-mikrochip-katzenklappe/ | /produkt/onlycat-mikrochip-katzenklappe/,/vergleiche/ | /vergleiche/beste-futterautomaten-fuer-katzen/ | /vergleiche/beste-futterautomaten-fuer-hunde/ | /vergleiche/beste-futterautomaten-fuer-nassfutter/ | /vergleiche/beste-trinkbrunnen-fuer-katzen/ | /vergleiche/beste-trinkbrunnen-fuer-hunde/ | /vergleiche/beste-gps-tracker-fuer-katzen/ | /vergleiche/beste-gps-tracker-fuer-hunde/ | /vergleiche/beste-futterautomaten-fuer-zwei-katzen/ | /vergleiche/beste-automatische-katzentoiletten/,90,,,,
/admin/seo/,apps/pfotentechnik/dist/admin/seo/index.html,technical,SEO-Arbeitsübersicht | PfotenTechnik SEO,SEO-Arbeitsübersicht,SEO-Arbeitsübersicht | PfotenTechnik SEO,,,false,false,,,,smarte-haustiertechnik,informational,,/admin/seo/,SEO-Arbeitsübersicht,,,informational,0,0,,342,9,,,,,67,,,,
/admin/seo/advisor/,apps/pfotentechnik/dist/admin/seo/advisor/index.html,technical,Findings | PfotenTechnik SEO,Findings,Findings | PfotenTechnik SEO,,,false,false,,,,smarte-haustiertechnik,informational,,/admin/seo/advisor/,Findings,,,informational,0,0,,175,3,,,,,52,,,,
/admin/seo/cockpit/,apps/pfotentechnik/dist/admin/seo/cockpit/index.html,technical,Search Cockpit | PfotenTechnik SEO,Search Cockpit,Search Cockpit | PfotenTechnik SEO,,,false,false,,,,smarte-haustiertechnik,informational,,/admin/seo/cockpit/,Search Cockpit,,,informational,0,0,,666,9,,,,,62,,,,
/admin/seo/history/,apps/pfotentechnik/dist/admin/seo/history/index.html,technical,Systemhistorie | PfotenTechnik SEO,Systemhistorie,Systemhistorie | PfotenTechnik SEO,,,false,false,,,,smarte-haustiertechnik,informational,,/admin/seo/history/,Systemhistorie,,,informational,0,0,,1993,103,,,,,57,,,,
/admin/seo/media/,apps/pfotentechnik/dist/admin/seo/media/index.html,technical,Media Center | PfotenTechnik SEO,Media Center,Media Center | PfotenTechnik SEO,,,false,false,,,,smarte-haustiertechnik,informational,,/admin/seo/media/,Media Center,,,informational,0,0,,172,5,,,,,42,,,,
/admin/seo/prices/,apps/pfotentechnik/dist/admin/seo/prices/index.html,technical,Produktpflege | PfotenTechnik SEO,Produktpflege,Produktpflege | PfotenTechnik SEO,,,false,false,,,,smarte-haustiertechnik,informational,,/admin/seo/prices/,Produktpflege,,,informational,0,82,,7333,2,,,/produkt/litter-robot-5-pro/ | /produkt/petkit-eversweet-ultra/ | /produkt/cat-mate-shell-fountain/ | /produkt/garmin-alpha-tt-25/ | /produkt/honeyguardian-a305d/ | /produkt/honeyguardian-smart-pet-feeder-s305d/ | /produkt/pawbby-smart-pet-feeder/ | /produkt/petkit-eversweet-5-mini/ | /produkt/petkit-eversweet-max-2-uvc/ | /produkt/petkit-eversweet-max-cordless/ | /produkt/weenect-xt/ | /produkt/petkit-fresh-element-infinity/ | /produkt/petlibro-air-wifi-feeder/ | /produkt/petlibro-dockstream-rfid-smart/ | /produkt/petlibro-glacier-ultrafiltration/ | /produkt/wopet-cube-air-ca10/ | /produkt/wopet-heritage-view-camera-feeder/ | /produkt/wopet-patrol-f07-pro/ | /produkt/wopet-pioneer-f01-plus/ | /produkt/petkit-eversweet-solo-se/ | /produkt/petlibro-polar-wet-food-feeder/ | /produkt/tractive-cat-6-mini/ | /produkt/catit-pixi-vision-smart-feeder/ | /produkt/imipaw-3l-automatic-cat-feeder/ | /produkt/pawsync-smart-pet-feeder/ | /produkt/petlibro-one-rfid-smart-feeder/ | /produkt/petsafe-freshfeed-refrigerated-feeder/ | /produkt/petsafe-smart-feed-2/ | /produkt/weenect-xs/ | /produkt/sureflap-mikrochip-katzenklappe/ | /produkt/sureflap-dualscan-mikrochip-katzenklappe/ | /produkt/cat-mate-c500/ | /produkt/onlycat-mikrochip-katzenklappe/ | /produkt/petlibro-capsule-dog-fountain/ | /produkt/aqara-smart-pet-feeder-c1/ | /produkt/cat-mate-c200/ | /produkt/cat-mate-c300/ | /produkt/cat-mate-335-pet-fountain/ | /produkt/catit-pixi-smart-6-meal-feeder/ | /produkt/devoko-90l-automatisches-katzenklo/ | /produkt/enabot-ebo-air-2/ | /produkt/furbo-360-hundekamera/ | /produkt/garmin-alpha-t-20/ | /produkt/honeyguardian-a68/ | /produkt/neakasa-m1-lite/ | /produkt/neakasa-m1-plus/ | /produkt/oneisall-2-in-1-feeder-water/ | /produkt/oneisall-2-2l-cordless-fountain/ | /produkt/oneisall-3-2l-cordless-fountain/ | /produkt/oneisall-3-5l-cordless-fountain/ | /produkt/oneisall-5l-automatic-cat-feeder/ | /produkt/oneisall-7l-dog-water-fountain/ | /produkt/paj-pet-finder-4g-mini/ | /produkt/petkit-eversweet-3-pro-uvc/ | /produkt/petkit-eversweet-solo-2-fountain/ | /produkt/petkit-fresh-element-solo/ | /produkt/petkit-purobot-max-pro-2/ | /produkt/petkit-yumshare-dual-hopper/ | /produkt/petkit-yumshare-solo-2/ | /produkt/petlibro-air-automatic-feeder/ | /produkt/petlibro-dockstream-2-smart/ | /produkt/petlibro-dockstream-2-smart-cordless/ | /produkt/petlibro-dockstream-cordless/ | /produkt/petlibro-granary-2-vision/ | /produkt/petlibro-granary-camera-feeder/ | /produkt/petlibro-granary-dual-feeder/ | /produkt/petlibro-granary-wifi-feeder/ | /produkt/petlibro-scout-smart-camera/ | /produkt/petlibro-space-smart-feeder/ | /produkt/petlibro-stainless-steel-fountain/ | /produkt/petsafe-healthy-pet-simply-feed/ | /produkt/petsafe-mikrochip-katzenklappe/ | /produkt/petsafe-petporte-smart-flap/ | /produkt/petwalk-medium-tiertuer/ | /produkt/surefeed-microchip-pet-feeder/ | /produkt/surefeed-microchip-pet-feeder-connect/ | /produkt/sureflap-mikrochip-katzenklappe-connect/ | /produkt/tractive-dog-6/ | /produkt/tractive-dog-6-xl/ | /produkt/xiaomi-smart-pet-food-feeder-2/ | /produkt/xiaomi-smart-pet-fountain-2/ | /produkt/zeromouse-2-0/,,53,,,,
/admin/seo/products/,apps/pfotentechnik/dist/admin/seo/products/index.html,technical,Seiten-Workspaces | PfotenTechnik SEO,Seiten-Workspaces,Seiten-Workspaces | PfotenTechnik SEO,,,false,false,,,,smarte-haustiertechnik,informational,,/admin/seo/products/,Seiten-Workspaces,,,informational,0,0,,71,2,,,,,35,,,,
/admin/seo/products/aqara-smart-pet-feeder-c1/,apps/pfotentechnik/dist/admin/seo/products/aqara-smart-pet-feeder-c1/index.html,technical,Aqara Smart Pet Feeder C1 | PfotenTechnik SEO,Aqara Smart Pet Feeder C1,Aqara Smart Pet Feeder C1 | PfotenTechnik SEO,,,false,false,,,,smarte-haustiertechnik,informational,,/admin/seo/products/aqara-smart-pet-feeder-c1/,Aqara Smart Pet Feeder C1,both,futterautomat,informational,0,1,,210,9,,,/produkt/aqara-smart-pet-feeder-c1/,,57,,,,
/admin/seo/products/cat-mate-335-pet-fountain/,apps/pfotentechnik/dist/admin/seo/products/cat-mate-335-pet-fountain/index.html,technical,Cat Mate Pet Fountain 335 | PfotenTechnik SEO,Cat Mate Pet Fountain 335,Cat Mate Pet Fountain 335 | PfotenTechnik SEO,,,false,false,,,,smarte-haustiertechnik,informational,,/admin/seo/products/cat-mate-335-pet-fountain/,Cat Mate Pet Fountain 335,,trinkbrunnen,informational,0,1,,209,9,,,/produkt/cat-mate-335-pet-fountain/,,57,,,,
/admin/seo/products/cat-mate-c200/,apps/pfotentechnik/dist/admin/seo/products/cat-mate-c200/index.html,technical,Cat Mate C200 | PfotenTechnik SEO,Cat Mate C200,Cat Mate C200 | PfotenTechnik SEO,,,false,false,,,,smarte-haustiertechnik,informational,,/admin/seo/products/cat-mate-c200/,Cat Mate C200,,,informational,0,1,,202,9,,,/produkt/cat-mate-c200/,,57,,,,
/admin/seo/products/cat-mate-c300/,apps/pfotentechnik/dist/admin/seo/products/cat-mate-c300/index.html,technical,Cat Mate C300 | PfotenTechnik SEO,Cat Mate C300,Cat Mate C300 | PfotenTechnik SEO,,,false,false,,,,smarte-haustiertechnik,informational,,/admin/seo/products/cat-mate-c300/,Cat Mate C300,,,informational,0,1,,200,9,,,/produkt/cat-mate-c300/,,57,,,,
/admin/seo/products/cat-mate-c500/,apps/pfotentechnik/dist/admin/seo/products/cat-mate-c500/index.html,technical,Cat Mate C500 | PfotenTechnik SEO,Cat Mate C500,Cat Mate C500 | PfotenTechnik SEO,,,false,false,,,,smarte-haustiertechnik,informational,,/admin/seo/products/cat-mate-c500/,Cat Mate C500,,,informational,0,1,,199,9,,,/produkt/cat-mate-c500/,,57,,,,
/admin/seo/products/cat-mate-shell-fountain/,apps/pfotentechnik/dist/admin/seo/products/cat-mate-shell-fountain/index.html,technical,Cat Mate Shell Pet Fountain | PfotenTechnik SEO,Cat Mate Shell Pet Fountain,Cat Mate Shell Pet Fountain | PfotenTechnik SEO,,,false,false,,,,smarte-haustiertechnik,informational,,/admin/seo/products/cat-mate-shell-fountain/,Cat Mate Shell Pet Fountain,,trinkbrunnen,informational,0,1,,206,9,,,/produkt/cat-mate-shell-fountain/,,57,,,,
/admin/seo/products/catit-pixi-smart-6-meal-feeder/,apps/pfotentechnik/dist/admin/seo/products/catit-pixi-smart-6-meal-feeder/index.html,technical,Catit PIXI Smart 6-Meal Feeder | PfotenTechnik SEO,Catit PIXI Smart 6-Meal Feeder,Catit PIXI Smart 6-Meal Feeder | PfotenTechnik SEO,,,false,false,,,,smarte-haustiertechnik,informational,,/admin/seo/products/catit-pixi-smart-6-meal-feeder/,Catit PIXI Smart 6-Meal Feeder,cat,futterautomat,informational,0,1,,213,9,,,/produkt/catit-pixi-smart-6-meal-feeder/,,57,,,,
/admin/seo/products/catit-pixi-vision-smart-feeder/,apps/pfotentechnik/dist/admin/seo/products/catit-pixi-vision-smart-feeder/index.html,technical,Catit PIXI Vision Smart Feeder | PfotenTechnik SEO,Catit PIXI Vision Smart Feeder,Catit PIXI Vision Smart Feeder | PfotenTechnik SEO,,,false,false,,,,smarte-haustiertechnik,informational,,/admin/seo/products/catit-pixi-vision-smart-feeder/,Catit PIXI Vision Smart Feeder,cat,futterautomat,informational,0,1,,209,9,,,/produkt/catit-pixi-vision-smart-feeder/,,57,,,,
/admin/seo/products/devoko-90l-automatisches-katzenklo/,apps/pfotentechnik/dist/admin/seo/products/devoko-90l-automatisches-katzenklo/index.html,technical,Devoko 90L Automatisches Katzenklo | PfotenTechnik SEO,Devoko 90L Automatisches Katzenklo,Devoko 90L Automatisches Katzenklo | PfotenTechnik SEO,,,false,false,,,,smarte-haustiertechnik,informational,,/admin/seo/products/devoko-90l-automatisches-katzenklo/,Devoko 90L Automatisches Katzenklo,cat,,informational,0,1,,217,9,,,/produkt/devoko-90l-automatisches-katzenklo/,,57,,,,
/admin/seo/products/enabot-ebo-air-2/,apps/pfotentechnik/dist/admin/seo/products/enabot-ebo-air-2/index.html,technical,Enabot EBO Air 2 | PfotenTechnik SEO,Enabot EBO Air 2,Enabot EBO Air 2 | PfotenTechnik SEO,,,false,false,,,,smarte-haustiertechnik,informational,,/admin/seo/products/enabot-ebo-air-2/,Enabot EBO Air 2,,,informational,0,1,,189,9,,,/produkt/enabot-ebo-air-2/,,57,,,,
/admin/seo/products/furbo-360-hundekamera/,apps/pfotentechnik/dist/admin/seo/products/furbo-360-hundekamera/index.html,technical,Furbo 360° Hundekamera | PfotenTechnik SEO,Furbo 360° Hundekamera,Furbo 360° Hundekamera | PfotenTechnik SEO,,,false,false,,,,smarte-haustiertechnik,informational,,/admin/seo/products/furbo-360-hundekamera/,Furbo 360° Hundekamera,dog,,informational,0,1,,186,9,,,/produkt/furbo-360-hundekamera/,,57,,,,
/admin/seo/products/garmin-alpha-t-20/,apps/pfotentechnik/dist/admin/seo/products/garmin-alpha-t-20/index.html,technical,Garmin Alpha T 20 | PfotenTechnik SEO,Garmin Alpha T 20,Garmin Alpha T 20 | PfotenTechnik SEO,,,false,false,,,,smarte-haustiertechnik,informational,,/admin/seo/products/garmin-alpha-t-20/,Garmin Alpha T 20,dog,,informational,0,1,,194,9,,,/produkt/garmin-alpha-t-20/,,57,,,,
/admin/seo/products/garmin-alpha-tt-25/,apps/pfotentechnik/dist/admin/seo/products/garmin-alpha-tt-25/index.html,technical,Garmin Alpha TT 25 | PfotenTechnik SEO,Garmin Alpha TT 25,Garmin Alpha TT 25 | PfotenTechnik SEO,,,false,false,,,,smarte-haustiertechnik,informational,,/admin/seo/products/garmin-alpha-tt-25/,Garmin Alpha TT 25,dog,,informational,0,1,,197,9,,,/produkt/garmin-alpha-tt-25/,,57,,,,
/admin/seo/products/honeyguardian-a305d/,apps/pfotentechnik/dist/admin/seo/products/honeyguardian-a305d/index.html,technical,HoneyGuardian A305D | PfotenTechnik SEO,HoneyGuardian A305D,HoneyGuardian A305D | PfotenTechnik SEO,,,false,false,,,,smarte-haustiertechnik,informational,,/admin/seo/products/honeyguardian-a305d/,HoneyGuardian A305D,,,informational,0,1,,196,9,,,/produkt/honeyguardian-a305d/,,57,,,,
/admin/seo/products/honeyguardian-a68/,apps/pfotentechnik/dist/admin/seo/products/honeyguardian-a68/index.html,technical,HoneyGuardian A68 Smart Pet Feeder | PfotenTechnik SEO,HoneyGuardian A68 Smart Pet Feeder,HoneyGuardian A68 Smart Pet Feeder | PfotenTechnik SEO,,,false,false,,,,smarte-haustiertechnik,informational,,/admin/seo/products/honeyguardian-a68/,HoneyGuardian A68 Smart Pet Feeder,both,futterautomat,informational,0,1,,207,9,,,/produkt/honeyguardian-a68/,,57,,,,
/admin/seo/products/honeyguardian-smart-pet-feeder-s305d/,apps/pfotentechnik/dist/admin/seo/products/honeyguardian-smart-pet-feeder-s305d/index.html,technical,HoneyGuardian Smart Pet Feeder S305D | PfotenTechnik SEO,HoneyGuardian Smart Pet Feeder S305D,HoneyGuardian Smart Pet Feeder S305D | PfotenTechnik SEO,,,false,false,,,,smarte-haustiertechnik,informational,,/admin/seo/products/honeyguardian-smart-pet-feeder-s305d/,HoneyGuardian Smart Pet Feeder S305D,,futterautomat,informational,0,1,,206,9,,,/produkt/honeyguardian-smart-pet-feeder-s305d/,,57,,,,
/admin/seo/products/imipaw-3l-automatic-cat-feeder/,apps/pfotentechnik/dist/admin/seo/products/imipaw-3l-automatic-cat-feeder/index.html,technical,IMIPAW 3L Automatic Cat Feeder | PfotenTechnik SEO,IMIPAW 3L Automatic Cat Feeder,IMIPAW 3L Automatic Cat Feeder | PfotenTechnik SEO,,,false,false,,,,smarte-haustiertechnik,informational,,/admin/seo/products/imipaw-3l-automatic-cat-feeder/,IMIPAW 3L Automatic Cat Feeder,,futterautomat,informational,0,1,,211,9,,,/produkt/imipaw-3l-automatic-cat-feeder/,,57,,,,
/admin/seo/products/litter-robot-5-pro/,apps/pfotentechnik/dist/admin/seo/products/litter-robot-5-pro/index.html,technical,Litter-Robot 5 Pro | PfotenTechnik SEO,Litter-Robot 5 Pro,Litter-Robot 5 Pro | PfotenTechnik SEO,,,false,false,,,,smarte-haustiertechnik,informational,,/admin/seo/products/litter-robot-5-pro/,Litter-Robot 5 Pro,cat,,informational,0,1,,188,9,,,/produkt/litter-robot-5-pro/,,57,,,,
/admin/seo/products/neakasa-m1-lite/,apps/pfotentechnik/dist/admin/seo/products/neakasa-m1-lite/index.html,technical,Neakasa M1 Lite | PfotenTechnik SEO,Neakasa M1 Lite,Neakasa M1 Lite | PfotenTechnik SEO,,,false,false,,,,smarte-haustiertechnik,informational,,/admin/seo/products/neakasa-m1-lite/,Neakasa M1 Lite,cat,,informational,0,1,,212,9,,,/produkt/neakasa-m1-lite/,,57,,,,
/admin/seo/products/neakasa-m1-plus/,apps/pfotentechnik/dist/admin/seo/products/neakasa-m1-plus/index.html,technical,Neakasa M1 Plus | PfotenTechnik SEO,Neakasa M1 Plus,Neakasa M1 Plus | PfotenTechnik SEO,,,false,false,,,,smarte-haustiertechnik,informational,,/admin/seo/products/neakasa-m1-plus/,Neakasa M1 Plus,cat,,informational,0,1,,187,9,,,/produkt/neakasa-m1-plus/,,57,,,,
/admin/seo/products/oneisall-2-2l-cordless-fountain/,apps/pfotentechnik/dist/admin/seo/products/oneisall-2-2l-cordless-fountain/index.html,technical,"oneisall 2,2L Cordless Cat Fountain | PfotenTechnik SEO","oneisall 2,2L Cordless Cat Fountain","oneisall 2,2L Cordless Cat Fountain | PfotenTechnik SEO",,,false,false,,,,smarte-haustiertechnik,informational,,/admin/seo/products/oneisall-2-2l-cordless-fountain/,"oneisall 2,2L Cordless Cat Fountain",,trinkbrunnen,informational,0,1,,208,9,,,/produkt/oneisall-2-2l-cordless-fountain/,,57,,,,
/admin/seo/products/oneisall-2-in-1-feeder-water/,apps/pfotentechnik/dist/admin/seo/products/oneisall-2-in-1-feeder-water/index.html,technical,Oneisall 2-in-1 Automatic Cat Feeder and Water Dispenser | PfotenTechnik SEO,Oneisall 2-in-1 Automatic Cat Feeder and Water Dispenser,Oneisall 2-in-1 Automatic Cat Feeder and Water Dispenser | PfotenTechnik SEO,,,false,false,,,,smarte-haustiertechnik,informational,,/admin/seo/products/oneisall-2-in-1-feeder-water/,Oneisall 2-in-1 Automatic Cat Feeder and Water Dispenser,,futterautomat,informational,0,1,,215,9,,,/produkt/oneisall-2-in-1-feeder-water/,,57,,,,
/admin/seo/products/oneisall-3-2l-cordless-fountain/,apps/pfotentechnik/dist/admin/seo/products/oneisall-3-2l-cordless-fountain/index.html,technical,"oneisall 3,2L Cordless Cat Fountain | PfotenTechnik SEO","oneisall 3,2L Cordless Cat Fountain","oneisall 3,2L Cordless Cat Fountain | PfotenTechnik SEO",,,false,false,,,,smarte-haustiertechnik,informational,,/admin/seo/products/oneisall-3-2l-cordless-fountain/,"oneisall 3,2L Cordless Cat Fountain",,trinkbrunnen,informational,0,1,,211,9,,,/produkt/oneisall-3-2l-cordless-fountain/,,57,,,,
/admin/seo/products/oneisall-3-5l-cordless-fountain/,apps/pfotentechnik/dist/admin/seo/products/oneisall-3-5l-cordless-fountain/index.html,technical,"oneisall 3,5L Cordless Fountain | PfotenTechnik SEO","oneisall 3,5L Cordless Fountain","oneisall 3,5L Cordless Fountain | PfotenTechnik SEO",,,false,false,,,,smarte-haustiertechnik,informational,,/admin/seo/products/oneisall-3-5l-cordless-fountain/,"oneisall 3,5L Cordless Fountain",,trinkbrunnen,informational,0,1,,203,9,,,/produkt/oneisall-3-5l-cordless-fountain/,,57,,,,
/admin/seo/products/oneisall-5l-automatic-cat-feeder/,apps/pfotentechnik/dist/admin/seo/products/oneisall-5l-automatic-cat-feeder/index.html,technical,oneisall 5L Automatic Cat Feeder | PfotenTechnik SEO,oneisall 5L Automatic Cat Feeder,oneisall 5L Automatic Cat Feeder | PfotenTechnik SEO,,,false,false,,,,smarte-haustiertechnik,informational,,/admin/seo/products/oneisall-5l-automatic-cat-feeder/,oneisall 5L Automatic Cat Feeder,cat,futterautomat,informational,0,1,,209,9,,,/produkt/oneisall-5l-automatic-cat-feeder/,,57,,,,
/admin/seo/products/oneisall-7l-dog-water-fountain/,apps/pfotentechnik/dist/admin/seo/products/oneisall-7l-dog-water-fountain/index.html,technical,oneisall 7L Dog Water Fountain | PfotenTechnik SEO,oneisall 7L Dog Water Fountain,oneisall 7L Dog Water Fountain | PfotenTechnik SEO,,,false,false,,,,smarte-haustiertechnik,informational,,/admin/seo/products/oneisall-7l-dog-water-fountain/,oneisall 7L Dog Water Fountain,,trinkbrunnen,informational,0,1,,205,9,,,/produkt/oneisall-7l-dog-water-fountain/,,57,,,,
/admin/seo/products/onlycat-mikrochip-katzenklappe/,apps/pfotentechnik/dist/admin/seo/products/onlycat-mikrochip-katzenklappe/index.html,technical,OnlyCat Mikrochip Katzenklappe | PfotenTechnik SEO,OnlyCat Mikrochip Katzenklappe,OnlyCat Mikrochip Katzenklappe | PfotenTechnik SEO,,,false,false,,,,smarte-haustiertechnik,informational,,/admin/seo/products/onlycat-mikrochip-katzenklappe/,OnlyCat Mikrochip Katzenklappe,cat,,informational,0,1,,196,9,,,/produkt/onlycat-mikrochip-katzenklappe/,,57,,,,
/admin/seo/products/paj-pet-finder-4g-mini/,apps/pfotentechnik/dist/admin/seo/products/paj-pet-finder-4g-mini/index.html,technical,PAJ PET Finder 4G Mini | PfotenTechnik SEO,PAJ PET Finder 4G Mini,PAJ PET Finder 4G Mini | PfotenTechnik SEO,,,false,false,,,,smarte-haustiertechnik,informational,,/admin/seo/products/paj-pet-finder-4g-mini/,PAJ PET Finder 4G Mini,dog,,informational,0,1,,204,9,,,/produkt/paj-pet-finder-4g-mini/,,57,,,,
/admin/seo/products/pawbby-smart-pet-feeder/,apps/pfotentechnik/dist/admin/seo/products/pawbby-smart-pet-feeder/index.html,technical,PAWBBY Smart Pet Feeder | PfotenTechnik SEO,PAWBBY Smart Pet Feeder,PAWBBY Smart Pet Feeder | PfotenTechnik SEO,,,false,false,,,,smarte-haustiertechnik,informational,,/admin/seo/products/pawbby-smart-pet-feeder/,PAWBBY Smart Pet Feeder,,futterautomat,informational,0,1,,201,9,,,/produkt/pawbby-smart-pet-feeder/,,57,,,,
/admin/seo/products/pawsync-smart-pet-feeder/,apps/pfotentechnik/dist/admin/seo/products/pawsync-smart-pet-feeder/index.html,technical,PawSync Smart Pet Feeder | PfotenTechnik SEO,PawSync Smart Pet Feeder,PawSync Smart Pet Feeder | PfotenTechnik SEO,,,false,false,,,,smarte-haustiertechnik,informational,,/admin/seo/products/pawsync-smart-pet-feeder/,PawSync Smart Pet Feeder,,futterautomat,informational,0,1,,195,9,,,/produkt/pawsync-smart-pet-feeder/,,57,,,,
/admin/seo/products/petkit-eversweet-3-pro-uvc/,apps/pfotentechnik/dist/admin/seo/products/petkit-eversweet-3-pro-uvc/index.html,technical,PETKIT Eversweet 3 Pro UVC | PfotenTechnik SEO,PETKIT Eversweet 3 Pro UVC,PETKIT Eversweet 3 Pro UVC | PfotenTechnik SEO,,,false,false,,,,smarte-haustiertechnik,informational,,/admin/seo/products/petkit-eversweet-3-pro-uvc/,PETKIT Eversweet 3 Pro UVC,,,informational,0,1,,209,9,,,/produkt/petkit-eversweet-3-pro-uvc/,,57,,,,
/admin/seo/products/petkit-eversweet-5-mini/,apps/pfotentechnik/dist/admin/seo/products/petkit-eversweet-5-mini/index.html,technical,PETKIT Eversweet 5 Mini | PfotenTechnik SEO,PETKIT Eversweet 5 Mini,PETKIT Eversweet 5 Mini | PfotenTechnik SEO,,,false,false,,,,smarte-haustiertechnik,informational,,/admin/seo/products/petkit-eversweet-5-mini/,PETKIT Eversweet 5 Mini,both,,informational,0,1,,201,9,,,/produkt/petkit-eversweet-5-mini/,,57,,,,
/admin/seo/products/petkit-eversweet-max-2-uvc/,apps/pfotentechnik/dist/admin/seo/products/petkit-eversweet-max-2-uvc/index.html,technical,PETKIT Eversweet Max 2 UVC | PfotenTechnik SEO,PETKIT Eversweet Max 2 UVC,PETKIT Eversweet Max 2 UVC | PfotenTechnik SEO,,,false,false,,,,smarte-haustiertechnik,informational,,/admin/seo/products/petkit-eversweet-max-2-uvc/,PETKIT Eversweet Max 2 UVC,,,informational,0,1,,210,9,,,/produkt/petkit-eversweet-max-2-uvc/,,57,,,,
/admin/seo/products/petkit-eversweet-max-cordless/,apps/pfotentechnik/dist/admin/seo/products/petkit-eversweet-max-cordless/index.html,technical,PETKIT Eversweet Max Cordless | PfotenTechnik SEO,PETKIT Eversweet Max Cordless,PETKIT Eversweet Max Cordless | PfotenTechnik SEO,,,false,false,,,,smarte-haustiertechnik,informational,,/admin/seo/products/petkit-eversweet-max-cordless/,PETKIT Eversweet Max Cordless,,,informational,0,1,,201,9,,,/produkt/petkit-eversweet-max-cordless/,,57,,,,
/admin/seo/products/petkit-eversweet-solo-2-fountain/,apps/pfotentechnik/dist/admin/seo/products/petkit-eversweet-solo-2-fountain/index.html,technical,PETKIT Eversweet Solo 2 | PfotenTechnik SEO,PETKIT Eversweet Solo 2,PETKIT Eversweet Solo 2 | PfotenTechnik SEO,,,false,false,,,,smarte-haustiertechnik,informational,,/admin/seo/products/petkit-eversweet-solo-2-fountain/,PETKIT Eversweet Solo 2,,,informational,0,1,,207,9,,,/produkt/petkit-eversweet-solo-2-fountain/,,57,,,,
/admin/seo/products/petkit-eversweet-solo-se/,apps/pfotentechnik/dist/admin/seo/products/petkit-eversweet-solo-se/index.html,technical,PETKIT Eversweet Solo SE | PfotenTechnik SEO,PETKIT Eversweet Solo SE,PETKIT Eversweet Solo SE | PfotenTechnik SEO,,,false,false,,,,smarte-haustiertechnik,informational,,/admin/seo/products/petkit-eversweet-solo-se/,PETKIT Eversweet Solo SE,,,informational,0,1,,201,9,,,/produkt/petkit-eversweet-solo-se/,,57,,,,
/admin/seo/products/petkit-eversweet-ultra/,apps/pfotentechnik/dist/admin/seo/products/petkit-eversweet-ultra/index.html,technical,PETKIT Eversweet Ultra | PfotenTechnik SEO,PETKIT Eversweet Ultra,PETKIT Eversweet Ultra | PfotenTechnik SEO,,,false,false,,,,smarte-haustiertechnik,informational,,/admin/seo/products/petkit-eversweet-ultra/,PETKIT Eversweet Ultra,,,informational,0,1,,205,9,,,/produkt/petkit-eversweet-ultra/,,57,,,,
/admin/seo/products/petkit-fresh-element-infinity/,apps/pfotentechnik/dist/admin/seo/products/petkit-fresh-element-infinity/index.html,technical,PETKIT Fresh Element Infinity | PfotenTechnik SEO,PETKIT Fresh Element Infinity,PETKIT Fresh Element Infinity | PfotenTechnik SEO,,,false,false,,,,smarte-haustiertechnik,informational,,/admin/seo/products/petkit-fresh-element-infinity/,PETKIT Fresh Element Infinity,,,informational,0,1,,213,9,,,/produkt/petkit-fresh-element-infinity/,,57,,,,
/admin/seo/products/petkit-fresh-element-solo/,apps/pfotentechnik/dist/admin/seo/products/petkit-fresh-element-solo/index.html,technical,PETKIT Fresh Element Solo | PfotenTechnik SEO,PETKIT Fresh Element Solo,PETKIT Fresh Element Solo | PfotenTechnik SEO,,,false,false,,,,smarte-haustiertechnik,informational,,/admin/seo/products/petkit-fresh-element-solo/,PETKIT Fresh Element Solo,,,informational,0,1,,211,9,,,/produkt/petkit-fresh-element-solo/,,57,,,,
/admin/seo/products/petkit-purobot-max-pro-2/,apps/pfotentechnik/dist/admin/seo/products/petkit-purobot-max-pro-2/index.html,technical,PETKIT PUROBOT MAX PRO 2 | PfotenTechnik SEO,PETKIT PUROBOT MAX PRO 2,PETKIT PUROBOT MAX PRO 2 | PfotenTechnik SEO,,,false,false,,,,smarte-haustiertechnik,informational,,/admin/seo/products/petkit-purobot-max-pro-2/,PETKIT PUROBOT MAX PRO 2,cat,,informational,0,1,,192,9,,,/produkt/petkit-purobot-max-pro-2/,,57,,,,
/admin/seo/products/petkit-yumshare-dual-hopper/,apps/pfotentechnik/dist/admin/seo/products/petkit-yumshare-dual-hopper/index.html,technical,PETKIT YumShare Dual-Hopper 2 | PfotenTechnik SEO,PETKIT YumShare Dual-Hopper 2,PETKIT YumShare Dual-Hopper 2 | PfotenTechnik SEO,,,false,false,,,,smarte-haustiertechnik,informational,,/admin/seo/products/petkit-yumshare-dual-hopper/,PETKIT YumShare Dual-Hopper 2,,,informational,0,1,,209,9,,,/produkt/petkit-yumshare-dual-hopper/,,57,,,,
/admin/seo/products/petkit-yumshare-solo-2/,apps/pfotentechnik/dist/admin/seo/products/petkit-yumshare-solo-2/index.html,technical,PETKIT YumShare Solo 2 | PfotenTechnik SEO,PETKIT YumShare Solo 2,PETKIT YumShare Solo 2 | PfotenTechnik SEO,,,false,false,,,,smarte-haustiertechnik,informational,,/admin/seo/products/petkit-yumshare-solo-2/,PETKIT YumShare Solo 2,,,informational,0,1,,208,9,,,/produkt/petkit-yumshare-solo-2/,,57,,,,
/admin/seo/products/petlibro-air-automatic-feeder/,apps/pfotentechnik/dist/admin/seo/products/petlibro-air-automatic-feeder/index.html,technical,PETLIBRO Air Automatic Feeder | PfotenTechnik SEO,PETLIBRO Air Automatic Feeder,PETLIBRO Air Automatic Feeder | PfotenTechnik SEO,,,false,false,,,,smarte-haustiertechnik,informational,,/admin/seo/products/petlibro-air-automatic-feeder/,PETLIBRO Air Automatic Feeder,,futterautomat,informational,0,1,,206,9,,,/produkt/petlibro-air-automatic-feeder/,,57,,,,
/admin/seo/products/petlibro-air-wifi-feeder/,apps/pfotentechnik/dist/admin/seo/products/petlibro-air-wifi-feeder/index.html,technical,PETLIBRO Air WiFi Feeder | PfotenTechnik SEO,PETLIBRO Air WiFi Feeder,PETLIBRO Air WiFi Feeder | PfotenTechnik SEO,,,false,false,,,,smarte-haustiertechnik,informational,,/admin/seo/products/petlibro-air-wifi-feeder/,PETLIBRO Air WiFi Feeder,,futterautomat,informational,0,1,,209,9,,,/produkt/petlibro-air-wifi-feeder/,,57,,,,
/admin/seo/products/petlibro-capsule-dog-fountain/,apps/pfotentechnik/dist/admin/seo/products/petlibro-capsule-dog-fountain/index.html,technical,PETLIBRO Capsule Dog Fountain | PfotenTechnik SEO,PETLIBRO Capsule Dog Fountain,PETLIBRO Capsule Dog Fountain | PfotenTechnik SEO,,,false,false,,,,smarte-haustiertechnik,informational,,/admin/seo/products/petlibro-capsule-dog-fountain/,PETLIBRO Capsule Dog Fountain,dog,trinkbrunnen,informational,0,1,,204,9,,,/produkt/petlibro-capsule-dog-fountain/,,57,,,,
/admin/seo/products/petlibro-dockstream-2-smart-cordless/,apps/pfotentechnik/dist/admin/seo/products/petlibro-dockstream-2-smart-cordless/index.html,technical,PETLIBRO Dockstream 2 Smart Cordless | PfotenTechnik SEO,PETLIBRO Dockstream 2 Smart Cordless,PETLIBRO Dockstream 2 Smart Cordless | PfotenTechnik SEO,,,false,false,,,,smarte-haustiertechnik,informational,,/admin/seo/products/petlibro-dockstream-2-smart-cordless/,PETLIBRO Dockstream 2 Smart Cordless,,,informational,0,1,,210,9,,,/produkt/petlibro-dockstream-2-smart-cordless/,,57,,,,
/admin/seo/products/petlibro-dockstream-2-smart/,apps/pfotentechnik/dist/admin/seo/products/petlibro-dockstream-2-smart/index.html,technical,PETLIBRO Dockstream 2 Smart | PfotenTechnik SEO,PETLIBRO Dockstream 2 Smart,PETLIBRO Dockstream 2 Smart | PfotenTechnik SEO,,,false,false,,,,smarte-haustiertechnik,informational,,/admin/seo/products/petlibro-dockstream-2-smart/,PETLIBRO Dockstream 2 Smart,,,informational,0,1,,206,9,,,/produkt/petlibro-dockstream-2-smart/,,57,,,,
/admin/seo/products/petlibro-dockstream-cordless/,apps/pfotentechnik/dist/admin/seo/products/petlibro-dockstream-cordless/index.html,technical,PETLIBRO Dockstream Cordless | PfotenTechnik SEO,PETLIBRO Dockstream Cordless,PETLIBRO Dockstream Cordless | PfotenTechnik SEO,,,false,false,,,,smarte-haustiertechnik,informational,,/admin/seo/products/petlibro-dockstream-cordless/,PETLIBRO Dockstream Cordless,,,informational,0,1,,201,9,,,/produkt/petlibro-dockstream-cordless/,,57,,,,
/admin/seo/products/petlibro-dockstream-rfid-smart/,apps/pfotentechnik/dist/admin/seo/products/petlibro-dockstream-rfid-smart/index.html,technical,PETLIBRO Dockstream RFID Smart | PfotenTechnik SEO,PETLIBRO Dockstream RFID Smart,PETLIBRO Dockstream RFID Smart | PfotenTechnik SEO,,,false,false,,,,smarte-haustiertechnik,informational,,/admin/seo/products/petlibro-dockstream-rfid-smart/,PETLIBRO Dockstream RFID Smart,,,informational,0,1,,204,9,,,/produkt/petlibro-dockstream-rfid-smart/,,57,,,,
/admin/seo/products/petlibro-glacier-ultrafiltration/,apps/pfotentechnik/dist/admin/seo/products/petlibro-glacier-ultrafiltration/index.html,technical,PETLIBRO Glacier Ultrafiltration Fountain | PfotenTechnik SEO,PETLIBRO Glacier Ultrafiltration Fountain,PETLIBRO Glacier Ultrafiltration Fountain | PfotenTechnik SEO,,,false,false,,,,smarte-haustiertechnik,informational,,/admin/seo/products/petlibro-glacier-ultrafiltration/,PETLIBRO Glacier Ultrafiltration Fountain,,trinkbrunnen,informational,0,1,,200,9,,,/produkt/petlibro-glacier-ultrafiltration/,,57,,,,
/admin/seo/products/petlibro-granary-2-vision/,apps/pfotentechnik/dist/admin/seo/products/petlibro-granary-2-vision/index.html,technical,PETLIBRO Granary 2 Vision | PfotenTechnik SEO,PETLIBRO Granary 2 Vision,PETLIBRO Granary 2 Vision | PfotenTechnik SEO,,,false,false,,,,smarte-haustiertechnik,informational,,/admin/seo/products/petlibro-granary-2-vision/,PETLIBRO Granary 2 Vision,cat,,informational,0,1,,208,9,,,/produkt/petlibro-granary-2-vision/,,57,,,,
/admin/seo/products/petlibro-granary-camera-feeder/,apps/pfotentechnik/dist/admin/seo/products/petlibro-granary-camera-feeder/index.html,technical,PETLIBRO Granary Camera Feeder | PfotenTechnik SEO,PETLIBRO Granary Camera Feeder,PETLIBRO Granary Camera Feeder | PfotenTechnik SEO,,,false,false,,,,smarte-haustiertechnik,informational,,/admin/seo/products/petlibro-granary-camera-feeder/,PETLIBRO Granary Camera Feeder,,futterautomat,informational,0,1,,192,9,,,/produkt/petlibro-granary-camera-feeder/,,57,,,,
/admin/seo/products/petlibro-granary-dual-feeder/,apps/pfotentechnik/dist/admin/seo/products/petlibro-granary-dual-feeder/index.html,technical,PETLIBRO Granary WiFi Dual Food Tray Feeder | PfotenTechnik SEO,PETLIBRO Granary WiFi Dual Food Tray Feeder,PETLIBRO Granary WiFi Dual Food Tray Feeder | PfotenTechnik SEO,,,false,false,,,,smarte-haustiertechnik,informational,,/admin/seo/products/petlibro-granary-dual-feeder/,PETLIBRO Granary WiFi Dual Food Tray Feeder,,futterautomat,informational,0,1,,209,9,,,/produkt/petlibro-granary-dual-feeder/,,57,,,,
/admin/seo/products/petlibro-granary-wifi-feeder/,apps/pfotentechnik/dist/admin/seo/products/petlibro-granary-wifi-feeder/index.html,technical,PETLIBRO Granary WiFi Feeder | PfotenTechnik SEO,PETLIBRO Granary WiFi Feeder,PETLIBRO Granary WiFi Feeder | PfotenTechnik SEO,,,false,false,,,,smarte-haustiertechnik,informational,,/admin/seo/products/petlibro-granary-wifi-feeder/,PETLIBRO Granary WiFi Feeder,,futterautomat,informational,0,1,,208,9,,,/produkt/petlibro-granary-wifi-feeder/,,57,,,,
/admin/seo/products/petlibro-one-rfid-smart-feeder/,apps/pfotentechnik/dist/admin/seo/products/petlibro-one-rfid-smart-feeder/index.html,technical,PETLIBRO One RFID Smart Feeder | PfotenTechnik SEO,PETLIBRO One RFID Smart Feeder,PETLIBRO One RFID Smart Feeder | PfotenTechnik SEO,,,false,false,,,,smarte-haustiertechnik,informational,,/admin/seo/products/petlibro-one-rfid-smart-feeder/,PETLIBRO One RFID Smart Feeder,,futterautomat,informational,0,1,,211,9,,,/produkt/petlibro-one-rfid-smart-feeder/,,57,,,,
/admin/seo/products/petlibro-polar-wet-food-feeder/,apps/pfotentechnik/dist/admin/seo/products/petlibro-polar-wet-food-feeder/index.html,technical,PETLIBRO Polar Wet Food Feeder | PfotenTechnik SEO,PETLIBRO Polar Wet Food Feeder,PETLIBRO Polar Wet Food Feeder | PfotenTechnik SEO,,,false,false,,,,smarte-haustiertechnik,informational,,/admin/seo/products/petlibro-polar-wet-food-feeder/,PETLIBRO Polar Wet Food Feeder,,futterautomat,informational,0,1,,209,9,,,/produkt/petlibro-polar-wet-food-feeder/,,57,,,,
/admin/seo/products/petlibro-scout-smart-camera/,apps/pfotentechnik/dist/admin/seo/products/petlibro-scout-smart-camera/index.html,technical,PETLIBRO Scout Smart Camera | PfotenTechnik SEO,PETLIBRO Scout Smart Camera,PETLIBRO Scout Smart Camera | PfotenTechnik SEO,,,false,false,,,,smarte-haustiertechnik,informational,,/admin/seo/products/petlibro-scout-smart-camera/,PETLIBRO Scout Smart Camera,,,informational,0,1,,192,9,,,/produkt/petlibro-scout-smart-camera/,,57,,,,
/admin/seo/products/petlibro-space-smart-feeder/,apps/pfotentechnik/dist/admin/seo/products/petlibro-space-smart-feeder/index.html,technical,PETLIBRO Space Smart Feeder | PfotenTechnik SEO,PETLIBRO Space Smart Feeder,PETLIBRO Space Smart Feeder | PfotenTechnik SEO,,,false,false,,,,smarte-haustiertechnik,informational,,/admin/seo/products/petlibro-space-smart-feeder/,PETLIBRO Space Smart Feeder,both,futterautomat,informational,0,1,,204,9,,,/produkt/petlibro-space-smart-feeder/,,57,,,,
/admin/seo/products/petlibro-stainless-steel-fountain/,apps/pfotentechnik/dist/admin/seo/products/petlibro-stainless-steel-fountain/index.html,technical,PETLIBRO Stainless Steel Fountain 3L | PfotenTechnik SEO,PETLIBRO Stainless Steel Fountain 3L,PETLIBRO Stainless Steel Fountain 3L | PfotenTechnik SEO,,,false,false,,,,smarte-haustiertechnik,informational,,/admin/seo/products/petlibro-stainless-steel-fountain/,PETLIBRO Stainless Steel Fountain 3L,,trinkbrunnen,informational,0,1,,204,9,,,/produkt/petlibro-stainless-steel-fountain/,,57,,,,
/admin/seo/products/petsafe-freshfeed-refrigerated-feeder/,apps/pfotentechnik/dist/admin/seo/products/petsafe-freshfeed-refrigerated-feeder/index.html,technical,PetSafe FreshFeed Refrigerated Pet Feeder | PfotenTechnik SEO,PetSafe FreshFeed Refrigerated Pet Feeder,PetSafe FreshFeed Refrigerated Pet Feeder | PfotenTechnik SEO,,,false,false,,,,smarte-haustiertechnik,informational,,/admin/seo/products/petsafe-freshfeed-refrigerated-feeder/,PetSafe FreshFeed Refrigerated Pet Feeder,,futterautomat,informational,0,1,,200,9,,,/produkt/petsafe-freshfeed-refrigerated-feeder/,,57,,,,
/admin/seo/products/petsafe-healthy-pet-simply-feed/,apps/pfotentechnik/dist/admin/seo/products/petsafe-healthy-pet-simply-feed/index.html,technical,PetSafe Healthy Pet Simply Feed | PfotenTechnik SEO,PetSafe Healthy Pet Simply Feed,PetSafe Healthy Pet Simply Feed | PfotenTechnik SEO,,,false,false,,,,smarte-haustiertechnik,informational,,/admin/seo/products/petsafe-healthy-pet-simply-feed/,PetSafe Healthy Pet Simply Feed,,,informational,0,1,,201,9,,,/produkt/petsafe-healthy-pet-simply-feed/,,57,,,,
/admin/seo/products/petsafe-mikrochip-katzenklappe/,apps/pfotentechnik/dist/admin/seo/products/petsafe-mikrochip-katzenklappe/index.html,technical,PetSafe Mikrochip Katzenklappe | PfotenTechnik SEO,PetSafe Mikrochip Katzenklappe,PetSafe Mikrochip Katzenklappe | PfotenTechnik SEO,,,false,false,,,,smarte-haustiertechnik,informational,,/admin/seo/products/petsafe-mikrochip-katzenklappe/,PetSafe Mikrochip Katzenklappe,cat,,informational,0,1,,197,9,,,/produkt/petsafe-mikrochip-katzenklappe/,,57,,,,
/admin/seo/products/petsafe-petporte-smart-flap/,apps/pfotentechnik/dist/admin/seo/products/petsafe-petporte-smart-flap/index.html,technical,PetSafe Petporte smart flap | PfotenTechnik SEO,PetSafe Petporte smart flap,PetSafe Petporte smart flap | PfotenTechnik SEO,,,false,false,,,,smarte-haustiertechnik,informational,,/admin/seo/products/petsafe-petporte-smart-flap/,PetSafe Petporte smart flap,cat,,informational,0,1,,211,9,,,/produkt/petsafe-petporte-smart-flap/,,57,,,,
/admin/seo/products/petsafe-smart-feed-2/,apps/pfotentechnik/dist/admin/seo/products/petsafe-smart-feed-2/index.html,technical,PetSafe Smart Feed 2.0 | PfotenTechnik SEO,PetSafe Smart Feed 2.0,PetSafe Smart Feed 2.0 | PfotenTechnik SEO,,,false,false,,,,smarte-haustiertechnik,informational,,/admin/seo/products/petsafe-smart-feed-2/,PetSafe Smart Feed 2.0,both,,informational,0,1,,204,9,,,/produkt/petsafe-smart-feed-2/,,57,,,,
/admin/seo/products/petwalk-medium-tiertuer/,apps/pfotentechnik/dist/admin/seo/products/petwalk-medium-tiertuer/index.html,technical,petWALK Medium Tiertür | PfotenTechnik SEO,petWALK Medium Tiertür,petWALK Medium Tiertür | PfotenTechnik SEO,,,false,false,,,,smarte-haustiertechnik,informational,,/admin/seo/products/petwalk-medium-tiertuer/,petWALK Medium Tiertür,cat,,informational,0,1,,183,9,,,/produkt/petwalk-medium-tiertuer/,,57,,,,
/admin/seo/products/surefeed-microchip-pet-feeder-connect/,apps/pfotentechnik/dist/admin/seo/products/surefeed-microchip-pet-feeder-connect/index.html,technical,SureFeed Microchip Pet Feeder Connect | PfotenTechnik SEO,SureFeed Microchip Pet Feeder Connect,SureFeed Microchip Pet Feeder Connect | PfotenTechnik SEO,,,false,false,,,,smarte-haustiertechnik,informational,,/admin/seo/products/surefeed-microchip-pet-feeder-connect/,SureFeed Microchip Pet Feeder Connect,,futterautomat,informational,0,1,,200,9,,,/produkt/surefeed-microchip-pet-feeder-connect/,,57,,,,
/admin/seo/products/surefeed-microchip-pet-feeder/,apps/pfotentechnik/dist/admin/seo/products/surefeed-microchip-pet-feeder/index.html,technical,SureFeed Microchip Pet Feeder | PfotenTechnik SEO,SureFeed Microchip Pet Feeder,SureFeed Microchip Pet Feeder | PfotenTechnik SEO,,,false,false,,,,smarte-haustiertechnik,informational,,/admin/seo/products/surefeed-microchip-pet-feeder/,SureFeed Microchip Pet Feeder,,futterautomat,informational,0,1,,201,9,,,/produkt/surefeed-microchip-pet-feeder/,,57,,,,
/admin/seo/products/sureflap-dualscan-mikrochip-katzenklappe/,apps/pfotentechnik/dist/admin/seo/products/sureflap-dualscan-mikrochip-katzenklappe/index.html,technical,SureFlap DualScan Mikrochip Katzenklappe | PfotenTechnik SEO,SureFlap DualScan Mikrochip Katzenklappe,SureFlap DualScan Mikrochip Katzenklappe | PfotenTechnik SEO,,,false,false,,,,smarte-haustiertechnik,informational,,/admin/seo/products/sureflap-dualscan-mikrochip-katzenklappe/,SureFlap DualScan Mikrochip Katzenklappe,cat,,informational,0,1,,210,9,,,/produkt/sureflap-dualscan-mikrochip-katzenklappe/,,57,,,,
/admin/seo/products/sureflap-mikrochip-katzenklappe-connect/,apps/pfotentechnik/dist/admin/seo/products/sureflap-mikrochip-katzenklappe-connect/index.html,technical,SureFlap Mikrochip Katzenklappe Connect | PfotenTechnik SEO,SureFlap Mikrochip Katzenklappe Connect,SureFlap Mikrochip Katzenklappe Connect | PfotenTechnik SEO,,,false,false,,,,smarte-haustiertechnik,informational,,/admin/seo/products/sureflap-mikrochip-katzenklappe-connect/,SureFlap Mikrochip Katzenklappe Connect,cat,,informational,0,1,,205,9,,,/produkt/sureflap-mikrochip-katzenklappe-connect/,,57,,,,
/admin/seo/products/sureflap-mikrochip-katzenklappe/,apps/pfotentechnik/dist/admin/seo/products/sureflap-mikrochip-katzenklappe/index.html,technical,SureFlap Mikrochip Katzenklappe | PfotenTechnik SEO,SureFlap Mikrochip Katzenklappe,SureFlap Mikrochip Katzenklappe | PfotenTechnik SEO,,,false,false,,,,smarte-haustiertechnik,informational,,/admin/seo/products/sureflap-mikrochip-katzenklappe/,SureFlap Mikrochip Katzenklappe,cat,,informational,0,1,,209,9,,,/produkt/sureflap-mikrochip-katzenklappe/,,57,,,,
/admin/seo/products/tractive-cat-6-mini/,apps/pfotentechnik/dist/admin/seo/products/tractive-cat-6-mini/index.html,technical,Tractive CAT 6 Mini | PfotenTechnik SEO,Tractive CAT 6 Mini,Tractive CAT 6 Mini | PfotenTechnik SEO,,,false,false,,,,smarte-haustiertechnik,informational,,/admin/seo/products/tractive-cat-6-mini/,Tractive CAT 6 Mini,cat,,informational,0,1,,216,9,,,/produkt/tractive-cat-6-mini/,,57,,,,
/admin/seo/products/tractive-dog-6-xl/,apps/pfotentechnik/dist/admin/seo/products/tractive-dog-6-xl/index.html,technical,Tractive DOG 6 XL | PfotenTechnik SEO,Tractive DOG 6 XL,Tractive DOG 6 XL | PfotenTechnik SEO,,,false,false,,,,smarte-haustiertechnik,informational,,/admin/seo/products/tractive-dog-6-xl/,Tractive DOG 6 XL,dog,,informational,0,1,,198,9,,,/produkt/tractive-dog-6-xl/,,57,,,,
/admin/seo/products/tractive-dog-6/,apps/pfotentechnik/dist/admin/seo/products/tractive-dog-6/index.html,technical,Tractive DOG 6 | PfotenTechnik SEO,Tractive DOG 6,Tractive DOG 6 | PfotenTechnik SEO,,,false,false,,,,smarte-haustiertechnik,informational,,/admin/seo/products/tractive-dog-6/,Tractive DOG 6,dog,,informational,0,1,,196,9,,,/produkt/tractive-dog-6/,,57,,,,
/admin/seo/products/weenect-xs/,apps/pfotentechnik/dist/admin/seo/products/weenect-xs/index.html,technical,Weenect XS GPS-Tracker | PfotenTechnik SEO,Weenect XS GPS-Tracker,Weenect XS GPS-Tracker | PfotenTechnik SEO,,,false,false,,,,gps-tracker,informational,,/admin/seo/products/weenect-xs/,Weenect XS GPS-Tracker,both,gps-tracker,informational,0,1,,200,9,,,/produkt/weenect-xs/,,57,,,,
/admin/seo/products/weenect-xt/,apps/pfotentechnik/dist/admin/seo/products/weenect-xt/index.html,technical,Weenect XT GPS-Tracker | PfotenTechnik SEO,Weenect XT GPS-Tracker,Weenect XT GPS-Tracker | PfotenTechnik SEO,,,false,false,,,,gps-tracker,informational,,/admin/seo/products/weenect-xt/,Weenect XT GPS-Tracker,dog,gps-tracker,informational,0,1,,202,9,,,/produkt/weenect-xt/,,57,,,,
/admin/seo/products/wopet-cube-air-ca10/,apps/pfotentechnik/dist/admin/seo/products/wopet-cube-air-ca10/index.html,technical,WOPET Cube Air WiFi Pet Feeder CA10 | PfotenTechnik SEO,WOPET Cube Air WiFi Pet Feeder CA10,WOPET Cube Air WiFi Pet Feeder CA10 | PfotenTechnik SEO,,,false,false,,,,smarte-haustiertechnik,informational,,/admin/seo/products/wopet-cube-air-ca10/,WOPET Cube Air WiFi Pet Feeder CA10,both,futterautomat,informational,0,1,,208,9,,,/produkt/wopet-cube-air-ca10/,,57,,,,
/admin/seo/products/wopet-heritage-view-camera-feeder/,apps/pfotentechnik/dist/admin/seo/products/wopet-heritage-view-camera-feeder/index.html,technical,WOPET Heritage View Camera Feeder | PfotenTechnik SEO,WOPET Heritage View Camera Feeder,WOPET Heritage View Camera Feeder | PfotenTechnik SEO,,,false,false,,,,smarte-haustiertechnik,informational,,/admin/seo/products/wopet-heritage-view-camera-feeder/,WOPET Heritage View Camera Feeder,,futterautomat,informational,0,1,,210,9,,,/produkt/wopet-heritage-view-camera-feeder/,,57,,,,
/admin/seo/products/wopet-patrol-f07-pro/,apps/pfotentechnik/dist/admin/seo/products/wopet-patrol-f07-pro/index.html,technical,WOPET Patrol F07 Pro | PfotenTechnik SEO,WOPET Patrol F07 Pro,WOPET Patrol F07 Pro | PfotenTechnik SEO,,,false,false,,,,smarte-haustiertechnik,informational,,/admin/seo/products/wopet-patrol-f07-pro/,WOPET Patrol F07 Pro,,,informational,0,1,,209,9,,,/produkt/wopet-patrol-f07-pro/,,57,,,,
/admin/seo/products/wopet-pioneer-f01-plus/,apps/pfotentechnik/dist/admin/seo/products/wopet-pioneer-f01-plus/index.html,technical,WOPET Pioneer F01 Plus | PfotenTechnik SEO,WOPET Pioneer F01 Plus,WOPET Pioneer F01 Plus | PfotenTechnik SEO,,,false,false,,,,smarte-haustiertechnik,informational,,/admin/seo/products/wopet-pioneer-f01-plus/,WOPET Pioneer F01 Plus,,,informational,0,1,,205,9,,,/produkt/wopet-pioneer-f01-plus/,,57,,,,
/admin/seo/products/xiaomi-smart-pet-food-feeder-2/,apps/pfotentechnik/dist/admin/seo/products/xiaomi-smart-pet-food-feeder-2/index.html,technical,Xiaomi Smart Pet Food Feeder 2 | PfotenTechnik SEO,Xiaomi Smart Pet Food Feeder 2,Xiaomi Smart Pet Food Feeder 2 | PfotenTechnik SEO,,,false,false,,,,smarte-haustiertechnik,informational,,/admin/seo/products/xiaomi-smart-pet-food-feeder-2/,Xiaomi Smart Pet Food Feeder 2,,futterautomat,informational,0,1,,214,9,,,/produkt/xiaomi-smart-pet-food-feeder-2/,,57,,,,
/admin/seo/products/xiaomi-smart-pet-fountain-2/,apps/pfotentechnik/dist/admin/seo/products/xiaomi-smart-pet-fountain-2/index.html,technical,Xiaomi Smart Pet Fountain 2 | PfotenTechnik SEO,Xiaomi Smart Pet Fountain 2,Xiaomi Smart Pet Fountain 2 | PfotenTechnik SEO,,,false,false,,,,smarte-haustiertechnik,informational,,/admin/seo/products/xiaomi-smart-pet-fountain-2/,Xiaomi Smart Pet Fountain 2,,trinkbrunnen,informational,0,1,,208,9,,,/produkt/xiaomi-smart-pet-fountain-2/,,57,,,,
/admin/seo/products/zeromouse-2-0/,apps/pfotentechnik/dist/admin/seo/products/zeromouse-2-0/index.html,technical,ZeroMOUSE 2.0 | PfotenTechnik SEO,ZeroMOUSE 2.0,ZeroMOUSE 2.0 | PfotenTechnik SEO,,,false,false,,,,smarte-haustiertechnik,informational,,/admin/seo/products/zeromouse-2-0/,ZeroMOUSE 2.0,cat,,informational,0,1,,204,9,,,/produkt/zeromouse-2-0/,,57,,,,
/admin/seo/prompts/,apps/pfotentechnik/dist/admin/seo/prompts/index.html,technical,Prompt Registry | PfotenTechnik SEO,Prompt Registry,Prompt Registry | PfotenTechnik SEO,,,false,false,,,,smarte-haustiertechnik,informational,,/admin/seo/prompts/,Prompt Registry,,,informational,0,0,,1581,37,,,,,72,,,,
/admin/seo/tasks/,apps/pfotentechnik/dist/admin/seo/tasks/index.html,technical,SEO-Aufgaben | PfotenTechnik SEO,SEO-Aufgaben,SEO-Aufgaben | PfotenTechnik SEO,,,false,false,,,,smarte-haustiertechnik,informational,,/admin/seo/tasks/,SEO-Aufgaben,,,informational,0,0,,106,2,,,,,30,,,,
/admin/seo/topical-authority/,apps/pfotentechnik/dist/admin/seo/topical-authority/index.html,technical,Topical Authority | PfotenTechnik SEO,Topical Authority,Topical Authority | PfotenTechnik SEO,,,false,false,,,,smarte-haustiertechnik,informational,,/admin/seo/topical-authority/,Topical Authority,,,informational,0,0,,946,36,,,,,67,,,,
/affiliate-hinweis/,apps/pfotentechnik/dist/affiliate-hinweis/index.html,legal,Affiliate-Hinweis | PfotenTechnik,Affiliate-Hinweis,Affiliate-Hinweis | PfotenTechnik,Transparente Informationen zur Finanzierung von PfotenTechnik und zum Einsatz von Affiliate-Links.,https://pfotentechnik.de/affiliate-hinweis/,true,true,,,,smarte-haustiertechnik,informational,,/affiliate-hinweis/,Affiliate-Hinweis,,,informational,113,2,1,364,8,Organization | WebPage | WebSite,,,,80,,,,
/automatische-katzentoiletten/,apps/pfotentechnik/src/content/pages/automatische-katzentoiletten.md,editorial-page,Automatische Katzentoiletten: Sicherheit & Kaufcheck,Automatische Katzentoiletten sicher auswählen,Automatische Katzentoiletten: Sicherheit & Kaufcheck,"Selbstreinigende Katzenklos nach Mindestgewicht, Einstieg, Streu, Sicherheit, Platz und Folgekosten auswählen.",https://pfotentechnik.de/automatische-katzentoiletten/,true,true,2026-08-06,2026-08-07,PfotenTechnik Redaktion,automatische-katzentoiletten,commercial-investigation,,/automatische-katzentoiletten/,Automatische Katzentoiletten sicher auswählen,cat,,informational,20,15,1,715,22,Organization | Article | ImageObject | BreadcrumbList | ListItem,top-recommendation,/produkt/neakasa-m1-lite/ | /produkt/devoko-90l-automatisches-katzenklo/ | /produkt/litter-robot-5-pro/ | /produkt/neakasa-m1-plus/ | /produkt/petkit-purobot-max-pro-2/ | /produkt/petlibro-polar-wet-food-feeder/,/vergleiche/beste-automatische-katzentoiletten/ | /vergleiche/beste-futterautomaten-fuer-seniorenkatzen/,95,,,,
/berater/futterautomat/,apps/pfotentechnik/dist/berater/futterautomat/index.html,editorial-page,Kaufberatung: passenden Gerätetyp finden,Kaufberatung,Kaufberatung: passenden Gerätetyp finden,"Interaktive Auswahlhilfe für Futterautomaten nach Tier, Futterart, Portionsgröße, Steuerung und gewünschter Ausstattung.",https://pfotentechnik.de/berater/futterautomat/,true,true,,,,futterautomaten,commercial-investigation,,/berater/futterautomat/,Kaufberatung,both,futterautomat,informational,30,2,1,154,2,Organization | WebPage | WebSite | BreadcrumbList | ListItem,,,/vergleiche/beste-futterautomaten-fuer-katzen/,63,,,,
/biofilm-im-katzentrinkbrunnen/,apps/pfotentechnik/src/content/pages/biofilm-im-katzentrinkbrunnen.md,problem-solving-guide,Schleim im Katzenbrunnen: Biofilm sicher entfernen,Schleim im Katzentrinkbrunnen: Biofilm entfernen,Schleim im Katzenbrunnen: Biofilm sicher entfernen,"Glitschigen Biofilm im Katzenbrunnen erkennen und entfernen: Tank, Pumpe, Rotor, Leitungen und Filter mechanisch richtig reinigen.",https://pfotentechnik.de/biofilm-im-katzentrinkbrunnen/,true,true,2026-07-13,2026-07-25,PfotenTechnik Redaktion,trinkbrunnen,problem-solving,,/biofilm-im-katzentrinkbrunnen/,Schleim im Katzentrinkbrunnen: Biofilm entfernen,cat,trinkbrunnen,informational,13,17,2,788,23,Organization | Article | ImageObject | BreadcrumbList | ListItem | FAQPage | Question | Answer,,/produkt/xiaomi-smart-pet-fountain-2/,/vergleiche/beste-trinkbrunnen-fuer-katzen/ | /vergleiche/beste-trinkbrunnen-fuer-hunde/ | /vergleiche/,95,,,,
/datenschutz-bei-gps-trackern/,apps/pfotentechnik/src/content/pages/datenschutz-bei-gps-trackern.md,guide,Datenschutz bei GPS-Trackern für Haustiere,Datenschutz bei GPS-Trackern,Datenschutz bei GPS-Trackern für Haustiere,"GPS-Tracker-Datenschutz prüfen: Standortverlauf, Server, App-Berechtigungen, Freigaben, Löschung, Export und Kontoschutz.",https://pfotentechnik.de/datenschutz-bei-gps-trackern/,true,true,2026-07-20,2026-07-20,PfotenTechnik Redaktion,gps-tracker,informational,,/datenschutz-bei-gps-trackern/,Datenschutz bei GPS-Trackern,both,gps-tracker,informational,5,19,2,772,20,Organization | Article | ImageObject | BreadcrumbList | ListItem | FAQPage | Question | Answer,,/produkt/tractive-dog-6/,/vergleiche/beste-gps-tracker-fuer-hunde/ | /vergleiche/beste-gps-tracker-fuer-katzen/ | /vergleiche/gps-tracker-mit-langer-akkulaufzeit/ | /vergleiche/,100,,,,
/datenschutz/,apps/pfotentechnik/dist/datenschutz/index.html,legal,Datenschutzerklärung | PfotenTechnik,Datenschutzerklärung,Datenschutzerklärung | PfotenTechnik,Informationen zur Verarbeitung personenbezogener Daten bei der Nutzung von PfotenTechnik.,https://pfotentechnik.de/datenschutz/,true,true,,,,smarte-haustiertechnik,informational,,/datenschutz/,Datenschutzerklärung,,,informational,0,0,,455,10,Organization | WebPage | WebSite,,,,72,,,,
/filter-im-katzentrinkbrunnen-wechseln/,apps/pfotentechnik/src/content/pages/filter-im-katzentrinkbrunnen-wechseln.md,medical-guide,Katzenbrunnen-Filter wechseln: alle 2–4 Wochen?,Katzenbrunnen-Filter wechseln: Intervalle und Warnzeichen,Katzenbrunnen-Filter wechseln: alle 2–4 Wochen?,"Katzenbrunnen-Filter meist alle zwei bis vier Wochen wechseln. Tierzahl, Haare, Geruch, Wasserhärte und Durchfluss können das Intervall verkürzen.",https://pfotentechnik.de/filter-im-katzentrinkbrunnen-wechseln/,true,true,2026-07-13,2026-07-25,PfotenTechnik Redaktion,trinkbrunnen,medical-information,problem-solving,/filter-im-katzentrinkbrunnen-wechseln/,Katzenbrunnen-Filter wechseln: Intervalle und Warnzeichen,cat,trinkbrunnen,informational,24,15,2,796,23,Organization | Article | ImageObject | BreadcrumbList | ListItem | FAQPage | Question | Answer,top-recommendation,/produkt/xiaomi-smart-pet-fountain-2/ | /produkt/surefeed-microchip-pet-feeder/,/vergleiche/beste-trinkbrunnen-fuer-katzen/ | /vergleiche/beste-trinkbrunnen-fuer-hunde/,95,,,,
/fuetterungszeiten-nach-alter/,apps/pfotentechnik/src/content/pages/fuetterungszeiten-nach-alter.md,guide,Fütterungszeiten nach Alter: Katze und Hund,Fütterungszeiten nach Alter: Katze und Hund richtig planen,Fütterungszeiten nach Alter: Katze und Hund,"Wie oft sollten Kitten, Welpen, erwachsene Tiere und Senioren fressen? Mit Tagesplänen, Altersstufen und wichtigen Ausnahmen.",https://pfotentechnik.de/fuetterungszeiten-nach-alter/,true,true,2026-07-12,2026-07-28,PfotenTechnik Redaktion,tierernaehrung,informational,,/fuetterungszeiten-nach-alter/,Fütterungszeiten nach Alter: Katze und Hund richtig planen,both,futterautomat,informational,5,24,2,2413,48,Organization | Article | ImageObject | BreadcrumbList | ListItem | FAQPage | Question | Answer,top-recommendation,/produkt/petkit-yumshare-dual-hopper/,/vergleiche/ | /vergleiche/beste-futterautomaten-fuer-hunde/,100,,,,
/futterautomat-bei-stromausfall/,apps/pfotentechnik/src/content/pages/futterautomat-bei-stromausfall.md,guide,Futterautomat bei Stromausfall: Läuft er weiter?,"Futterautomat bei Stromausfall: Batterie, WLAN und Offline-Betrieb",Futterautomat bei Stromausfall: Läuft er weiter?,"Was bleibt bei Strom-, WLAN- oder Internetausfall aktiv? Batterie-Backup, lokale Fütterungspläne und sicheren Ausfalltest erklärt.",https://pfotentechnik.de/futterautomat-bei-stromausfall/,true,true,2026-07-12,2026-07-28,PfotenTechnik Redaktion,futterautomaten,problem-solving,,/futterautomat-bei-stromausfall/,"Futterautomat bei Stromausfall: Batterie, WLAN und Offline-Betrieb",both,futterautomat,informational,6,31,2,4073,76,Organization | Article | ImageObject | BreadcrumbList | ListItem | FAQPage | Question | Answer,top-recommendation,/produkt/xiaomi-smart-pet-food-feeder-2/ | /produkt/petkit-fresh-element-solo/ | /produkt/petsafe-smart-feed-2/ | /produkt/petlibro-granary-wifi-feeder/ | /produkt/catit-pixi-vision-smart-feeder/,/vergleiche/beste-futterautomaten-mit-akku/ | /vergleiche/beste-futterautomaten-ohne-wlan/ | /vergleiche/futterautomat-mit-app/ | /vergleiche/beste-futterautomaten-fuer-berufstaetige/ | /vergleiche/beste-futterautomaten-fuer-hunde/ | /vergleiche/beste-futterautomaten-fuer-katzen/ | /vergleiche/beste-futterautomaten-fuer-welpen/,100,,,,
/futterautomat-bei-uebergewicht/,apps/pfotentechnik/src/content/pages/futterautomat-bei-uebergewicht.md,editorial-page,Futterautomat bei Übergewicht: Portionen sicher planen,Futterautomat bei Übergewicht,Futterautomat bei Übergewicht: Portionen sicher planen,"Futterautomat bei Übergewicht: Tagesration abwiegen, Extras einrechnen, Futterzugang sichern und Gewichtsverlauf bei Hund oder Katze kontrollieren.",https://pfotentechnik.de/futterautomat-bei-uebergewicht/,true,true,2026-07-09,2026-07-25,PfotenTechnik Redaktion,futterautomaten,commercial-investigation,,/futterautomat-bei-uebergewicht/,Futterautomat bei Übergewicht,both,futterautomat,informational,8,29,2,3251,56,Organization | Article | ImageObject | BreadcrumbList | ListItem | FAQPage | Question | Answer,top-recommendation,/produkt/xiaomi-smart-pet-food-feeder-2/ | /produkt/petlibro-granary-wifi-feeder/ | /produkt/petkit-fresh-element-solo/ | /produkt/surefeed-microchip-pet-feeder/ | /produkt/surefeed-microchip-pet-feeder-connect/,/vergleiche/ | /vergleiche/beste-futterautomaten-fuer-zwei-katzen/ | /vergleiche/beste-futterautomaten-ohne-wlan/ | /vergleiche/beste-futterautomaten-fuer-katzen/ | /vergleiche/beste-futterautomaten-fuer-hunde/ | /vergleiche/beste-futterautomaten-fuer-berufstaetige/ | /vergleiche/beste-futterautomaten-fuer-welpen/,100,,,,
/futterautomat-berater/,apps/pfotentechnik/dist/futterautomat-berater/index.html,editorial-page,Kaufberatung: Welches Modell passt? | PfotenTechnik,Welcher Futterautomat passt wirklich zu deinem Alltag?,Kaufberatung: Welches Modell passt? | PfotenTechnik,"Beantworte sechs kurze Fragen und finde passende Futterautomaten für Tier, Futterart, Alltag, Funktionen und Budget.",https://pfotentechnik.de/futterautomat-berater/,true,true,,,,futterautomaten,commercial-investigation,,/futterautomat-berater/,Welcher Futterautomat passt wirklich zu deinem Alltag?,both,futterautomat,informational,0,0,,286,4,Organization | BreadcrumbList | ListItem,,,,82,,,,
/futterautomat-hund/,apps/pfotentechnik/src/content/pages/futterautomat-hund.md,editorial-page,"Futterautomat für Hunde: Modelle nach Größe, Portion und Bedarf",Futterautomaten für Hunde,"Futterautomat für Hunde: Modelle nach Größe, Portion und Bedarf","Welcher Futterautomat passt zu deinem Hund? Kaufberatung nach Größe, Portion, Krokettengröße, App, Schlingverhalten und Alltag – mit Entscheidungsmatrix.",https://pfotentechnik.de/futterautomat-hund/,true,true,2026-07-08,2026-07-24,PfotenTechnik Redaktion,futterautomaten,commercial-investigation,,/futterautomat-hund/,Futterautomaten für Hunde,both,futterautomat,informational,44,23,1,2998,66,Organization | Article | ImageObject | BreadcrumbList | ListItem | FAQPage | Question | Answer,top-recommendation,/produkt/enabot-ebo-air-2/ | /produkt/furbo-360-hundekamera/ | /produkt/garmin-alpha-t-20/ | /produkt/petlibro-granary-wifi-feeder/ | /produkt/petlibro-polar-wet-food-feeder/,/vergleiche/ | /vergleiche/futterautomat-mit-app/ | /vergleiche/beste-futterautomaten-mit-kamera/ | /vergleiche/beste-futterautomaten-fuer-berufstaetige/ | /vergleiche/beste-futterautomaten-fuer-hunde/ | /vergleiche/beste-futterautomaten-fuer-katzen/ | /vergleiche/beste-trinkbrunnen-fuer-hunde/ | /vergleiche/beste-futterautomaten-fuer-welpen/,100,,,,
/futterautomat-im-urlaub/,apps/pfotentechnik/src/content/pages/futterautomat-im-urlaub.md,editorial-page,Futterautomat im Urlaub: Sicher mit Betreuung planen,Futterautomat im Urlaub: Sicher planen statt allein lassen,Futterautomat im Urlaub: Sicher mit Betreuung planen,"Futterautomat im Urlaub nutzen: So planst du Betreuung, Probelauf, Wasser, Stromreserve, Nassfutter und Notfälle sicher und realistisch.",https://pfotentechnik.de/futterautomat-im-urlaub/,true,true,2026-07-09,2026-07-28,PfotenTechnik Redaktion,futterautomaten,commercial-investigation,,/futterautomat-im-urlaub/,Futterautomat im Urlaub: Sicher planen statt allein lassen,cat,futterautomat,informational,14,28,2,2836,38,Organization | Article | ImageObject | BreadcrumbList | ListItem | FAQPage | Question | Answer,top-recommendation,/produkt/petlibro-polar-wet-food-feeder/ | /produkt/petlibro-granary-wifi-feeder/ | /produkt/petlibro-granary-camera-feeder/ | /produkt/xiaomi-smart-pet-food-feeder-2/ | /produkt/surefeed-microchip-pet-feeder/,/vergleiche/beste-futterautomaten-fuer-katzen/ | /vergleiche/beste-futterautomaten-fuer-nassfutter/ | /vergleiche/beste-futterautomaten-fuer-zwei-katzen/ | /vergleiche/beste-futterautomaten-ohne-wlan/ | /vergleiche/beste-futterautomaten-mit-kamera/ | /vergleiche/beste-futterautomaten-fuer-berufstaetige/ | /vergleiche/beste-futterautomaten-fuer-hunde/,100,,,,
/futterautomat-katze/,apps/pfotentechnik/src/content/pages/futterautomat-katze.md,editorial-page,Futterautomat für Katzen: Modelle im Vergleich,Futterautomaten für Katzen,Futterautomat für Katzen: Modelle im Vergleich,"Welcher Futterautomat passt zu Katzen? Vergleich von App-Modellen, Nassfutter-Lösungen und Funktionen für verlässliche Routinen.",https://pfotentechnik.de/futterautomat-katze/,true,true,2026-07-08,2026-07-08,PfotenTechnik Redaktion,futterautomaten,commercial-investigation,,/futterautomat-katze/,Futterautomaten für Katzen,cat,futterautomat,informational,37,16,1,904,25,Organization | Article | ImageObject | BreadcrumbList | ListItem | FAQPage | Question | Answer,top-recommendation,/produkt/petlibro-granary-wifi-feeder/ | /produkt/petkit-fresh-element-solo/ | /produkt/surefeed-microchip-pet-feeder-connect/,/vergleiche/beste-futterautomaten-fuer-katzen/ | /vergleiche/beste-futterautomaten-fuer-nassfutter/ | /vergleiche/futterautomat-mit-app/ | /vergleiche/beste-futterautomaten-mit-kamera/ | /vergleiche/beste-futterautomaten-fuer-berufstaetige/ | /vergleiche/beste-futterautomaten-fuer-hunde/,95,0,5,0,58.6
/futterautomat-richtig-reinigen/,apps/pfotentechnik/src/content/pages/futterautomat-richtig-reinigen.md,problem-solving-guide,"Futterautomat reinigen: Anleitung, Intervalle und Fehler","Futterautomat richtig reinigen: Anleitung, Intervalle und Fehlerdiagnose","Futterautomat reinigen: Anleitung, Intervalle und Fehler","So reinigst du Napf, Behälter, Auslass und Rotor richtig. Mit Intervallen, Spülmaschinenhinweisen, Geruchsdiagnose und Wartungsplan.",https://pfotentechnik.de/futterautomat-richtig-reinigen/,true,true,2026-07-12,2026-07-19,PfotenTechnik Redaktion,futterautomaten,commercial-investigation,,/futterautomat-richtig-reinigen/,"Futterautomat richtig reinigen: Anleitung, Intervalle und Fehlerdiagnose",,futterautomat,informational,39,18,2,6197,172,Organization | Article | ImageObject | BreadcrumbList | ListItem | FAQPage | Question | Answer,top-recommendation,/produkt/petlibro-granary-wifi-feeder/ | /produkt/surefeed-microchip-pet-feeder/,/vergleiche/ | /vergleiche/beste-futterautomaten-fuer-berufstaetige/ | /vergleiche/beste-futterautomaten-fuer-hunde/ | /vergleiche/beste-futterautomaten-fuer-katzen/ | /vergleiche/beste-futterautomaten-mit-edelstahl-napf/,100,,,,
/futterautomat-und-ernaehrung/,apps/pfotentechnik/src/content/pages/futterautomat-und-ernaehrung.md,category-hub,Futterautomat und Ernährung: Portionen richtig planen,Futterautomat und Ernährung,Futterautomat und Ernährung: Portionen richtig planen,"Futterautomat und Ernährung: So planst du Tagesration, Mahlzeiten, Snacks und Futterart richtig und nutzt Technik ohne die Ernährung zu überschätzen.",https://pfotentechnik.de/futterautomat-und-ernaehrung/,true,true,2026-07-09,2026-07-23,PfotenTechnik Redaktion,futterautomaten,category-discovery,informational,/futterautomat-und-ernaehrung/,Futterautomat und Ernährung,cat,futterautomat,informational,15,23,2,1824,49,Organization | Article | ImageObject | BreadcrumbList | ListItem | FAQPage | Question | Answer,top-recommendation,/produkt/petlibro-granary-wifi-feeder/ | /produkt/cat-mate-c500/ | /produkt/xiaomi-smart-pet-food-feeder-2/ | /produkt/sureflap-dualscan-mikrochip-katzenklappe/,/vergleiche/beste-futterautomaten-fuer-katzen/ | /vergleiche/beste-futterautomaten-fuer-nassfutter/ | /vergleiche/beste-futterautomaten-fuer-zwei-katzen/ | /vergleiche/beste-futterautomaten-fuer-berufstaetige/ | /vergleiche/beste-futterautomaten-fuer-hunde/ | /vergleiche/beste-futterautomaten-fuer-seniorenkatzen/ | /vergleiche/beste-futterautomaten-fuer-welpen/,100,,,,
/futtermenge-hund/,apps/pfotentechnik/src/content/pages/futtermenge-hund.md,guide,Futtermenge Hund berechnen: Gramm statt Schätzen,Futtermenge beim Hund richtig berechnen,Futtermenge Hund berechnen: Gramm statt Schätzen,"Futtermenge beim Hund bestimmen: Herstellerangabe prüfen, kcal in Gramm umrechnen, Leckerli einplanen und Körperkondition kontrollieren.",https://pfotentechnik.de/futtermenge-hund/,true,true,2026-07-19,2026-07-19,PfotenTechnik Redaktion,futterautomaten,commercial-investigation,,/futtermenge-hund/,Futtermenge beim Hund richtig berechnen,dog,futterautomat,informational,3,14,2,1138,18,Organization | Article | ImageObject | BreadcrumbList | ListItem | FAQPage | Question | Answer,top-recommendation,/produkt/petkit-yumshare-dual-hopper/,/vergleiche/beste-futterautomaten-fuer-hunde/ | /vergleiche/beste-futterautomaten-fuer-kleine-hunde/,100,,,,
/futtermenge-katze/,apps/pfotentechnik/src/content/pages/futtermenge-katze.md,guide,Futtermenge Katze berechnen: Tabelle & Formel,"Futtermenge bei Katzen berechnen: Tabelle, Formel und Beispiele",Futtermenge Katze berechnen: Tabelle & Formel,"Wie viel Futter braucht eine Katze? Mit Gewichtstabelle, Kalorienformel, Beispielen für Nass- und Trockenfutter sowie Mischfütterung.",https://pfotentechnik.de/futtermenge-katze/,true,true,2026-07-19,2026-07-28,PfotenTechnik Redaktion,katzenernaehrung,informational,,/futtermenge-katze/,"Futtermenge bei Katzen berechnen: Tabelle, Formel und Beispiele",cat,futterautomat,informational,5,20,2,3583,81,Organization | Article | ImageObject | BreadcrumbList | ListItem | FAQPage | Question | Answer,top-recommendation | alternatives,/produkt/surefeed-microchip-pet-feeder/,/vergleiche/beste-futterautomaten-fuer-katzen/ | /vergleiche/beste-futterautomaten-fuer-zwei-katzen/,100,,,,
/gps-oder-bluetooth/,apps/pfotentechnik/src/content/pages/gps-oder-bluetooth.md,decision-guide,GPS oder Bluetooth für Hund und Katze?,GPS oder Bluetooth?,GPS oder Bluetooth für Hund und Katze?,"GPS oder Bluetooth für Haustiere: echte Unterschiede bei Reichweite, Live-Ortung, Fremdgeräte-Netzwerk, Akku und Kosten.",https://pfotentechnik.de/gps-oder-bluetooth/,true,true,2026-07-20,2026-07-20,PfotenTechnik Redaktion,gps-tracker,commercial-investigation,,/gps-oder-bluetooth/,GPS oder Bluetooth?,both,gps-tracker,commercial,3,12,2,754,16,Organization | Article | ImageObject | BreadcrumbList | ListItem | FAQPage | Question | Answer,top-recommendation | alternatives,/produkt/weenect-xt/,/vergleiche/beste-gps-tracker-fuer-hunde/ | /vergleiche/beste-gps-tracker-fuer-katzen/ | /vergleiche/gps-tracker-ohne-abo/ | /vergleiche/gps-tracker-mit-langer-akkulaufzeit/,100,,,,
/gps-tracker-richtig-befestigen/,apps/pfotentechnik/src/content/pages/gps-tracker-richtig-befestigen.md,problem-solving-guide,GPS-Tracker bei Hund & Katze richtig befestigen,GPS-Tracker richtig befestigen,GPS-Tracker bei Hund & Katze richtig befestigen,"GPS-Tracker richtig befestigen: Hundehalsband, Geschirr, Katzen-Sicherheitsverschluss, Gewöhnung und Kontrollcheck.",https://pfotentechnik.de/gps-tracker-richtig-befestigen/,true,true,2026-07-20,2026-07-20,PfotenTechnik Redaktion,gps-tracker,problem-solving,,/gps-tracker-richtig-befestigen/,GPS-Tracker richtig befestigen,both,gps-tracker,informational,4,16,2,748,23,Organization | Article | ImageObject | BreadcrumbList | ListItem | FAQPage | Question | Answer,,,/vergleiche/kleine-gps-tracker-fuer-katzen/ | /vergleiche/beste-gps-tracker-fuer-hunde/ | /vergleiche/beste-gps-tracker-fuer-katzen/ | /vergleiche/gps-tracker-mit-langer-akkulaufzeit/ | /vergleiche/ | /vergleiche/beste-automatische-katzentoiletten/,95,,,,
/gps-tracker/,apps/pfotentechnik/src/content/pages/gps-tracker.md,category-hub,GPS-Tracker für Hunde & Katzen: der große Ratgeber,GPS-Tracker für Hunde und Katzen,GPS-Tracker für Hunde & Katzen: der große Ratgeber,"GPS-Tracker für Hund und Katze verstehen und auswählen: Gewicht, Befestigung, Mobilfunk, Akku, Abo, Genauigkeit, Datenschutz und aktuelle Vergleiche.",https://pfotentechnik.de/gps-tracker/,true,true,2026-07-20,2026-07-20,PfotenTechnik Redaktion,gps-tracker,category-discovery,informational,/gps-tracker/,GPS-Tracker für Hunde und Katzen,both,gps-tracker,informational,49,33,1,1916,41,Organization | Article | ImageObject | BreadcrumbList | ListItem | FAQPage | Question | Answer,top-recommendation,/produkt/garmin-alpha-t-20/ | /produkt/garmin-alpha-tt-25/ | /produkt/paj-pet-finder-4g-mini/ | /produkt/tractive-cat-6-mini/ | /produkt/tractive-dog-6/ | /produkt/tractive-dog-6-xl/ | /produkt/weenect-xs/ | /produkt/weenect-xt/ | /produkt/petlibro-polar-wet-food-feeder/,/vergleiche/beste-gps-tracker-fuer-hunde/ | /vergleiche/beste-gps-tracker-fuer-katzen/ | /vergleiche/gps-tracker-ohne-abo/ | /vergleiche/gps-tracker-mit-langer-akkulaufzeit/ | /vergleiche/kleine-gps-tracker-fuer-katzen/ | /vergleiche/beste-futterautomaten-fuer-katzen/ | /vergleiche/futterautomat-gegen-schlingen/,100,,,,
/haustierkameras/,apps/pfotentechnik/src/content/pages/haustierkameras.md,editorial-page,"Haustierkameras: Datenschutz, Abo & Kaufberatung","Haustierkameras auswählen: Blickbereich, Datenschutz und Kosten","Haustierkameras: Datenschutz, Abo & Kaufberatung","Haustierkamera nach Blickbereich, Interaktion, Speicherung, Datenschutz, Abo und 24-Monats-Kosten auswählen.",https://pfotentechnik.de/haustierkameras/,true,true,2026-08-06,2026-08-07,PfotenTechnik Redaktion,haustierkameras,commercial-investigation,,/haustierkameras/,"Haustierkameras auswählen: Blickbereich, Datenschutz und Kosten",,,informational,12,10,1,1157,29,Organization | Article | ImageObject | BreadcrumbList | ListItem | FAQPage | Question | Answer,top-recommendation,/produkt/petlibro-scout-smart-camera/ | /produkt/furbo-360-hundekamera/ | /produkt/enabot-ebo-air-2/ | /produkt/surefeed-microchip-pet-feeder-connect/,/vergleiche/beste-haustierkameras/,100,,,,
/hersteller/,apps/pfotentechnik/dist/hersteller/index.html,manufacturer-index,Hersteller im Überblick,Welcher Hersteller passt zu dir?,Hersteller im Überblick,"Alle Hersteller für smarte Haustiertechnik mit Bewertungen, Produktschwerpunkten und Erfahrungen.",https://pfotentechnik.de/hersteller/,true,true,,,,hersteller,category-discovery,informational,/hersteller/,Welcher Hersteller passt zu dir?,,,informational,29,19,1,306,20,Organization | WebPage | WebSite | BreadcrumbList | ListItem,,,,80,,,,
/hersteller/aqara/,apps/pfotentechnik/src/content/manufacturers/aqara.md,manufacturer,Aqara: Erfahrungen und Produkte,Aqara,Aqara: Erfahrungen und Produkte,Aqara im Überblick: Smart-Home-Geräte und der Smart Pet Feeder C1 mit Zigbee-Anbindung.,https://pfotentechnik.de/hersteller/aqara/,true,true,2026-07-26,2026-07-26,Aqara,hersteller,brand-navigation,,/hersteller/aqara/,Aqara,both,,commercial,2,10,2,532,27,Organization | Article | ImageObject | BreadcrumbList | ListItem,,/produkt/aqara-smart-pet-feeder-c1/ | /produkt/catit-pixi-vision-smart-feeder/,/vergleiche/beste-futterautomaten-fuer-kleine-hunde/,90,,,,
/hersteller/cat-mate/,apps/pfotentechnik/src/content/manufacturers/cat-mate.md,manufacturer,"Cat Mate Erfahrungen: Produkte, Bewertung und Empfehlungen",Cat Mate,"Cat Mate Erfahrungen: Produkte, Bewertung und Empfehlungen","Cat Mate im Überblick: einfache Futterautomaten für Nass- und Trockenfutter, Zielgruppen, Ersatzteile, Garantie und Alternativen.",https://pfotentechnik.de/hersteller/cat-mate/,true,true,2026-07-12,2026-07-19,Cat Mate,hersteller,brand-navigation,,/hersteller/cat-mate/,Cat Mate,both,,commercial,24,18,2,1060,38,Organization | Article | ImageObject | BreadcrumbList | ListItem | FAQPage | Question | Answer,,/produkt/cat-mate-c500/ | /produkt/cat-mate-c300/ | /produkt/cat-mate-shell-fountain/ | /produkt/cat-mate-c200/ | /produkt/cat-mate-335-pet-fountain/ | /produkt/catit-pixi-vision-smart-feeder/ | /produkt/petsafe-smart-feed-2/,/vergleiche/beste-futterautomaten-fuer-kleine-hunde/,95,,,,
/hersteller/catit/,apps/pfotentechnik/src/content/manufacturers/catit.md,manufacturer,Catit Erfahrungen: Futterautomaten und Trinkbrunnen,Catit,Catit Erfahrungen: Futterautomaten und Trinkbrunnen,"Catit Futterautomaten und Trinkbrunnen nach App, Futterart, Reinigung, Kühlung und Alltagstauglichkeit eingeordnet.",https://pfotentechnik.de/hersteller/catit/,true,true,2026-07-25,2026-07-25,Catit,trinkbrunnen,brand-navigation,,/hersteller/catit/,Catit,cat,trinkbrunnen,commercial,9,11,2,614,28,Organization | Article | ImageObject | BreadcrumbList | ListItem | FAQPage | Question | Answer,,/produkt/catit-pixi-smart-6-meal-feeder/ | /produkt/catit-pixi-vision-smart-feeder/ | /produkt/petkit-eversweet-max-2-uvc/ | /produkt/petkit-eversweet-5-mini/,/vergleiche/beste-futterautomaten-fuer-katzen/,95,,,,
/hersteller/devoko/,apps/pfotentechnik/src/content/manufacturers/devoko.md,manufacturer,Devoko: Erfahrungen und Produkte,Devoko,Devoko: Erfahrungen und Produkte,"Devoko im Überblick: preisorientierte automatische Katzentoiletten mit großem Innenraum, App und mehrstufiger Sensorik.",https://pfotentechnik.de/hersteller/devoko/,true,true,2026-08-07,2026-08-07,Devoko,hersteller,brand-navigation,,/hersteller/devoko/,Devoko,cat,,commercial,5,10,2,569,28,Organization | Article | ImageObject | BreadcrumbList | ListItem,alternatives,/produkt/devoko-90l-automatisches-katzenklo/,/vergleiche/beste-futterautomaten-fuer-katzen/ | /vergleiche/beste-automatische-katzentoiletten/,90,,,,
/hersteller/enabot/,apps/pfotentechnik/src/content/manufacturers/enabot.md,manufacturer,Enabot: Erfahrungen und Produkte,Enabot,Enabot: Erfahrungen und Produkte,Enabot im Überblick: mobile Kamera- und Familienroboter mit App-Steuerung.,https://pfotentechnik.de/hersteller/enabot/,true,true,2026-08-06,2026-08-06,Enabot,hersteller,brand-navigation,,/hersteller/enabot/,Enabot,,,commercial,3,11,2,381,27,Organization | Article | ImageObject | BreadcrumbList | ListItem,,/produkt/enabot-ebo-air-2/,/vergleiche/beste-futterautomaten-fuer-nassfutter/ | /vergleiche/beste-haustierkameras/,90,,,,
/hersteller/furbo/,apps/pfotentechnik/src/content/manufacturers/furbo.md,manufacturer,Furbo: Erfahrungen und Produkte,Furbo,Furbo: Erfahrungen und Produkte,"Furbo im Überblick: spezialisierte Haustierkameras, Interaktion, App und optionale Nanny-Dienste.",https://pfotentechnik.de/hersteller/furbo/,true,true,2026-08-06,2026-08-06,Furbo,hersteller,brand-navigation,,/hersteller/furbo/,Furbo,dog,,commercial,3,11,2,390,27,Organization | Article | ImageObject | BreadcrumbList | ListItem,,/produkt/furbo-360-hundekamera/,/vergleiche/beste-futterautomaten-fuer-hunde/ | /vergleiche/beste-haustierkameras/,90,,,,
/hersteller/garmin/,apps/pfotentechnik/src/content/manufacturers/garmin.md,manufacturer,Garmin Alpha: Hunde-GPS ohne Abo erklärt,Garmin,Garmin Alpha: Hunde-GPS ohne Abo erklärt,"Garmin Alpha mit T 20, TT 25, Handgerät, VHF-Reichweite, Akku, Zubehör und Abgrenzung zu Mobilfunktrackern.",https://pfotentechnik.de/hersteller/garmin/,true,true,2026-07-20,2026-07-20,PfotenTechnik Redaktion,gps-tracker,brand-navigation,,/hersteller/garmin/,Garmin,both,gps-tracker,commercial,11,14,2,885,35,Organization | Article | ImageObject | BreadcrumbList | ListItem | FAQPage | Question | Answer,alternatives,/produkt/garmin-alpha-t-20/ | /produkt/garmin-alpha-tt-25/,/vergleiche/beste-gps-tracker-fuer-katzen/,95,,,,
/hersteller/honeyguardian/,apps/pfotentechnik/src/content/manufacturers/honeyguardian.md,manufacturer,"HoneyGuardian Erfahrungen: Produkte, Bewertung und Empfehlungen",HoneyGuardian,"HoneyGuardian Erfahrungen: Produkte, Bewertung und Empfehlungen","HoneyGuardian im Überblick: Futterautomaten mit Timer oder WLAN, Zielgruppen, App, Ersatzteile, Garantie sowie Stärken und Schwächen.",https://pfotentechnik.de/hersteller/honeyguardian/,true,true,2026-07-12,2026-07-19,HoneyGuardian,hersteller,brand-navigation,,/hersteller/honeyguardian/,HoneyGuardian,both,,commercial,9,12,2,1034,37,Organization | Article | ImageObject | BreadcrumbList | ListItem | FAQPage | Question | Answer,alternatives,/produkt/honeyguardian-a68/ | /produkt/honeyguardian-a305d/ | /produkt/honeyguardian-smart-pet-feeder-s305d/,/vergleiche/beste-futterautomaten-fuer-kleine-hunde/,95,,,,
/hersteller/imipaw/,apps/pfotentechnik/src/content/manufacturers/imipaw.md,manufacturer,"IMIPAW Erfahrungen: Produkte, Bewertung und Empfehlungen",IMIPAW,"IMIPAW Erfahrungen: Produkte, Bewertung und Empfehlungen","IMIPAW im Überblick: einfache Futterautomaten für den Einstieg, Zielgruppen, Funktionen, Ersatzteile, Garantie und passende Alternativen.",https://pfotentechnik.de/hersteller/imipaw/,true,true,2026-07-12,2026-07-19,IMIPAW,hersteller,brand-navigation,,/hersteller/imipaw/,IMIPAW,,,commercial,5,11,2,843,34,Organization | Article | ImageObject | BreadcrumbList | ListItem | FAQPage | Question | Answer,alternatives,/produkt/imipaw-3l-automatic-cat-feeder/ | /produkt/catit-pixi-vision-smart-feeder/,/vergleiche/beste-futterautomaten-fuer-kleine-hunde/,95,,,,
/hersteller/neakasa/,apps/pfotentechnik/src/content/manufacturers/neakasa.md,manufacturer,Neakasa: Erfahrungen und Produkte,Neakasa,Neakasa: Erfahrungen und Produkte,Neakasa im Überblick: offene automatische Katzentoiletten mit App und Sensorik.,https://pfotentechnik.de/hersteller/neakasa/,true,true,2026-08-06,2026-08-07,Neakasa,hersteller,brand-navigation,,/hersteller/neakasa/,Neakasa,cat,,commercial,7,12,2,484,28,Organization | Article | ImageObject | BreadcrumbList | ListItem,alternatives,/produkt/neakasa-m1-plus/ | /produkt/neakasa-m1-lite/,/vergleiche/beste-gps-tracker-fuer-katzen/ | /vergleiche/beste-automatische-katzentoiletten/,90,,,,
/hersteller/oneisall/,apps/pfotentechnik/src/content/manufacturers/oneisall.md,manufacturer,"oneisall Erfahrungen: Produkte, Bewertung und Empfehlungen",oneisall,"oneisall Erfahrungen: Produkte, Bewertung und Empfehlungen","oneisall im Überblick: Futterautomaten und Trinkbrunnen für Hunde und Katzen, Zielgruppen, Ersatzteile, Garantie und Alternativen.",https://pfotentechnik.de/hersteller/oneisall/,true,true,2026-07-12,2026-07-19,oneisall,hersteller,brand-navigation,,/hersteller/oneisall/,oneisall,both,,commercial,14,15,2,1091,36,Organization | Article | ImageObject | BreadcrumbList | ListItem | FAQPage | Question | Answer,,/produkt/oneisall-5l-automatic-cat-feeder/ | /produkt/oneisall-3-5l-cordless-fountain/ | /produkt/oneisall-7l-dog-water-fountain/ | /produkt/oneisall-2-in-1-feeder-water/ | /produkt/oneisall-2-2l-cordless-fountain/ | /produkt/oneisall-3-2l-cordless-fountain/,/vergleiche/beste-trinkbrunnen-fuer-hunde/,95,,,,
/hersteller/onlycat/,apps/pfotentechnik/src/content/manufacturers/onlycat.md,manufacturer,OnlyCat: App-Katzenklappe & Beuteerkennung,OnlyCat,OnlyCat: App-Katzenklappe & Beuteerkennung,"OnlyCat als Hersteller: Produktrolle, App, Kamera, Strom, WLAN und Preismodelle.",https://pfotentechnik.de/hersteller/onlycat/,true,true,2026-08-04,2026-08-04,PfotenTechnik Redaktion,hersteller,brand-navigation,,/hersteller/onlycat/,OnlyCat,cat,,commercial,7,11,2,423,30,Organization | Article | ImageObject | BreadcrumbList | ListItem | FAQPage | Question | Answer,,/produkt/onlycat-mikrochip-katzenklappe/,/vergleiche/beste-haustierkameras/ | /vergleiche/katzenklappen-mit-app-und-beuteerkennung/,95,,,,
/hersteller/paj-gps/,apps/pfotentechnik/src/content/manufacturers/paj-gps.md,manufacturer,"PAJ GPS: PET Finder, App, Kosten & Datenschutz",PAJ GPS,"PAJ GPS: PET Finder, App, Kosten & Datenschutz","PAJ GPS Herstellerprofil mit PET Finder 4G Mini, FINDER Portal, 27 Monaten Tracking, EU-Servern und Folgekosten.",https://pfotentechnik.de/hersteller/paj-gps/,true,true,2026-07-20,2026-07-20,PfotenTechnik Redaktion,gps-tracker,brand-navigation,,/hersteller/paj-gps/,PAJ GPS,cat,gps-tracker,commercial,9,13,2,859,34,Organization | Article | ImageObject | BreadcrumbList | ListItem | FAQPage | Question | Answer,alternatives,/produkt/paj-pet-finder-4g-mini/ | /produkt/garmin-alpha-tt-25/ | /produkt/tractive-cat-6-mini/,/vergleiche/beste-gps-tracker-fuer-katzen/,95,,,,
/hersteller/pawbby/,apps/pfotentechnik/src/content/manufacturers/pawbby.md,manufacturer,"PAWBBY Erfahrungen: Produkte, Bewertung und Empfehlungen",PAWBBY,"PAWBBY Erfahrungen: Produkte, Bewertung und Empfehlungen","PAWBBY im Überblick: smarte Haustiertechnik im Xiaomi-Umfeld, Zielgruppen, App-Ökosystem, Ersatzteile, Garantie und Alternativen.",https://pfotentechnik.de/hersteller/pawbby/,true,true,2026-07-12,2026-07-19,PAWBBY,hersteller,brand-navigation,,/hersteller/pawbby/,PAWBBY,,,commercial,5,11,2,805,34,Organization | Article | ImageObject | BreadcrumbList | ListItem | FAQPage | Question | Answer,alternatives,/produkt/pawbby-smart-pet-feeder/ | /produkt/catit-pixi-vision-smart-feeder/,/vergleiche/beste-futterautomaten-fuer-kleine-hunde/,95,,,,
/hersteller/pawsync/,apps/pfotentechnik/src/content/manufacturers/pawsync.md,manufacturer,PawSync: Erfahrungen und Produkte,PawSync,PawSync: Erfahrungen und Produkte,PawSync im Überblick: datenorientierte Futterautomaten mit Gewichtsmessung und Fressprotokoll.,https://pfotentechnik.de/hersteller/pawsync/,true,true,2026-07-26,2026-07-26,PawSync,hersteller,brand-navigation,,/hersteller/pawsync/,PawSync,both,,commercial,2,9,2,472,27,Organization | Article | ImageObject | BreadcrumbList | ListItem,,/produkt/pawsync-smart-pet-feeder/ | /produkt/petlibro-granary-2-vision/,/vergleiche/beste-futterautomaten-fuer-kleine-hunde/,90,,,,
/hersteller/petkit/,apps/pfotentechnik/src/content/manufacturers/petkit.md,manufacturer,"PETKIT Erfahrungen: Produkte, Bewertung und Empfehlungen",PETKIT,"PETKIT Erfahrungen: Produkte, Bewertung und Empfehlungen","PETKIT im Überblick: smarte Futterautomaten und Trinkbrunnen, App-Ökosystem, Zielgruppen, Filter, Ersatzteile, Garantie und Alternativen.",https://pfotentechnik.de/hersteller/petkit/,true,true,2026-07-12,2026-07-25,PETKIT,hersteller,brand-navigation,,/hersteller/petkit/,PETKIT,cat,,commercial,31,22,2,1356,39,Organization | Article | ImageObject | BreadcrumbList | ListItem | FAQPage | Question | Answer,,/produkt/petkit-yumshare-solo-2/ | /produkt/petkit-yumshare-dual-hopper/ | /produkt/petkit-eversweet-solo-2-fountain/ | /produkt/petkit-fresh-element-solo/ | /produkt/petkit-fresh-element-infinity/ | /produkt/petkit-eversweet-solo-se/ | /produkt/petkit-eversweet-3-pro-uvc/ | /produkt/petkit-eversweet-5-mini/ | /produkt/petkit-eversweet-max-cordless/ | /produkt/petkit-eversweet-max-2-uvc/ | /produkt/petkit-eversweet-ultra/ | /produkt/petkit-purobot-max-pro-2/,/vergleiche/beste-futterautomaten-fuer-kleine-hunde/,95,,,,
/hersteller/petlibro/,apps/pfotentechnik/src/content/manufacturers/petlibro.md,manufacturer,PETLIBRO Futterautomaten 2026: Modelle und Unterschiede,PETLIBRO,PETLIBRO Futterautomaten 2026: Modelle und Unterschiede,"PETLIBRO Futterautomaten und Trinkbrunnen einordnen: Granary, Polar, One RFID, Space und Dockstream nach App, Kamera, Kühlung und Zugang.",https://pfotentechnik.de/hersteller/petlibro/,true,true,2026-07-12,2026-08-06,PETLIBRO,futterautomaten,brand-navigation,,/hersteller/petlibro/,PETLIBRO,both,futterautomat,commercial,50,33,2,2172,42,Organization | Article | ImageObject | BreadcrumbList | ListItem | FAQPage | Question | Answer,,/produkt/petlibro-granary-camera-feeder/ | /produkt/petlibro-polar-wet-food-feeder/ | /produkt/petlibro-one-rfid-smart-feeder/ | /produkt/petlibro-granary-wifi-feeder/ | /produkt/petlibro-granary-dual-feeder/ | /produkt/petlibro-air-wifi-feeder/ | /produkt/petlibro-air-automatic-feeder/ | /produkt/petlibro-space-smart-feeder/ | /produkt/petlibro-dockstream-cordless/ | /produkt/petlibro-dockstream-2-smart/ | /produkt/petlibro-dockstream-rfid-smart/ | /produkt/petlibro-capsule-dog-fountain/ | /produkt/petlibro-stainless-steel-fountain/ | /produkt/petlibro-glacier-ultrafiltration/ | /produkt/petlibro-dockstream-2-smart-cordless/ | /produkt/petlibro-granary-2-vision/ | /produkt/petlibro-scout-smart-camera/ | /produkt/catit-pixi-smart-6-meal-feeder/,/vergleiche/beste-trinkbrunnen-fuer-hunde/,95,,,,
/hersteller/petsafe/,apps/pfotentechnik/src/content/manufacturers/petsafe.md,manufacturer,"PetSafe Erfahrungen: Modelle, Funktionen und Unterschiede",PetSafe,"PetSafe Erfahrungen: Modelle, Funktionen und Unterschiede","PetSafe Futterautomaten und Versorgungstechnik nach Futterart, App, Stromversorgung, Reinigung und Alltagstauglichkeit eingeordnet.",https://pfotentechnik.de/hersteller/petsafe/,true,true,2026-07-25,2026-08-04,PetSafe,hersteller,brand-navigation,,/hersteller/petsafe/,PetSafe,both,,commercial,12,15,2,777,31,Organization | Article | ImageObject | BreadcrumbList | ListItem | FAQPage | Question | Answer,,/produkt/petsafe-freshfeed-refrigerated-feeder/ | /produkt/petsafe-mikrochip-katzenklappe/ | /produkt/petsafe-healthy-pet-simply-feed/ | /produkt/petsafe-petporte-smart-flap/ | /produkt/petsafe-smart-feed-2/,/vergleiche/beste-trinkbrunnen-fuer-hunde/,95,,,,
/hersteller/petwalk/,apps/pfotentechnik/src/content/manufacturers/petwalk.md,manufacturer,petWALK Tiertüren: Hersteller & Einordnung,petWALK,petWALK Tiertüren: Hersteller & Einordnung,"petWALK als Hersteller motorisierter Tiertüren: Dämmung, Chip, App, Notstrom und Einbau.",https://pfotentechnik.de/hersteller/petwalk/,true,true,2026-08-04,2026-08-04,PfotenTechnik Redaktion,hersteller,brand-navigation,,/hersteller/petwalk/,petWALK,both,,commercial,4,10,2,414,30,Organization | Article | ImageObject | BreadcrumbList | ListItem | FAQPage | Question | Answer,alternatives,/produkt/petwalk-medium-tiertuer/,/vergleiche/beste-gps-tracker-fuer-katzen/,95,,,,
/hersteller/surefeed/,apps/pfotentechnik/src/content/manufacturers/surefeed.md,manufacturer,"SureFeed Erfahrungen: Produkte, Bewertung und Empfehlungen",SureFeed,"SureFeed Erfahrungen: Produkte, Bewertung und Empfehlungen","SureFeed im Überblick: Mikrochip-Futterautomaten für getrennte Rationen, Zielgruppen, Ersatzteile, Garantie und Alternativen.",https://pfotentechnik.de/hersteller/surefeed/,true,true,2026-07-12,2026-07-19,SureFeed,hersteller,brand-navigation,,/hersteller/surefeed/,SureFeed,both,,commercial,20,15,2,1101,38,Organization | Article | ImageObject | BreadcrumbList | ListItem | FAQPage | Question | Answer,,/produkt/surefeed-microchip-pet-feeder-connect/ | /produkt/surefeed-microchip-pet-feeder/ | /produkt/sureflap-mikrochip-katzenklappe-connect/ | /produkt/sureflap-mikrochip-katzenklappe/ | /produkt/sureflap-dualscan-mikrochip-katzenklappe/,/vergleiche/beste-futterautomaten-fuer-kleine-hunde/,95,,,,
/hersteller/tractive/,apps/pfotentechnik/src/content/manufacturers/tractive.md,manufacturer,"Tractive: GPS-Tracker, App, Abo & Garantie",Tractive,"Tractive: GPS-Tracker, App, Abo & Garantie","Tractive Herstellerprofil mit DOG 6, DOG 6 XL, CAT 6 Mini, App, Abo, Zubehör, Garantie und Alternativen.",https://pfotentechnik.de/hersteller/tractive/,true,true,2026-07-20,2026-07-20,PfotenTechnik Redaktion,katzen-und-hundespezifische-hardware,brand-navigation,,/hersteller/tractive/,Tractive,both,gps-tracker,commercial,18,15,2,1015,37,Organization | Article | ImageObject | BreadcrumbList | ListItem | FAQPage | Question | Answer,alternatives,/produkt/tractive-dog-6/ | /produkt/tractive-cat-6-mini/ | /produkt/tractive-dog-6-xl/,/vergleiche/beste-gps-tracker-fuer-katzen/,95,,,,
/hersteller/weenect/,apps/pfotentechnik/src/content/manufacturers/weenect.md,manufacturer,"Weenect: GPS-Tracker, Abo, App & Garantie",Weenect,"Weenect: GPS-Tracker, Abo, App & Garantie","Weenect Herstellerprofil mit XS, XT, App, Multi-Netz-SIM, Zubehör, Abo und lebenslanger Garantie.",https://pfotentechnik.de/hersteller/weenect/,true,true,2026-07-20,2026-08-06,PfotenTechnik Redaktion,gps-tracker,brand-navigation,,/hersteller/weenect/,Weenect,both,gps-tracker,commercial,17,17,2,931,36,Organization | Article | ImageObject | BreadcrumbList | ListItem | FAQPage | Question | Answer,alternatives,/produkt/weenect-xs/ | /produkt/weenect-xt/,/vergleiche/beste-gps-tracker-fuer-katzen/,95,0,1,0,23
/hersteller/whisker/,apps/pfotentechnik/src/content/manufacturers/whisker.md,manufacturer,Whisker: Erfahrungen und Produkte,Whisker,Whisker: Erfahrungen und Produkte,"Whisker im Überblick: Litter-Robot, App, Kamera- und optionale Whisker+-Funktionen.",https://pfotentechnik.de/hersteller/whisker/,true,true,2026-08-06,2026-08-06,Whisker,hersteller,brand-navigation,,/hersteller/whisker/,Whisker,cat,,commercial,5,10,2,414,27,Organization | Article | ImageObject | BreadcrumbList | ListItem,alternatives,/produkt/litter-robot-5-pro/,/vergleiche/beste-automatische-katzentoiletten/,90,,,,
/hersteller/wopet/,apps/pfotentechnik/src/content/manufacturers/wopet.md,manufacturer,"WOPET Erfahrungen: Produkte, Bewertung und Empfehlungen",WOPET,"WOPET Erfahrungen: Produkte, Bewertung und Empfehlungen","WOPET im Überblick: Futterautomaten ohne WLAN sowie Modelle mit App und Kamera, Zielgruppen, Ersatzteile, Garantie und Alternativen.",https://pfotentechnik.de/hersteller/wopet/,true,true,2026-07-12,2026-07-19,WOPET,hersteller,brand-navigation,,/hersteller/wopet/,WOPET,,,commercial,14,14,2,1156,39,Organization | Article | ImageObject | BreadcrumbList | ListItem | FAQPage | Question | Answer,alternatives,/produkt/wopet-cube-air-ca10/ | /produkt/wopet-patrol-f07-pro/ | /produkt/wopet-pioneer-f01-plus/ | /produkt/wopet-heritage-view-camera-feeder/,/vergleiche/beste-trinkbrunnen-fuer-hunde/,95,,,,
/hersteller/xiaomi/,apps/pfotentechnik/src/content/manufacturers/xiaomi.md,manufacturer,"Xiaomi Erfahrungen: Produkte, Bewertung und Empfehlungen",Xiaomi,"Xiaomi Erfahrungen: Produkte, Bewertung und Empfehlungen","Xiaomi Smart Pet im Überblick: Futterautomaten und Trinkbrunnen, App-Ökosystem, Zielgruppen, Filter, Ersatzteile und Alternativen.",https://pfotentechnik.de/hersteller/xiaomi/,true,true,2026-07-12,2026-07-19,Xiaomi,hersteller,brand-navigation,,/hersteller/xiaomi/,Xiaomi,,,commercial,20,15,2,961,35,Organization | Article | ImageObject | BreadcrumbList | ListItem | FAQPage | Question | Answer,,/produkt/xiaomi-smart-pet-food-feeder-2/ | /produkt/xiaomi-smart-pet-fountain-2/ | /produkt/pawbby-smart-pet-feeder/,/vergleiche/beste-futterautomaten-fuer-kleine-hunde/,95,,,,
/hersteller/zeromouse/,apps/pfotentechnik/src/content/manufacturers/zeromouse.md,manufacturer,ZeroMOUSE: KI-Beuteerkennung für Katzenklappen,ZeroMOUSE,ZeroMOUSE: KI-Beuteerkennung für Katzenklappen,"ZeroMOUSE im Überblick: KI-Sensor für Mikrochip-Katzenklappen, Kompatibilität, App, Strombedarf und Grenzen der Beuteerkennung.",https://pfotentechnik.de/hersteller/zeromouse/,true,true,2026-07-27,2026-07-27,ZeroMOUSE,hersteller,brand-navigation,,/hersteller/zeromouse/,ZeroMOUSE,cat,,commercial,8,14,2,720,33,Organization | Article | ImageObject | BreadcrumbList | ListItem | FAQPage | Question | Answer,,/produkt/zeromouse-2-0/ | /produkt/onlycat-mikrochip-katzenklappe/,/vergleiche/beste-automatische-katzentoiletten/ | /vergleiche/katzenklappen-mit-app-und-beuteerkennung/,95,,,,
/hund-entlaufen-gps-sinnvoll/,apps/pfotentechnik/src/content/pages/hund-entlaufen-gps-sinnvoll.md,decision-guide,Hund entlaufen: Wie GPS jetzt sinnvoll hilft,Hund entlaufen – GPS sinnvoll?,Hund entlaufen: Wie GPS jetzt sinnvoll hilft,"Hund entlaufen trotz GPS? Sofortplan mit Zeitstempel, Live-Modus, Standortfreigabe, TASSO-Meldung und Grenzen des Trackers.",https://pfotentechnik.de/hund-entlaufen-gps-sinnvoll/,true,true,2026-07-20,2026-07-20,PfotenTechnik Redaktion,gps-tracker,problem-solving,,/hund-entlaufen-gps-sinnvoll/,Hund entlaufen – GPS sinnvoll?,dog,gps-tracker,commercial,6,13,2,696,18,Organization | Article | ImageObject | BreadcrumbList | ListItem | FAQPage | Question | Answer,,/produkt/paj-pet-finder-4g-mini/,/vergleiche/beste-gps-tracker-fuer-hunde/ | /vergleiche/,100,,,,
/hund-frisst-nicht/,apps/pfotentechnik/src/content/pages/hund-frisst-nicht.md,medical-guide,Hund frisst nicht: Ursachen und Warnzeichen,"Hund frisst nicht: Ursachen, Warnzeichen und richtiges Vorgehen",Hund frisst nicht: Ursachen und Warnzeichen,"Hund frisst nicht? Erkennen Sie Notfälle, messen Sie die tatsächliche Futteraufnahme und erfahren Sie, wann tierärztliche Hilfe nötig ist.",https://pfotentechnik.de/hund-frisst-nicht/,true,true,2026-07-16,2026-07-16,PfotenTechnik Redaktion,futterautomaten,medical-information,problem-solving,/hund-frisst-nicht/,"Hund frisst nicht: Ursachen, Warnzeichen und richtiges Vorgehen",dog,futterautomat,informational,10,23,1,5573,93,Organization | Article | ImageObject | BreadcrumbList | ListItem | FAQPage | Question | Answer,top-recommendation,/produkt/surefeed-microchip-pet-feeder-connect/,/vergleiche/beste-futterautomaten-fuer-hunde/ | /vergleiche/beste-trinkbrunnen-fuer-hunde/,100,,,,
/hund-frisst-zu-schnell/,apps/pfotentechnik/src/content/pages/hund-frisst-zu-schnell.md,editorial-page,Hund frisst zu schnell: Ursachen & Tipps gegen Schlingen,"Hund frisst zu schnell – Ursachen, Risiken und wirksame Lösungen",Hund frisst zu schnell: Ursachen & Tipps gegen Schlingen,"Erfahren Sie, warum Hunde ihr Futter herunterschlingen, welche Risiken bestehen und welche Maßnahmen wirklich helfen.",https://pfotentechnik.de/hund-frisst-zu-schnell/,true,true,2026-07-29,2026-07-29,PfotenTechnik Redaktion,futterautomaten,medical-information,problem-solving,/hund-frisst-zu-schnell/,"Hund frisst zu schnell – Ursachen, Risiken und wirksame Lösungen",dog,futterautomat,informational,2,10,2,1010,41,Organization | Article | ImageObject | BreadcrumbList | ListItem,,,/vergleiche/futterautomat-gegen-schlingen/ | /vergleiche/,100,,,,
/hund-hat-durchfall/,apps/pfotentechnik/src/content/pages/hund-hat-durchfall.md,medical-guide,"Hund hat Durchfall: Ursachen, Warnzeichen und Tierarzt","Hund hat Durchfall: Ursachen, Warnzeichen und richtiges Vorgehen","Hund hat Durchfall: Ursachen, Warnzeichen und Tierarzt","Hund hat Durchfall? Erkennen Sie Dehydration, Blut, Fremdkörper und andere Warnzeichen.",https://pfotentechnik.de/hund-hat-durchfall/,true,true,2026-07-16,2026-07-19,PfotenTechnik Redaktion,hundegesundheit,medical-information,problem-solving,/hund-hat-durchfall/,"Hund hat Durchfall: Ursachen, Warnzeichen und richtiges Vorgehen",dog,,informational,2,15,2,1842,39,Organization | Article | ImageObject | BreadcrumbList | ListItem | FAQPage | Question | Answer,,,/vergleiche/,100,,,,
/hund-ist-muede/,apps/pfotentechnik/src/content/pages/hund-ist-muede.md,medical-guide,"Hund ist müde: Ursachen, Warnzeichen und Tierarzt",Hund ist müde: Wann Müdigkeit normal ist und wann sie krankhaft wird,"Hund ist müde: Ursachen, Warnzeichen und Tierarzt","Hund ist ungewöhnlich müde oder schlapp? Erkennen Sie Notfälle, typische Ursachen und sinnvolle Beobachtungen vor dem Tierarzttermin.",https://pfotentechnik.de/hund-ist-muede/,true,true,2026-07-16,2026-07-19,PfotenTechnik Redaktion,hundegesundheit,medical-information,problem-solving,/hund-ist-muede/,Hund ist müde: Wann Müdigkeit normal ist und wann sie krankhaft wird,dog,,informational,2,17,2,3033,58,Organization | Article | ImageObject | BreadcrumbList | ListItem | FAQPage | Question | Answer,,,/vergleiche/,100,,,,
/hund-trinkt-ploetzlich-viel/,apps/pfotentechnik/src/content/pages/hund-trinkt-ploetzlich-viel.md,editorial-page,Hund trinkt plötzlich viel: Ursachen und Hilfe,"Hund trinkt plötzlich viel – Ursachen, Warnzeichen und was jetzt zu tun ist",Hund trinkt plötzlich viel: Ursachen und Hilfe,"Erfahren Sie, wann vermehrtes Trinken normal ist, welche Krankheiten dahinterstecken können und wann Sie zum Tierarzt sollten.",https://pfotentechnik.de/hund-trinkt-ploetzlich-viel/,true,true,2026-07-29,2026-07-29,PfotenTechnik Redaktion,smarte-haustiertechnik,medical-information,problem-solving,/hund-trinkt-ploetzlich-viel/,"Hund trinkt plötzlich viel – Ursachen, Warnzeichen und was jetzt zu tun ist",dog,,informational,4,11,2,888,35,Organization | Article | ImageObject | BreadcrumbList | ListItem,,,/vergleiche/ | /vergleiche/gps-tracker-ohne-abo/,100,,,,
/hund-trinkt-viel/,apps/pfotentechnik/src/content/pages/hund-trinkt-viel.md,medical-guide,"Hund trinkt viel: Ursachen, Messung, Tierarzt",Hund trinkt viel: Ursachen und Warnzeichen,"Hund trinkt viel: Ursachen, Messung, Tierarzt","Der Hund trinkt plötzlich viel? So misst du die Trinkmenge, erkennst Begleitsymptome und weißt, wann tierärztliche Abklärung nötig ist.",https://pfotentechnik.de/hund-trinkt-viel/,true,true,2026-07-19,2026-07-19,PfotenTechnik Redaktion,hundegesundheit,medical-information,problem-solving,/hund-trinkt-viel/,Hund trinkt viel: Ursachen und Warnzeichen,dog,,informational,6,12,2,1302,22,Organization | Article | ImageObject | BreadcrumbList | ListItem | FAQPage | Question | Answer,,,/vergleiche/,100,,,,
/hund-trinkt-zu-wenig/,apps/pfotentechnik/src/content/pages/hund-trinkt-zu-wenig.md,medical-guide,Hund trinkt zu wenig: Anzeichen und Warnsignale,"Hund trinkt zu wenig: Anzeichen, Ursachen und richtiges Vorgehen",Hund trinkt zu wenig: Anzeichen und Warnsignale,"Hund trinkt wenig oder gar nicht? So messen Sie die Wasseraufnahme, erkennen Dehydration und wissen, wann tierärztliche Hilfe nötig ist.",https://pfotentechnik.de/hund-trinkt-zu-wenig/,true,true,2026-07-16,2026-07-19,PfotenTechnik Redaktion,trinkbrunnen,medical-information,problem-solving,/hund-trinkt-zu-wenig/,"Hund trinkt zu wenig: Anzeichen, Ursachen und richtiges Vorgehen",dog,trinkbrunnen,informational,10,22,1,4775,75,Organization | Article | ImageObject | BreadcrumbList | ListItem | FAQPage | Question | Answer,top-recommendation | alternatives,/produkt/tractive-dog-6-xl/,/vergleiche/beste-trinkbrunnen-fuer-hunde/,100,,,,
/impressum/,apps/pfotentechnik/dist/impressum/index.html,legal,Impressum | PfotenTechnik,Impressum,Impressum | PfotenTechnik,Anbieterkennzeichnung und rechtliche Informationen zu PfotenTechnik.,https://pfotentechnik.de/impressum/,true,true,,,,smarte-haustiertechnik,informational,,/impressum/,Impressum,,,informational,1,0,2,119,7,Organization | WebPage | WebSite,,,,67,,,,
/kalk-katzentrinkbrunnen-entfernen/,apps/pfotentechnik/src/content/pages/kalk-katzentrinkbrunnen-entfernen.md,problem-solving-guide,Katzenbrunnen entkalken: Kalk sicher entfernen,Katzenbrunnen entkalken: Kalk sicher entfernen,Katzenbrunnen entkalken: Kalk sicher entfernen,"Kalk im Katzenbrunnen materialschonend entfernen: Pumpe, Rotor, Tank und Edelstahl reinigen, gründlich spülen und Schäden vermeiden.",https://pfotentechnik.de/kalk-katzentrinkbrunnen-entfernen/,true,true,2026-07-13,2026-07-25,PfotenTechnik Redaktion,trinkbrunnen,problem-solving,,/kalk-katzentrinkbrunnen-entfernen/,Katzenbrunnen entkalken: Kalk sicher entfernen,cat,trinkbrunnen,informational,9,17,2,840,22,Organization | Article | ImageObject | BreadcrumbList | ListItem | FAQPage | Question | Answer,,/produkt/xiaomi-smart-pet-fountain-2/,/vergleiche/beste-trinkbrunnen-fuer-katzen/ | /vergleiche/beste-trinkbrunnen-fuer-hunde/ | /vergleiche/,95,,,,
/katze-an-katzenklappe-gewoehnen/,apps/pfotentechnik/src/content/pages/katze-an-katzenklappe-gewoehnen.md,problem-solving-guide,Katze an Katzenklappe gewöhnen: Schritt für Schritt,Katze an die Katzenklappe gewöhnen,Katze an Katzenklappe gewöhnen: Schritt für Schritt,"Katzenklappen-Training in kleinen Stufen: offene Passage, Bewegung, Geräusch, Chip und Verriegelung.",https://pfotentechnik.de/katze-an-katzenklappe-gewoehnen/,true,true,2026-08-04,2026-08-04,PfotenTechnik Redaktion,katzenklappen,problem-solving,,/katze-an-katzenklappe-gewoehnen/,Katze an die Katzenklappe gewöhnen,cat,,informational,4,11,2,360,11,Organization | Article | ImageObject | BreadcrumbList | ListItem,,/produkt/zeromouse-2-0/,/vergleiche/beste-mikrochip-katzenklappen/ | /vergleiche/,90,,,,
/katze-an-trinkbrunnen-gewoehnen/,apps/pfotentechnik/src/content/pages/katze-an-trinkbrunnen-gewoehnen.md,problem-solving-guide,Katze an Trinkbrunnen gewöhnen,Katze an einen Trinkbrunnen gewöhnen: ohne Druck und ohne Durststrecke,Katze an Trinkbrunnen gewöhnen,"Trinkbrunnen stressarm einführen: Standort, Geräusch, Belohnung und paralleler Wassernapf.",https://pfotentechnik.de/katze-an-trinkbrunnen-gewoehnen/,true,true,2026-07-13,2026-07-19,PfotenTechnik Redaktion,katzenverhalten,problem-solving,,/katze-an-trinkbrunnen-gewoehnen/,Katze an einen Trinkbrunnen gewöhnen: ohne Druck und ohne Durststrecke,cat,trinkbrunnen,informational,5,16,2,743,22,Organization | Article | ImageObject | BreadcrumbList | ListItem | FAQPage | Question | Answer,alternatives,/produkt/xiaomi-smart-pet-fountain-2/,/vergleiche/beste-trinkbrunnen-fuer-hunde/ | /vergleiche/beste-trinkbrunnen-fuer-katzen/ | /vergleiche/,95,,,,
/katze-entlaufen-gps-sinnvoll/,apps/pfotentechnik/src/content/pages/katze-entlaufen-gps-sinnvoll.md,guide,Katze entlaufen: Wie GPS bei der Suche hilft,Katze entlaufen – GPS sinnvoll?,Katze entlaufen: Wie GPS bei der Suche hilft,"Katze entlaufen trotz Tracker? Suchplan mit GPS, ruhigen Zeiten, Nahbereich, TASSO-Meldung und sicherer Annäherung.",https://pfotentechnik.de/katze-entlaufen-gps-sinnvoll/,true,true,2026-07-20,2026-07-20,PfotenTechnik Redaktion,gps-tracker,problem-solving,,/katze-entlaufen-gps-sinnvoll/,Katze entlaufen – GPS sinnvoll?,cat,gps-tracker,informational,6,14,2,698,18,Organization | Article | ImageObject | BreadcrumbList | ListItem | FAQPage | Question | Answer,,/produkt/paj-pet-finder-4g-mini/,/vergleiche/beste-gps-tracker-fuer-katzen/ | /vergleiche/,95,,,,
/katze-frisst-nicht/,apps/pfotentechnik/src/content/pages/katze-frisst-nicht.md,medical-guide,Katze frisst nicht: Wann zum Tierarzt?,"Katze frisst nicht: Ursachen, Warnzeichen und richtiges Vorgehen",Katze frisst nicht: Wann zum Tierarzt?,"Katze frisst nicht? So schätzen Sie die Dringlichkeit ein, erkennen Warnzeichen und wissen, was Sie bis zum Tierarzttermin sicher tun können.",https://pfotentechnik.de/katze-frisst-nicht/,true,true,2026-07-15,2026-07-15,PfotenTechnik Redaktion,futterautomaten,medical-information,problem-solving,/katze-frisst-nicht/,"Katze frisst nicht: Ursachen, Warnzeichen und richtiges Vorgehen",cat,futterautomat,informational,5,17,2,5643,132,Organization | Article | ImageObject | BreadcrumbList | ListItem | FAQPage | Question | Answer,top-recommendation | alternatives,/produkt/catit-pixi-smart-6-meal-feeder/,/vergleiche/beste-futterautomaten-fuer-katzen/ | /vergleiche/beste-futterautomaten-fuer-seniorenkatzen/,100,,,,
/katze-trinkt-viel/,apps/pfotentechnik/src/content/pages/katze-trinkt-viel.md,medical-guide,Katze trinkt viel: Ursachen und Warnzeichen,"Katze trinkt viel: Ursachen, Warnzeichen und richtige Beobachtung",Katze trinkt viel: Ursachen und Warnzeichen,"Ihre Katze trinkt plötzlich viel? So messen Sie die Veränderung, erkennen Begleitsymptome und wissen, wann tierärztliche Hilfe nötig ist.",https://pfotentechnik.de/katze-trinkt-viel/,true,true,2026-07-15,2026-07-19,PfotenTechnik Redaktion,trinkbrunnen,medical-information,problem-solving,/katze-trinkt-viel/,"Katze trinkt viel: Ursachen, Warnzeichen und richtige Beobachtung",cat,trinkbrunnen,informational,4,19,2,3749,106,Organization | Article | ImageObject | BreadcrumbList | ListItem | FAQPage | Question | Answer,top-recommendation,/produkt/petlibro-granary-2-vision/,/vergleiche/beste-trinkbrunnen-fuer-katzen/ | /vergleiche/beste-futterautomaten-fuer-seniorenkatzen/,100,,,,
/katzenklappe-einbauen/,apps/pfotentechnik/src/content/pages/katzenklappe-einbauen.md,problem-solving-guide,"Katzenklappe einbauen: Tür, Glas und Wand richtig planen","Katzenklappe einbauen: Tür, Glas und Wand richtig planen","Katzenklappe einbauen: Tür, Glas und Wand richtig planen","Schritt-für-Schritt-Anleitung für den Einbau einer Katzenklappe mit Planung von Ausschnitt, Durchgang, Glas, Wand, Stromversorgung und typischen Fehlern.",https://pfotentechnik.de/katzenklappe-einbauen/,true,true,2026-08-04,2026-08-06,PfotenTechnik Redaktion,smarte-haustiertechnik,problem-solving,,/katzenklappe-einbauen/,"Katzenklappe einbauen: Tür, Glas und Wand richtig planen",cat,,informational,4,15,2,845,31,Organization | Article | ImageObject | BreadcrumbList | ListItem,,/produkt/sureflap-dualscan-mikrochip-katzenklappe/,/vergleiche/beste-mikrochip-katzenklappen/ | /vergleiche/katzenklappen-mit-app-und-beuteerkennung/ | /vergleiche/,95,,,,
/katzenklappe-fuer-mehrere-katzen/,apps/pfotentechnik/src/content/pages/katzenklappe-fuer-mehrere-katzen.md,problem-solving-guide,Katzenklappe für mehrere Katzen: Rechte richtig planen,Katzenklappe für mehrere Katzen: Rechte richtig planen,Katzenklappe für mehrere Katzen: Rechte richtig planen,"Praxisratgeber für Mehrkatzenhaushalte: Welche Katzenklappe passt, wie Ein- und Ausgangsrechte geplant werden und welche Fehler sich vermeiden lassen.",https://pfotentechnik.de/katzenklappe-fuer-mehrere-katzen/,true,true,2026-08-04,2026-08-06,PfotenTechnik Redaktion,smarte-haustiertechnik,problem-solving,,/katzenklappe-fuer-mehrere-katzen/,Katzenklappe für mehrere Katzen: Rechte richtig planen,cat,,informational,3,13,2,649,28,Organization | Article | ImageObject | BreadcrumbList | ListItem,,/produkt/sureflap-dualscan-mikrochip-katzenklappe/,/vergleiche/beste-mikrochip-katzenklappen/ | /vergleiche/katzenklappen-mit-app-und-beuteerkennung/ | /vergleiche/ | /vergleiche/beste-futterautomaten-fuer-seniorenkatzen/,100,,,,
/katzenklappe-zugluft-und-waermedaemmung/,apps/pfotentechnik/src/content/pages/katzenklappe-zugluft-und-waermedaemmung.md,guide,Katzenklappe: Zugluft & Wärmedämmung prüfen,Katzenklappe: Zugluft und Wärmedämmung richtig bewerten,Katzenklappe: Zugluft & Wärmedämmung prüfen,"Zugluft an Katzenklappen beurteilen: Klappendichtung, Einbauanschluss, Wärmebrücke, Wind und Gebäudebauteil.",https://pfotentechnik.de/katzenklappe-zugluft-und-waermedaemmung/,true,true,2026-08-04,2026-08-04,PfotenTechnik Redaktion,katzenklappen,informational,,/katzenklappe-zugluft-und-waermedaemmung/,Katzenklappe: Zugluft und Wärmedämmung richtig bewerten,cat,,informational,4,9,2,342,13,Organization | Article | ImageObject | BreadcrumbList | ListItem,,/produkt/petwalk-medium-tiertuer/,/vergleiche/,90,,,,
/katzenklappen/,apps/pfotentechnik/src/content/pages/katzenklappen.md,editorial-page,"Katzenklappen: Mikrochip, App & Einbau auswählen","Katzenklappen auswählen: Zugang, Einbau und smarte Funktionen","Katzenklappen: Mikrochip, App & Einbau auswählen","Katzenklappe nach Zugang, Mehrkatzen-Rechten, Durchgang, Einbau, App und Beuteerkennung auswählen.",https://pfotentechnik.de/katzenklappen/,true,true,2026-08-04,2026-08-04,PfotenTechnik Redaktion,katzenklappen,commercial-investigation,,/katzenklappen/,"Katzenklappen auswählen: Zugang, Einbau und smarte Funktionen",cat,,informational,17,22,1,1195,37,Organization | Article | ImageObject | BreadcrumbList | ListItem | FAQPage | Question | Answer,top-recommendation,/produkt/petsafe-petporte-smart-flap/ | /produkt/onlycat-mikrochip-katzenklappe/ | /produkt/petsafe-mikrochip-katzenklappe/ | /produkt/petwalk-medium-tiertuer/ | /produkt/sureflap-dualscan-mikrochip-katzenklappe/ | /produkt/sureflap-mikrochip-katzenklappe/ | /produkt/sureflap-mikrochip-katzenklappe-connect/ | /produkt/zeromouse-2-0/,/vergleiche/beste-mikrochip-katzenklappen/ | /vergleiche/katzenklappen-mit-app-und-beuteerkennung/ | /vergleiche/beste-futterautomaten-fuer-katzen/,100,,,,
/katzentrinkbrunnen-dauerbetrieb-urlaub/,apps/pfotentechnik/src/content/pages/katzentrinkbrunnen-dauerbetrieb-urlaub.md,guide,Katzenbrunnen im Dauerbetrieb und Urlaub,Katzentrinkbrunnen im Dauerbetrieb und im Urlaub,Katzenbrunnen im Dauerbetrieb und Urlaub,"Katzentrinkbrunnen durchlaufen lassen? So sicherst du Wasser bei Urlaub, Stromausfall, leerem Tank oder Pumpenstörung ab.",https://pfotentechnik.de/katzentrinkbrunnen-dauerbetrieb-urlaub/,true,true,2026-07-13,2026-07-13,PfotenTechnik Redaktion,trinkbrunnen,commercial-investigation,,/katzentrinkbrunnen-dauerbetrieb-urlaub/,Katzentrinkbrunnen im Dauerbetrieb und im Urlaub,cat,trinkbrunnen,informational,2,17,2,796,21,Organization | Article | ImageObject | BreadcrumbList | ListItem | FAQPage | Question | Answer,top-recommendation | alternatives,/produkt/cat-mate-335-pet-fountain/ | /produkt/cat-mate-shell-fountain/ | /produkt/oneisall-2-2l-cordless-fountain/ | /produkt/xiaomi-smart-pet-fountain-2/ | /produkt/surefeed-microchip-pet-feeder/,/vergleiche/beste-trinkbrunnen-fuer-katzen/ | /vergleiche/beste-trinkbrunnen-fuer-hunde/,95,,,,
/katzentrinkbrunnen-laut-pumpe/,apps/pfotentechnik/src/content/pages/katzentrinkbrunnen-laut-pumpe.md,guide,Katzenbrunnen laut? Pumpe in 6 Schritten prüfen,Katzenbrunnen laut? Pumpe in 6 Schritten prüfen,Katzenbrunnen laut? Pumpe in 6 Schritten prüfen,"Katzenbrunnen brummt oder rattert? Wasserstand, Luft, Filter, Haare, Kalk, Rotor und Untergrund in der richtigen Reihenfolge prüfen.",https://pfotentechnik.de/katzentrinkbrunnen-laut-pumpe/,true,true,2026-07-13,2026-07-25,PfotenTechnik Redaktion,trinkbrunnen,informational,,/katzentrinkbrunnen-laut-pumpe/,Katzenbrunnen laut? Pumpe in 6 Schritten prüfen,cat,trinkbrunnen,informational,7,19,2,910,27,Organization | Article | ImageObject | BreadcrumbList | ListItem | FAQPage | Question | Answer,,/produkt/cat-mate-335-pet-fountain/ | /produkt/cat-mate-shell-fountain/ | /produkt/oneisall-2-2l-cordless-fountain/ | /produkt/xiaomi-smart-pet-fountain-2/,/vergleiche/beste-trinkbrunnen-fuer-katzen/ | /vergleiche/beste-trinkbrunnen-fuer-hunde/ | /vergleiche/,95,,,,
/katzentrinkbrunnen-material-edelstahl-keramik-kunststoff/,apps/pfotentechnik/src/content/pages/katzentrinkbrunnen-material-edelstahl-keramik-kunststoff.md,decision-guide,"Katzenbrunnen: Edelstahl, Keramik oder Kunststoff?","Katzenbrunnen: Edelstahl, Keramik oder Kunststoff?","Katzenbrunnen: Edelstahl, Keramik oder Kunststoff?","Edelstahl, Keramik und Kunststoff bei Katzenbrunnen vergleichen: Hygiene, Kratzer, Gewicht, Bruchrisiko, Geräusch und Reinigung.",https://pfotentechnik.de/katzentrinkbrunnen-material-edelstahl-keramik-kunststoff/,true,true,2026-07-13,2026-07-25,PfotenTechnik Redaktion,trinkbrunnen,commercial-investigation,,/katzentrinkbrunnen-material-edelstahl-keramik-kunststoff/,"Katzenbrunnen: Edelstahl, Keramik oder Kunststoff?",cat,trinkbrunnen,commercial,14,17,2,837,24,Organization | Article | ImageObject | BreadcrumbList | ListItem | FAQPage | Question | Answer,top-recommendation,/produkt/cat-mate-335-pet-fountain/ | /produkt/cat-mate-shell-fountain/ | /produkt/oneisall-2-2l-cordless-fountain/ | /produkt/xiaomi-smart-pet-fountain-2/ | /produkt/petlibro-polar-wet-food-feeder/,/vergleiche/beste-trinkbrunnen-fuer-katzen/ | /vergleiche/beste-trinkbrunnen-fuer-hunde/,95,,,,
/katzentrinkbrunnen-ohne-filter/,apps/pfotentechnik/src/content/pages/katzentrinkbrunnen-ohne-filter.md,guide,Katzentrinkbrunnen ohne Filter: Vor- und Nachteile,Katzentrinkbrunnen ohne Filter: sinnvoll oder unhygienisch?,Katzentrinkbrunnen ohne Filter: Vor- und Nachteile,"Filterloser Katzenbrunnen erklärt: Was Filter auffangen, warum Reinigung trotzdem nötig ist und für wen ein Modell ohne Kartusche passt.",https://pfotentechnik.de/katzentrinkbrunnen-ohne-filter/,true,true,2026-07-13,2026-07-23,PfotenTechnik Redaktion,trinkbrunnen,commercial-investigation,,/katzentrinkbrunnen-ohne-filter/,Katzentrinkbrunnen ohne Filter: sinnvoll oder unhygienisch?,cat,trinkbrunnen,informational,7,15,2,910,22,Organization | Article | ImageObject | BreadcrumbList | ListItem | FAQPage | Question | Answer,top-recommendation,/produkt/cat-mate-335-pet-fountain/ | /produkt/cat-mate-shell-fountain/ | /produkt/oneisall-2-2l-cordless-fountain/ | /produkt/xiaomi-smart-pet-fountain-2/ | /produkt/surefeed-microchip-pet-feeder-connect/,/vergleiche/beste-trinkbrunnen-fuer-katzen/ | /vergleiche/beste-trinkbrunnen-fuer-hunde/,95,,,,
/katzentrinkbrunnen-richtig-reinigen/,apps/pfotentechnik/src/content/pages/katzentrinkbrunnen-richtig-reinigen.md,problem-solving-guide,Katzentrinkbrunnen reinigen: 7 Schritte für Pumpe & Tank,"Katzentrinkbrunnen reinigen: Pumpe, Tank und Filter",Katzentrinkbrunnen reinigen: 7 Schritte für Pumpe & Tank,"Katzenbrunnen richtig reinigen: Wasser wechseln, Filter entnehmen, Tank, Dichtungen, Auslauf, Pumpe und Rotorraum gründlich säubern.",https://pfotentechnik.de/katzentrinkbrunnen-richtig-reinigen/,true,true,2026-07-13,2026-07-25,PfotenTechnik Redaktion,trinkbrunnen,commercial-investigation,,/katzentrinkbrunnen-richtig-reinigen/,"Katzentrinkbrunnen reinigen: Pumpe, Tank und Filter",cat,trinkbrunnen,informational,13,15,2,2068,37,Organization | Article | ImageObject | BreadcrumbList | ListItem | FAQPage | Question | Answer,top-recommendation,/produkt/xiaomi-smart-pet-fountain-2/ | /produkt/surefeed-microchip-pet-feeder/,/vergleiche/beste-trinkbrunnen-fuer-katzen/ | /vergleiche/beste-trinkbrunnen-fuer-hunde/,100,,,,
/katzenwasser-taeglich-wechseln/,apps/pfotentechnik/src/content/pages/katzenwasser-taeglich-wechseln.md,problem-solving-guide,Katzenwasser wechseln: Wie oft ist richtig?,Wie oft sollte man Katzenwasser wechseln?,Katzenwasser wechseln: Wie oft ist richtig?,"Katzenwasser täglich wechseln: Unterschiede zwischen Wassernapf und Trinkbrunnen, Reinigung und Warnzeichen verständlich erklärt.",https://pfotentechnik.de/katzenwasser-taeglich-wechseln/,true,true,2026-07-13,2026-07-23,PfotenTechnik Redaktion,trinkbrunnen,problem-solving,,/katzenwasser-taeglich-wechseln/,Wie oft sollte man Katzenwasser wechseln?,cat,trinkbrunnen,informational,7,16,2,868,22,Organization | Article | ImageObject | BreadcrumbList | ListItem | FAQPage | Question | Answer,,/produkt/xiaomi-smart-pet-fountain-2/,/vergleiche/beste-trinkbrunnen-fuer-hunde/ | /vergleiche/beste-trinkbrunnen-fuer-katzen/ | /vergleiche/,100,,,,
/kaufberatung/,apps/pfotentechnik/dist/kaufberatung/index.html,editorial-page,Kaufberatung für Haustiertechnik | PfotenTechnik,Welche Haustiertechnik passt wirklich zu dir?,Kaufberatung für Haustiertechnik | PfotenTechnik,Geführter Futterautomaten-Berater sowie unabhängige Vergleiche und Ratgeber für Trinkbrunnen und GPS-Tracker.,https://pfotentechnik.de/kaufberatung/,true,true,,,,smarte-haustiertechnik,commercial-investigation,,/kaufberatung/,Welche Haustiertechnik passt wirklich zu dir?,,,informational,0,5,,172,6,Organization | WebPage | WebSite | BreadcrumbList | ListItem,,,/vergleiche/,75,,,,
/kontakt/,apps/pfotentechnik/dist/kontakt/index.html,legal,Kontakt | PfotenTechnik,Kontakt,Kontakt | PfotenTechnik,"Kontakt zur PfotenTechnik-Redaktion für Hinweise, Korrekturen und allgemeine Anfragen.",https://pfotentechnik.de/kontakt/,true,true,,,,smarte-haustiertechnik,informational,,/kontakt/,Kontakt,,,informational,112,0,2,161,5,Organization | WebPage | WebSite,,,,57,,,,
/nierenkranke-katze-trinken/,apps/pfotentechnik/src/content/pages/nierenkranke-katze-trinken.md,guide,Nierenkranke Katze trinkt wenig: Was hilft?,Nierenkranke Katze zum Trinken animieren,Nierenkranke Katze trinkt wenig: Was hilft?,"Wasseraufnahme bei Katzen mit chronischer Nierenerkrankung unterstützen: mehrere Quellen, Nassfutter, Beobachtung und tierärztliche Grenzen.",https://pfotentechnik.de/nierenkranke-katze-trinken/,true,true,2026-07-13,2026-07-13,PfotenTechnik Redaktion,trinkbrunnen,commercial-investigation,,/nierenkranke-katze-trinken/,Nierenkranke Katze zum Trinken animieren,cat,trinkbrunnen,informational,7,13,2,685,19,Organization | Article | ImageObject | BreadcrumbList | ListItem | FAQPage | Question | Answer,top-recommendation,/produkt/surefeed-microchip-pet-feeder/,/vergleiche/beste-trinkbrunnen-fuer-katzen/,95,,,,
/produkt/aqara-smart-pet-feeder-c1/,apps/pfotentechnik/src/content/products/aqara-smart-pet-feeder-c1.md,product,Aqara Smart Pet Feeder C1 Test,Aqara Smart Pet Feeder C1,Aqara Smart Pet Feeder C1 Test,"Aqara Smart Pet Feeder C1 im Recherche-Test: Zigbee, Hub, Portionen, Batterie-Backup, Erfahrungen und Schwächen.",https://pfotentechnik.de/produkt/aqara-smart-pet-feeder-c1/,true,true,2026-07-12,2026-07-12,Aqara,futterautomaten,product-research,transactional-support,/produkt/aqara-smart-pet-feeder-c1/,Aqara Smart Pet Feeder C1,both,futterautomat,commercial,5,14,2,1119,34,Organization | WebPage | WebSite | BreadcrumbList | ListItem | Product | Brand | Offer | Review | Rating | ItemList,alternatives,/produkt/pawsync-smart-pet-feeder/ | /produkt/petkit-yumshare-dual-hopper/ | /produkt/petlibro-granary-camera-feeder/,/vergleiche/beste-futterautomaten-fuer-katzen/ | /vergleiche/beste-futterautomaten-fuer-kleine-hunde/,90,,,,
/produkt/cat-mate-335-pet-fountain/,apps/pfotentechnik/src/content/products/cat-mate-335-pet-fountain.md,product,Cat Mate Pet Fountain 335 im Check,Cat Mate Pet Fountain 335,Cat Mate Pet Fountain 335 im Check,"Cat Mate 335 mit rund 2 Litern, drei Trinkebenen, regelbarer Pumpe, spülmaschinengeeigneten Schalen und verfügbaren Ersatzteilen.",https://pfotentechnik.de/produkt/cat-mate-335-pet-fountain/,true,true,2026-07-13,2026-07-23,Cat Mate,trinkbrunnen,product-research,transactional-support,/produkt/cat-mate-335-pet-fountain/,Cat Mate Pet Fountain 335,both,trinkbrunnen,commercial,16,16,2,1324,29,Organization | WebPage | WebSite | BreadcrumbList | ListItem | Product | Brand | Offer | Review | Rating | ItemList,alternatives,/produkt/xiaomi-smart-pet-fountain-2/ | /produkt/oneisall-7l-dog-water-fountain/ | /produkt/oneisall-3-5l-cordless-fountain/,/vergleiche/beste-trinkbrunnen-fuer-katzen/ | /vergleiche/beste-futterautomaten-fuer-kleine-hunde/,90,,,,
/produkt/cat-mate-c200/,apps/pfotentechnik/src/content/products/cat-mate-c200.md,product,Cat Mate C200 im Check,Cat Mate C200,Cat Mate C200 im Check,"Cat Mate C200 mit zwei 48-Stunden-Timern, zwei 400-g-Fächern, Kühlakku und rund zwölf Monaten Batterielaufzeit.",https://pfotentechnik.de/produkt/cat-mate-c200/,true,true,2026-07-12,2026-07-16,Cat Mate,futterautomaten,product-research,transactional-support,/produkt/cat-mate-c200/,Cat Mate C200,both,futterautomat,commercial,5,15,2,1060,34,Organization | WebPage | WebSite | BreadcrumbList | ListItem | Product | Brand | Offer | Review | Rating | ItemList,alternatives,/produkt/petkit-yumshare-dual-hopper/ | /produkt/petlibro-granary-camera-feeder/ | /produkt/petlibro-granary-dual-feeder/,/vergleiche/beste-futterautomaten-fuer-katzen/ | /vergleiche/beste-futterautomaten-fuer-kleine-hunde/,90,,,,
/produkt/cat-mate-c300/,apps/pfotentechnik/src/content/products/cat-mate-c300.md,product,Cat Mate C300 im Check,Cat Mate C300,Cat Mate C300 im Check,"Cat Mate C300 mit drei 170-g-Fächern, zwei programmierbaren Zeiten, Kühlakku und rund zwölf Monaten Batterielaufzeit.",https://pfotentechnik.de/produkt/cat-mate-c300/,true,true,2026-07-12,2026-07-16,Cat Mate,futterautomaten,product-research,transactional-support,/produkt/cat-mate-c300/,Cat Mate C300,both,futterautomat,commercial,5,15,2,1070,34,Organization | WebPage | WebSite | BreadcrumbList | ListItem | Product | Brand | Offer | Review | Rating | ItemList,alternatives,/produkt/petkit-yumshare-dual-hopper/ | /produkt/petlibro-granary-camera-feeder/ | /produkt/petlibro-granary-dual-feeder/,/vergleiche/beste-futterautomaten-fuer-katzen/ | /vergleiche/beste-futterautomaten-fuer-kleine-hunde/,90,,,,
/produkt/cat-mate-c500/,apps/pfotentechnik/src/content/products/cat-mate-c500.md,product,Cat Mate C500 im Check,Cat Mate C500,Cat Mate C500 im Check,"Cat Mate C500 mit fünf 155-g-Fächern, zwei Kühlakkus, drei AA-Batterien und spülmaschinengeeignetem Einsatz.",https://pfotentechnik.de/produkt/cat-mate-c500/,true,true,2026-07-12,2026-07-16,Cat Mate,futterautomaten,product-research,transactional-support,/produkt/cat-mate-c500/,Cat Mate C500,both,futterautomat,commercial,13,15,2,1208,34,Organization | WebPage | WebSite | BreadcrumbList | ListItem | Product | Brand | Offer | Review | Rating | ItemList,alternatives,/produkt/cat-mate-c200/ | /produkt/petkit-yumshare-dual-hopper/ | /produkt/petlibro-granary-camera-feeder/,/vergleiche/beste-futterautomaten-fuer-katzen/ | /vergleiche/beste-futterautomaten-fuer-kleine-hunde/,90,,,,
/produkt/cat-mate-shell-fountain/,apps/pfotentechnik/src/content/products/cat-mate-shell-fountain.md,product,Cat Mate Shell Pet Fountain im Check,Cat Mate Shell Pet Fountain,Cat Mate Shell Pet Fountain im Check,"Cat Mate Shell Pet Fountain mit 3 Litern, zwei Trinkhöhen, BPA-freiem Kunststoff und monatlichem Filterwechsel.",https://pfotentechnik.de/produkt/cat-mate-shell-fountain/,true,true,2026-07-13,2026-07-16,Cat Mate,trinkbrunnen,product-research,transactional-support,/produkt/cat-mate-shell-fountain/,Cat Mate Shell Pet Fountain,both,trinkbrunnen,commercial,13,16,2,1025,31,Organization | WebPage | WebSite | BreadcrumbList | ListItem | Product | Brand | Review | Rating | ItemList,alternatives,/produkt/xiaomi-smart-pet-fountain-2/ | /produkt/oneisall-7l-dog-water-fountain/ | /produkt/oneisall-3-5l-cordless-fountain/,/vergleiche/beste-trinkbrunnen-fuer-katzen/ | /vergleiche/beste-futterautomaten-fuer-kleine-hunde/,90,,,,
/produkt/catit-pixi-smart-6-meal-feeder/,apps/pfotentechnik/src/content/products/catit-pixi-smart-6-meal-feeder.md,product,Catit PIXI Smart 6-Meal Feeder im Check,Catit PIXI Smart 6-Meal Feeder,Catit PIXI Smart 6-Meal Feeder im Check,"Catit PIXI Smart 6-Meal Feeder mit sechs 170-ml-Fächern, App, Touchpanel, Kühlakkus und den wichtigsten Grenzen im Alltag.",https://pfotentechnik.de/produkt/catit-pixi-smart-6-meal-feeder/,true,true,2026-07-12,2026-07-23,Catit,futterautomaten,product-research,transactional-support,/produkt/catit-pixi-smart-6-meal-feeder/,Catit PIXI Smart 6-Meal Feeder,cat,futterautomat,commercial,8,17,2,1455,35,Organization | WebPage | WebSite | BreadcrumbList | ListItem | Product | Brand | Offer | Review | Rating | ItemList,alternatives,/produkt/xiaomi-smart-pet-food-feeder-2/ | /produkt/petkit-yumshare-dual-hopper/ | /produkt/petlibro-granary-camera-feeder/,/vergleiche/beste-futterautomaten-fuer-katzen/ | /vergleiche/beste-futterautomaten-fuer-seniorenkatzen/,90,,,,
/produkt/catit-pixi-vision-smart-feeder/,apps/pfotentechnik/src/content/products/catit-pixi-vision-smart-feeder.md,product,Catit PIXI Vision Smart Feeder Test,Catit PIXI Vision Smart Feeder,Catit PIXI Vision Smart Feeder Test,"Catit PIXI Vision Smart Feeder im Recherche-Test: Kamera, App, Portionierung, Erfahrungen, Schwächen und Alternativen.",https://pfotentechnik.de/produkt/catit-pixi-vision-smart-feeder/,true,true,2026-07-12,2026-08-10,Catit,futterautomaten,product-research,transactional-support,/produkt/catit-pixi-vision-smart-feeder/,Catit PIXI Vision Smart Feeder,cat,futterautomat,commercial,11,17,2,1117,35,Organization | WebPage | WebSite | BreadcrumbList | ListItem | Product | Brand | Offer | Review | Rating | ItemList,alternatives,/produkt/petkit-yumshare-dual-hopper/ | /produkt/petlibro-granary-camera-feeder/ | /produkt/surefeed-microchip-pet-feeder/,/vergleiche/beste-futterautomaten-fuer-katzen/ | /vergleiche/beste-futterautomaten-fuer-zwei-katzen/,90,,,,
/produkt/devoko-90l-automatisches-katzenklo/,apps/pfotentechnik/src/content/products/devoko-90l-automatisches-katzenklo.md,product,Devoko 90L Automatisches Katzenklo im Check,Devoko 90L Automatisches Katzenklo,Devoko 90L Automatisches Katzenklo im Check,"Devoko 90L eingeordnet: 90 l Innenraum, 8,5 l Abfallbehälter, 23 cm Einstieg, 1,5–10 kg Katzengewicht, App, Sensorik, Deo-System und Datenlücken.",https://pfotentechnik.de/produkt/devoko-90l-automatisches-katzenklo/,true,true,2026-08-07,2026-08-07,Devoko,automatische-katzentoiletten,product-research,transactional-support,/produkt/devoko-90l-automatisches-katzenklo/,Devoko 90L Automatisches Katzenklo,cat,,commercial,10,14,2,1744,30,Organization | WebPage | WebSite | BreadcrumbList | ListItem | Product | Brand | Offer | Review | Rating | ItemList,alternatives,/produkt/neakasa-m1-plus/ | /produkt/neakasa-m1-lite/ | /produkt/petkit-purobot-max-pro-2/,/vergleiche/beste-automatische-katzentoiletten/,90,,,,
/produkt/enabot-ebo-air-2/,apps/pfotentechnik/src/content/products/enabot-ebo-air-2.md,product,Enabot EBO Air 2 im Check,Enabot EBO Air 2,Enabot EBO Air 2 im Check,"Enabot EBO Air 2 als mobiler 2K-Kameraroboter: Reichweite im Zuhause, Hindernisse, App und Datenschutz eingeordnet.",https://pfotentechnik.de/produkt/enabot-ebo-air-2/,true,true,2026-08-06,2026-08-06,PfotenTechnik Redaktion,haustierkameras,product-research,transactional-support,/produkt/enabot-ebo-air-2/,Enabot EBO Air 2,both,,commercial,8,14,2,763,32,Organization | WebPage | WebSite | BreadcrumbList | ListItem | Product | Brand | Offer | Review | Rating | ItemList,alternatives,/produkt/furbo-360-hundekamera/ | /produkt/petlibro-scout-smart-camera/,/vergleiche/beste-haustierkameras/ | /vergleiche/beste-futterautomaten-fuer-nassfutter/,90,,,,
/produkt/furbo-360-hundekamera/,apps/pfotentechnik/src/content/products/furbo-360-hundekamera.md,product,Furbo 360° Hundekamera im Check,Furbo 360° Hundekamera,Furbo 360° Hundekamera im Check,"Furbo 360° Hundekamera mit Leckerliausgabe, Zwei-Wege-Audio, Tracking und optionalem Nanny-Abo eingeordnet.",https://pfotentechnik.de/produkt/furbo-360-hundekamera/,true,true,2026-08-06,2026-08-06,PfotenTechnik Redaktion,haustierkameras,product-research,transactional-support,/produkt/furbo-360-hundekamera/,Furbo 360° Hundekamera,dog,,commercial,8,15,2,772,33,Organization | WebPage | WebSite | BreadcrumbList | ListItem | Product | Brand | Offer | Review | Rating | ItemList,alternatives,/produkt/enabot-ebo-air-2/ | /produkt/petlibro-scout-smart-camera/,/vergleiche/beste-haustierkameras/ | /vergleiche/beste-futterautomaten-fuer-hunde/,90,,,,
/produkt/garmin-alpha-t-20/,apps/pfotentechnik/src/content/products/garmin-alpha-t-20.md,product,"Garmin Alpha T 20 im Check: Akku, Reichweite, Zulassung",Garmin Alpha T 20,"Garmin Alpha T 20 im Check: Akku, Reichweite, Zulassung","Garmin Alpha T 20 mit VHF-Ortung, bis zu 14,48 km Reichweite, 68 Stunden Akku, kompatiblem Alpha-Handgerät und wichtigen Funkhinweisen.",https://pfotentechnik.de/produkt/garmin-alpha-t-20/,true,true,2026-07-20,2026-07-23,Garmin,gps-tracker,product-research,transactional-support,/produkt/garmin-alpha-t-20/,Garmin Alpha T 20,dog,gps-tracker,commercial,9,15,2,1744,34,Organization | WebPage | WebSite | BreadcrumbList | ListItem | Product | Brand | Offer | Review | Rating | ItemList,alternatives,/produkt/tractive-dog-6/ | /produkt/weenect-xs/ | /produkt/tractive-dog-6-xl/,/vergleiche/beste-gps-tracker-fuer-hunde/,90,,,,
/produkt/garmin-alpha-tt-25/,apps/pfotentechnik/src/content/products/garmin-alpha-tt-25.md,product,"Garmin Alpha TT 25: ohne Abo, Akku & Reichweite",Garmin Alpha TT 25,"Garmin Alpha TT 25: ohne Abo, Akku & Reichweite","Garmin Alpha TT 25 mit VHF, bis zu 14,48 km, 68 Stunden Akku und notwendigem Alpha-Handgerät.",https://pfotentechnik.de/produkt/garmin-alpha-tt-25/,true,true,2026-07-20,2026-07-20,Garmin,gps-tracker,product-research,transactional-support,/produkt/garmin-alpha-tt-25/,Garmin Alpha TT 25,both,gps-tracker,commercial,7,14,2,1025,31,Organization | WebPage | WebSite | BreadcrumbList | ListItem | Product | Brand | Review | Rating | ItemList,alternatives,/produkt/tractive-dog-6/ | /produkt/weenect-xs/ | /produkt/tractive-dog-6-xl/,/vergleiche/gps-tracker-ohne-abo/ | /vergleiche/beste-gps-tracker-fuer-hunde/,90,,,,
/produkt/honeyguardian-a305d/,apps/pfotentechnik/src/content/products/honeyguardian-a305d.md,product,HoneyGuardian A305D Test,HoneyGuardian A305D,HoneyGuardian A305D Test,"HoneyGuardian A305D mit 5-Liter-Behälter und zwei Edelstahl-Näpfen: Portionierung, Stromversorgung und Eignung ohne App.",https://pfotentechnik.de/produkt/honeyguardian-a305d/,true,true,2026-07-12,2026-07-12,HoneyGuardian,futterautomaten,product-research,transactional-support,/produkt/honeyguardian-a305d/,HoneyGuardian A305D,both,futterautomat,commercial,4,11,2,817,27,Organization | WebPage | WebSite | BreadcrumbList | ListItem | Product | Brand | Review | Rating | ItemList,alternatives,/produkt/petkit-yumshare-dual-hopper/ | /produkt/petlibro-granary-camera-feeder/ | /produkt/petlibro-granary-dual-feeder/,/vergleiche/beste-futterautomaten-fuer-kleine-hunde/,90,,,,
/produkt/honeyguardian-a68/,apps/pfotentechnik/src/content/products/honeyguardian-a68.md,product,HoneyGuardian A68 Smart Pet Feeder Test,HoneyGuardian A68 Smart Pet Feeder,HoneyGuardian A68 Smart Pet Feeder Test,Der HoneyGuardian A68 kombiniert einen großen Vorratsbehälter mit App-Steuerung und eignet sich besonders für Katzen sowie kleine bis mittelgroße Hunde.,https://pfotentechnik.de/produkt/honeyguardian-a68/,true,true,2026-07-12,2026-07-23,HoneyGuardian,futterautomaten,product-research,transactional-support,/produkt/honeyguardian-a68/,HoneyGuardian A68 Smart Pet Feeder,both,futterautomat,commercial,11,12,2,770,27,Organization | WebPage | WebSite | BreadcrumbList | ListItem | Product | Brand | Offer | Review | Rating | ItemList,alternatives,/produkt/petlibro-space-smart-feeder/ | /produkt/petkit-yumshare-dual-hopper/ | /produkt/petlibro-granary-camera-feeder/,/vergleiche/beste-futterautomaten-fuer-kleine-hunde/,90,,,,
/produkt/honeyguardian-smart-pet-feeder-s305d/,apps/pfotentechnik/src/content/products/honeyguardian-smart-pet-feeder-s305d.md,product,HoneyGuardian S305D im Check,HoneyGuardian Smart Pet Feeder S305D,HoneyGuardian S305D im Check,"HoneyGuardian S305D mit 5-Liter-Vorrat, App-Zeitplänen, Edelstahl-Napf und wichtigen Hinweisen zu Modellvarianten.",https://pfotentechnik.de/produkt/honeyguardian-smart-pet-feeder-s305d/,true,true,2026-07-12,2026-07-17,HoneyGuardian,futterautomaten,product-research,transactional-support,/produkt/honeyguardian-smart-pet-feeder-s305d/,HoneyGuardian Smart Pet Feeder S305D,both,futterautomat,commercial,7,13,2,976,31,Organization | WebPage | WebSite | BreadcrumbList | ListItem | Product | Brand | Review | Rating | ItemList,alternatives,/produkt/petkit-yumshare-dual-hopper/ | /produkt/petlibro-granary-camera-feeder/ | /produkt/petlibro-granary-dual-feeder/,/vergleiche/beste-futterautomaten-fuer-katzen/ | /vergleiche/beste-futterautomaten-fuer-nassfutter/,90,,,,
/produkt/imipaw-3l-automatic-cat-feeder/,apps/pfotentechnik/src/content/products/imipaw-3l-automatic-cat-feeder.md,product,IMIPAW 3L Futterautomat im Check,IMIPAW 3L Automatic Cat Feeder,IMIPAW 3L Futterautomat im Check,"IMIPAW 3L mit sechs Mahlzeiten, Portionen von etwa 7 bis 9 g, lokalem Timer, 3 D-Batterien als Backup und den wichtigsten Grenzen.",https://pfotentechnik.de/produkt/imipaw-3l-automatic-cat-feeder/,true,true,2026-07-12,2026-07-23,IMIPAW,futterautomaten,product-research,transactional-support,/produkt/imipaw-3l-automatic-cat-feeder/,IMIPAW 3L Automatic Cat Feeder,both,futterautomat,commercial,10,17,2,1522,35,Organization | WebPage | WebSite | BreadcrumbList | ListItem | Product | Brand | Offer | Review | Rating | ItemList,alternatives,/produkt/petkit-yumshare-dual-hopper/ | /produkt/honeyguardian-a68/ | /produkt/petlibro-granary-2-vision/,/vergleiche/beste-futterautomaten-fuer-katzen/ | /vergleiche/beste-futterautomaten-fuer-kleine-hunde/,90,,,,
/produkt/litter-robot-5-pro/,apps/pfotentechnik/src/content/products/litter-robot-5-pro.md,product,Litter-Robot 5 Pro im Check,Litter-Robot 5 Pro,Litter-Robot 5 Pro im Check,"Litter-Robot 5 Pro: geschlossenes Siebsystem, Mindestgewicht, Dualkamera, WasteID, App und Folgekosten eingeordnet.",https://pfotentechnik.de/produkt/litter-robot-5-pro/,true,true,2026-08-06,2026-08-06,PfotenTechnik Redaktion,automatische-katzentoiletten,product-research,transactional-support,/produkt/litter-robot-5-pro/,Litter-Robot 5 Pro,cat,,commercial,5,14,2,883,34,Organization | WebPage | WebSite | BreadcrumbList | ListItem | Product | Brand | Review | Rating | ItemList,alternatives,/produkt/neakasa-m1-lite/ | /produkt/devoko-90l-automatisches-katzenklo/ | /produkt/petkit-purobot-max-pro-2/,/vergleiche/beste-automatische-katzentoiletten/,90,,,,
/produkt/neakasa-m1-lite/,apps/pfotentechnik/src/content/products/neakasa-m1-lite.md,product,Neakasa M1 Lite im Check: offenes selbstreinigendes Katzenklo,Neakasa M1 Lite,Neakasa M1 Lite im Check: offenes selbstreinigendes Katzenklo,"Neakasa M1 Lite eingeordnet: offene Bauform, Selbstreinigung, App, 1–15 kg Katzengewicht, 7,17 l Streu, 11,23 l Abfallbehälter und Unterschiede zum M1 Plus.",https://pfotentechnik.de/produkt/neakasa-m1-lite/,true,true,2026-08-07,2026-08-07,PfotenTechnik Redaktion,automatische-katzentoiletten,product-research,transactional-support,/produkt/neakasa-m1-lite/,Neakasa M1 Lite,cat,,commercial,9,14,2,1274,30,Organization | WebPage | WebSite | BreadcrumbList | ListItem | Product | Brand | Offer | Review | Rating | ItemList,alternatives,/produkt/devoko-90l-automatisches-katzenklo/ | /produkt/neakasa-m1-plus/ | /produkt/petkit-purobot-max-pro-2/,/vergleiche/beste-automatische-katzentoiletten/,90,,,,
/produkt/neakasa-m1-plus/,apps/pfotentechnik/src/content/products/neakasa-m1-plus.md,product,Neakasa M1 Plus im Check,Neakasa M1 Plus,Neakasa M1 Plus im Check,"Neakasa M1 Plus: offene Bauform, Mindestgewicht, Einstieg, Sensoren, Streu, App und Folgekosten eingeordnet.",https://pfotentechnik.de/produkt/neakasa-m1-plus/,true,true,2026-08-06,2026-08-06,PfotenTechnik Redaktion,automatische-katzentoiletten,product-research,transactional-support,/produkt/neakasa-m1-plus/,Neakasa M1 Plus,cat,,commercial,8,15,2,860,34,Organization | WebPage | WebSite | BreadcrumbList | ListItem | Product | Brand | Offer | Review | Rating | ItemList,alternatives,/produkt/neakasa-m1-lite/ | /produkt/petkit-purobot-max-pro-2/ | /produkt/devoko-90l-automatisches-katzenklo/,/vergleiche/beste-automatische-katzentoiletten/,90,,,,
/produkt/oneisall-2-2l-cordless-fountain/,apps/pfotentechnik/src/content/products/oneisall-2-2l-cordless-fountain.md,product,"oneisall 2,2L Cordless Cat Fountain im Check","oneisall 2,2L Cordless Cat Fountain","oneisall 2,2L Cordless Cat Fountain im Check","oneisall 2,2L Cordless Cat Fountain mit PP-Tank, Akku, Bewegungssensor, 20 dB und fünfstufigem Filter.",https://pfotentechnik.de/produkt/oneisall-2-2l-cordless-fountain/,true,true,2026-07-13,2026-07-16,oneisall,trinkbrunnen,product-research,transactional-support,/produkt/oneisall-2-2l-cordless-fountain/,"oneisall 2,2L Cordless Cat Fountain",both,trinkbrunnen,commercial,13,16,2,983,31,Organization | WebPage | WebSite | BreadcrumbList | ListItem | Product | Brand | Offer | Review | Rating | ItemList,alternatives,/produkt/xiaomi-smart-pet-fountain-2/ | /produkt/oneisall-7l-dog-water-fountain/ | /produkt/oneisall-3-5l-cordless-fountain/,/vergleiche/beste-trinkbrunnen-fuer-katzen/ | /vergleiche/beste-futterautomaten-fuer-kleine-hunde/,90,,,,
/produkt/oneisall-2-in-1-feeder-water/,apps/pfotentechnik/src/content/products/oneisall-2-in-1-feeder-water.md,product,Oneisall 2-in-1 Futterautomat & Wasserspender im Check,Oneisall 2-in-1 Automatic Cat Feeder and Water Dispenser,Oneisall 2-in-1 Futterautomat & Wasserspender im Check,"Oneisall PF14 mit 5 l Futter, 3,5 l Wasser, sechs Mahlzeiten, Schwerkraftspender, Edelstahlnäpfen und Batterie-Backup.",https://pfotentechnik.de/produkt/oneisall-2-in-1-feeder-water/,true,true,2026-07-12,2026-07-23,oneisall,futterautomaten,product-research,transactional-support,/produkt/oneisall-2-in-1-feeder-water/,Oneisall 2-in-1 Automatic Cat Feeder and Water Dispenser,cat,futterautomat,commercial,5,16,2,1378,31,Organization | WebPage | WebSite | BreadcrumbList | ListItem | Product | Brand | Offer | Review | Rating | ItemList,alternatives,/produkt/imipaw-3l-automatic-cat-feeder/ | /produkt/petkit-yumshare-dual-hopper/ | /produkt/petlibro-granary-2-vision/,/vergleiche/beste-futterautomaten-fuer-katzen/ | /vergleiche/beste-futterautomaten-fuer-seniorenkatzen/,90,0,2,0,3.5
/produkt/oneisall-3-2l-cordless-fountain/,apps/pfotentechnik/src/content/products/oneisall-3-2l-cordless-fountain.md,product,"oneisall 3,2L PW14 im Check","oneisall 3,2L Cordless Cat Fountain","oneisall 3,2L PW14 im Check","oneisall PW14 mit 3,2 Litern, Edelstahl-Trinkfläche, 4.000-mAh-Akku, Bewegungssensor, Intervall- und Dauerbetrieb.",https://pfotentechnik.de/produkt/oneisall-3-2l-cordless-fountain/,true,true,2026-07-13,2026-07-23,oneisall,trinkbrunnen,product-research,transactional-support,/produkt/oneisall-3-2l-cordless-fountain/,"oneisall 3,2L Cordless Cat Fountain",both,trinkbrunnen,commercial,6,15,2,1413,29,Organization | WebPage | WebSite | BreadcrumbList | ListItem | Product | Brand | Offer | Review | Rating | ItemList,alternatives,/produkt/xiaomi-smart-pet-fountain-2/ | /produkt/petlibro-dockstream-2-smart-cordless/ | /produkt/oneisall-7l-dog-water-fountain/,/vergleiche/beste-trinkbrunnen-fuer-katzen/ | /vergleiche/beste-futterautomaten-fuer-kleine-hunde/,90,,,,
/produkt/oneisall-3-5l-cordless-fountain/,apps/pfotentechnik/src/content/products/oneisall-3-5l-cordless-fountain.md,product,"oneisall 3,5L Cordless Trinkbrunnen im Check","oneisall 3,5L Cordless Fountain","oneisall 3,5L Cordless Trinkbrunnen im Check","Kabelloser Edelstahl-Trinkbrunnen mit Sensor: Laufzeit, Reinigung und Alternativen.",https://pfotentechnik.de/produkt/oneisall-3-5l-cordless-fountain/,true,true,2026-07-13,2026-08-10,oneisall,trinkbrunnen,product-research,transactional-support,/produkt/oneisall-3-5l-cordless-fountain/,"oneisall 3,5L Cordless Fountain",both,trinkbrunnen,commercial,22,18,2,1070,35,Organization | WebPage | WebSite | BreadcrumbList | ListItem | Product | Brand | Offer | Review | Rating | ItemList,alternatives,/produkt/xiaomi-smart-pet-fountain-2/ | /produkt/petlibro-dockstream-2-smart-cordless/ | /produkt/oneisall-7l-dog-water-fountain/,/vergleiche/beste-trinkbrunnen-fuer-hunde/ | /vergleiche/beste-futterautomaten-fuer-seniorenkatzen/,90,,,,
/produkt/oneisall-5l-automatic-cat-feeder/,apps/pfotentechnik/src/content/products/oneisall-5l-automatic-cat-feeder.md,product,oneisall 5L Futterautomat für zwei Katzen im Check,oneisall 5L Automatic Cat Feeder,oneisall 5L Futterautomat für zwei Katzen im Check,"oneisall 5L Futterautomat mit Doppelschale, Varianten mit und ohne App sowie den wichtigsten Grenzen für Mehrkatzenhaushalte.",https://pfotentechnik.de/produkt/oneisall-5l-automatic-cat-feeder/,true,true,2026-07-12,2026-07-17,oneisall,futterautomaten,product-research,transactional-support,/produkt/oneisall-5l-automatic-cat-feeder/,oneisall 5L Automatic Cat Feeder,cat,futterautomat,commercial,6,15,2,1017,35,Organization | WebPage | WebSite | BreadcrumbList | ListItem | Product | Brand | Offer | Review | Rating | ItemList,alternatives,/produkt/imipaw-3l-automatic-cat-feeder/ | /produkt/petkit-yumshare-dual-hopper/ | /produkt/petlibro-granary-camera-feeder/,/vergleiche/beste-futterautomaten-fuer-katzen/ | /vergleiche/beste-futterautomaten-fuer-seniorenkatzen/,90,,,,
/produkt/oneisall-7l-dog-water-fountain/,apps/pfotentechnik/src/content/products/oneisall-7l-dog-water-fountain.md,product,oneisall 7L Hundetrinkbrunnen im Check,oneisall 7L Dog Water Fountain,oneisall 7L Hundetrinkbrunnen im Check,"oneisall 7L mit Edelstahl-Trinkschale, Sichtfenster, Niedrigwasserwarnung, unter 35 dB und wichtigen Hinweisen zu Pflege und Modellversion.",https://pfotentechnik.de/produkt/oneisall-7l-dog-water-fountain/,true,true,2026-07-13,2026-07-23,oneisall,trinkbrunnen,product-research,transactional-support,/produkt/oneisall-7l-dog-water-fountain/,oneisall 7L Dog Water Fountain,dog,trinkbrunnen,commercial,26,16,2,1528,31,Organization | WebPage | WebSite | BreadcrumbList | ListItem | Product | Brand | Offer | Review | Rating | ItemList,alternatives,/produkt/petkit-eversweet-solo-2-fountain/ | /produkt/xiaomi-smart-pet-fountain-2/ | /produkt/petlibro-dockstream-rfid-smart/,/vergleiche/beste-trinkbrunnen-fuer-hunde/,90,,,,
/produkt/onlycat-mikrochip-katzenklappe/,apps/pfotentechnik/src/content/products/onlycat-mikrochip-katzenklappe.md,product,OnlyCat Mikrochip Katzenklappe im Datencheck,OnlyCat Mikrochip Katzenklappe,OnlyCat Mikrochip Katzenklappe im Datencheck,"OnlyCat: Beuteerkennung, App, Kamera, Strom- und WLAN-Abhängigkeit sowie Preismodelle.",https://pfotentechnik.de/produkt/onlycat-mikrochip-katzenklappe/,true,true,2026-08-04,2026-08-05,PfotenTechnik Redaktion,katzenklappen,product-research,transactional-support,/produkt/onlycat-mikrochip-katzenklappe/,OnlyCat Mikrochip Katzenklappe,cat,,commercial,9,15,1,927,35,Organization | WebPage | WebSite | BreadcrumbList | ListItem | Product | Brand | Offer | Review | Rating | ItemList,alternatives,/produkt/zeromouse-2-0/ | /produkt/petsafe-petporte-smart-flap/ | /produkt/sureflap-mikrochip-katzenklappe-connect/,/vergleiche/beste-mikrochip-katzenklappen/ | /vergleiche/beste-futterautomaten-fuer-seniorenkatzen/,90,,,,
/produkt/paj-pet-finder-4g-mini/,apps/pfotentechnik/src/content/products/paj-pet-finder-4g-mini.md,product,PAJ PET Finder 4G Mini im Check,PAJ PET Finder 4G Mini,PAJ PET Finder 4G Mini im Check,"PAJ PET Finder 4G Mini mit 33,1 g, 4G, IP67, bis zu 10 Tagen Akku und 3 Monaten Premium plus 2 Jahren Lite.",https://pfotentechnik.de/produkt/paj-pet-finder-4g-mini/,true,true,2026-07-20,2026-07-23,PAJ GPS,gps-tracker,product-research,transactional-support,/produkt/paj-pet-finder-4g-mini/,PAJ PET Finder 4G Mini,both,gps-tracker,commercial,11,15,2,1825,35,Organization | WebPage | WebSite | BreadcrumbList | ListItem | Product | Brand | Offer | Review | Rating | ItemList,alternatives,/produkt/weenect-xs/ | /produkt/tractive-dog-6/ | /produkt/tractive-dog-6-xl/,/vergleiche/beste-gps-tracker-fuer-hunde/ | /vergleiche/beste-trinkbrunnen-fuer-hunde/,95,,,,
/produkt/pawbby-smart-pet-feeder/,apps/pfotentechnik/src/content/products/pawbby-smart-pet-feeder.md,product,PAWBBY Smart Pet Feeder Test,PAWBBY Smart Pet Feeder,PAWBBY Smart Pet Feeder Test,Vernetzter Trockenfutterautomat aus dem PAWBBY-Umfeld mit Xiaomi-Home-Anbindung je nach Modellversion.,https://pfotentechnik.de/produkt/pawbby-smart-pet-feeder/,true,true,2026-07-12,2026-07-12,PAWBBY,futterautomaten,product-research,transactional-support,/produkt/pawbby-smart-pet-feeder/,PAWBBY Smart Pet Feeder,both,futterautomat,commercial,5,11,2,791,27,Organization | WebPage | WebSite | BreadcrumbList | ListItem | Product | Brand | Review | Rating | ItemList,alternatives,/produkt/petkit-yumshare-dual-hopper/ | /produkt/petlibro-granary-camera-feeder/ | /produkt/petlibro-granary-dual-feeder/,/vergleiche/beste-futterautomaten-fuer-nassfutter/,90,,,,
/produkt/pawsync-smart-pet-feeder/,apps/pfotentechnik/src/content/products/pawsync-smart-pet-feeder.md,product,PawSync Smart Pet Feeder Test,PawSync Smart Pet Feeder,PawSync Smart Pet Feeder Test,"PawSync Smart Pet Feeder mit Waage im Recherche-Test: Genauigkeit, App, Erfahrungen, Vorteile und Schwächen.",https://pfotentechnik.de/produkt/pawsync-smart-pet-feeder/,true,true,2026-07-12,2026-08-10,PawSync,futterautomaten,product-research,transactional-support,/produkt/pawsync-smart-pet-feeder/,PawSync Smart Pet Feeder,both,futterautomat,commercial,7,15,2,1052,35,Organization | WebPage | WebSite | BreadcrumbList | ListItem | Product | Brand | Offer | Review | Rating | ItemList,alternatives,/produkt/imipaw-3l-automatic-cat-feeder/ | /produkt/petkit-yumshare-dual-hopper/ | /produkt/petlibro-granary-camera-feeder/,/vergleiche/beste-futterautomaten-fuer-katzen/ | /vergleiche/beste-futterautomaten-fuer-kleine-hunde/,90,,,,
/produkt/petkit-eversweet-3-pro-uvc/,apps/pfotentechnik/src/content/products/petkit-eversweet-3-pro-uvc.md,product,PETKIT Eversweet 3 Pro UVC im Check,PETKIT Eversweet 3 Pro UVC,PETKIT Eversweet 3 Pro UVC im Check,"PETKIT Eversweet 3 Pro UVC mit 1,6 Litern, Edelstahlbehälter, UVC-Pumpe, Bluetooth-App, drei Modi und Filterkosten.",https://pfotentechnik.de/produkt/petkit-eversweet-3-pro-uvc/,true,true,2026-07-13,2026-07-23,PETKIT,trinkbrunnen,product-research,transactional-support,/produkt/petkit-eversweet-3-pro-uvc/,PETKIT Eversweet 3 Pro UVC,both,trinkbrunnen,commercial,6,17,2,1586,31,Organization | WebPage | WebSite | BreadcrumbList | ListItem | Product | Brand | Offer | Review | Rating | ItemList,alternatives,/produkt/xiaomi-smart-pet-fountain-2/ | /produkt/oneisall-3-5l-cordless-fountain/ | /produkt/oneisall-7l-dog-water-fountain/,/vergleiche/beste-trinkbrunnen-fuer-katzen/ | /vergleiche/beste-futterautomaten-fuer-nassfutter/,95,,,,
/produkt/petkit-eversweet-5-mini/,apps/pfotentechnik/src/content/products/petkit-eversweet-5-mini.md,product,PETKIT Eversweet 5 Mini im Check,PETKIT Eversweet 5 Mini,PETKIT Eversweet 5 Mini im Check,"PETKIT Eversweet 5 Mini mit 1 Liter Kapazität, Keramikeinsatz, Bluetooth und mehrstufiger Filterung eingeordnet.",https://pfotentechnik.de/produkt/petkit-eversweet-5-mini/,true,true,2026-07-13,2026-07-16,PETKIT,trinkbrunnen,product-research,transactional-support,/produkt/petkit-eversweet-5-mini/,PETKIT Eversweet 5 Mini,both,trinkbrunnen,commercial,5,16,2,938,31,Organization | WebPage | WebSite | BreadcrumbList | ListItem | Product | Brand | Review | Rating | ItemList,alternatives,/produkt/xiaomi-smart-pet-fountain-2/ | /produkt/oneisall-7l-dog-water-fountain/ | /produkt/oneisall-3-5l-cordless-fountain/,/vergleiche/beste-trinkbrunnen-fuer-katzen/ | /vergleiche/beste-futterautomaten-fuer-seniorenkatzen/,90,,,,
/produkt/petkit-eversweet-max-2-uvc/,apps/pfotentechnik/src/content/products/petkit-eversweet-max-2-uvc.md,product,PETKIT Eversweet Max 2 UVC im Check,PETKIT Eversweet Max 2 UVC,PETKIT Eversweet Max 2 UVC im Check,"PETKIT Eversweet Max 2 UVC mit 3 Litern, Akku, UVC-Pumpe, Edelstahl-Trinkfläche und App sachlich eingeordnet.",https://pfotentechnik.de/produkt/petkit-eversweet-max-2-uvc/,true,true,2026-07-13,2026-07-16,PETKIT,trinkbrunnen,product-research,transactional-support,/produkt/petkit-eversweet-max-2-uvc/,PETKIT Eversweet Max 2 UVC,both,trinkbrunnen,commercial,7,16,2,1126,35,Organization | WebPage | WebSite | BreadcrumbList | ListItem | Product | Brand | Review | Rating | ItemList,alternatives,/produkt/xiaomi-smart-pet-fountain-2/ | /produkt/oneisall-7l-dog-water-fountain/ | /produkt/oneisall-3-5l-cordless-fountain/,/vergleiche/beste-trinkbrunnen-fuer-katzen/ | /vergleiche/beste-futterautomaten-fuer-kleine-hunde/,90,,,,
/produkt/petkit-eversweet-max-cordless/,apps/pfotentechnik/src/content/products/petkit-eversweet-max-cordless.md,product,PETKIT Eversweet Max Cordless im Check,PETKIT Eversweet Max Cordless,PETKIT Eversweet Max Cordless im Check,"PETKIT Eversweet Max Cordless mit 3 Litern, Akku, Edelstahl-Trinkfläche, Bewegungssensor und Bluetooth-App.",https://pfotentechnik.de/produkt/petkit-eversweet-max-cordless/,true,true,2026-07-13,2026-07-16,PETKIT,trinkbrunnen,product-research,transactional-support,/produkt/petkit-eversweet-max-cordless/,PETKIT Eversweet Max Cordless,both,trinkbrunnen,commercial,5,16,2,1101,35,Organization | WebPage | WebSite | BreadcrumbList | ListItem | Product | Brand | Review | Rating | ItemList,alternatives,/produkt/xiaomi-smart-pet-fountain-2/ | /produkt/oneisall-7l-dog-water-fountain/ | /produkt/oneisall-3-5l-cordless-fountain/,/vergleiche/beste-trinkbrunnen-fuer-katzen/ | /vergleiche/beste-futterautomaten-fuer-kleine-hunde/,90,,,,
/produkt/petkit-eversweet-solo-2-fountain/,apps/pfotentechnik/src/content/products/petkit-eversweet-solo-2-fountain.md,product,PETKIT Eversweet Solo 2 im Check,PETKIT Eversweet Solo 2,PETKIT Eversweet Solo 2 im Check,"PETKIT Eversweet Solo 2 im Datencheck: 2-Liter-Tank, kabellose Pumpe, Lautstärke, Filter, Reinigung und Bluetooth-App.",https://pfotentechnik.de/produkt/petkit-eversweet-solo-2-fountain/,true,true,2026-07-13,2026-07-13,PETKIT,trinkbrunnen,product-research,transactional-support,/produkt/petkit-eversweet-solo-2-fountain/,PETKIT Eversweet Solo 2,both,trinkbrunnen,commercial,8,16,2,965,35,Organization | WebPage | WebSite | BreadcrumbList | ListItem | Product | Brand | Offer | Review | Rating | ItemList,alternatives,/produkt/cat-mate-335-pet-fountain/ | /produkt/xiaomi-smart-pet-fountain-2/ | /produkt/oneisall-7l-dog-water-fountain/,/vergleiche/beste-trinkbrunnen-fuer-katzen/ | /vergleiche/beste-futterautomaten-fuer-seniorenkatzen/,90,,,,
/produkt/petkit-eversweet-solo-se/,apps/pfotentechnik/src/content/products/petkit-eversweet-solo-se.md,product,PETKIT Eversweet Solo SE im Check,PETKIT Eversweet Solo SE,PETKIT Eversweet Solo SE im Check,"PETKIT Eversweet Solo SE mit 1,8 Litern, kabelloser Pumpe, Dauerbetrieb und mehrstufigem Filter eingeordnet.",https://pfotentechnik.de/produkt/petkit-eversweet-solo-se/,true,true,2026-07-13,2026-07-16,PETKIT,trinkbrunnen,product-research,transactional-support,/produkt/petkit-eversweet-solo-se/,PETKIT Eversweet Solo SE,both,trinkbrunnen,commercial,4,17,2,1022,35,Organization | WebPage | WebSite | BreadcrumbList | ListItem | Product | Brand | Offer | Review | Rating | ItemList,alternatives,/produkt/xiaomi-smart-pet-fountain-2/ | /produkt/oneisall-3-5l-cordless-fountain/ | /produkt/oneisall-7l-dog-water-fountain/,/vergleiche/beste-trinkbrunnen-fuer-katzen/ | /vergleiche/beste-futterautomaten-fuer-kleine-hunde/,90,,,,
/produkt/petkit-eversweet-ultra/,apps/pfotentechnik/src/content/products/petkit-eversweet-ultra.md,product,PETKIT Eversweet Ultra: filterloses OneWay-System im Check,PETKIT Eversweet Ultra,PETKIT Eversweet Ultra: filterloses OneWay-System im Check,"PETKIT Eversweet Ultra mit 5 l Frischwasser, 1,8 l Abwasser, OneWay-System ohne klassischen Hauptfilter, AI-Kamera und Cube C: Nutzen, Reinigung und Folgekosten.",https://pfotentechnik.de/produkt/petkit-eversweet-ultra/,true,true,2026-07-13,2026-08-10,PETKIT,trinkbrunnen,product-research,transactional-support,/produkt/petkit-eversweet-ultra/,PETKIT Eversweet Ultra,both,trinkbrunnen,commercial,7,16,2,1716,35,Organization | WebPage | WebSite | BreadcrumbList | ListItem | Product | Brand | Review | Rating | ItemList,alternatives,/produkt/xiaomi-smart-pet-fountain-2/ | /produkt/oneisall-3-5l-cordless-fountain/ | /produkt/oneisall-7l-dog-water-fountain/,/vergleiche/beste-trinkbrunnen-fuer-katzen/ | /vergleiche/beste-futterautomaten-fuer-nassfutter/,90,0,1,0,12
/produkt/petkit-fresh-element-infinity/,apps/pfotentechnik/src/content/products/petkit-fresh-element-infinity.md,product,PETKIT Fresh Element Infinity Test,PETKIT Fresh Element Infinity,PETKIT Fresh Element Infinity Test,"Der PETKIT Fresh Element Infinity richtet sich an Haushalte, die einen größeren Trockenfuttervorrat, App-Steuerung und eine integrierte Napfwaage ohne Kamera benötigen.",https://pfotentechnik.de/produkt/petkit-fresh-element-infinity/,true,true,2026-07-12,2026-07-12,PETKIT,futterautomaten,product-research,transactional-support,/produkt/petkit-fresh-element-infinity/,PETKIT Fresh Element Infinity,both,futterautomat,commercial,4,12,2,883,29,Organization | WebPage | WebSite | BreadcrumbList | ListItem | Product | Brand | Review | Rating | ItemList,alternatives,/produkt/petkit-yumshare-dual-hopper/ | /produkt/petlibro-granary-camera-feeder/ | /produkt/petlibro-granary-dual-feeder/,/vergleiche/beste-futterautomaten-fuer-kleine-hunde/,90,,,,
/produkt/petkit-fresh-element-solo/,apps/pfotentechnik/src/content/products/petkit-fresh-element-solo.md,product,PETKIT Fresh Element Solo im Check,PETKIT Fresh Element Solo,PETKIT Fresh Element Solo im Check,"PETKIT Fresh Element Solo P570 mit 3 Litern, App, Edelstahl-Napf, 2,4-GHz-WLAN, fünf AAA-Batterien und 10-g-Portionen.",https://pfotentechnik.de/produkt/petkit-fresh-element-solo/,true,true,2026-07-12,2026-07-23,PETKIT,futterautomaten,product-research,transactional-support,/produkt/petkit-fresh-element-solo/,PETKIT Fresh Element Solo,both,futterautomat,commercial,13,13,2,1577,31,Organization | WebPage | WebSite | BreadcrumbList | ListItem | Product | Brand | Offer | Review | Rating | ItemList,alternatives,/produkt/petlibro-space-smart-feeder/ | /produkt/petkit-yumshare-dual-hopper/ | /produkt/honeyguardian-a68/,/vergleiche/beste-futterautomaten-fuer-katzen/ | /vergleiche/beste-futterautomaten-fuer-nassfutter/,90,,,,
/produkt/petkit-purobot-max-pro-2/,apps/pfotentechnik/src/content/products/petkit-purobot-max-pro-2.md,product,PETKIT PUROBOT MAX PRO 2 im Check,PETKIT PUROBOT MAX PRO 2,PETKIT PUROBOT MAX PRO 2 im Check,"PUROBOT MAX PRO 2: Kamera, Mehrkatzenprofile, Sensorstopp, Streu, App-Daten und Pflege eingeordnet.",https://pfotentechnik.de/produkt/petkit-purobot-max-pro-2/,true,true,2026-08-06,2026-08-06,PfotenTechnik Redaktion,automatische-katzentoiletten,product-research,transactional-support,/produkt/petkit-purobot-max-pro-2/,PETKIT PUROBOT MAX PRO 2,cat,,commercial,9,15,2,827,34,Organization | WebPage | WebSite | BreadcrumbList | ListItem | Product | Brand | Offer | Review | Rating | ItemList,alternatives,/produkt/neakasa-m1-lite/ | /produkt/devoko-90l-automatisches-katzenklo/ | /produkt/neakasa-m1-plus/,/vergleiche/beste-automatische-katzentoiletten/,90,,,,
/produkt/petkit-yumshare-dual-hopper/,apps/pfotentechnik/src/content/products/petkit-yumshare-dual-hopper.md,product,PETKIT YumShare Dual-Hopper 2 im Check,PETKIT YumShare Dual-Hopper 2,PETKIT YumShare Dual-Hopper 2 im Check,"PETKIT YumShare Dual-Hopper 2 P592 mit 5 Litern, zwei Kammern, 1080p-Kamera, Tiererkennung, Dual-Band-WLAN und Batterie-Backup.",https://pfotentechnik.de/produkt/petkit-yumshare-dual-hopper/,true,true,2026-07-12,2026-08-10,PETKIT,futterautomaten,product-research,transactional-support,/produkt/petkit-yumshare-dual-hopper/,PETKIT YumShare Dual-Hopper 2,both,futterautomat,commercial,61,16,2,1729,35,Organization | WebPage | WebSite | BreadcrumbList | ListItem | Product | Brand | Offer | Review | Rating | ItemList,alternatives,/produkt/petlibro-space-smart-feeder/ | /produkt/petlibro-granary-2-vision/ | /produkt/honeyguardian-a68/,/vergleiche/beste-futterautomaten-fuer-katzen/ | /vergleiche/beste-futterautomaten-fuer-kleine-hunde/,90,,,,
/produkt/petkit-yumshare-solo-2/,apps/pfotentechnik/src/content/products/petkit-yumshare-solo-2.md,product,"PETKIT YumShare Solo 2: Kamera, App & Backup im Check",PETKIT YumShare Solo 2,"PETKIT YumShare Solo 2: Kamera, App & Backup im Check","PETKIT YumShare Solo 2 P572 mit 1080p-Kamera, 3-Liter-Tank, Dual-Band-WLAN und bis zu 14 Tagen Backup: Mahlzeiten, App, Batteriebetrieb und Grenzen der Tiererkennung.",https://pfotentechnik.de/produkt/petkit-yumshare-solo-2/,true,true,2026-07-12,2026-08-10,PETKIT,futterautomaten,product-research,transactional-support,/produkt/petkit-yumshare-solo-2/,PETKIT YumShare Solo 2,both,futterautomat,commercial,5,15,2,1453,35,Organization | WebPage | WebSite | BreadcrumbList | ListItem | Product | Brand | Offer | Review | Rating | ItemList,alternatives,/produkt/petlibro-space-smart-feeder/ | /produkt/petkit-yumshare-dual-hopper/ | /produkt/honeyguardian-a68/,/vergleiche/beste-futterautomaten-mit-kamera/ | /vergleiche/beste-futterautomaten-fuer-kleine-hunde/,90,,,,
/produkt/petlibro-air-automatic-feeder/,apps/pfotentechnik/src/content/products/petlibro-air-automatic-feeder.md,product,PETLIBRO Air Automatic Feeder Test,PETLIBRO Air Automatic Feeder,PETLIBRO Air Automatic Feeder Test,"PETLIBRO Air Automatic Feeder im Datencheck: kompakter Trockenfutterautomat mit Zeitsteuerung, Portionierung und Batterieoption ohne App.",https://pfotentechnik.de/produkt/petlibro-air-automatic-feeder/,true,true,2026-07-12,2026-07-12,PETLIBRO,futterautomaten,product-research,transactional-support,/produkt/petlibro-air-automatic-feeder/,PETLIBRO Air Automatic Feeder,both,futterautomat,commercial,4,16,2,996,33,Organization | WebPage | WebSite | BreadcrumbList | ListItem | Product | Brand | Offer | Review | Rating | ItemList,alternatives,/produkt/pawsync-smart-pet-feeder/ | /produkt/petkit-yumshare-dual-hopper/ | /produkt/petlibro-granary-camera-feeder/,/vergleiche/beste-futterautomaten-fuer-kleine-hunde/,90,,,,
/produkt/petlibro-air-wifi-feeder/,apps/pfotentechnik/src/content/products/petlibro-air-wifi-feeder.md,product,PETLIBRO Air WiFi Feeder im Check,PETLIBRO Air WiFi Feeder,PETLIBRO Air WiFi Feeder im Check,"PETLIBRO Air WiFi Feeder PLAF108 mit 2 Litern, App, 5.200-mAh-Akku, zehn Mahlzeiten, 16 Portionen und Edelstahl-Napf.",https://pfotentechnik.de/produkt/petlibro-air-wifi-feeder/,true,true,2026-07-12,2026-07-23,PETLIBRO,futterautomaten,product-research,transactional-support,/produkt/petlibro-air-wifi-feeder/,PETLIBRO Air WiFi Feeder,both,futterautomat,commercial,6,15,2,1547,32,Organization | WebPage | WebSite | BreadcrumbList | ListItem | Product | Brand | Offer | Review | Rating | ItemList,alternatives,/produkt/petlibro-space-smart-feeder/ | /produkt/petkit-yumshare-dual-hopper/ | /produkt/honeyguardian-a68/,/vergleiche/beste-futterautomaten-fuer-katzen/ | /vergleiche/beste-futterautomaten-fuer-kleine-hunde/,90,,,,
/produkt/petlibro-capsule-dog-fountain/,apps/pfotentechnik/src/content/products/petlibro-capsule-dog-fountain.md,product,PETLIBRO Capsule Dog Fountain im Check,PETLIBRO Capsule Dog Fountain,PETLIBRO Capsule Dog Fountain im Check,"PETLIBRO Capsule Dog Fountain mit knapp 8 Litern, breiter Trinkfläche, Spritzschutz, fünfstufigem Filter und Notstromreserve.",https://pfotentechnik.de/produkt/petlibro-capsule-dog-fountain/,true,true,2026-07-13,2026-07-16,PETLIBRO,trinkbrunnen,product-research,transactional-support,/produkt/petlibro-capsule-dog-fountain/,PETLIBRO Capsule Dog Fountain,both,trinkbrunnen,commercial,5,15,2,1137,34,Organization | WebPage | WebSite | BreadcrumbList | ListItem | Product | Brand | Review | Rating | ItemList,alternatives,/produkt/xiaomi-smart-pet-fountain-2/ | /produkt/oneisall-7l-dog-water-fountain/ | /produkt/oneisall-3-5l-cordless-fountain/,/vergleiche/beste-trinkbrunnen-fuer-hunde/,90,,,,
/produkt/petlibro-dockstream-2-smart-cordless/,apps/pfotentechnik/src/content/products/petlibro-dockstream-2-smart-cordless.md,product,PETLIBRO Dockstream 2 Smart Cordless im Check,PETLIBRO Dockstream 2 Smart Cordless,PETLIBRO Dockstream 2 Smart Cordless im Check,"Dockstream 2 Smart Cordless mit 3 Litern, 5200-mAh-Akku, App-Trinktracking, Dual-Band-WLAN und klarer Einordnung der Grenzen.",https://pfotentechnik.de/produkt/petlibro-dockstream-2-smart-cordless/,true,true,2026-07-26,2026-07-26,PETLIBRO,trinkbrunnen,product-research,transactional-support,/produkt/petlibro-dockstream-2-smart-cordless/,PETLIBRO Dockstream 2 Smart Cordless,both,trinkbrunnen,commercial,7,18,2,1485,34,Organization | WebPage | WebSite | BreadcrumbList | ListItem | Product | Brand | Offer | Review | Rating | ItemList,alternatives,/produkt/xiaomi-smart-pet-fountain-2/ | /produkt/oneisall-7l-dog-water-fountain/ | /produkt/oneisall-3-5l-cordless-fountain/,/vergleiche/beste-trinkbrunnen-fuer-katzen/ | /vergleiche/beste-futterautomaten-fuer-nassfutter/,90,,,,
/produkt/petlibro-dockstream-2-smart/,apps/pfotentechnik/src/content/products/petlibro-dockstream-2-smart.md,product,PETLIBRO Dockstream 2 Smart PLWF106 im Check,PETLIBRO Dockstream 2 Smart,PETLIBRO Dockstream 2 Smart PLWF106 im Check,"Dockstream 2 Smart PLWF106 mit 3 Litern, App-Trinktracking, Dual-Band-WLAN und klarer Abgrenzung zur kabellosen PLWF116-Variante.",https://pfotentechnik.de/produkt/petlibro-dockstream-2-smart/,true,true,2026-07-13,2026-07-26,PETLIBRO,trinkbrunnen,product-research,transactional-support,/produkt/petlibro-dockstream-2-smart/,PETLIBRO Dockstream 2 Smart,both,trinkbrunnen,commercial,5,17,2,1239,35,Organization | WebPage | WebSite | BreadcrumbList | ListItem | Product | Brand | Offer | Review | Rating | ItemList,alternatives,/produkt/xiaomi-smart-pet-fountain-2/ | /produkt/oneisall-7l-dog-water-fountain/ | /produkt/oneisall-3-5l-cordless-fountain/,/vergleiche/beste-trinkbrunnen-fuer-katzen/ | /vergleiche/beste-futterautomaten-fuer-nassfutter/,90,,,,
/produkt/petlibro-dockstream-cordless/,apps/pfotentechnik/src/content/products/petlibro-dockstream-cordless.md,product,PETLIBRO Dockstream Cordless im Check,PETLIBRO Dockstream Cordless,PETLIBRO Dockstream Cordless im Check,"PETLIBRO Dockstream Cordless mit 2,5 Litern, 5000-mAh-Akku, Sensorbetrieb, 23 dB und vierstufiger Filterung.",https://pfotentechnik.de/produkt/petlibro-dockstream-cordless/,true,true,2026-07-13,2026-07-16,PETLIBRO,trinkbrunnen,product-research,transactional-support,/produkt/petlibro-dockstream-cordless/,PETLIBRO Dockstream Cordless,both,trinkbrunnen,commercial,4,17,2,1060,35,Organization | WebPage | WebSite | BreadcrumbList | ListItem | Product | Brand | Offer | Review | Rating | ItemList,alternatives,/produkt/xiaomi-smart-pet-fountain-2/ | /produkt/oneisall-3-5l-cordless-fountain/ | /produkt/oneisall-7l-dog-water-fountain/,/vergleiche/beste-trinkbrunnen-fuer-katzen/ | /vergleiche/beste-futterautomaten-fuer-kleine-hunde/,90,,,,
/produkt/petlibro-dockstream-rfid-smart/,apps/pfotentechnik/src/content/products/petlibro-dockstream-rfid-smart.md,product,PETLIBRO Dockstream RFID Smart im Check,PETLIBRO Dockstream RFID Smart,PETLIBRO Dockstream RFID Smart im Check,"PETLIBRO Dockstream RFID Smart mit 3 Litern, RFID-Tierzuordnung, App, Edelstahl-Trinkfläche und 2,4-GHz-WLAN.",https://pfotentechnik.de/produkt/petlibro-dockstream-rfid-smart/,true,true,2026-07-13,2026-07-16,PETLIBRO,trinkbrunnen,product-research,transactional-support,/produkt/petlibro-dockstream-rfid-smart/,PETLIBRO Dockstream RFID Smart,both,trinkbrunnen,commercial,6,17,2,1068,35,Organization | WebPage | WebSite | BreadcrumbList | ListItem | Product | Brand | Offer | Review | Rating | ItemList,alternatives,/produkt/xiaomi-smart-pet-fountain-2/ | /produkt/oneisall-3-5l-cordless-fountain/ | /produkt/oneisall-7l-dog-water-fountain/,/vergleiche/beste-trinkbrunnen-fuer-katzen/,90,,,,
/produkt/petlibro-glacier-ultrafiltration/,apps/pfotentechnik/src/content/products/petlibro-glacier-ultrafiltration.md,product,PETLIBRO Glacier Ultrafiltration Fountain im Check,PETLIBRO Glacier Ultrafiltration Fountain,PETLIBRO Glacier Ultrafiltration Fountain im Check,"PETLIBRO Glacier mit 2,5 Litern, Edelstahl 304, Ultrafiltration, Bewegungssensor und spülmaschinengeeignetem Tank.",https://pfotentechnik.de/produkt/petlibro-glacier-ultrafiltration/,true,true,2026-07-13,2026-07-16,PETLIBRO,trinkbrunnen,product-research,transactional-support,/produkt/petlibro-glacier-ultrafiltration/,PETLIBRO Glacier Ultrafiltration Fountain,both,trinkbrunnen,commercial,4,16,2,1008,32,Organization | WebPage | WebSite | BreadcrumbList | ListItem | Product | Brand | Review | Rating | ItemList,alternatives,/produkt/xiaomi-smart-pet-fountain-2/ | /produkt/oneisall-7l-dog-water-fountain/ | /produkt/oneisall-3-5l-cordless-fountain/,/vergleiche/beste-trinkbrunnen-fuer-katzen/ | /vergleiche/beste-futterautomaten-fuer-kleine-hunde/,95,,,,
/produkt/petlibro-granary-2-vision/,apps/pfotentechnik/src/content/products/petlibro-granary-2-vision.md,product,PETLIBRO Granary 2 Vision im Datencheck,PETLIBRO Granary 2 Vision,PETLIBRO Granary 2 Vision im Datencheck,"Granary 2 Vision mit 5 Litern, 1-g-Waage, 1080p-Kamera, 48-h-Backup, App-Tracking und klarer Abgrenzung zum Granary 2 X.",https://pfotentechnik.de/produkt/petlibro-granary-2-vision/,true,true,2026-07-26,2026-07-26,PETLIBRO,futterautomaten,product-research,transactional-support,/produkt/petlibro-granary-2-vision/,PETLIBRO Granary 2 Vision,cat,futterautomat,commercial,11,13,2,1414,30,Organization | WebPage | WebSite | BreadcrumbList | ListItem | Product | Brand | Offer | Review | Rating | ItemList,alternatives,/produkt/petkit-yumshare-dual-hopper/ | /produkt/petlibro-granary-camera-feeder/ | /produkt/petlibro-space-smart-feeder/,/vergleiche/beste-futterautomaten-mit-kamera/ | /vergleiche/beste-futterautomaten-fuer-seniorenkatzen/,90,0,3,0,3
/produkt/petlibro-granary-camera-feeder/,apps/pfotentechnik/src/content/products/petlibro-granary-camera-feeder.md,product,PETLIBRO Granary Camera Feeder im Check,PETLIBRO Granary Camera Feeder,PETLIBRO Granary Camera Feeder im Check,"PETLIBRO Granary Camera Feeder mit 5 Litern, 1080p-Kamera, Nachtsicht, Zwei-Wege-Audio und App eingeordnet.",https://pfotentechnik.de/produkt/petlibro-granary-camera-feeder/,true,true,2026-07-12,2026-08-10,PETLIBRO,futterautomaten,product-research,transactional-support,/produkt/petlibro-granary-camera-feeder/,PETLIBRO Granary Camera Feeder,both,futterautomat,commercial,54,16,2,1170,35,Organization | WebPage | WebSite | BreadcrumbList | ListItem | Product | Brand | Offer | Review | Rating | ItemList,alternatives,/produkt/petkit-yumshare-dual-hopper/ | /produkt/xiaomi-smart-pet-food-feeder-2/ | /produkt/petlibro-granary-dual-feeder/,/vergleiche/beste-futterautomaten-fuer-katzen/ | /vergleiche/beste-futterautomaten-fuer-kleine-hunde/,90,,,,
/produkt/petlibro-granary-dual-feeder/,apps/pfotentechnik/src/content/products/petlibro-granary-dual-feeder.md,product,PETLIBRO Granary Dual Feeder im Check,PETLIBRO Granary WiFi Dual Food Tray Feeder,PETLIBRO Granary Dual Feeder im Check,"PETLIBRO Granary Dual Feeder mit 5 Litern, zwei Edelstahlnäpfen, zehn Mahlzeiten, 2,4/5-GHz-WLAN und Batterie-Backup.",https://pfotentechnik.de/produkt/petlibro-granary-dual-feeder/,true,true,2026-07-17,2026-07-17,PETLIBRO,futterautomaten,product-research,transactional-support,/produkt/petlibro-granary-dual-feeder/,PETLIBRO Granary WiFi Dual Food Tray Feeder,both,futterautomat,commercial,24,14,2,1033,31,Organization | WebPage | WebSite | BreadcrumbList | ListItem | Product | Brand | Offer | Review | Rating | ItemList,alternatives,/produkt/xiaomi-smart-pet-food-feeder-2/ | /produkt/petkit-yumshare-dual-hopper/ | /produkt/petlibro-granary-camera-feeder/,/vergleiche/beste-futterautomaten-fuer-katzen/ | /vergleiche/beste-trinkbrunnen-fuer-hunde/,90,,,,
/produkt/petlibro-granary-wifi-feeder/,apps/pfotentechnik/src/content/products/petlibro-granary-wifi-feeder.md,product,PETLIBRO Granary WiFi Feeder im Check,PETLIBRO Granary WiFi Feeder,PETLIBRO Granary WiFi Feeder im Check,"PETLIBRO Granary WiFi Feeder mit 5 Litern, zehn Mahlzeiten, 2,4/5-GHz-WLAN und Batterie-Backup eingeordnet.",https://pfotentechnik.de/produkt/petlibro-granary-wifi-feeder/,true,true,2026-07-12,2026-07-16,PETLIBRO,futterautomaten,product-research,transactional-support,/produkt/petlibro-granary-wifi-feeder/,PETLIBRO Granary WiFi Feeder,both,futterautomat,commercial,27,15,2,1087,35,Organization | WebPage | WebSite | BreadcrumbList | ListItem | Product | Brand | Offer | Review | Rating | ItemList,alternatives,/produkt/xiaomi-smart-pet-food-feeder-2/ | /produkt/petkit-yumshare-dual-hopper/ | /produkt/petlibro-granary-camera-feeder/,/vergleiche/beste-futterautomaten-fuer-katzen/ | /vergleiche/beste-trinkbrunnen-fuer-hunde/,90,,,,
/produkt/petlibro-one-rfid-smart-feeder/,apps/pfotentechnik/src/content/products/petlibro-one-rfid-smart-feeder.md,product,PETLIBRO One RFID Smart Feeder Test,PETLIBRO One RFID Smart Feeder,PETLIBRO One RFID Smart Feeder Test,Der PETLIBRO One RFID Smart Feeder kombiniert automatische Fütterung mit einem geschützten Napfzugang und eignet sich ideal für Mehrkatzenhaushalte.,https://pfotentechnik.de/produkt/petlibro-one-rfid-smart-feeder/,true,true,2026-07-12,2026-07-12,PETLIBRO,futterautomaten,product-research,transactional-support,/produkt/petlibro-one-rfid-smart-feeder/,PETLIBRO One RFID Smart Feeder,cat,futterautomat,commercial,4,14,2,968,33,Organization | WebPage | WebSite | BreadcrumbList | ListItem | Product | Brand | Offer | Review | Rating | ItemList,alternatives,/produkt/petkit-yumshare-dual-hopper/ | /produkt/petlibro-granary-camera-feeder/ | /produkt/petlibro-granary-dual-feeder/,/vergleiche/beste-futterautomaten-fuer-seniorenkatzen/,90,,,,
/produkt/petlibro-polar-wet-food-feeder/,apps/pfotentechnik/src/content/products/petlibro-polar-wet-food-feeder.md,product,PETLIBRO Polar Wet Food Feeder: Kühlung & Stromausfall im Check,PETLIBRO Polar Wet Food Feeder,PETLIBRO Polar Wet Food Feeder: Kühlung & Stromausfall im Check,"PETLIBRO Polar PLAF109 mit aktiver Kühlung, drei 200-ml-Fächern und App: Was die 72-Stunden-Angabe bedeutet und was das 12-Stunden-Batterie-Backup bei Stromausfall tatsächlich absichert.",https://pfotentechnik.de/produkt/petlibro-polar-wet-food-feeder/,true,true,2026-07-12,2026-08-06,PETLIBRO,futterautomaten,product-research,transactional-support,/produkt/petlibro-polar-wet-food-feeder/,PETLIBRO Polar Wet Food Feeder,both,futterautomat,commercial,26,15,2,1291,34,Organization | WebPage | WebSite | BreadcrumbList | ListItem | Product | Brand | Offer | Review | Rating | ItemList,alternatives,/produkt/petkit-yumshare-dual-hopper/ | /produkt/petlibro-granary-camera-feeder/ | /produkt/xiaomi-smart-pet-food-feeder-2/,/vergleiche/beste-futterautomaten-fuer-katzen/ | /vergleiche/beste-futterautomaten-fuer-nassfutter/,90,,,,
/produkt/petlibro-scout-smart-camera/,apps/pfotentechnik/src/content/products/petlibro-scout-smart-camera.md,product,PETLIBRO Scout Smart Camera im Check,PETLIBRO Scout Smart Camera,PETLIBRO Scout Smart Camera im Check,"PETLIBRO Scout: 1080p, Schwenken und Neigen, Mehrtiererkennung, Cloud-Abo und fehlende SD-Karte eingeordnet.",https://pfotentechnik.de/produkt/petlibro-scout-smart-camera/,true,true,2026-08-06,2026-08-06,PfotenTechnik Redaktion,haustierkameras,product-research,transactional-support,/produkt/petlibro-scout-smart-camera/,PETLIBRO Scout Smart Camera,both,,commercial,7,15,2,806,33,Organization | WebPage | WebSite | BreadcrumbList | ListItem | Product | Brand | Offer | Review | Rating | ItemList,alternatives,/produkt/furbo-360-hundekamera/ | /produkt/enabot-ebo-air-2/,/vergleiche/beste-haustierkameras/ | /vergleiche/beste-automatische-katzentoiletten/,90,,,,
/produkt/petlibro-space-smart-feeder/,apps/pfotentechnik/src/content/products/petlibro-space-smart-feeder.md,product,PETLIBRO Space Smart Feeder im Datencheck,PETLIBRO Space Smart Feeder,PETLIBRO Space Smart Feeder im Datencheck,"PETLIBRO Space Smart Feeder: Vakuumbehälter, App, Portionen, Trockenfutter-Kompatibilität und Notstrom redaktionell eingeordnet.",https://pfotentechnik.de/produkt/petlibro-space-smart-feeder/,true,true,2026-07-12,2026-07-23,PETLIBRO,futterautomaten,product-research,transactional-support,/produkt/petlibro-space-smart-feeder/,PETLIBRO Space Smart Feeder,both,futterautomat,commercial,10,13,2,1535,31,Organization | WebPage | WebSite | BreadcrumbList | ListItem | Product | Brand | Offer | Review | Rating | ItemList,alternatives,/produkt/imipaw-3l-automatic-cat-feeder/ | /produkt/petkit-yumshare-dual-hopper/ | /produkt/honeyguardian-a68/,/vergleiche/beste-futterautomaten-fuer-kleine-hunde/,90,,,,
/produkt/petlibro-stainless-steel-fountain/,apps/pfotentechnik/src/content/products/petlibro-stainless-steel-fountain.md,product,PETLIBRO Stainless Steel Fountain 3L im Check,PETLIBRO Stainless Steel Fountain 3L,PETLIBRO Stainless Steel Fountain 3L im Check,"PETLIBRO Edelstahl-Trinkbrunnen mit 3 Litern, 30 dB, einstellbarem Dauerfluss und spülmaschinengeeignetem Tank.",https://pfotentechnik.de/produkt/petlibro-stainless-steel-fountain/,true,true,2026-07-13,2026-07-16,PETLIBRO,trinkbrunnen,product-research,transactional-support,/produkt/petlibro-stainless-steel-fountain/,PETLIBRO Stainless Steel Fountain 3L,both,trinkbrunnen,commercial,6,17,2,1032,35,Organization | WebPage | WebSite | BreadcrumbList | ListItem | Product | Brand | Offer | Review | Rating | ItemList,alternatives,/produkt/petkit-eversweet-solo-2-fountain/ | /produkt/xiaomi-smart-pet-fountain-2/ | /produkt/oneisall-7l-dog-water-fountain/,/vergleiche/beste-trinkbrunnen-fuer-katzen/ | /vergleiche/beste-futterautomaten-fuer-kleine-hunde/,90,,,,
/produkt/petsafe-freshfeed-refrigerated-feeder/,apps/pfotentechnik/src/content/products/petsafe-freshfeed-refrigerated-feeder.md,product,PetSafe FreshFeed Refrigerated Test,PetSafe FreshFeed Refrigerated Pet Feeder,PetSafe FreshFeed Refrigerated Test,"PetSafe FreshFeed im Recherche-Test: aktive Kühlung, sechs Nassfuttermahlzeiten, App, Erfahrungen, Stärken und Schwächen.",https://pfotentechnik.de/produkt/petsafe-freshfeed-refrigerated-feeder/,true,true,2026-07-13,2026-07-13,PetSafe,futterautomaten,product-research,transactional-support,/produkt/petsafe-freshfeed-refrigerated-feeder/,PetSafe FreshFeed Refrigerated Pet Feeder,both,futterautomat,commercial,6,14,2,1075,35,Organization | WebPage | WebSite | BreadcrumbList | ListItem | Product | Brand | Review | Rating | ItemList,alternatives,/produkt/petkit-yumshare-dual-hopper/ | /produkt/petlibro-granary-camera-feeder/ | /produkt/petlibro-granary-dual-feeder/,/vergleiche/beste-futterautomaten-fuer-katzen/ | /vergleiche/beste-futterautomaten-fuer-kleine-hunde/,90,,,,
/produkt/petsafe-healthy-pet-simply-feed/,apps/pfotentechnik/src/content/products/petsafe-healthy-pet-simply-feed.md,product,PetSafe Healthy Pet Simply Feed Test,PetSafe Healthy Pet Simply Feed,PetSafe Healthy Pet Simply Feed Test,"PetSafe Healthy Pet Simply Feed im Recherche-Test: Offline-Betrieb, Förderband, 24 Cups, Slow Feed, Erfahrungen und Schwächen.",https://pfotentechnik.de/produkt/petsafe-healthy-pet-simply-feed/,true,true,2026-07-13,2026-07-13,PetSafe,futterautomaten,product-research,transactional-support,/produkt/petsafe-healthy-pet-simply-feed/,PetSafe Healthy Pet Simply Feed,both,futterautomat,commercial,5,15,2,1043,34,Organization | WebPage | WebSite | BreadcrumbList | ListItem | Product | Brand | Offer | Review | Rating | ItemList,alternatives,/produkt/petkit-yumshare-dual-hopper/ | /produkt/petlibro-granary-camera-feeder/ | /produkt/xiaomi-smart-pet-food-feeder-2/,/vergleiche/beste-futterautomaten-fuer-hunde/ | /vergleiche/beste-trinkbrunnen-fuer-hunde/,90,,,,
/produkt/petsafe-mikrochip-katzenklappe/,apps/pfotentechnik/src/content/products/petsafe-mikrochip-katzenklappe.md,product,PetSafe Mikrochip Katzenklappe im Datencheck,PetSafe Mikrochip Katzenklappe,PetSafe Mikrochip Katzenklappe im Datencheck,"PetSafe Mikrochip Katzenklappe: Chip-Kompatibilität, Speicher, Einbau, Dichtung und Grenzen.",https://pfotentechnik.de/produkt/petsafe-mikrochip-katzenklappe/,true,true,2026-08-04,2026-08-04,PfotenTechnik Redaktion,katzenklappen,product-research,transactional-support,/produkt/petsafe-mikrochip-katzenklappe/,PetSafe Mikrochip Katzenklappe,cat,,commercial,7,14,1,874,34,Organization | WebPage | WebSite | BreadcrumbList | ListItem | Product | Brand | Offer | Review | Rating | ItemList,alternatives,/produkt/zeromouse-2-0/ | /produkt/petsafe-petporte-smart-flap/ | /produkt/onlycat-mikrochip-katzenklappe/,/vergleiche/beste-mikrochip-katzenklappen/ | /vergleiche/beste-futterautomaten-fuer-seniorenkatzen/,90,,,,
/produkt/petsafe-petporte-smart-flap/,apps/pfotentechnik/src/content/products/petsafe-petporte-smart-flap.md,product,PetSafe Petporte smart flap im Test und Vergleich,PetSafe Petporte smart flap,PetSafe Petporte smart flap im Test und Vergleich,"Netzbetriebene Mikrochip-Katzenklappe mit 160 × 160 mm Durchgang, selektivem Eingang für bis zu 25 Katzen und optionalem Nachtmodus. Chipgrenzen, Einbau und Herstellerdaten geprüft.",https://pfotentechnik.de/produkt/petsafe-petporte-smart-flap/,true,true,2026-08-04,2026-08-07,PetSafe,katzenklappen,product-research,transactional-support,/produkt/petsafe-petporte-smart-flap/,PetSafe Petporte smart flap,cat,,commercial,12,13,2,1233,33,Organization | WebPage | WebSite | BreadcrumbList | ListItem | Product | Brand | Offer | Review | Rating | ItemList,alternatives,/produkt/petsafe-mikrochip-katzenklappe/ | /produkt/zeromouse-2-0/ | /produkt/sureflap-mikrochip-katzenklappe-connect/,/vergleiche/beste-mikrochip-katzenklappen/ | /vergleiche/beste-futterautomaten-fuer-katzen/,90,,,,
/produkt/petsafe-smart-feed-2/,apps/pfotentechnik/src/content/products/petsafe-smart-feed-2.md,product,PetSafe Smart Feed 2.0 Test,PetSafe Smart Feed 2.0,PetSafe Smart Feed 2.0 Test,"PetSafe Smart Feed 2.0 im Recherche-Test: 24 Cups, Förderband, App, Slow Feed, Erfahrungen und Schwächen.",https://pfotentechnik.de/produkt/petsafe-smart-feed-2/,true,true,2026-07-13,2026-07-13,PetSafe,futterautomaten,product-research,transactional-support,/produkt/petsafe-smart-feed-2/,PetSafe Smart Feed 2.0,both,futterautomat,commercial,8,15,2,1057,35,Organization | WebPage | WebSite | BreadcrumbList | ListItem | Product | Brand | Offer | Review | Rating | ItemList,alternatives,/produkt/petkit-yumshare-dual-hopper/ | /produkt/petlibro-granary-camera-feeder/ | /produkt/petlibro-granary-dual-feeder/,/vergleiche/beste-futterautomaten-fuer-hunde/ | /vergleiche/beste-trinkbrunnen-fuer-hunde/,90,,,,
/produkt/petwalk-medium-tiertuer/,apps/pfotentechnik/src/content/products/petwalk-medium-tiertuer.md,product,petWALK Medium Tiertür im Datencheck,petWALK Medium Tiertür,petWALK Medium Tiertür im Datencheck,"petWALK Medium: Dämmung, Chip- und Bewegungserkennung, App, Notstrom und professionelle Einbauplanung.",https://pfotentechnik.de/produkt/petwalk-medium-tiertuer/,true,true,2026-08-04,2026-08-04,PfotenTechnik Redaktion,katzenklappen,product-research,transactional-support,/produkt/petwalk-medium-tiertuer/,petWALK Medium Tiertür,both,,commercial,11,13,2,703,29,Organization | WebPage | WebSite | BreadcrumbList | ListItem | Product | Brand | Offer | Review | Rating | ItemList,alternatives,/produkt/zeromouse-2-0/ | /produkt/petsafe-petporte-smart-flap/ | /produkt/sureflap-mikrochip-katzenklappe-connect/,/vergleiche/beste-mikrochip-katzenklappen/ | /vergleiche/beste-automatische-katzentoiletten/,90,,,,
/produkt/surefeed-microchip-pet-feeder-connect/,apps/pfotentechnik/src/content/products/surefeed-microchip-pet-feeder-connect.md,product,SureFeed Microchip Pet Feeder Connect Test,SureFeed Microchip Pet Feeder Connect,SureFeed Microchip Pet Feeder Connect Test,App-gestützter Mikrochip-Napf für getrennte Fütterung und nachvollziehbare Fressgewohnheiten im Mehrtierhaushalt.,https://pfotentechnik.de/produkt/surefeed-microchip-pet-feeder-connect/,true,true,2026-07-12,2026-08-03,SureFeed,futterautomaten,product-research,transactional-support,/produkt/surefeed-microchip-pet-feeder-connect/,SureFeed Microchip Pet Feeder Connect,both,futterautomat,commercial,19,15,2,1013,34,Organization | WebPage | WebSite | BreadcrumbList | ListItem | Product | Brand | Review | Rating | ItemList,alternatives,/produkt/petkit-yumshare-dual-hopper/ | /produkt/petlibro-granary-camera-feeder/ | /produkt/petlibro-granary-dual-feeder/,/vergleiche/beste-futterautomaten-fuer-katzen/ | /vergleiche/beste-futterautomaten-fuer-kleine-hunde/,90,,,,
/produkt/surefeed-microchip-pet-feeder/,apps/pfotentechnik/src/content/products/surefeed-microchip-pet-feeder.md,product,SureFeed Microchip Pet Feeder im Check,SureFeed Microchip Pet Feeder,SureFeed Microchip Pet Feeder im Check,"SureFeed Mikrochip-Napf für Nass- und Trockenfutter mit bis zu 32 Chipnummern, Batteriebetrieb und kontrolliertem Zugang.",https://pfotentechnik.de/produkt/surefeed-microchip-pet-feeder/,true,true,2026-07-12,2026-07-25,SureFeed,futterautomaten,product-research,transactional-support,/produkt/surefeed-microchip-pet-feeder/,SureFeed Microchip Pet Feeder,both,futterautomat,commercial,22,15,2,1095,35,Organization | WebPage | WebSite | BreadcrumbList | ListItem | Product | Brand | Offer | Review | Rating | ItemList,alternatives,/produkt/petkit-yumshare-dual-hopper/ | /produkt/petlibro-granary-camera-feeder/ | /produkt/petlibro-granary-dual-feeder/,/vergleiche/beste-futterautomaten-fuer-katzen/ | /vergleiche/beste-futterautomaten-fuer-seniorenkatzen/,90,,,,
/produkt/sureflap-dualscan-mikrochip-katzenklappe/,apps/pfotentechnik/src/content/products/sureflap-dualscan-mikrochip-katzenklappe.md,product,SureFlap DualScan Mikrochip Katzenklappe im Test und Vergleich,SureFlap DualScan Mikrochip Katzenklappe,SureFlap DualScan Mikrochip Katzenklappe im Test und Vergleich,"Lokale Mikrochip-Katzenklappe mit individuellen Ausgangsrechten für bis zu 32 Tiere. Ohne App oder Hub, mit 142 × 120 mm Durchgang und Batteriebetrieb.",https://pfotentechnik.de/produkt/sureflap-dualscan-mikrochip-katzenklappe/,true,true,2026-08-04,2026-08-05,Sure Petcare,katzenklappen,product-research,transactional-support,/produkt/sureflap-dualscan-mikrochip-katzenklappe/,SureFlap DualScan Mikrochip Katzenklappe,cat,,commercial,13,14,2,977,34,Organization | WebPage | WebSite | BreadcrumbList | ListItem | Product | Brand | Review | Rating | ItemList,alternatives,/produkt/petsafe-petporte-smart-flap/ | /produkt/petwalk-medium-tiertuer/ | /produkt/zeromouse-2-0/,/vergleiche/beste-mikrochip-katzenklappen/ | /vergleiche/beste-futterautomaten-fuer-seniorenkatzen/,90,,,,
/produkt/sureflap-mikrochip-katzenklappe-connect/,apps/pfotentechnik/src/content/products/sureflap-mikrochip-katzenklappe-connect.md,product,"SureFlap Connect Katzenklappe: Hub, App & Grenzen",SureFlap Mikrochip Katzenklappe Connect,"SureFlap Connect Katzenklappe: Hub, App & Grenzen","SureFlap Connect im Datencheck: Mikrochipzugang, individuelle Rechte, App, Hub-Abhängigkeit, Maße, Batteriebetrieb und Einbau.",https://pfotentechnik.de/produkt/sureflap-mikrochip-katzenklappe-connect/,true,true,2026-08-04,2026-08-05,Sure Petcare,katzenklappen,product-research,transactional-support,/produkt/sureflap-mikrochip-katzenklappe-connect/,SureFlap Mikrochip Katzenklappe Connect,cat,,commercial,10,14,2,1056,35,Organization | WebPage | WebSite | BreadcrumbList | ListItem | Product | Brand | Offer | Review | Rating | ItemList,alternatives,/produkt/zeromouse-2-0/ | /produkt/petwalk-medium-tiertuer/ | /produkt/petsafe-petporte-smart-flap/,/vergleiche/beste-mikrochip-katzenklappen/ | /vergleiche/beste-futterautomaten-fuer-seniorenkatzen/,90,,,,
/produkt/sureflap-mikrochip-katzenklappe/,apps/pfotentechnik/src/content/products/sureflap-mikrochip-katzenklappe.md,product,"SureFlap Mikrochip Katzenklappe: Maße, Einbau & Grenzen",SureFlap Mikrochip Katzenklappe,"SureFlap Mikrochip Katzenklappe: Maße, Einbau & Grenzen","SureFlap Mikrochip Katzenklappe im Datencheck: Zugang, 142 × 120 mm Durchgang, Batteriebetrieb, Einbau, Kompatibilität und Grenzen.",https://pfotentechnik.de/produkt/sureflap-mikrochip-katzenklappe/,true,true,2026-08-04,2026-08-04,Sure Petcare,katzenklappen,product-research,transactional-support,/produkt/sureflap-mikrochip-katzenklappe/,SureFlap Mikrochip Katzenklappe,cat,,commercial,6,14,1,1305,34,Organization | WebPage | WebSite | BreadcrumbList | ListItem | Product | Brand | Review | Rating | ItemList,alternatives,/produkt/petsafe-petporte-smart-flap/ | /produkt/petwalk-medium-tiertuer/ | /produkt/zeromouse-2-0/,/vergleiche/beste-mikrochip-katzenklappen/ | /vergleiche/beste-futterautomaten-fuer-seniorenkatzen/,90,,,,
/produkt/tractive-cat-6-mini/,apps/pfotentechnik/src/content/products/tractive-cat-6-mini.md,product,"Tractive CAT 6 Mini: Gewicht, Akku und Daten",Tractive CAT 6 Mini,"Tractive CAT 6 Mini: Gewicht, Akku und Daten","Tractive CAT 6 Mini mit 32 g inklusive Halsband, IP68, LTE/4G, Sicherheitsverschluss und bis zu sieben Tagen Akku.",https://pfotentechnik.de/produkt/tractive-cat-6-mini/,true,true,2026-07-20,2026-07-22,Tractive,gps-tracker,product-research,transactional-support,/produkt/tractive-cat-6-mini/,Tractive CAT 6 Mini,cat,gps-tracker,commercial,11,13,2,1308,31,Organization | WebPage | WebSite | BreadcrumbList | ListItem | Product | Brand | Offer | Review | Rating | ItemList,alternatives,/produkt/weenect-xs/ | /produkt/tractive-dog-6-xl/ | /produkt/paj-pet-finder-4g-mini/,/vergleiche/beste-gps-tracker-fuer-katzen/,90,,,,
/produkt/tractive-dog-6-xl/,apps/pfotentechnik/src/content/products/tractive-dog-6-xl.md,product,"Tractive DOG 6 XL: Akku, Abo und GPS-Tracker im Check",Tractive DOG 6 XL,"Tractive DOG 6 XL: Akku, Abo und GPS-Tracker im Check","Tractive DOG 6 XL eingeordnet: rund 70 g, LTE-Live-Ortung, IP68, Gesundheits-Trends, Abo und bis zu 42 Tage Akkulaufzeit.",https://pfotentechnik.de/produkt/tractive-dog-6-xl/,true,true,2026-07-20,2026-08-10,Tractive,gps-tracker,product-research,transactional-support,/produkt/tractive-dog-6-xl/,Tractive DOG 6 XL,dog,gps-tracker,commercial,15,14,2,1633,35,Organization | WebPage | WebSite | BreadcrumbList | ListItem | Product | Brand | Offer | Review | Rating | ItemList,alternatives,/produkt/tractive-dog-6/ | /produkt/weenect-xt/ | /produkt/garmin-alpha-t-20/,/vergleiche/beste-gps-tracker-fuer-hunde/,90,,,,
/produkt/tractive-dog-6/,apps/pfotentechnik/src/content/products/tractive-dog-6.md,product,"Tractive DOG 6: Akku, Abo und GPS-Tracker im Check",Tractive DOG 6,"Tractive DOG 6: Akku, Abo und GPS-Tracker im Check","Tractive DOG 6 eingeordnet: 39 g, LTE-Live-Ortung, IP68, Vitalwert-Trends, Sicherheitszonen, Abo und bis zu 14 Tage Akkulaufzeit.",https://pfotentechnik.de/produkt/tractive-dog-6/,true,true,2026-07-20,2026-08-10,Tractive,gps-tracker,product-research,transactional-support,/produkt/tractive-dog-6/,Tractive DOG 6,dog,gps-tracker,commercial,21,16,2,1582,35,Organization | WebPage | WebSite | BreadcrumbList | ListItem | Product | Brand | Offer | Review | Rating | ItemList,alternatives,/produkt/weenect-xs/ | /produkt/tractive-dog-6-xl/ | /produkt/weenect-xt/,/vergleiche/beste-gps-tracker-fuer-hunde/,90,,,,
/produkt/weenect-xs/,apps/pfotentechnik/src/content/products/weenect-xs.md,product,"Weenect XS GPS-Tracker: 27 g, Akku, Abo & Kosten",Weenect XS GPS-Tracker,"Weenect XS GPS-Tracker: 27 g, Akku, Abo & Kosten","Weenect XS mit 27 g, IP68, Echtzeitortung und Abo: Akku, Mobilfunk, Sicherheitszonen, Befestigung und laufende Kosten realistisch einordnen.",https://pfotentechnik.de/produkt/weenect-xs/,true,true,2026-07-20,2026-08-10,Weenect,gps-tracker,product-research,transactional-support,/produkt/weenect-xs/,Weenect XS GPS-Tracker,both,gps-tracker,commercial,15,15,2,1621,35,Organization | WebPage | WebSite | BreadcrumbList | ListItem | Product | Brand | Offer | Review | Rating | ItemList,alternatives,/produkt/tractive-dog-6/ | /produkt/tractive-dog-6-xl/ | /produkt/tractive-cat-6-mini/,/vergleiche/beste-gps-tracker-fuer-hunde/ | /vergleiche/kleine-gps-tracker-fuer-katzen/,90,,,,
/produkt/weenect-xt/,apps/pfotentechnik/src/content/products/weenect-xt.md,product,"Weenect XT GPS-Tracker: Akku, Abo, Gewicht & Testdaten",Weenect XT GPS-Tracker,"Weenect XT GPS-Tracker: Akku, Abo, Gewicht & Testdaten","Weenect XT mit 54,2 g, IP68 und bis zu 3 Wochen Akku: Live-Ortung, Mobilfunk, Abo, LED, Befestigung und Grenzen im Outdoor-Einsatz prüfen.",https://pfotentechnik.de/produkt/weenect-xt/,true,true,2026-07-20,2026-07-26,Weenect,gps-tracker,product-research,transactional-support,/produkt/weenect-xt/,Weenect XT GPS-Tracker,dog,gps-tracker,commercial,11,16,2,1796,35,Organization | WebPage | WebSite | BreadcrumbList | ListItem | Product | Brand | Review | Rating | ItemList,alternatives,/produkt/weenect-xs/ | /produkt/tractive-dog-6/ | /produkt/tractive-dog-6-xl/,/vergleiche/beste-gps-tracker-fuer-hunde/,90,0,1,0,37
/produkt/wopet-cube-air-ca10/,apps/pfotentechnik/src/content/products/wopet-cube-air-ca10.md,product,WOPET Cube Air WiFi Pet Feeder CA10 Test,WOPET Cube Air WiFi Pet Feeder CA10,WOPET Cube Air WiFi Pet Feeder CA10 Test,"Der WOPET Cube Air CA10 ist ein kompakter WLAN Futterautomat mit App Steuerung, Langsam Fütterungsmodus und flexiblem Zeitplan für Katzen und kleine Hunde.",https://pfotentechnik.de/produkt/wopet-cube-air-ca10/,true,true,2026-07-12,2026-07-12,WOPET,futterautomaten,product-research,transactional-support,/produkt/wopet-cube-air-ca10/,WOPET Cube Air WiFi Pet Feeder CA10,both,futterautomat,commercial,5,12,2,922,29,Organization | WebPage | WebSite | BreadcrumbList | ListItem | Product | Brand | Review | Rating | ItemList,alternatives,/produkt/petkit-yumshare-dual-hopper/ | /produkt/petlibro-granary-camera-feeder/ | /produkt/petlibro-granary-dual-feeder/,/vergleiche/futterautomat-mit-app/ | /vergleiche/beste-futterautomaten-fuer-kleine-hunde/,90,,,,
/produkt/wopet-heritage-view-camera-feeder/,apps/pfotentechnik/src/content/products/wopet-heritage-view-camera-feeder.md,product,WOPET Heritage View Camera Feeder Test,WOPET Heritage View Camera Feeder,WOPET Heritage View Camera Feeder Test,"6-Liter-Futterautomat mit Kamera, App und Zwei-Wege-Audio für die Sichtkontrolle am Futterplatz.",https://pfotentechnik.de/produkt/wopet-heritage-view-camera-feeder/,true,true,2026-07-12,2026-07-12,WOPET,futterautomaten,product-research,transactional-support,/produkt/wopet-heritage-view-camera-feeder/,WOPET Heritage View Camera Feeder,both,futterautomat,commercial,5,14,2,911,29,Organization | WebPage | WebSite | BreadcrumbList | ListItem | Product | Brand | Review | Rating | ItemList,alternatives,/produkt/petkit-yumshare-dual-hopper/ | /produkt/petlibro-granary-camera-feeder/ | /produkt/petlibro-granary-dual-feeder/,/vergleiche/beste-futterautomaten-mit-kamera/ | /vergleiche/beste-trinkbrunnen-fuer-hunde/,90,,,,
/produkt/wopet-patrol-f07-pro/,apps/pfotentechnik/src/content/products/wopet-patrol-f07-pro.md,product,WOPET Patrol F07 Pro im Check,WOPET Patrol F07 Pro,WOPET Patrol F07 Pro im Check,"WOPET Patrol F07 Pro mit 6 Litern, 15 Mahlzeiten, 1 bis 50 Portionen, 2,4-GHz-WLAN und Batterie-Backup.",https://pfotentechnik.de/produkt/wopet-patrol-f07-pro/,true,true,2026-07-12,2026-07-16,WOPET,futterautomaten,product-research,transactional-support,/produkt/wopet-patrol-f07-pro/,WOPET Patrol F07 Pro,both,futterautomat,commercial,5,13,2,1089,31,Organization | WebPage | WebSite | BreadcrumbList | ListItem | Product | Brand | Review | Rating | ItemList,alternatives,/produkt/petkit-yumshare-dual-hopper/ | /produkt/petlibro-granary-camera-feeder/ | /produkt/petlibro-granary-dual-feeder/,/vergleiche/beste-futterautomaten-fuer-hunde/ | /vergleiche/beste-trinkbrunnen-fuer-hunde/,90,,,,
/produkt/wopet-pioneer-f01-plus/,apps/pfotentechnik/src/content/products/wopet-pioneer-f01-plus.md,product,WOPET Pioneer F01 Plus Test,WOPET Pioneer F01 Plus,WOPET Pioneer F01 Plus Test,"WOPET Pioneer F01 Plus im Datencheck: 7-Liter-Vorrat, lokale Zeitsteuerung, Portionierung, Stromversorgung und Betrieb ohne App.",https://pfotentechnik.de/produkt/wopet-pioneer-f01-plus/,true,true,2026-07-12,2026-07-12,WOPET,futterautomaten,product-research,transactional-support,/produkt/wopet-pioneer-f01-plus/,WOPET Pioneer F01 Plus,both,futterautomat,commercial,4,13,2,905,29,Organization | WebPage | WebSite | BreadcrumbList | ListItem | Product | Brand | Review | Rating | ItemList,alternatives,/produkt/petkit-yumshare-dual-hopper/ | /produkt/petlibro-granary-camera-feeder/ | /produkt/petlibro-granary-dual-feeder/,/vergleiche/beste-trinkbrunnen-fuer-hunde/,90,,,,
/produkt/xiaomi-smart-pet-food-feeder-2/,apps/pfotentechnik/src/content/products/xiaomi-smart-pet-food-feeder-2.md,product,Xiaomi Smart Pet Food Feeder 2 im Check,Xiaomi Smart Pet Food Feeder 2,Xiaomi Smart Pet Food Feeder 2 im Check,"Xiaomi Smart Pet Food Feeder 2 mit 5 Litern, Wiegenapf, 1-g-Erfassung, App und zwei Wochen Notstrom.",https://pfotentechnik.de/produkt/xiaomi-smart-pet-food-feeder-2/,true,true,2026-07-12,2026-08-10,Xiaomi,futterautomaten,product-research,transactional-support,/produkt/xiaomi-smart-pet-food-feeder-2/,Xiaomi Smart Pet Food Feeder 2,both,futterautomat,commercial,34,14,2,1155,35,Organization | WebPage | WebSite | BreadcrumbList | ListItem | Product | Brand | Offer | Review | Rating | ItemList,alternatives,/produkt/pawsync-smart-pet-feeder/ | /produkt/petlibro-granary-camera-feeder/ | /produkt/petlibro-granary-dual-feeder/,/vergleiche/beste-futterautomaten-fuer-katzen/ | /vergleiche/beste-futterautomaten-fuer-kleine-hunde/,90,,,,
/produkt/xiaomi-smart-pet-fountain-2/,apps/pfotentechnik/src/content/products/xiaomi-smart-pet-fountain-2.md,product,Xiaomi Smart Pet Fountain 2 im Check,Xiaomi Smart Pet Fountain 2,Xiaomi Smart Pet Fountain 2 im Check,"Xiaomi Smart Pet Fountain 2 mit 3 Litern, 4000-mAh-Akku, App, vierstufigem Filter und drei Modi eingeordnet.",https://pfotentechnik.de/produkt/xiaomi-smart-pet-fountain-2/,true,true,2026-07-13,2026-08-10,Xiaomi,trinkbrunnen,product-research,transactional-support,/produkt/xiaomi-smart-pet-fountain-2/,Xiaomi Smart Pet Fountain 2,both,trinkbrunnen,commercial,44,18,2,1175,35,Organization | WebPage | WebSite | BreadcrumbList | ListItem | Product | Brand | Offer | Review | Rating | ItemList,alternatives,/produkt/petkit-eversweet-solo-2-fountain/ | /produkt/oneisall-3-5l-cordless-fountain/ | /produkt/oneisall-7l-dog-water-fountain/,/vergleiche/beste-trinkbrunnen-fuer-katzen/ | /vergleiche/beste-futterautomaten-fuer-kleine-hunde/,90,,,,
/produkt/zeromouse-2-0/,apps/pfotentechnik/src/content/products/zeromouse-2-0.md,product,ZeroMOUSE 2.0 im Check: KI gegen Beute,ZeroMOUSE 2.0,ZeroMOUSE 2.0 im Check: KI gegen Beute,"ZeroMOUSE 2.0 im Datencheck: kompatible Katzenklappen, KI-Beuteerkennung, WLAN, Strombedarf, Abmessungen und wichtige Grenzen.",https://pfotentechnik.de/produkt/zeromouse-2-0/,true,true,2026-07-26,2026-07-26,ZeroMOUSE,katzenklappen,product-research,transactional-support,/produkt/zeromouse-2-0/,ZeroMOUSE 2.0,cat,,commercial,13,15,2,1327,31,Organization | WebPage | WebSite | BreadcrumbList | ListItem | Product | Brand | Offer | Review | Rating | ItemList,alternatives,/produkt/petsafe-petporte-smart-flap/ | /produkt/petwalk-medium-tiertuer/ | /produkt/sureflap-mikrochip-katzenklappe-connect/,/vergleiche/katzenklappen-mit-app-und-beuteerkennung/ | /vergleiche/beste-automatische-katzentoiletten/,90,,,,
/pumpe-katzentrinkbrunnen-reinigen/,apps/pfotentechnik/src/content/pages/pumpe-katzentrinkbrunnen-reinigen.md,problem-solving-guide,Katzenbrunnen-Pumpe reinigen: Anleitung,Pumpe im Katzentrinkbrunnen richtig reinigen,Katzenbrunnen-Pumpe reinigen: Anleitung,"Die Pumpe im Katzentrinkbrunnen reinigen: sicher zerlegen, Rotor säubern, Fehler erkennen und leisen Durchfluss wiederherstellen.",https://pfotentechnik.de/pumpe-katzentrinkbrunnen-reinigen/,true,true,2026-07-13,2026-07-23,PfotenTechnik Redaktion,trinkbrunnen,problem-solving,,/pumpe-katzentrinkbrunnen-reinigen/,Pumpe im Katzentrinkbrunnen richtig reinigen,cat,trinkbrunnen,informational,9,18,2,774,21,Organization | Article | ImageObject | BreadcrumbList | ListItem | FAQPage | Question | Answer,,/produkt/xiaomi-smart-pet-fountain-2/,/vergleiche/beste-trinkbrunnen-fuer-hunde/ | /vergleiche/beste-trinkbrunnen-fuer-katzen/ | /vergleiche/,95,,,,
/redaktion/,apps/pfotentechnik/dist/redaktion/index.html,editorial-page,Redaktion und Unabhängigkeit | PfotenTechnik,Redaktion und Unabhängigkeit,Redaktion und Unabhängigkeit | PfotenTechnik,"Wer hinter PfotenTechnik steht, wie Inhalte verantwortet werden und welche Regeln Redaktion, Empfehlungen und Finanzierung voneinander trennen.",https://pfotentechnik.de/redaktion/,true,true,,,,smarte-haustiertechnik,informational,,/redaktion/,Redaktion und Unabhängigkeit,,,informational,115,4,1,378,8,Organization | WebPage | WebSite,,,,80,,,,
/reichweite-von-gps-trackern/,apps/pfotentechnik/src/content/pages/reichweite-von-gps-trackern.md,guide,"Reichweite von GPS-Trackern: Mobilfunk, VHF & Grenzen",Reichweite von GPS-Trackern,"Reichweite von GPS-Trackern: Mobilfunk, VHF & Grenzen","Wie weit reicht ein Haustier-GPS? Mobilfunk ohne feste Distanzgrenze, VHF-Maximalreichweite, Funklöcher und Innenräume erklärt.",https://pfotentechnik.de/reichweite-von-gps-trackern/,true,true,2026-07-20,2026-07-20,PfotenTechnik Redaktion,gps-tracker,informational,,/reichweite-von-gps-trackern/,Reichweite von GPS-Trackern,both,gps-tracker,informational,5,13,2,677,17,Organization | Article | ImageObject | BreadcrumbList | ListItem | FAQPage | Question | Answer,top-recommendation,/produkt/weenect-xt/ | /produkt/tractive-dog-6/,/vergleiche/beste-gps-tracker-fuer-hunde/ | /vergleiche/gps-tracker-ohne-abo/ | /vergleiche/beste-gps-tracker-fuer-katzen/ | /vergleiche/gps-tracker-mit-langer-akkulaufzeit/,100,,,,
/seniorenhunde-richtig-versorgen/,apps/pfotentechnik/src/content/pages/seniorenhunde-richtig-versorgen.md,problem-solving-guide,"Seniorenhund richtig versorgen: Pflege, Futter und Alltag",Seniorenhunde richtig versorgen,"Seniorenhund richtig versorgen: Pflege, Futter und Alltag","Seniorenhunde sinnvoll unterstützen: Vorsorge, Gewicht, Muskeln, Futter, Bewegung, Schmerzzeichen, Zähne und ein sicheres Zuhause.",https://pfotentechnik.de/seniorenhunde-richtig-versorgen/,true,true,2026-07-12,2026-07-31,PfotenTechnik Redaktion,hundegesundheit,problem-solving,,/seniorenhunde-richtig-versorgen/,Seniorenhunde richtig versorgen,dog,futterautomat,informational,1,21,2,2772,35,Organization | Article | ImageObject | BreadcrumbList | ListItem | FAQPage | Question | Answer,,,/vergleiche/beste-futterautomaten-fuer-hunde/ | /vergleiche/,100,,,,
/smarte-futterautomaten/,apps/pfotentechnik/src/content/pages/smarte-futterautomaten.md,category-hub,Smarte Futterautomaten 2026: Kaufberatung & Auswahlhilfe,Smarte Futterautomaten für Hunde und Katzen,Smarte Futterautomaten 2026: Kaufberatung & Auswahlhilfe,"Smarte Futterautomaten auswählen: Trocken- oder Nassfutter, App, Kamera, Ausfallsicherheit und passende spezialisierte Modellvergleiche.",https://pfotentechnik.de/smarte-futterautomaten/,true,true,2026-07-08,2026-08-06,PfotenTechnik Redaktion,futterautomaten,category-discovery,informational,/smarte-futterautomaten/,Smarte Futterautomaten für Hunde und Katzen,both,futterautomat,informational,144,80,1,6519,133,Organization | Article | ImageObject | BreadcrumbList | ListItem | FAQPage | Question | Answer,top-recommendation,/produkt/aqara-smart-pet-feeder-c1/ | /produkt/cat-mate-c200/ | /produkt/cat-mate-c300/ | /produkt/cat-mate-c500/ | /produkt/catit-pixi-smart-6-meal-feeder/ | /produkt/catit-pixi-vision-smart-feeder/ | /produkt/honeyguardian-a305d/ | /produkt/honeyguardian-a68/ | /produkt/honeyguardian-smart-pet-feeder-s305d/ | /produkt/imipaw-3l-automatic-cat-feeder/ | /produkt/oneisall-2-in-1-feeder-water/ | /produkt/oneisall-5l-automatic-cat-feeder/ | /produkt/pawbby-smart-pet-feeder/ | /produkt/pawsync-smart-pet-feeder/ | /produkt/petkit-fresh-element-infinity/ | /produkt/petkit-fresh-element-solo/ | /produkt/petkit-yumshare-dual-hopper/ | /produkt/petkit-yumshare-solo-2/ | /produkt/petlibro-air-automatic-feeder/ | /produkt/petlibro-air-wifi-feeder/ | /produkt/petlibro-granary-2-vision/ | /produkt/petlibro-granary-camera-feeder/ | /produkt/petlibro-granary-dual-feeder/ | /produkt/petlibro-granary-wifi-feeder/ | /produkt/petlibro-one-rfid-smart-feeder/ | /produkt/petlibro-polar-wet-food-feeder/ | /produkt/petlibro-space-smart-feeder/ | /produkt/petsafe-freshfeed-refrigerated-feeder/ | /produkt/petsafe-healthy-pet-simply-feed/ | /produkt/petsafe-smart-feed-2/ | /produkt/surefeed-microchip-pet-feeder/ | /produkt/surefeed-microchip-pet-feeder-connect/ | /produkt/wopet-cube-air-ca10/ | /produkt/wopet-heritage-view-camera-feeder/ | /produkt/wopet-patrol-f07-pro/ | /produkt/wopet-pioneer-f01-plus/ | /produkt/xiaomi-smart-pet-food-feeder-2/,/vergleiche/ | /vergleiche/futterautomat-mit-app/ | /vergleiche/beste-futterautomaten-mit-kamera/ | /vergleiche/beste-futterautomaten-fuer-nassfutter/ | /vergleiche/beste-futterautomaten-fuer-zwei-katzen/ | /vergleiche/beste-futterautomaten-ohne-wlan/ | /vergleiche/beste-futterautomaten-fuer-katzen/ | /vergleiche/beste-futterautomaten-fuer-hunde/ | /vergleiche/beste-futterautomaten-fuer-mehrtierhaushalte/ | /vergleiche/futterautomat-fuer-grosse-hunde/ | /vergleiche/beste-futterautomaten-fuer-seniorenkatzen/ | /vergleiche/beste-futterautomaten-mit-akku/ | /vergleiche/beste-futterautomaten-mit-edelstahl-napf/ | /vergleiche/beste-futterautomaten-fuer-berufstaetige/ | /vergleiche/beste-futterautomaten-fuer-kleine-hunde/ | /vergleiche/futterautomat-gegen-schlingen/,100,0,1,0,1
/smarte-gadgets-fuer-hunde-und-katzen/,apps/pfotentechnik/src/content/pages/smarte-gadgets-fuer-hunde-und-katzen.md,editorial-page,Smarte Gadgets für Hunde und Katzen: ein erster Überblick,Smarte Gadgets für Hunde und Katzen: ein erster Überblick,Smarte Gadgets für Hunde und Katzen: ein erster Überblick,Welche vernetzten Helfer im Haustieralltag sinnvoll sein können und worauf Halter vor dem Kauf achten sollten.,https://pfotentechnik.de/smarte-gadgets-fuer-hunde-und-katzen/,true,true,2026-07-08,2026-07-20,PfotenTechnik Redaktion,smarte-haustiertechnik,informational,,/smarte-gadgets-fuer-hunde-und-katzen/,Smarte Gadgets für Hunde und Katzen: ein erster Überblick,both,,informational,3,10,2,480,16,Organization | Article | ImageObject | BreadcrumbList | ListItem,,,/vergleiche/ | /vergleiche/futterautomat-gegen-schlingen/,90,,,,
/smarte-haustiertechnik/,apps/pfotentechnik/src/content/pages/smarte-haustiertechnik.md,category-hub,"Smarte Haustiertechnik: Geräte, Datenschutz & Kaufberatung",Smarte Haustiertechnik – Der große Ratgeber,"Smarte Haustiertechnik: Geräte, Datenschutz & Kaufberatung","Smarte Haustiertechnik verstehen und sinnvoll auswählen: Gerätearten, Datenschutz, WLAN, Bluetooth, Offline-Betrieb, Kosten und Kaufcheck.",https://pfotentechnik.de/smarte-haustiertechnik/,true,true,2026-07-20,2026-07-20,PfotenTechnik Redaktion,smarte-haustiertechnik,category-discovery,informational,/smarte-haustiertechnik/,Smarte Haustiertechnik – Der große Ratgeber,both,,informational,30,47,1,3217,59,Organization | Article | ImageObject | BreadcrumbList | ListItem | FAQPage | Question | Answer,top-recommendation | alternatives,/produkt/petlibro-polar-wet-food-feeder/,/vergleiche/ | /vergleiche/beste-haustierkameras/ | /vergleiche/beste-automatische-katzentoiletten/ | /vergleiche/beste-trinkbrunnen-fuer-hunde/ | /vergleiche/futterautomat-gegen-schlingen/,100,,,,
/so-bewerten-wir/,apps/pfotentechnik/src/content/pages/so-bewerten-wir.md,guide,Unsere Bewertungsmethodik | PfotenTechnik,So bewertet PfotenTechnik Produkte,Unsere Bewertungsmethodik | PfotenTechnik,"Quellen, Bewertungskriterien, Gewichtung und Aktualisierung: So ordnet PfotenTechnik Futterautomaten und Haustier-Technik ein.",https://pfotentechnik.de/so-bewerten-wir/,true,true,2026-07-13,2026-07-30,PfotenTechnik Redaktion,futterautomaten,commercial-investigation,,/so-bewerten-wir/,So bewertet PfotenTechnik Produkte,,futterautomat,informational,116,19,1,1428,23,Organization | Article | ImageObject | BreadcrumbList | ListItem | FAQPage | Question | Answer,top-recommendation | alternatives,/produkt/sureflap-dualscan-mikrochip-katzenklappe/,/vergleiche/ | /vergleiche/beste-futterautomaten-ohne-wlan/ | /vergleiche/beste-futterautomaten-fuer-berufstaetige/ | /vergleiche/beste-futterautomaten-fuer-hunde/ | /vergleiche/beste-futterautomaten-fuer-katzen/ | /vergleiche/beste-futterautomaten-fuer-kleine-hunde/ | /vergleiche/beste-futterautomaten-unter-100-euro/,100,,,,
/trinkbrunnen-fuer-katzen-sinnvoll/,apps/pfotentechnik/src/content/pages/trinkbrunnen-fuer-katzen-sinnvoll.md,decision-guide,Trinkbrunnen für Katzen: sinnvoll oder unnötig?,Ist ein Trinkbrunnen für Katzen sinnvoll?,Trinkbrunnen für Katzen: sinnvoll oder unnötig?,"Ein Katzenbrunnen kann zum Trinken anregen, ist aber kein Muss. Vorteile, Nachteile, Hygiene, Studienlage und passende Modelle im Überblick.",https://pfotentechnik.de/trinkbrunnen-fuer-katzen-sinnvoll/,true,true,2026-07-13,2026-07-14,PfotenTechnik Redaktion,trinkbrunnen,commercial-investigation,,/trinkbrunnen-fuer-katzen-sinnvoll/,Ist ein Trinkbrunnen für Katzen sinnvoll?,cat,trinkbrunnen,commercial,12,21,2,2612,60,Organization | Article | ImageObject | BreadcrumbList | ListItem | FAQPage | Question | Answer,top-recommendation,/produkt/cat-mate-335-pet-fountain/ | /produkt/cat-mate-shell-fountain/ | /produkt/oneisall-2-2l-cordless-fountain/ | /produkt/petkit-eversweet-3-pro-uvc/ | /produkt/petlibro-dockstream-rfid-smart/ | /produkt/xiaomi-smart-pet-fountain-2/ | /produkt/surefeed-microchip-pet-feeder-connect/,/vergleiche/beste-trinkbrunnen-fuer-katzen/ | /vergleiche/beste-trinkbrunnen-fuer-hunde/,100,,,,
/trinkbrunnen-fuer-kitten-sicher/,apps/pfotentechnik/src/content/pages/trinkbrunnen-fuer-kitten-sicher.md,guide,Trinkbrunnen für Kitten: Sicherheit und Auswahl,Ist ein Trinkbrunnen für Kitten sicher?,Trinkbrunnen für Kitten: Sicherheit und Auswahl,"Ist ein Katzenbrunnen für Kitten sicher? Worauf bei Trinkfläche, Tank, Kabel, Stand, Reinigung und Einführung zu achten ist.",https://pfotentechnik.de/trinkbrunnen-fuer-kitten-sicher/,true,true,2026-07-13,2026-07-23,PfotenTechnik Redaktion,trinkbrunnen,informational,,/trinkbrunnen-fuer-kitten-sicher/,Ist ein Trinkbrunnen für Kitten sicher?,cat,trinkbrunnen,informational,2,19,2,865,25,Organization | Article | ImageObject | BreadcrumbList | ListItem | FAQPage | Question | Answer,alternatives,/produkt/cat-mate-335-pet-fountain/ | /produkt/cat-mate-shell-fountain/ | /produkt/oneisall-2-2l-cordless-fountain/ | /produkt/xiaomi-smart-pet-fountain-2/,/vergleiche/beste-trinkbrunnen-fuer-katzen/ | /vergleiche/beste-trinkbrunnen-fuer-hunde/ | /vergleiche/,95,,,,
/trinkbrunnen-fuer-mehrere-katzen/,apps/pfotentechnik/src/content/pages/trinkbrunnen-fuer-mehrere-katzen.md,problem-solving-guide,Wie viele Wasserstellen für 2 Katzen? Trinkbrunnen & Näpfe,Trinkbrunnen für zwei oder mehr Katzen,Wie viele Wasserstellen für 2 Katzen? Trinkbrunnen & Näpfe,"Für zwei Katzen sind mehrere getrennte Wasserstellen sinnvoll. So planst du Anzahl, Standorte, Trinkbrunnen, Näpfe und Tankgröße im Mehrkatzenhaushalt.",https://pfotentechnik.de/trinkbrunnen-fuer-mehrere-katzen/,true,true,2026-07-13,2026-07-25,PfotenTechnik Redaktion,trinkbrunnen,commercial-investigation,,/trinkbrunnen-fuer-mehrere-katzen/,Trinkbrunnen für zwei oder mehr Katzen,cat,trinkbrunnen,informational,43,18,2,1022,27,Organization | Article | ImageObject | BreadcrumbList | ListItem | FAQPage | Question | Answer,top-recommendation | alternatives,/produkt/cat-mate-335-pet-fountain/ | /produkt/cat-mate-shell-fountain/ | /produkt/oneisall-2-2l-cordless-fountain/ | /produkt/petkit-eversweet-ultra/ | /produkt/xiaomi-smart-pet-fountain-2/ | /produkt/surefeed-microchip-pet-feeder/,/vergleiche/beste-trinkbrunnen-fuer-katzen/ | /vergleiche/beste-trinkbrunnen-fuer-hunde/,100,,,,
/trinkbrunnen-hund/,apps/pfotentechnik/src/content/pages/trinkbrunnen-hund.md,decision-guide,Trinkbrunnen für Hunde: Kaufberatung 2026,Trinkbrunnen für Hunde: Auswahl und Pflege,Trinkbrunnen für Hunde: Kaufberatung 2026,"Welcher Trinkbrunnen passt zum Hund? Größe, Trinkhöhe, Standfestigkeit, Reinigung, Filterkosten und Stromversorgung richtig vergleichen.",https://pfotentechnik.de/trinkbrunnen-hund/,true,true,2026-07-19,2026-07-19,PfotenTechnik Redaktion,trinkbrunnen,commercial-investigation,,/trinkbrunnen-hund/,Trinkbrunnen für Hunde: Auswahl und Pflege,dog,trinkbrunnen,commercial,15,13,2,1227,19,Organization | Article | ImageObject | BreadcrumbList | ListItem | FAQPage | Question | Answer,top-recommendation,/produkt/oneisall-7l-dog-water-fountain/ | /produkt/xiaomi-smart-pet-fountain-2/ | /produkt/petlibro-polar-wet-food-feeder/,/vergleiche/beste-trinkbrunnen-fuer-hunde/ | /vergleiche/beste-trinkbrunnen-fuer-katzen/,100,,,,
/trinkbrunnen-seniorenkatzen/,apps/pfotentechnik/src/content/pages/trinkbrunnen-seniorenkatzen.md,guide,Trinkbrunnen für alte Katzen: Darauf achten,Trinkbrunnen für Seniorenkatzen auswählen,Trinkbrunnen für alte Katzen: Darauf achten,"Katzenbrunnen für Senioren nach Zugang, Trinkhöhe, Lautstärke, Hygiene und Gesundheitsbeobachtung auswählen.",https://pfotentechnik.de/trinkbrunnen-seniorenkatzen/,true,true,2026-07-13,2026-07-23,PfotenTechnik Redaktion,trinkbrunnen,commercial-investigation,,/trinkbrunnen-seniorenkatzen/,Trinkbrunnen für Seniorenkatzen auswählen,cat,trinkbrunnen,informational,4,20,2,891,25,Organization | Article | ImageObject | BreadcrumbList | ListItem | FAQPage | Question | Answer,top-recommendation | alternatives,/produkt/cat-mate-335-pet-fountain/ | /produkt/cat-mate-shell-fountain/ | /produkt/oneisall-2-2l-cordless-fountain/ | /produkt/xiaomi-smart-pet-fountain-2/ | /produkt/surefeed-microchip-pet-feeder/,/vergleiche/beste-trinkbrunnen-fuer-katzen/ | /vergleiche/beste-trinkbrunnen-fuer-hunde/ | /vergleiche/beste-futterautomaten-fuer-seniorenkatzen/,95,,,,
/trinkbrunnen/,apps/pfotentechnik/src/content/pages/trinkbrunnen.md,category-hub,Trinkbrunnen für Katzen & Hunde: Kaufberatung,Trinkbrunnen für Katzen und Hunde,Trinkbrunnen für Katzen & Hunde: Kaufberatung,"Trinkbrunnen richtig auswählen: Tiergröße, Trinkfläche, Reinigung, Filter, Material, Lautstärke, Akku und Mehrtierhaushalt verständlich einordnen.",https://pfotentechnik.de/trinkbrunnen/,true,true,2026-07-13,2026-08-06,PfotenTechnik Redaktion,trinkbrunnen,category-discovery,informational,/trinkbrunnen/,Trinkbrunnen für Katzen und Hunde,both,trinkbrunnen,informational,59,42,1,2466,51,Organization | Article | ImageObject | BreadcrumbList | ListItem | FAQPage | Question | Answer,top-recommendation,/produkt/cat-mate-335-pet-fountain/ | /produkt/cat-mate-shell-fountain/ | /produkt/oneisall-2-2l-cordless-fountain/ | /produkt/oneisall-3-2l-cordless-fountain/ | /produkt/oneisall-3-5l-cordless-fountain/ | /produkt/oneisall-7l-dog-water-fountain/ | /produkt/petkit-eversweet-3-pro-uvc/ | /produkt/petkit-eversweet-5-mini/ | /produkt/petkit-eversweet-max-2-uvc/ | /produkt/petkit-eversweet-max-cordless/ | /produkt/petkit-eversweet-solo-2-fountain/ | /produkt/petkit-eversweet-solo-se/ | /produkt/petkit-eversweet-ultra/ | /produkt/petlibro-capsule-dog-fountain/ | /produkt/petlibro-dockstream-2-smart/ | /produkt/petlibro-dockstream-2-smart-cordless/ | /produkt/petlibro-dockstream-cordless/ | /produkt/petlibro-dockstream-rfid-smart/ | /produkt/petlibro-glacier-ultrafiltration/ | /produkt/petlibro-stainless-steel-fountain/ | /produkt/xiaomi-smart-pet-fountain-2/ | /produkt/petlibro-polar-wet-food-feeder/,/vergleiche/beste-trinkbrunnen-fuer-katzen/ | /vergleiche/beste-trinkbrunnen-fuer-hunde/,100,,,,
/trinkmenge-hund-messen/,apps/pfotentechnik/src/content/pages/trinkmenge-hund-messen.md,medical-guide,Trinkmenge beim Hund richtig messen,Trinkmenge beim Hund richtig messen,Trinkmenge beim Hund richtig messen,"Trinkmenge beim Hund zuverlässig messen: 24-Stunden-Protokoll, Kontrollnapf, Futterwasser und Lösungen für mehrere Tiere.",https://pfotentechnik.de/trinkmenge-hund-messen/,true,true,2026-07-19,2026-07-19,PfotenTechnik Redaktion,trinkbrunnen,medical-information,problem-solving,/trinkmenge-hund-messen/,Trinkmenge beim Hund richtig messen,dog,trinkbrunnen,informational,5,12,2,1201,19,Organization | Article | ImageObject | BreadcrumbList | ListItem | FAQPage | Question | Answer,top-recommendation,/produkt/tractive-dog-6/,/vergleiche/beste-trinkbrunnen-fuer-hunde/ | /vergleiche/beste-futterautomaten-fuer-welpen/,100,,,,
/trinkmenge-katze-messen/,apps/pfotentechnik/src/content/pages/trinkmenge-katze-messen.md,guide,Wie misst man die Trinkmenge einer Katze?,Trinkmenge bei Katzen richtig messen,Wie misst man die Trinkmenge einer Katze?,"Trinkmenge bei Katzen messen: einfache Methode mit Messbecher, Fehlerquellen bei Brunnen und Mehrkatzenhaushalten sowie Warnzeichen.",https://pfotentechnik.de/trinkmenge-katze-messen/,true,true,2026-07-13,2026-07-13,PfotenTechnik Redaktion,trinkbrunnen,commercial-investigation,,/trinkmenge-katze-messen/,Trinkmenge bei Katzen richtig messen,cat,trinkbrunnen,informational,7,16,2,668,17,Organization | Article | ImageObject | BreadcrumbList | ListItem | FAQPage | Question | Answer,top-recommendation,/produkt/petkit-eversweet-ultra/ | /produkt/xiaomi-smart-pet-fountain-2/ | /produkt/surefeed-microchip-pet-feeder-connect/,/vergleiche/beste-trinkbrunnen-fuer-katzen/ | /vergleiche/beste-trinkbrunnen-fuer-hunde/,95,,,,
/trockenfutter-oder-nassfutter-hund/,apps/pfotentechnik/src/content/pages/trockenfutter-oder-nassfutter-hund.md,decision-guide,Trockenfutter oder Nassfutter für Hunde?,Trockenfutter oder Nassfutter für Hunde: Was ist besser?,Trockenfutter oder Nassfutter für Hunde?,"Was ist besser für Hunde: Trocken- oder Nassfutter? Vergleich zu Nährstoffen, Wasser, Kalorien, Zähnen, Kosten und Mischfütterung.",https://pfotentechnik.de/trockenfutter-oder-nassfutter-hund/,true,true,2026-07-28,2026-07-28,PfotenTechnik Redaktion,hundeernaehrung,informational,,/trockenfutter-oder-nassfutter-hund/,Trockenfutter oder Nassfutter für Hunde: Was ist besser?,dog,futterautomat,commercial,18,26,2,4257,86,Organization | Article | ImageObject | BreadcrumbList | ListItem | FAQPage | Question | Answer,top-recommendation,/produkt/surefeed-microchip-pet-feeder-connect/,/vergleiche/beste-futterautomaten-fuer-hunde/ | /vergleiche/beste-futterautomaten-fuer-nassfutter/,100,0,1,0,92
/trockenfutter-oder-nassfutter-katze/,apps/pfotentechnik/src/content/pages/trockenfutter-oder-nassfutter-katze.md,decision-guide,Trockenfutter oder Nassfutter für Katzen?,Trockenfutter oder Nassfutter für Katzen? Der ehrliche Vergleich,Trockenfutter oder Nassfutter für Katzen?,"Was ist besser für Katzen: Trocken- oder Nassfutter? Der sachliche Vergleich zu Wasser, Kalorien, Zähnen, Kosten und Mischfütterung.",https://pfotentechnik.de/trockenfutter-oder-nassfutter-katze/,true,true,2026-07-15,2026-07-19,PfotenTechnik Redaktion,futterautomaten,commercial-investigation,,/trockenfutter-oder-nassfutter-katze/,Trockenfutter oder Nassfutter für Katzen? Der ehrliche Vergleich,cat,futterautomat,commercial,5,20,2,4197,133,Organization | Article | ImageObject | BreadcrumbList | ListItem | FAQPage | Question | Answer,top-recommendation,/produkt/surefeed-microchip-pet-feeder/,/vergleiche/beste-futterautomaten-fuer-katzen/ | /vergleiche/beste-futterautomaten-fuer-seniorenkatzen/,100,,,,
/uebergewicht-bei-katzen-vermeiden/,apps/pfotentechnik/src/content/pages/uebergewicht-bei-katzen-vermeiden.md,guide,Übergewicht bei Katzen vermeiden: Futter und Gewicht,Übergewicht bei Katzen vermeiden,Übergewicht bei Katzen vermeiden: Futter und Gewicht,"So bleibt deine Katze im Idealgewicht: BCS prüfen, Portionen berechnen, Leckerlis einrechnen, Gewicht dokumentieren und Futterneid verhindern.",https://pfotentechnik.de/uebergewicht-bei-katzen-vermeiden/,true,true,2026-07-12,2026-07-24,PfotenTechnik Redaktion,futterautomaten,commercial-investigation,,/uebergewicht-bei-katzen-vermeiden/,Übergewicht bei Katzen vermeiden,cat,futterautomat,informational,4,19,2,3200,46,Organization | Article | ImageObject | BreadcrumbList | ListItem | FAQPage | Question | Answer,top-recommendation,/produkt/petkit-yumshare-dual-hopper/,/vergleiche/beste-futterautomaten-fuer-katzen/,100,,,,
/vergleiche/,apps/pfotentechnik/dist/vergleiche/index.html,comparison-index,Futterautomaten und Pet-Tech-Produkte im Vergleich,Welcher Vergleich hilft dir bei deiner Entscheidung?,Futterautomaten und Pet-Tech-Produkte im Vergleich,"Vergleiche Futterautomaten, Hersteller und Funktionen. Finde schneller heraus, welches Produkt zu deinem Tier und deinem Alltag passt.",https://pfotentechnik.de/vergleiche/,true,true,,,PfotenTechnik Redaktion,futterautomaten,category-discovery,informational,/smarte-futterautomaten/,Welcher Vergleich hilft dir bei deiner Entscheidung?,cat,futterautomat,informational,59,29,1,610,31,Organization | WebPage | WebSite | BreadcrumbList | ListItem,,,/vergleiche/beste-mikrochip-katzenklappen/ | /vergleiche/katzenklappen-mit-app-und-beuteerkennung/ | /vergleiche/beste-trinkbrunnen-fuer-katzen/ | /vergleiche/beste-trinkbrunnen-fuer-hunde/ | /vergleiche/beste-haustierkameras/ | /vergleiche/beste-automatische-katzentoiletten/ | /vergleiche/gps-tracker-ohne-abo/ | /vergleiche/gps-tracker-mit-langer-akkulaufzeit/ | /vergleiche/kleine-gps-tracker-fuer-katzen/ | /vergleiche/beste-futterautomaten-fuer-katzen/ | /vergleiche/beste-futterautomaten-fuer-hunde/ | /vergleiche/beste-futterautomaten-fuer-nassfutter/ | /vergleiche/beste-futterautomaten-fuer-zwei-katzen/ | /vergleiche/beste-futterautomaten-fuer-berufstaetige/ | /vergleiche/beste-futterautomaten-fuer-kleine-hunde/ | /vergleiche/beste-futterautomaten-fuer-mehrtierhaushalte/ | /vergleiche/beste-futterautomaten-fuer-seniorenkatzen/ | /vergleiche/beste-futterautomaten-fuer-welpen/ | /vergleiche/beste-futterautomaten-mit-akku/ | /vergleiche/beste-futterautomaten-mit-edelstahl-napf/ | /vergleiche/beste-futterautomaten-unter-100-euro/ | /vergleiche/futterautomat-fuer-grosse-hunde/ | /vergleiche/futterautomat-gegen-schlingen/ | /vergleiche/futterautomat-mit-app/ | /vergleiche/beste-futterautomaten-mit-kamera/ | /vergleiche/beste-futterautomaten-ohne-wlan/ | /vergleiche/beste-gps-tracker-fuer-hunde/ | /vergleiche/beste-gps-tracker-fuer-katzen/,90,,,,
/vergleiche/beste-automatische-katzentoiletten/,apps/pfotentechnik/src/content/comparisons/beste-automatische-katzentoiletten.md,comparison,Automatische Katzentoiletten im Vergleich: 5 Modelle,Automatische Katzentoiletten im Vergleich,Automatische Katzentoiletten im Vergleich: 5 Modelle,"Fünf automatische Katzenklos nach Mindestgewicht, Einstieg, Sicherheit, Streu, App und Drei-Jahres-Kosten vergleichen.",https://pfotentechnik.de/vergleiche/beste-automatische-katzentoiletten/,true,true,2026-08-06,2026-08-07,PfotenTechnik Redaktion,automatische-katzentoiletten,comparison,commercial-investigation | transactional-support,/vergleiche/beste-automatische-katzentoiletten/,Automatische Katzentoiletten im Vergleich,cat,,commercial,17,16,1,1294,21,Organization | WebPage | WebSite | BreadcrumbList | ListItem | FAQPage | Question | Answer | ItemList,top-recommendation | alternatives,/produkt/petkit-purobot-max-pro-2/ | /produkt/neakasa-m1-plus/ | /produkt/litter-robot-5-pro/ | /produkt/neakasa-m1-lite/ | /produkt/devoko-90l-automatisches-katzenklo/ | /produkt/petlibro-polar-wet-food-feeder/,/vergleiche/gps-tracker-mit-langer-akkulaufzeit/,95,,,,
/vergleiche/beste-futterautomaten-fuer-berufstaetige/,apps/pfotentechnik/src/content/comparisons/beste-futterautomaten-fuer-berufstaetige.md,comparison,Beste Futterautomaten für Berufstätige im Vergleich,Beste Futterautomaten für Berufstätige,Beste Futterautomaten für Berufstätige im Vergleich,"Die besten Futterautomaten für Berufstätige im Vergleich. Finde Modelle mit App, Zeitplänen und zuverlässiger Portionierung.",https://pfotentechnik.de/vergleiche/beste-futterautomaten-fuer-berufstaetige/,true,true,2026-07-09,2026-07-30,PfotenTechnik Redaktion,futterautomaten,comparison,commercial-investigation | transactional-support,/vergleiche/beste-futterautomaten-fuer-berufstaetige/,Beste Futterautomaten für Berufstätige,both,futterautomat,commercial,20,20,2,1776,35,Organization | WebPage | WebSite | BreadcrumbList | ListItem | FAQPage | Question | Answer | ItemList,top-recommendation,/produkt/xiaomi-smart-pet-food-feeder-2/ | /produkt/petsafe-smart-feed-2/ | /produkt/petlibro-granary-wifi-feeder/ | /produkt/petkit-yumshare-dual-hopper/ | /produkt/petlibro-granary-camera-feeder/,/vergleiche/futterautomat-mit-app/ | /vergleiche/beste-futterautomaten-fuer-kleine-hunde/ | /vergleiche/beste-futterautomaten-unter-100-euro/ | /vergleiche/futterautomat-gegen-schlingen/,100,,,,
/vergleiche/beste-futterautomaten-fuer-hunde/,apps/pfotentechnik/src/content/comparisons/beste-futterautomaten-fuer-hunde.md,comparison,Beste Futterautomaten für Hunde im Vergleich 2026,Beste Futterautomaten für Hunde,Beste Futterautomaten für Hunde im Vergleich 2026,"Futterautomaten für Hunde vergleichen: Xiaomi, PETLIBRO, WOPET und HoneyGuardian nach Portion, Krokettengröße, Napf, Notstrom und App.",https://pfotentechnik.de/vergleiche/beste-futterautomaten-fuer-hunde/,true,true,2026-07-09,2026-07-30,PfotenTechnik Redaktion,futterautomaten,comparison,commercial-investigation | transactional-support,/vergleiche/beste-futterautomaten-fuer-hunde/,Beste Futterautomaten für Hunde,both,futterautomat,commercial,32,27,1,3086,48,Organization | WebPage | WebSite | BreadcrumbList | ListItem | FAQPage | Question | Answer | ItemList,top-recommendation | alternatives,/produkt/xiaomi-smart-pet-food-feeder-2/ | /produkt/petlibro-granary-wifi-feeder/ | /produkt/wopet-patrol-f07-pro/ | /produkt/honeyguardian-smart-pet-feeder-s305d/ | /produkt/petkit-yumshare-dual-hopper/ | /produkt/petlibro-granary-camera-feeder/ | /produkt/petlibro-polar-wet-food-feeder/,/vergleiche/futterautomat-fuer-grosse-hunde/ | /vergleiche/ | /vergleiche/futterautomat-gegen-schlingen/,100,,,,
/vergleiche/beste-futterautomaten-fuer-katzen/,apps/pfotentechnik/src/content/comparisons/beste-futterautomaten-fuer-katzen.md,comparison,Beste Futterautomaten für Katzen im Vergleich 2026,Beste Futterautomaten für Katzen,Beste Futterautomaten für Katzen im Vergleich 2026,"PETLIBRO, PETKIT, Xiaomi, Cat Mate, SureFeed und oneisall nach Futterart, Portionierung, Zugang, App und Ausfallsicherheit vergleichen.",https://pfotentechnik.de/vergleiche/beste-futterautomaten-fuer-katzen/,true,true,2026-07-09,2026-07-30,PfotenTechnik Redaktion,futterautomaten,comparison,commercial-investigation | transactional-support,/vergleiche/beste-futterautomaten-fuer-katzen/,Beste Futterautomaten für Katzen,both,futterautomat,commercial,54,35,1,3506,48,Organization | WebPage | WebSite | BreadcrumbList | ListItem | FAQPage | Question | Answer | ItemList,top-recommendation | alternatives,/produkt/xiaomi-smart-pet-food-feeder-2/ | /produkt/petlibro-air-wifi-feeder/ | /produkt/petlibro-granary-wifi-feeder/ | /produkt/petkit-fresh-element-solo/ | /produkt/cat-mate-c500/ | /produkt/surefeed-microchip-pet-feeder-connect/ | /produkt/oneisall-5l-automatic-cat-feeder/ | /produkt/oneisall-2-in-1-feeder-water/ | /produkt/surefeed-microchip-pet-feeder/ | /produkt/petkit-yumshare-dual-hopper/ | /produkt/petlibro-granary-camera-feeder/ | /produkt/petlibro-polar-wet-food-feeder/,/vergleiche/beste-futterautomaten-fuer-zwei-katzen/ | /vergleiche/beste-futterautomaten-mit-kamera/ | /vergleiche/ | /vergleiche/futterautomat-gegen-schlingen/ | /vergleiche/beste-futterautomaten-fuer-seniorenkatzen/,100,0,1,0,3
/vergleiche/beste-futterautomaten-fuer-kleine-hunde/,apps/pfotentechnik/src/content/comparisons/beste-futterautomaten-fuer-kleine-hunde.md,comparison,Beste Futterautomaten für kleine Hunde im Vergleich,Beste Futterautomaten für kleine Hunde,Beste Futterautomaten für kleine Hunde im Vergleich,"Die besten Futterautomaten für kleine Hunde im Vergleich. Erfahre, welche Modelle sich für kleine Portionen und feste Fütterungszeiten besonders eignen.",https://pfotentechnik.de/vergleiche/beste-futterautomaten-fuer-kleine-hunde/,true,true,2026-07-09,2026-07-30,PfotenTechnik Redaktion,futterautomaten,comparison,commercial-investigation | transactional-support,/vergleiche/beste-futterautomaten-fuer-kleine-hunde/,Beste Futterautomaten für kleine Hunde,both,futterautomat,commercial,50,21,2,1921,35,Organization | WebPage | WebSite | BreadcrumbList | ListItem | FAQPage | Question | Answer | ItemList,top-recommendation,/produkt/xiaomi-smart-pet-food-feeder-2/ | /produkt/petlibro-air-wifi-feeder/ | /produkt/petkit-fresh-element-solo/ | /produkt/petkit-yumshare-dual-hopper/ | /produkt/petlibro-granary-camera-feeder/ | /produkt/petlibro-polar-wet-food-feeder/,/vergleiche/beste-futterautomaten-fuer-welpen/ | /vergleiche/futterautomat-mit-app/ | /vergleiche/futterautomat-gegen-schlingen/,100,,,,
/vergleiche/beste-futterautomaten-fuer-mehrtierhaushalte/,apps/pfotentechnik/src/content/comparisons/beste-futterautomaten-fuer-mehrtierhaushalte.md,comparison,Futterautomat im Mehrtierhaushalt: Futter sicher trennen,Futterautomat im Mehrtierhaushalt,Futterautomat im Mehrtierhaushalt: Futter sicher trennen,"Futterautomaten für mehrere Hunde oder Katzen: Futterplätze, Mikrochip-Zugang, Portionen, Futterneid und unterschiedliche Rationen richtig planen.",https://pfotentechnik.de/vergleiche/beste-futterautomaten-fuer-mehrtierhaushalte/,true,true,2026-07-09,2026-07-30,PfotenTechnik Redaktion,futterautomaten,comparison,commercial-investigation | transactional-support,/vergleiche/beste-futterautomaten-fuer-mehrtierhaushalte/,Futterautomat im Mehrtierhaushalt,both,futterautomat,commercial,5,22,2,2479,37,Organization | WebPage | WebSite | BreadcrumbList | ListItem | FAQPage | Question | Answer | ItemList,top-recommendation,/produkt/petkit-yumshare-dual-hopper/ | /produkt/petlibro-granary-dual-feeder/ | /produkt/surefeed-microchip-pet-feeder-connect/ | /produkt/petlibro-granary-camera-feeder/ | /produkt/xiaomi-smart-pet-food-feeder-2/,/vergleiche/beste-futterautomaten-fuer-zwei-katzen/ | /vergleiche/futterautomat-gegen-schlingen/,100,,,,
/vergleiche/beste-futterautomaten-fuer-nassfutter/,apps/pfotentechnik/src/content/comparisons/beste-futterautomaten-fuer-nassfutter.md,comparison,Beste Nassfutterautomaten im Vergleich 2026,Beste Futterautomaten für Nassfutter,Beste Nassfutterautomaten im Vergleich 2026,"PETLIBRO Polar, PetSafe FreshFeed, Catit PIXI, Cat Mate C500 und SureFeed nach Kühlung, Mahlzeiten, Hygiene und Ausfallsicherheit vergleichen.",https://pfotentechnik.de/vergleiche/beste-futterautomaten-fuer-nassfutter/,true,true,2026-07-10,2026-07-30,PfotenTechnik Redaktion,futterautomaten,comparison,commercial-investigation | transactional-support,/vergleiche/beste-futterautomaten-fuer-nassfutter/,Beste Futterautomaten für Nassfutter,both,futterautomat,commercial,25,34,1,5079,85,Organization | WebPage | WebSite | BreadcrumbList | ListItem | FAQPage | Question | Answer | ItemList,top-recommendation | alternatives,/produkt/catit-pixi-smart-6-meal-feeder/ | /produkt/petlibro-polar-wet-food-feeder/ | /produkt/petsafe-freshfeed-refrigerated-feeder/ | /produkt/cat-mate-c500/ | /produkt/surefeed-microchip-pet-feeder-connect/ | /produkt/surefeed-microchip-pet-feeder/ | /produkt/petkit-yumshare-dual-hopper/ | /produkt/petlibro-granary-camera-feeder/ | /produkt/xiaomi-smart-pet-food-feeder-2/,/vergleiche/beste-futterautomaten-fuer-katzen/ | /vergleiche/beste-futterautomaten-fuer-hunde/ | /vergleiche/beste-futterautomaten-ohne-wlan/ | /vergleiche/ | /vergleiche/beste-futterautomaten-fuer-zwei-katzen/ | /vergleiche/futterautomat-mit-app/ | /vergleiche/futterautomat-gegen-schlingen/,100,,,,
/vergleiche/beste-futterautomaten-fuer-seniorenkatzen/,apps/pfotentechnik/src/content/comparisons/beste-futterautomaten-fuer-seniorenkatzen.md,comparison,Beste Futterautomaten für Seniorenkatzen im Vergleich,Beste Futterautomaten für Seniorenkatzen,Beste Futterautomaten für Seniorenkatzen im Vergleich,Die besten Futterautomaten für Seniorenkatzen im Vergleich. Empfehlungen für zuverlässige Fütterung und einfache Bedienung.,https://pfotentechnik.de/vergleiche/beste-futterautomaten-fuer-seniorenkatzen/,true,true,2026-07-09,2026-07-30,PfotenTechnik Redaktion,futterautomaten,comparison,commercial-investigation | transactional-support,/vergleiche/beste-futterautomaten-fuer-seniorenkatzen/,Beste Futterautomaten für Seniorenkatzen,both,futterautomat,commercial,25,23,2,1826,36,Organization | WebPage | WebSite | BreadcrumbList | ListItem | FAQPage | Question | Answer | ItemList,top-recommendation,/produkt/petlibro-granary-wifi-feeder/ | /produkt/cat-mate-c500/ | /produkt/surefeed-microchip-pet-feeder-connect/ | /produkt/petkit-yumshare-dual-hopper/ | /produkt/petlibro-granary-camera-feeder/ | /produkt/xiaomi-smart-pet-food-feeder-2/ | /produkt/petlibro-polar-wet-food-feeder/,/vergleiche/beste-futterautomaten-fuer-welpen/ | /vergleiche/futterautomat-gegen-schlingen/ | /vergleiche/beste-futterautomaten-fuer-katzen/,100,,,,
/vergleiche/beste-futterautomaten-fuer-welpen/,apps/pfotentechnik/src/content/comparisons/beste-futterautomaten-fuer-welpen.md,comparison,Beste Futterautomaten für Welpen 2026: Kaufberatung,Beste Futterautomaten für Welpen,Beste Futterautomaten für Welpen 2026: Kaufberatung,Futterautomaten für Welpen vergleichen: Welche Modelle kleine Portionen zuverlässig ausgeben und wann ein Automat noch nicht sinnvoll ist.,https://pfotentechnik.de/vergleiche/beste-futterautomaten-fuer-welpen/,true,true,2026-07-09,2026-07-30,PfotenTechnik Redaktion,futterautomaten,comparison,commercial-investigation | transactional-support,/vergleiche/beste-futterautomaten-fuer-welpen/,Beste Futterautomaten für Welpen,both,futterautomat,commercial,14,32,2,4378,66,Organization | WebPage | WebSite | BreadcrumbList | ListItem | FAQPage | Question | Answer | ItemList,top-recommendation | alternatives,/produkt/xiaomi-smart-pet-food-feeder-2/ | /produkt/petlibro-granary-wifi-feeder/ | /produkt/petkit-fresh-element-solo/ | /produkt/petkit-yumshare-dual-hopper/ | /produkt/petlibro-granary-camera-feeder/ | /produkt/petlibro-polar-wet-food-feeder/,/vergleiche/beste-futterautomaten-fuer-hunde/ | /vergleiche/beste-futterautomaten-ohne-wlan/ | /vergleiche/beste-futterautomaten-fuer-nassfutter/ | /vergleiche/beste-futterautomaten-fuer-kleine-hunde/ | /vergleiche/futterautomat-gegen-schlingen/,100,,,,
/vergleiche/beste-futterautomaten-fuer-zwei-katzen/,apps/pfotentechnik/src/content/comparisons/beste-futterautomaten-fuer-zwei-katzen.md,comparison,Futterautomaten für 2 Katzen: 5 Systeme im Vergleich,Beste Futterautomaten für zwei Katzen,Futterautomaten für 2 Katzen: 5 Systeme im Vergleich,"Fünf Futterautomaten für zwei Katzen vergleichen: Mikrochip-Zugang, Doppelschale, Dual-Hopper, App, Portionierung und Schutz vor Futterklau.",https://pfotentechnik.de/vergleiche/beste-futterautomaten-fuer-zwei-katzen/,true,true,2026-07-09,2026-07-30,PfotenTechnik Redaktion,futterautomaten,comparison,commercial-investigation | transactional-support,/vergleiche/beste-futterautomaten-fuer-zwei-katzen/,Beste Futterautomaten für zwei Katzen,both,futterautomat,commercial,16,33,1,5932,93,Organization | WebPage | WebSite | BreadcrumbList | ListItem | FAQPage | Question | Answer | ItemList,top-recommendation | alternatives,/produkt/petkit-yumshare-dual-hopper/ | /produkt/petlibro-granary-wifi-feeder/ | /produkt/surefeed-microchip-pet-feeder-connect/ | /produkt/oneisall-5l-automatic-cat-feeder/ | /produkt/surefeed-microchip-pet-feeder/ | /produkt/petlibro-granary-camera-feeder/ | /produkt/xiaomi-smart-pet-food-feeder-2/ | /produkt/sureflap-dualscan-mikrochip-katzenklappe/,/vergleiche/beste-futterautomaten-fuer-katzen/ | /vergleiche/beste-futterautomaten-mit-kamera/ | /vergleiche/ | /vergleiche/beste-futterautomaten-fuer-nassfutter/ | /vergleiche/beste-futterautomaten-fuer-mehrtierhaushalte/ | /vergleiche/futterautomat-gegen-schlingen/,100,0,2,0,55
/vergleiche/beste-futterautomaten-mit-akku/,apps/pfotentechnik/src/content/comparisons/beste-futterautomaten-mit-akku.md,comparison,Beste Futterautomaten mit Akku oder Batterie-Backup,Beste Futterautomaten mit Akku,Beste Futterautomaten mit Akku oder Batterie-Backup,Die besten Futterautomaten mit Akku oder Batterie-Backup im Vergleich. Ideal bei Stromausfällen und flexibler Aufstellung.,https://pfotentechnik.de/vergleiche/beste-futterautomaten-mit-akku/,true,true,2026-07-09,2026-07-30,PfotenTechnik Redaktion,futterautomaten,comparison,commercial-investigation | transactional-support,/vergleiche/beste-futterautomaten-mit-akku/,Beste Futterautomaten mit Akku,both,futterautomat,commercial,4,21,2,1788,36,Organization | WebPage | WebSite | BreadcrumbList | ListItem | FAQPage | Question | Answer | ItemList,top-recommendation,/produkt/xiaomi-smart-pet-food-feeder-2/ | /produkt/petsafe-smart-feed-2/ | /produkt/petlibro-granary-wifi-feeder/ | /produkt/petkit-yumshare-dual-hopper/ | /produkt/petlibro-granary-camera-feeder/,/vergleiche/beste-futterautomaten-fuer-berufstaetige/ | /vergleiche/futterautomat-mit-app/ | /vergleiche/beste-futterautomaten-unter-100-euro/ | /vergleiche/gps-tracker-mit-langer-akkulaufzeit/,100,,,,
/vergleiche/beste-futterautomaten-mit-edelstahl-napf/,apps/pfotentechnik/src/content/comparisons/beste-futterautomaten-mit-edelstahl-napf.md,comparison,Beste Futterautomaten mit Edelstahlnapf im Vergleich,Beste Futterautomaten mit Edelstahlnapf,Beste Futterautomaten mit Edelstahlnapf im Vergleich,Die besten Futterautomaten mit Edelstahlnapf. Empfehlungen für einfache Reinigung und hygienische Fütterung.,https://pfotentechnik.de/vergleiche/beste-futterautomaten-mit-edelstahl-napf/,true,true,2026-07-09,2026-07-30,PfotenTechnik Redaktion,futterautomaten,comparison,commercial-investigation | transactional-support,/vergleiche/beste-futterautomaten-mit-edelstahl-napf/,Beste Futterautomaten mit Edelstahlnapf,both,futterautomat,commercial,4,23,2,1680,36,Organization | WebPage | WebSite | BreadcrumbList | ListItem | FAQPage | Question | Answer | ItemList,top-recommendation | alternatives,/produkt/xiaomi-smart-pet-food-feeder-2/ | /produkt/petlibro-granary-wifi-feeder/ | /produkt/honeyguardian-smart-pet-feeder-s305d/ | /produkt/petkit-yumshare-dual-hopper/ | /produkt/petlibro-granary-camera-feeder/ | /produkt/sureflap-dualscan-mikrochip-katzenklappe/,/vergleiche/futterautomat-mit-app/ | /vergleiche/beste-futterautomaten-unter-100-euro/ | /vergleiche/beste-futterautomaten-fuer-berufstaetige/ | /vergleiche/beste-futterautomaten-fuer-nassfutter/ | /vergleiche/beste-futterautomaten-fuer-welpen/,100,,,,
/vergleiche/beste-futterautomaten-mit-kamera/,apps/pfotentechnik/src/content/comparisons/beste-futterautomaten-mit-kamera.md,comparison,Beste Futterautomaten mit Kamera,Beste Futterautomaten mit Kamera,Beste Futterautomaten mit Kamera,"Futterautomaten mit Kamera nach Bildqualität, Kontrolle, Offline-Verhalten, Datenschutz und tatsächlichem Mehrwert vergleichen.",https://pfotentechnik.de/vergleiche/beste-futterautomaten-mit-kamera/,true,true,2026-07-09,2026-07-30,PfotenTechnik Redaktion,futterautomaten,comparison,commercial-investigation | transactional-support,/vergleiche/beste-futterautomaten-mit-kamera/,Beste Futterautomaten mit Kamera,both,futterautomat,commercial,13,28,2,3488,64,Organization | WebPage | WebSite | BreadcrumbList | ListItem | FAQPage | Question | Answer | ItemList,top-recommendation,/produkt/petkit-yumshare-dual-hopper/ | /produkt/petlibro-granary-camera-feeder/ | /produkt/wopet-heritage-view-camera-feeder/ | /produkt/petkit-yumshare-solo-2/ | /produkt/surefeed-microchip-pet-feeder/ | /produkt/xiaomi-smart-pet-food-feeder-2/ | /produkt/petlibro-polar-wet-food-feeder/ | /produkt/catit-pixi-vision-smart-feeder/,/vergleiche/ | /vergleiche/futterautomat-mit-app/ | /vergleiche/beste-mikrochip-katzenklappen/ | /vergleiche/katzenklappen-mit-app-und-beuteerkennung/,100,,,,
/vergleiche/beste-futterautomaten-ohne-wlan/,apps/pfotentechnik/src/content/comparisons/beste-futterautomaten-ohne-wlan.md,comparison,Beste Futterautomaten ohne WLAN,Beste Futterautomaten ohne WLAN,Beste Futterautomaten ohne WLAN,"Futterautomaten ohne WLAN nach Offline-Zuverlässigkeit, Batteriebetrieb, Futterart, Zugangskontrolle und Alltagstauglichkeit vergleichen.",https://pfotentechnik.de/vergleiche/beste-futterautomaten-ohne-wlan/,true,true,2026-07-09,2026-07-30,PfotenTechnik Redaktion,futterautomaten,comparison,commercial-investigation | transactional-support,/vergleiche/beste-futterautomaten-ohne-wlan/,Beste Futterautomaten ohne WLAN,both,futterautomat,commercial,12,26,2,1720,34,Organization | WebPage | WebSite | BreadcrumbList | ListItem | FAQPage | Question | Answer | ItemList,top-recommendation,/produkt/imipaw-3l-automatic-cat-feeder/ | /produkt/cat-mate-c500/ | /produkt/surefeed-microchip-pet-feeder-connect/ | /produkt/surefeed-microchip-pet-feeder/ | /produkt/petkit-yumshare-dual-hopper/ | /produkt/petlibro-granary-camera-feeder/ | /produkt/xiaomi-smart-pet-food-feeder-2/ | /produkt/petsafe-freshfeed-refrigerated-feeder/ | /produkt/aqara-smart-pet-feeder-c1/,/vergleiche/ | /vergleiche/beste-mikrochip-katzenklappen/ | /vergleiche/katzenklappen-mit-app-und-beuteerkennung/,95,,,,
/vergleiche/beste-futterautomaten-unter-100-euro/,apps/pfotentechnik/src/content/comparisons/beste-futterautomaten-unter-100-euro.md,comparison,Beste Futterautomaten unter 100 Euro im Vergleich,Beste Futterautomaten unter 100 Euro,Beste Futterautomaten unter 100 Euro im Vergleich,"Die besten Futterautomaten unter 100 Euro im Vergleich. Erfahre, welche Modelle trotz kleinerem Budget überzeugen.",https://pfotentechnik.de/vergleiche/beste-futterautomaten-unter-100-euro/,true,true,2026-07-09,2026-07-30,PfotenTechnik Redaktion,futterautomaten,comparison,commercial-investigation | transactional-support,/vergleiche/beste-futterautomaten-unter-100-euro/,Beste Futterautomaten unter 100 Euro,both,futterautomat,commercial,6,24,2,1791,35,Organization | WebPage | WebSite | BreadcrumbList | ListItem | FAQPage | Question | Answer | ItemList,top-recommendation | alternatives,/produkt/imipaw-3l-automatic-cat-feeder/ | /produkt/cat-mate-c500/ | /produkt/honeyguardian-smart-pet-feeder-s305d/ | /produkt/petkit-yumshare-dual-hopper/ | /produkt/petlibro-granary-camera-feeder/ | /produkt/xiaomi-smart-pet-food-feeder-2/ | /produkt/sureflap-dualscan-mikrochip-katzenklappe/,/vergleiche/futterautomat-mit-app/ | /vergleiche/beste-futterautomaten-fuer-kleine-hunde/ | /vergleiche/futterautomat-fuer-grosse-hunde/ | /vergleiche/futterautomat-gegen-schlingen/,100,,,,
/vergleiche/beste-gps-tracker-fuer-hunde/,apps/pfotentechnik/src/content/comparisons/beste-gps-tracker-fuer-hunde.md,comparison,Beste GPS-Tracker für Hunde,Beste GPS-Tracker für Hunde,Beste GPS-Tracker für Hunde,"GPS-Tracker für Hunde nach Tiergröße, Übertragung, Akku, Abo, Wasserschutz und Einsatzgebiet vergleichen.",https://pfotentechnik.de/vergleiche/beste-gps-tracker-fuer-hunde/,true,true,2026-07-20,2026-07-30,PfotenTechnik Redaktion,gps-tracker,comparison,commercial-investigation | transactional-support,/vergleiche/beste-gps-tracker-fuer-hunde/,Beste GPS-Tracker für Hunde,both,gps-tracker,commercial,20,20,1,2044,38,Organization | WebPage | WebSite | BreadcrumbList | ListItem | FAQPage | Question | Answer | ItemList,top-recommendation,/produkt/tractive-dog-6/ | /produkt/weenect-xs/ | /produkt/paj-pet-finder-4g-mini/ | /produkt/tractive-dog-6-xl/ | /produkt/weenect-xt/ | /produkt/garmin-alpha-t-20/ | /produkt/tractive-cat-6-mini/,/vergleiche/ | /vergleiche/beste-mikrochip-katzenklappen/ | /vergleiche/katzenklappen-mit-app-und-beuteerkennung/,100,0,1,0,6
/vergleiche/beste-gps-tracker-fuer-katzen/,apps/pfotentechnik/src/content/comparisons/beste-gps-tracker-fuer-katzen.md,comparison,Beste GPS-Tracker für Katzen,Beste GPS-Tracker für Katzen,Beste GPS-Tracker für Katzen,"GPS-Tracker für Katzen nach Passform, Sicherheitshalsband, Gewicht, Akku, Abo, Wasserschutz und Ortung vergleichen.",https://pfotentechnik.de/vergleiche/beste-gps-tracker-fuer-katzen/,true,true,2026-07-20,2026-07-30,PfotenTechnik Redaktion,gps-tracker,comparison,commercial-investigation | transactional-support,/vergleiche/beste-gps-tracker-fuer-katzen/,Beste GPS-Tracker für Katzen,both,gps-tracker,commercial,20,17,1,1995,35,Organization | WebPage | WebSite | BreadcrumbList | ListItem | FAQPage | Question | Answer | ItemList,top-recommendation | alternatives,/produkt/weenect-xs/ | /produkt/tractive-cat-6-mini/ | /produkt/paj-pet-finder-4g-mini/ | /produkt/tractive-dog-6/,/vergleiche/ | /vergleiche/beste-mikrochip-katzenklappen/ | /vergleiche/katzenklappen-mit-app-und-beuteerkennung/,95,,,,
/vergleiche/beste-haustierkameras/,apps/pfotentechnik/src/content/comparisons/beste-haustierkameras.md,comparison,Haustierkameras im Vergleich: 3 Klassen,Haustierkameras im Vergleich,Haustierkameras im Vergleich: 3 Klassen,"PETLIBRO Scout, Furbo 360 und Enabot EBO Air 2 nach Klasse, Speicher, Abo, Datenschutz und Kosten vergleichen.",https://pfotentechnik.de/vergleiche/beste-haustierkameras/,true,true,2026-08-06,2026-08-06,PfotenTechnik Redaktion,haustierkameras,comparison,commercial-investigation | transactional-support,/vergleiche/beste-haustierkameras/,Haustierkameras im Vergleich,both,,commercial,9,12,2,1088,20,Organization | WebPage | WebSite | BreadcrumbList | ListItem | FAQPage | Question | Answer | ItemList,top-recommendation,/produkt/petlibro-scout-smart-camera/ | /produkt/furbo-360-hundekamera/ | /produkt/enabot-ebo-air-2/ | /produkt/weenect-xt/,/vergleiche/futterautomat-mit-app/,95,,,,
/vergleiche/beste-mikrochip-katzenklappen/,apps/pfotentechnik/src/content/comparisons/beste-mikrochip-katzenklappen.md,comparison,Mikrochip-Katzenklappen: 7 Systeme im Vergleich,Mikrochip-Katzenklappen im Vergleich,Mikrochip-Katzenklappen: 7 Systeme im Vergleich,"Mikrochip-Katzenklappen nach Zugang, Mehrkatzen-Rechten, App, Strom, Einbau und Passform vergleichen.",https://pfotentechnik.de/vergleiche/beste-mikrochip-katzenklappen/,true,true,2026-08-04,2026-08-04,PfotenTechnik Redaktion,katzenklappen,comparison,commercial-investigation | transactional-support,/vergleiche/beste-mikrochip-katzenklappen/,Mikrochip-Katzenklappen im Vergleich,both,,commercial,17,19,2,1309,22,Organization | WebPage | WebSite | BreadcrumbList | ListItem | FAQPage | Question | Answer | ItemList,top-recommendation | alternatives,/produkt/sureflap-mikrochip-katzenklappe-connect/ | /produkt/petsafe-mikrochip-katzenklappe/ | /produkt/sureflap-mikrochip-katzenklappe/ | /produkt/sureflap-dualscan-mikrochip-katzenklappe/ | /produkt/petsafe-petporte-smart-flap/ | /produkt/onlycat-mikrochip-katzenklappe/ | /produkt/petwalk-medium-tiertuer/,/vergleiche/beste-trinkbrunnen-fuer-hunde/ | /vergleiche/beste-trinkbrunnen-fuer-katzen/,95,,,,
/vergleiche/beste-trinkbrunnen-fuer-hunde/,apps/pfotentechnik/src/content/comparisons/beste-trinkbrunnen-fuer-hunde.md,comparison,Hundetrinkbrunnen Vergleich 2026: 6 Modelle bis 8 Liter,Beste Trinkbrunnen für Hunde,Hundetrinkbrunnen Vergleich 2026: 6 Modelle bis 8 Liter,"Sechs Hundetrinkbrunnen vergleichen: Modelle bis knapp 8 Liter, breite Trinkflächen, Akku, Edelstahl, Reinigung und passende Bauformen für kleine bis große Hunde.",https://pfotentechnik.de/vergleiche/beste-trinkbrunnen-fuer-hunde/,true,true,2026-07-24,2026-08-06,PfotenTechnik Redaktion,trinkbrunnen,comparison,commercial-investigation | transactional-support,/vergleiche/beste-trinkbrunnen-fuer-hunde/,Beste Trinkbrunnen für Hunde,both,trinkbrunnen,commercial,45,26,1,2530,36,Organization | WebPage | WebSite | BreadcrumbList | ListItem | FAQPage | Question | Answer | ItemList,top-recommendation | alternatives,/produkt/oneisall-3-5l-cordless-fountain/ | /produkt/oneisall-7l-dog-water-fountain/ | /produkt/petlibro-capsule-dog-fountain/ | /produkt/petkit-eversweet-max-2-uvc/ | /produkt/petlibro-stainless-steel-fountain/ | /produkt/cat-mate-335-pet-fountain/ | /produkt/xiaomi-smart-pet-fountain-2/ | /produkt/oneisall-3-2l-cordless-fountain/ | /produkt/petlibro-polar-wet-food-feeder/ | /produkt/petkit-eversweet-max-cordless/,/vergleiche/ | /vergleiche/beste-trinkbrunnen-fuer-katzen/,100,,,,
/vergleiche/beste-trinkbrunnen-fuer-katzen/,apps/pfotentechnik/src/content/comparisons/beste-trinkbrunnen-fuer-katzen.md,comparison,Katzenbrunnen Vergleich 2026: 9 Modelle im Check,Beste Trinkbrunnen für Katzen,Katzenbrunnen Vergleich 2026: 9 Modelle im Check,"Neun Katzenbrunnen im Vergleich: Netzbetrieb, Akku, Edelstahl, UVC, Mehrkatzen-Tracking, Filterkosten und Reinigungsaufwand transparent eingeordnet.",https://pfotentechnik.de/vergleiche/beste-trinkbrunnen-fuer-katzen/,true,true,2026-07-24,2026-08-06,PfotenTechnik Redaktion,trinkbrunnen,comparison,commercial-investigation | transactional-support,/vergleiche/beste-trinkbrunnen-fuer-katzen/,Beste Trinkbrunnen für Katzen,both,trinkbrunnen,commercial,45,32,1,2795,36,Organization | WebPage | WebSite | BreadcrumbList | ListItem | FAQPage | Question | Answer | ItemList,top-recommendation | alternatives,/produkt/petlibro-dockstream-2-smart-cordless/ | /produkt/petkit-eversweet-3-pro-uvc/ | /produkt/petkit-eversweet-solo-2-fountain/ | /produkt/oneisall-3-2l-cordless-fountain/ | /produkt/petlibro-dockstream-2-smart/ | /produkt/petkit-eversweet-max-2-uvc/ | /produkt/petkit-eversweet-ultra/ | /produkt/petlibro-stainless-steel-fountain/ | /produkt/cat-mate-335-pet-fountain/ | /produkt/xiaomi-smart-pet-fountain-2/ | /produkt/oneisall-3-5l-cordless-fountain/ | /produkt/petlibro-polar-wet-food-feeder/,/vergleiche/ | /vergleiche/beste-trinkbrunnen-fuer-hunde/,100,0,1,0,34
/vergleiche/futterautomat-fuer-grosse-hunde/,apps/pfotentechnik/src/content/comparisons/futterautomat-fuer-grosse-hunde.md,comparison,Futterautomat für große Hunde: Größe und Stabilität prüfen,Futterautomat für große Hunde,Futterautomat für große Hunde: Größe und Stabilität prüfen,"Futterautomat für große Hunde auswählen: Ausgabemenge, Krokettengröße, Napfhöhe, Standfestigkeit und Betreuung richtig prüfen.",https://pfotentechnik.de/vergleiche/futterautomat-fuer-grosse-hunde/,true,true,2026-07-09,2026-07-30,PfotenTechnik Redaktion,futterautomaten,comparison,commercial-investigation | transactional-support,/vergleiche/futterautomat-fuer-grosse-hunde/,Futterautomat für große Hunde,both,futterautomat,commercial,7,25,2,2307,37,Organization | WebPage | WebSite | BreadcrumbList | ListItem | FAQPage | Question | Answer | ItemList,top-recommendation,/produkt/petlibro-granary-camera-feeder/ | /produkt/xiaomi-smart-pet-food-feeder-2/ | /produkt/petlibro-granary-wifi-feeder/ | /produkt/petkit-yumshare-dual-hopper/ | /produkt/surefeed-microchip-pet-feeder-connect/,/vergleiche/beste-futterautomaten-fuer-welpen/ | /vergleiche/beste-futterautomaten-fuer-kleine-hunde/,100,,,,
/vergleiche/futterautomat-gegen-schlingen/,apps/pfotentechnik/src/content/comparisons/futterautomat-gegen-schlingen.md,comparison,Welcher Futterautomat hilft gegen Schlingen?,Futterautomat gegen Schlingen,Welcher Futterautomat hilft gegen Schlingen?,"Futterautomat gegen Schlingen im Vergleich. Erfahre, welche Modelle kleinere Portionen zuverlässig ausgeben und wann ein Slow Feeder sinnvoller ist.",https://pfotentechnik.de/vergleiche/futterautomat-gegen-schlingen/,true,true,2026-07-09,2026-07-30,PfotenTechnik Redaktion,futterautomaten,comparison,commercial-investigation | transactional-support,/vergleiche/futterautomat-gegen-schlingen/,Futterautomat gegen Schlingen,both,futterautomat,commercial,19,21,2,1776,35,Organization | WebPage | WebSite | BreadcrumbList | ListItem | FAQPage | Question | Answer | ItemList,top-recommendation,/produkt/xiaomi-smart-pet-food-feeder-2/ | /produkt/petsafe-healthy-pet-simply-feed/ | /produkt/petlibro-granary-wifi-feeder/ | /produkt/petkit-yumshare-dual-hopper/ | /produkt/petlibro-granary-camera-feeder/ | /produkt/petlibro-polar-wet-food-feeder/,/vergleiche/beste-futterautomaten-fuer-kleine-hunde/ | /vergleiche/beste-futterautomaten-fuer-berufstaetige/,100,,,,
/vergleiche/futterautomat-mit-app/,apps/pfotentechnik/src/content/comparisons/futterautomat-mit-app.md,comparison,Futterautomat mit App: Funktionen und Modelle,Futterautomaten mit App,Futterautomat mit App: Funktionen und Modelle,"Futterautomat mit App gesucht? Erfahre, welche Funktionen wirklich wichtig sind, wie Offline-Betrieb funktioniert und welche Modelle sinnvoll sind.",https://pfotentechnik.de/vergleiche/futterautomat-mit-app/,true,true,2026-07-08,2026-07-30,PfotenTechnik Redaktion,futterautomaten,comparison,commercial-investigation | transactional-support,/vergleiche/futterautomat-mit-app/,Futterautomaten mit App,both,futterautomat,commercial,16,25,2,3232,61,Organization | WebPage | WebSite | BreadcrumbList | ListItem | FAQPage | Question | Answer | ItemList,top-recommendation,/produkt/petkit-yumshare-dual-hopper/ | /produkt/petlibro-granary-camera-feeder/ | /produkt/petlibro-granary-wifi-feeder/ | /produkt/petkit-fresh-element-solo/ | /produkt/xiaomi-smart-pet-food-feeder-2/ | /produkt/petlibro-polar-wet-food-feeder/ | /produkt/wopet-cube-air-ca10/,/vergleiche/beste-futterautomaten-mit-kamera/ | /vergleiche/ | /vergleiche/beste-futterautomaten-unter-100-euro/,100,,,,
/vergleiche/gps-tracker-mit-langer-akkulaufzeit/,apps/pfotentechnik/src/content/comparisons/gps-tracker-mit-langer-akkulaufzeit.md,comparison,GPS-Tracker mit langer Akkulaufzeit im Vergleich,GPS-Tracker mit langer Akkulaufzeit,GPS-Tracker mit langer Akkulaufzeit im Vergleich,"GPS-Tracker nach Akku vergleichen: sechs Wochen, drei Wochen oder Tage – mit Modus, Gewicht, Abo und Tier-Fit.",https://pfotentechnik.de/vergleiche/gps-tracker-mit-langer-akkulaufzeit/,true,true,2026-07-20,2026-07-30,PfotenTechnik Redaktion,gps-tracker,comparison,commercial-investigation | transactional-support,/vergleiche/gps-tracker-mit-langer-akkulaufzeit/,GPS-Tracker mit langer Akkulaufzeit,both,gps-tracker,commercial,12,25,2,1926,31,Organization | WebPage | WebSite | BreadcrumbList | ListItem | FAQPage | Question | Answer | ItemList,top-recommendation | alternatives,/produkt/tractive-dog-6/ | /produkt/weenect-xs/ | /produkt/tractive-dog-6-xl/ | /produkt/weenect-xt/ | /produkt/paj-pet-finder-4g-mini/ | /produkt/tractive-cat-6-mini/ | /produkt/garmin-alpha-t-20/ | /produkt/petlibro-polar-wet-food-feeder/,/vergleiche/beste-gps-tracker-fuer-hunde/ | /vergleiche/beste-gps-tracker-fuer-katzen/ | /vergleiche/ | /vergleiche/futterautomat-gegen-schlingen/,95,,,,
/vergleiche/gps-tracker-ohne-abo/,apps/pfotentechnik/src/content/comparisons/gps-tracker-ohne-abo.md,comparison,GPS-Tracker ohne Abo: echte Systeme verglichen,GPS-Tracker ohne Abo,GPS-Tracker ohne Abo: echte Systeme verglichen,"GPS ohne Mobilfunkabo: Garmin T 20 und TT 25 mit VHF, Handgerät, Reichweite, Akku und Gesamtkosten.",https://pfotentechnik.de/vergleiche/gps-tracker-ohne-abo/,true,true,2026-07-20,2026-07-30,PfotenTechnik Redaktion,gps-tracker,comparison,commercial-investigation | transactional-support,/vergleiche/gps-tracker-ohne-abo/,GPS-Tracker ohne Abo,both,gps-tracker,commercial,7,24,2,1661,28,Organization | WebPage | WebSite | BreadcrumbList | ListItem | FAQPage | Question | Answer | ItemList,top-recommendation | alternatives,/produkt/garmin-alpha-t-20/ | /produkt/garmin-alpha-tt-25/ | /produkt/tractive-dog-6/ | /produkt/weenect-xs/ | /produkt/tractive-cat-6-mini/ | /produkt/tractive-dog-6-xl/,/vergleiche/beste-gps-tracker-fuer-hunde/ | /vergleiche/ | /vergleiche/kleine-gps-tracker-fuer-katzen/,95,,,,
/vergleiche/katzenklappen-mit-app-und-beuteerkennung/,apps/pfotentechnik/src/content/comparisons/katzenklappen-mit-app-und-beuteerkennung.md,comparison,Katzenklappen mit App & Beuteerkennung im Vergleich,Katzenklappen mit App und Beuteerkennung im Vergleich,Katzenklappen mit App & Beuteerkennung im Vergleich,"App-Katzenklappen und Beuteerkennung nach Systemrolle, Hub, WLAN, Strom und Ausfallverhalten vergleichen.",https://pfotentechnik.de/vergleiche/katzenklappen-mit-app-und-beuteerkennung/,true,true,2026-08-04,2026-08-04,PfotenTechnik Redaktion,katzenklappen,comparison,commercial-investigation | transactional-support,/vergleiche/katzenklappen-mit-app-und-beuteerkennung/,Katzenklappen mit App und Beuteerkennung im Vergleich,both,,commercial,11,16,2,1157,22,Organization | WebPage | WebSite | BreadcrumbList | ListItem | FAQPage | Question | Answer | ItemList,top-recommendation | alternatives,/produkt/onlycat-mikrochip-katzenklappe/ | /produkt/sureflap-mikrochip-katzenklappe-connect/ | /produkt/petwalk-medium-tiertuer/ | /produkt/zeromouse-2-0/,/vergleiche/beste-mikrochip-katzenklappen/,95,,,,
/vergleiche/kleine-gps-tracker-fuer-katzen/,apps/pfotentechnik/src/content/comparisons/kleine-gps-tracker-fuer-katzen.md,comparison,Kleine GPS-Tracker für Katzen im Vergleich,Kleine GPS-Tracker für Katzen,Kleine GPS-Tracker für Katzen im Vergleich,"Kleine Katzen-GPS vergleichen: 27 g, 31 g inklusive Halsband, 33 g, Abmessungen, Sicherheitsverschluss, Akku und Abo.",https://pfotentechnik.de/vergleiche/kleine-gps-tracker-fuer-katzen/,true,true,2026-07-20,2026-07-30,PfotenTechnik Redaktion,gps-tracker,comparison,commercial-investigation | transactional-support,/vergleiche/beste-gps-tracker-fuer-katzen/,Kleine GPS-Tracker für Katzen,both,gps-tracker,commercial,5,18,2,1756,30,Organization | WebPage | WebSite | BreadcrumbList | ListItem | FAQPage | Question | Answer | ItemList,top-recommendation | alternatives,/produkt/weenect-xs/ | /produkt/tractive-cat-6-mini/ | /produkt/paj-pet-finder-4g-mini/ | /produkt/tractive-dog-6/,/vergleiche/beste-gps-tracker-fuer-katzen/ | /vergleiche/ | /vergleiche/gps-tracker-mit-langer-akkulaufzeit/,95,,,,
/warum-brauchen-gps-tracker-ein-abo/,apps/pfotentechnik/src/content/pages/warum-brauchen-gps-tracker-ein-abo.md,problem-solving-guide,Warum brauchen GPS-Tracker ein Abo? Kosten erklärt,Warum benötigen viele Tracker ein Abo?,Warum brauchen GPS-Tracker ein Abo? Kosten erklärt,"GPS-Tracker-Abo verständlich: laufende Technik, Tarifmodelle, Gesamtkosten und echte Alternativen ohne Mobilfunkgebühr.",https://pfotentechnik.de/warum-brauchen-gps-tracker-ein-abo/,true,true,2026-07-20,2026-07-20,PfotenTechnik Redaktion,gps-tracker,informational,,/warum-brauchen-gps-tracker-ein-abo/,Warum benötigen viele Tracker ein Abo?,both,gps-tracker,informational,5,19,2,700,17,Organization | Article | ImageObject | BreadcrumbList | ListItem | FAQPage | Question | Answer,,/produkt/tractive-dog-6/,/vergleiche/gps-tracker-ohne-abo/ | /vergleiche/beste-gps-tracker-fuer-hunde/ | /vergleiche/beste-gps-tracker-fuer-katzen/ | /vergleiche/gps-tracker-mit-langer-akkulaufzeit/ | /vergleiche/,100,,,,
/warum-hunde-feste-fuetterungszeiten-brauchen/,apps/pfotentechnik/src/content/pages/warum-hunde-feste-fuetterungszeiten-brauchen.md,guide,Wann und wie oft Hund füttern? Fütterungsplan,Wann und wie oft sollte man einen Hund füttern?,Wann und wie oft Hund füttern? Fütterungsplan,"Hund morgens oder abends füttern? Erfahre, wie oft Hunde fressen sollten, wann Fütterungszeiten sinnvoll sind und wie ein Tagesplan aussieht.",https://pfotentechnik.de/warum-hunde-feste-fuetterungszeiten-brauchen/,true,true,2026-07-12,2026-07-14,PfotenTechnik Redaktion,hundeernaehrung,informational,,/warum-hunde-feste-fuetterungszeiten-brauchen/,Wann und wie oft sollte man einen Hund füttern?,dog,futterautomat,informational,5,14,2,1390,34,Organization | Article | ImageObject | BreadcrumbList | ListItem | FAQPage | Question | Answer,,/produkt/petlibro-granary-wifi-feeder/,/vergleiche/,100,,,,
/warum-katzen-fliessendes-wasser-trinken/,apps/pfotentechnik/src/content/pages/warum-katzen-fliessendes-wasser-trinken.md,problem-solving-guide,Warum trinken Katzen lieber fließendes Wasser?,Warum Katzen lieber fließendes Wasser trinken – und warum das nicht für jede Katze gilt,Warum trinken Katzen lieber fließendes Wasser?,"Katzen und fließendes Wasser: mögliche Gründe, Studienlage, Trinkbrunnen und praktische Tipps für eine bessere Wasseraufnahme.",https://pfotentechnik.de/warum-katzen-fliessendes-wasser-trinken/,true,true,2026-07-12,2026-07-12,PfotenTechnik Redaktion,katzengesundheit,problem-solving,,/warum-katzen-fliessendes-wasser-trinken/,Warum Katzen lieber fließendes Wasser trinken – und warum das nicht für jede Katze gilt,cat,,informational,12,14,2,1039,22,Organization | Article | ImageObject | BreadcrumbList | ListItem | FAQPage | Question | Answer,,,/vergleiche/,95,,,,
/warum-schlingt-mein-hund/,apps/pfotentechnik/src/content/pages/warum-schlingt-mein-hund.md,medical-guide,Warum schlingt mein Hund? Ursachen und Lösungen,Warum schlingt mein Hund?,Warum schlingt mein Hund? Ursachen und Lösungen,"Warum Hunde hastig fressen, wie kleinere Mahlzeiten und Futterspiele helfen und wann tierärztlicher Rat nötig ist.",https://pfotentechnik.de/warum-schlingt-mein-hund/,true,true,2026-07-12,2026-07-12,PfotenTechnik Redaktion,futterautomaten,medical-information,problem-solving,/warum-schlingt-mein-hund/,Warum schlingt mein Hund?,dog,futterautomat,informational,3,12,2,642,18,Organization | Article | ImageObject | BreadcrumbList | ListItem | FAQPage | Question | Answer,top-recommendation,/produkt/tractive-dog-6/,/vergleiche/beste-futterautomaten-fuer-hunde/ | /vergleiche/futterautomat-gegen-schlingen/,95,,,,
/wasserstelle-katze-richtiger-standort/,apps/pfotentechnik/src/content/pages/wasserstelle-katze-richtiger-standort.md,guide,Wo sollte der Wassernapf für Katzen stehen?,Wo sollte das Wasser für Katzen stehen?,Wo sollte der Wassernapf für Katzen stehen?,"Richtiger Standort für Wassernapf und Trinkbrunnen: Abstand, Ruhe, mehrere Katzen und Senioren.",https://pfotentechnik.de/wasserstelle-katze-richtiger-standort/,true,true,2026-07-13,2026-07-19,PfotenTechnik Redaktion,katzenhaltung,informational,,/wasserstelle-katze-richtiger-standort/,Wo sollte das Wasser für Katzen stehen?,cat,,informational,5,14,2,676,21,Organization | Article | ImageObject | BreadcrumbList | ListItem | FAQPage | Question | Answer,,,/vergleiche/,95,,,,
/welche-portionsgroesse-ist-richtig/,apps/pfotentechnik/src/content/pages/welche-portionsgroesse-ist-richtig.md,guide,Futterautomat einstellen: Portionen in Gramm,Futterautomat richtig einstellen: Portionsgröße messen und berechnen,Futterautomat einstellen: Portionen in Gramm,"Portionsgröße am Futterautomaten messen und berechnen – mit Kalibrierung, Rechenbeispielen, Messprotokoll und Fehlerdiagnose.",https://pfotentechnik.de/welche-portionsgroesse-ist-richtig/,true,true,2026-07-12,2026-07-28,PfotenTechnik Redaktion,futterautomaten,informational,,/welche-portionsgroesse-ist-richtig/,Futterautomat richtig einstellen: Portionsgröße messen und berechnen,both,futterautomat,informational,12,26,2,4071,84,Organization | Article | ImageObject | BreadcrumbList | ListItem | FAQPage | Question | Answer,top-recommendation,/produkt/petlibro-granary-dual-feeder/,/vergleiche/ | /vergleiche/beste-futterautomaten-fuer-nassfutter/ | /vergleiche/beste-futterautomaten-fuer-zwei-katzen/ | /vergleiche/beste-futterautomaten-fuer-mehrtierhaushalte/ | /vergleiche/beste-futterautomaten-fuer-berufstaetige/ | /vergleiche/beste-futterautomaten-fuer-hunde/ | /vergleiche/beste-futterautomaten-fuer-katzen/ | /vergleiche/beste-futterautomaten-fuer-welpen/,100,,,,
/welcher-futterautomat-ist-der-richtige/,apps/pfotentechnik/src/content/pages/welcher-futterautomat-ist-der-richtige.md,editorial-page,Welcher Futterautomat passt zu mir? Auswahlhilfe,Welcher Futterautomat passt zu mir? Auswahlhilfe in 5 Schritten,Welcher Futterautomat passt zu mir? Auswahlhilfe,"Futterautomat auswählen in fünf Schritten: Tier, Futterart, Portion, Mehrtierhaushalt und Technik prüfen und den passenden Vergleich öffnen.",https://pfotentechnik.de/welcher-futterautomat-ist-der-richtige/,true,true,2026-07-09,2026-07-25,PfotenTechnik Redaktion,futterautomaten,commercial-investigation,,/welcher-futterautomat-ist-der-richtige/,Welcher Futterautomat passt zu mir? Auswahlhilfe in 5 Schritten,,futterautomat,informational,21,29,2,2227,58,Organization | Article | ImageObject | BreadcrumbList | ListItem | FAQPage | Question | Answer,top-recommendation,/produkt/petlibro-granary-wifi-feeder/ | /produkt/cat-mate-c500/ | /produkt/surefeed-microchip-pet-feeder/ | /produkt/catit-pixi-smart-6-meal-feeder/ | /produkt/catit-pixi-vision-smart-feeder/ | /produkt/devoko-90l-automatisches-katzenklo/ | /produkt/petlibro-polar-wet-food-feeder/,/vergleiche/ | /vergleiche/beste-futterautomaten-mit-akku/ | /vergleiche/futterautomat-mit-app/ | /vergleiche/beste-futterautomaten-fuer-katzen/ | /vergleiche/beste-futterautomaten-fuer-hunde/ | /vergleiche/beste-futterautomaten-fuer-zwei-katzen/ | /vergleiche/beste-futterautomaten-fuer-nassfutter/ | /vergleiche/beste-futterautomaten-ohne-wlan/ | /vergleiche/beste-futterautomaten-mit-kamera/ | /vergleiche/futterautomat-fuer-grosse-hunde/ | /vergleiche/beste-futterautomaten-fuer-berufstaetige/ | /vergleiche/futterautomat-gegen-schlingen/,100,,,,
/welpen-richtig-fuettern/,apps/pfotentechnik/src/content/pages/welpen-richtig-fuettern.md,problem-solving-guide,"Welpen richtig füttern: Menge, Zeiten und Welpenfutter",Welpen richtig füttern,"Welpen richtig füttern: Menge, Zeiten und Welpenfutter","Wie oft und wie viel sollte ein Welpe fressen? Welpenfutter auswählen, Tagesration berechnen, Wachstum kontrollieren und Fehler vermeiden.",https://pfotentechnik.de/welpen-richtig-fuettern/,true,true,2026-07-12,2026-07-24,PfotenTechnik Redaktion,hundeernaehrung,commercial-investigation,,/welpen-richtig-fuettern/,Welpen richtig füttern,dog,futterautomat,informational,8,24,2,3585,42,Organization | Article | ImageObject | BreadcrumbList | ListItem | FAQPage | Question | Answer,top-recommendation,/produkt/petlibro-granary-camera-feeder/,/vergleiche/beste-futterautomaten-fuer-hunde/ | /vergleiche/beste-futterautomaten-fuer-welpen/,100,,,,
/wie-funktionieren-gps-tracker/,apps/pfotentechnik/src/content/pages/wie-funktionieren-gps-tracker.md,guide,Wie funktionieren GPS-Tracker für Haustiere?,Wie funktionieren GPS-Tracker?,Wie funktionieren GPS-Tracker für Haustiere?,"So funktionieren Haustier-GPS-Tracker: Position bestimmen, übertragen und anzeigen – inklusive Mobilfunk, VHF, Live-Modus und Fehlerkette.",https://pfotentechnik.de/wie-funktionieren-gps-tracker/,true,true,2026-07-20,2026-07-20,PfotenTechnik Redaktion,gps-tracker,informational,,/wie-funktionieren-gps-tracker/,Wie funktionieren GPS-Tracker?,both,gps-tracker,informational,3,17,2,851,22,Organization | Article | ImageObject | BreadcrumbList | ListItem | FAQPage | Question | Answer,,/produkt/tractive-dog-6/,/vergleiche/gps-tracker-mit-langer-akkulaufzeit/ | /vergleiche/beste-gps-tracker-fuer-hunde/ | /vergleiche/beste-gps-tracker-fuer-katzen/ | /vergleiche/,100,,,,
/wie-funktioniert-ein-futterautomat/,apps/pfotentechnik/src/content/pages/wie-funktioniert-ein-futterautomat.md,editorial-page,Wie funktioniert ein Futterautomat für Hund und Katze?,Wie funktioniert ein Futterautomat?,Wie funktioniert ein Futterautomat für Hund und Katze?,"So funktionieren Futterautomaten: Vorrat, Dosierung, Zeitplan, App, Notstrom und Reinigung bei Modellen für Hunde und Katzen.",https://pfotentechnik.de/wie-funktioniert-ein-futterautomat/,true,true,2026-07-09,2026-07-25,PfotenTechnik Redaktion,futterautomaten,commercial-investigation,,/wie-funktioniert-ein-futterautomat/,Wie funktioniert ein Futterautomat?,both,futterautomat,informational,7,25,2,1255,25,Organization | Article | ImageObject | BreadcrumbList | ListItem | FAQPage | Question | Answer,top-recommendation,/produkt/petlibro-granary-wifi-feeder/ | /produkt/cat-mate-c500/ | /produkt/xiaomi-smart-pet-food-feeder-2/,/vergleiche/ | /vergleiche/beste-futterautomaten-fuer-nassfutter/ | /vergleiche/beste-futterautomaten-ohne-wlan/ | /vergleiche/futterautomat-mit-app/ | /vergleiche/beste-futterautomaten-fuer-zwei-katzen/ | /vergleiche/beste-futterautomaten-mit-kamera/ | /vergleiche/beste-futterautomaten-fuer-berufstaetige/ | /vergleiche/beste-futterautomaten-fuer-hunde/ | /vergleiche/beste-futterautomaten-fuer-katzen/ | /vergleiche/beste-futterautomaten-fuer-kleine-hunde/ | /vergleiche/beste-futterautomaten-fuer-welpen/,100,,,,
/wie-genau-sind-gps-tracker/,apps/pfotentechnik/src/content/pages/wie-genau-sind-gps-tracker.md,guide,Wie genau sind GPS-Tracker für Haustiere?,Wie genau sind GPS-Tracker?,Wie genau sind GPS-Tracker für Haustiere?,"Wie genau ist Haustier-GPS? Faktoren, typische Abweichungen, Aktualisierungsverzug und richtiges Lesen der Karte.",https://pfotentechnik.de/wie-genau-sind-gps-tracker/,true,true,2026-07-20,2026-07-20,PfotenTechnik Redaktion,gps-tracker,informational,,/wie-genau-sind-gps-tracker/,Wie genau sind GPS-Tracker?,both,gps-tracker,informational,6,15,2,701,19,Organization | Article | ImageObject | BreadcrumbList | ListItem | FAQPage | Question | Answer,,/produkt/garmin-alpha-tt-25/,/vergleiche/beste-gps-tracker-fuer-hunde/ | /vergleiche/beste-gps-tracker-fuer-katzen/ | /vergleiche/gps-tracker-mit-langer-akkulaufzeit/ | /vergleiche/,100,,,,
/wie-gross-sollte-ein-futterautomat-sein/,apps/pfotentechnik/src/content/pages/wie-gross-sollte-ein-futterautomat-sein.md,guide,Futterautomat-Größe berechnen: Liter & Gramm,Wie groß sollte ein Futterautomat sein? Kapazität richtig berechnen,Futterautomat-Größe berechnen: Liter & Gramm,"Wie groß muss ein Futterautomat sein? Kapazität aus Tagesration, Tierzahl, Reichweite und Gramm pro Liter berechnen – mit Tabelle.",https://pfotentechnik.de/wie-gross-sollte-ein-futterautomat-sein/,true,true,2026-07-12,2026-07-28,PfotenTechnik Redaktion,futterautomaten,informational,,/wie-gross-sollte-ein-futterautomat-sein/,Wie groß sollte ein Futterautomat sein? Kapazität richtig berechnen,both,futterautomat,informational,12,29,2,4502,97,Organization | Article | ImageObject | BreadcrumbList | ListItem | FAQPage | Question | Answer,top-recommendation,/produkt/petlibro-granary-dual-feeder/ | /produkt/honeyguardian-a68/,/vergleiche/ | /vergleiche/beste-futterautomaten-fuer-zwei-katzen/ | /vergleiche/futterautomat-fuer-grosse-hunde/ | /vergleiche/beste-futterautomaten-fuer-nassfutter/ | /vergleiche/beste-futterautomaten-fuer-mehrtierhaushalte/ | /vergleiche/beste-futterautomaten-fuer-berufstaetige/ | /vergleiche/beste-futterautomaten-fuer-hunde/ | /vergleiche/beste-futterautomaten-fuer-katzen/ | /vergleiche/beste-trinkbrunnen-fuer-hunde/,100,,,,
/wie-kann-technik-gegen-langeweile-helfen/,apps/pfotentechnik/src/content/pages/wie-kann-technik-gegen-langeweile-helfen.md,guide,Technik gegen Langeweile bei Hund und Katze,Wie kann Technik gegen Langeweile bei Haustieren helfen?,Technik gegen Langeweile bei Hund und Katze,"Futterpuzzles, Kameras und automatische Spielzeuge: sinnvoller Einsatz, Sicherheit und Grenzen technischer Beschäftigung.",https://pfotentechnik.de/wie-kann-technik-gegen-langeweile-helfen/,true,true,2026-07-12,2026-07-12,PfotenTechnik Redaktion,tierbeschaeftigung,informational,,/wie-kann-technik-gegen-langeweile-helfen/,Wie kann Technik gegen Langeweile bei Haustieren helfen?,both,,informational,1,14,2,747,22,Organization | Article | ImageObject | BreadcrumbList | ListItem | FAQPage | Question | Answer,,/produkt/petlibro-granary-camera-feeder/,/vergleiche/,95,,,,
/wie-lange-bleibt-trockenfutter-frisch/,apps/pfotentechnik/src/content/pages/wie-lange-bleibt-trockenfutter-frisch.md,guide,Trockenfutter haltbar nach Öffnen: Tabelle & Rechner,"Wie lange bleibt Trockenfutter frisch? Lagerung, Fristen und Rechner",Trockenfutter haltbar nach Öffnen: Tabelle & Rechner,"Wie lange bleibt Trockenfutter frisch? Herstellerfristen einordnen, Verbrauchsdauer berechnen und Futter in Originalbeutel, Box oder Automat lagern.",https://pfotentechnik.de/wie-lange-bleibt-trockenfutter-frisch/,true,true,2026-07-12,2026-07-28,PfotenTechnik Redaktion,futterautomaten,informational,,/wie-lange-bleibt-trockenfutter-frisch/,"Wie lange bleibt Trockenfutter frisch? Lagerung, Fristen und Rechner",both,futterautomat,informational,6,29,2,4402,97,Organization | Article | ImageObject | BreadcrumbList | ListItem | FAQPage | Question | Answer,top-recommendation,/produkt/sureflap-dualscan-mikrochip-katzenklappe/,/vergleiche/ | /vergleiche/beste-futterautomaten-fuer-berufstaetige/ | /vergleiche/beste-futterautomaten-fuer-hunde/ | /vergleiche/beste-futterautomaten-fuer-katzen/ | /vergleiche/beste-futterautomaten-fuer-welpen/ | /vergleiche/beste-futterautomaten-mit-edelstahl-napf/,100,,,,
/wie-laut-sind-automatische-futterautomaten/,apps/pfotentechnik/src/content/pages/wie-laut-sind-automatische-futterautomaten.md,guide,Wie laut sind automatische Futterautomaten?,Wie laut sind automatische Futterautomaten?,Wie laut sind automatische Futterautomaten?,Motorbrummen und fallende Kroketten: Lautstärke von Futterautomaten beurteilen und Hund oder Katze behutsam gewöhnen.,https://pfotentechnik.de/wie-laut-sind-automatische-futterautomaten/,true,true,2026-07-12,2026-07-12,PfotenTechnik Redaktion,futterautomaten,commercial-investigation,,/wie-laut-sind-automatische-futterautomaten/,Wie laut sind automatische Futterautomaten?,,futterautomat,informational,3,16,2,687,22,Organization | Article | ImageObject | BreadcrumbList | ListItem | FAQPage | Question | Answer,top-recommendation,/produkt/petkit-fresh-element-solo/ | /produkt/xiaomi-smart-pet-food-feeder-2/,/vergleiche/beste-futterautomaten-ohne-wlan/ | /vergleiche/ | /vergleiche/beste-futterautomaten-fuer-berufstaetige/ | /vergleiche/beste-futterautomaten-fuer-hunde/ | /vergleiche/beste-futterautomaten-fuer-katzen/,95,,,,
/wie-viel-wasser-braucht-ein-hund/,apps/pfotentechnik/src/content/pages/wie-viel-wasser-braucht-ein-hund.md,guide,Wie viel Wasser braucht ein Hund am Tag?,Wie viel Wasser braucht ein Hund am Tag?,Wie viel Wasser braucht ein Hund am Tag?,"Wasserbedarf beim Hund berechnen: Richtwert nach Gewicht, Wasser aus Nassfutter und Warnzeichen für zu wenig oder zu viel Trinken.",https://pfotentechnik.de/wie-viel-wasser-braucht-ein-hund/,true,true,2026-07-19,2026-07-19,PfotenTechnik Redaktion,trinkbrunnen,commercial-investigation,,/wie-viel-wasser-braucht-ein-hund/,Wie viel Wasser braucht ein Hund am Tag?,dog,trinkbrunnen,informational,7,13,2,1280,19,Organization | Article | ImageObject | BreadcrumbList | ListItem | FAQPage | Question | Answer,top-recommendation | alternatives,/produkt/cat-mate-c300/,/vergleiche/beste-trinkbrunnen-fuer-hunde/ | /vergleiche/beste-futterautomaten-fuer-kleine-hunde/,100,,,,
/wie-viel-wasser-braucht-eine-katze/,apps/pfotentechnik/src/content/pages/wie-viel-wasser-braucht-eine-katze.md,medical-guide,Wie viel Wasser braucht eine Katze am Tag?,Wie viel Wasser braucht eine Katze am Tag?,Wie viel Wasser braucht eine Katze am Tag?,"Eine Katze braucht grob 50–60 ml Wasser je kg Körpergewicht. So zählen Nassfutter, Hitze und Aktivität mit – plus Warnzeichen.",https://pfotentechnik.de/wie-viel-wasser-braucht-eine-katze/,true,true,2026-07-13,2026-07-14,PfotenTechnik Redaktion,trinkbrunnen,medical-information,problem-solving,/wie-viel-wasser-braucht-eine-katze/,Wie viel Wasser braucht eine Katze am Tag?,cat,trinkbrunnen,informational,4,13,2,2204,45,Organization | Article | ImageObject | BreadcrumbList | ListItem | FAQPage | Question | Answer,top-recommendation,/produkt/cat-mate-c500/,/vergleiche/beste-trinkbrunnen-fuer-katzen/,100,,,,
/wie-viele-mahlzeiten-hund/,apps/pfotentechnik/src/content/pages/wie-viele-mahlzeiten-hund.md,editorial-page,Wie viele Mahlzeiten braucht ein Hund am Tag?,Wie viele Mahlzeiten braucht ein Hund?,Wie viele Mahlzeiten braucht ein Hund am Tag?,"Wie oft Hunde füttern? Mahlzeitenzahl, Tagesration, Welpen, erwachsene Hunde, Senioren und Futterautomaten fachlich eingeordnet.",https://pfotentechnik.de/wie-viele-mahlzeiten-hund/,true,true,2026-07-09,2026-07-31,PfotenTechnik Redaktion,futterautomaten,commercial-investigation,,/wie-viele-mahlzeiten-hund/,Wie viele Mahlzeiten braucht ein Hund?,dog,futterautomat,informational,22,23,2,1037,24,Organization | Article | ImageObject | BreadcrumbList | ListItem | FAQPage | Question | Answer,top-recommendation,/produkt/xiaomi-smart-pet-food-feeder-2/ | /produkt/petlibro-granary-wifi-feeder/ | /produkt/petlibro-granary-camera-feeder/ | /produkt/petkit-yumshare-dual-hopper/,/vergleiche/ | /vergleiche/futterautomat-fuer-grosse-hunde/ | /vergleiche/beste-futterautomaten-fuer-hunde/ | /vergleiche/beste-futterautomaten-fuer-berufstaetige/,100,,,,
/wie-viele-mahlzeiten-katze/,apps/pfotentechnik/src/content/pages/wie-viele-mahlzeiten-katze.md,editorial-page,Wie viele Mahlzeiten braucht eine Katze am Tag?,Wie viele Mahlzeiten braucht eine Katze?,Wie viele Mahlzeiten braucht eine Katze am Tag?,"Wie oft Katzen füttern? Kleine Mahlzeiten, Tagesration, Automaten, Mehrkatzenhaushalt und besondere Lebensphasen fachlich eingeordnet.",https://pfotentechnik.de/wie-viele-mahlzeiten-katze/,true,true,2026-07-09,2026-07-09,PfotenTechnik Redaktion,futterautomaten,commercial-investigation,,/wie-viele-mahlzeiten-katze/,Wie viele Mahlzeiten braucht eine Katze?,cat,futterautomat,informational,26,20,2,979,23,Organization | Article | ImageObject | BreadcrumbList | ListItem | FAQPage | Question | Answer,top-recommendation,/produkt/petkit-fresh-element-solo/ | /produkt/petlibro-granary-wifi-feeder/ | /produkt/petkit-yumshare-dual-hopper/,/vergleiche/beste-futterautomaten-fuer-katzen/ | /vergleiche/beste-futterautomaten-fuer-nassfutter/ | /vergleiche/beste-futterautomaten-fuer-zwei-katzen/ | /vergleiche/beste-futterautomaten-ohne-wlan/ | /vergleiche/beste-futterautomaten-fuer-seniorenkatzen/,100,,,,
/wie-viele-wasserstellen-katze/,apps/pfotentechnik/src/content/pages/wie-viele-wasserstellen-katze.md,problem-solving-guide,Wie viele Wassernäpfe braucht eine Katze? Klare Regel,Wie viele Wasserstellen braucht eine Katze?,Wie viele Wassernäpfe braucht eine Katze? Klare Regel,Eine Katze: zwei Wasserstellen. Zwei Katzen: drei. So verteilst du Wassernäpfe und Katzenbrunnen sinnvoll über Räume und Etagen.,https://pfotentechnik.de/wie-viele-wasserstellen-katze/,true,true,2026-07-13,2026-07-25,PfotenTechnik Redaktion,trinkbrunnen,commercial-investigation,,/wie-viele-wasserstellen-katze/,Wie viele Wasserstellen braucht eine Katze?,cat,trinkbrunnen,informational,17,24,2,3043,46,Organization | Article | ImageObject | BreadcrumbList | ListItem | FAQPage | Question | Answer,top-recommendation,/produkt/cat-mate-335-pet-fountain/ | /produkt/cat-mate-shell-fountain/ | /produkt/oneisall-2-2l-cordless-fountain/ | /produkt/xiaomi-smart-pet-fountain-2/ | /produkt/petlibro-granary-2-vision/,/vergleiche/beste-trinkbrunnen-fuer-katzen/ | /vergleiche/beste-trinkbrunnen-fuer-hunde/ | /vergleiche/beste-futterautomaten-fuer-katzen/,100,,,,
/wissen/,apps/pfotentechnik/dist/wissen/index.html,knowledge-hub,Wissen,Ratgeber für moderne Tierhaltung,Wissen,"Ratgeber, Vergleiche und Kaufberatung rund um smarte Haustiertechnik für Hunde und Katzen.",https://pfotentechnik.de/wissen/,true,true,,,PfotenTechnik Redaktion,smarte-haustiertechnik,category-discovery,informational,/wissen/,Ratgeber für moderne Tierhaltung,both,,informational,83,78,1,1065,81,Organization | Article | ImageObject | BreadcrumbList | ListItem,,,,90,,,,
/woran-erkennt-man-dass-die-katze-zu-wenig-trinkt/,apps/pfotentechnik/src/content/pages/woran-erkennt-man-dass-die-katze-zu-wenig-trinkt.md,medical-guide,Katze trinkt zu wenig: Anzeichen und Warnsignale,"Woran erkennt man, dass eine Katze zu wenig trinkt?",Katze trinkt zu wenig: Anzeichen und Warnsignale,"So erkennen Sie möglichen Flüssigkeitsmangel bei Katzen und erfahren, wann eine tierärztliche Untersuchung nötig ist.",https://pfotentechnik.de/woran-erkennt-man-dass-die-katze-zu-wenig-trinkt/,true,true,2026-07-12,2026-07-19,PfotenTechnik Redaktion,trinkbrunnen,medical-information,problem-solving,/woran-erkennt-man-dass-die-katze-zu-wenig-trinkt/,"Woran erkennt man, dass eine Katze zu wenig trinkt?",cat,trinkbrunnen,informational,7,20,2,4390,129,Organization | Article | ImageObject | BreadcrumbList | ListItem | FAQPage | Question | Answer,top-recommendation,/produkt/petlibro-granary-2-vision/,/vergleiche/beste-trinkbrunnen-fuer-katzen/,100,,,,
