url,exclusionCategory,googleImpressions,googleClicks,bingImpressions,bingClicks,pageType,cluster,publishedAt,updatedAt,ageDays,clickDepth,incomingSources,contextualSources,authority,selfCanonical,sitemap,lastmod,mainWords,schemas,mainHash
"https://pfotentechnik.de/affiliate-hinweis/","UNAVAILABLE_PERFORMANCE_IS_NOT_INDEX_COVERAGE","0","0","0","0","legal","smarte-haustiertechnik","","","null","1","259","20","NORMAL","true","true","","369","[""Organization"",""WebPage"",""WebSite""]","81d34e68a45422a02bf53606f915fb819825134bcedc9ab9e0f3ea4d2f84eac1"
"https://pfotentechnik.de/automatische-katzentoiletten/","UNAVAILABLE_PERFORMANCE_IS_NOT_INDEX_COVERAGE","0","0","0","0","editorial-page","automatische-katzentoiletten","2026-08-06","2026-08-16","53","1","259","27","NORMAL","true","true","2026-08-16T00:00:00.000Z","951","[""Organization"",""Article"",""Organization"",""Organization"",""ImageObject"",""BreadcrumbList"",""ListItem"",""ListItem"",""ListItem""]","2468903f19fbd76ee2cdf7cff2afaf8655cbcbfb8c27f220665c7f3705ef501f"
"https://pfotentechnik.de/berater/futterautomat/","UNAVAILABLE_PERFORMANCE_IS_NOT_INDEX_COVERAGE","0","0","0","0","editorial-page","futterautomaten","","","null","2","29","29","NORMAL","true","true","","160","[""Organization"",""WebPage"",""WebSite"",""BreadcrumbList"",""ListItem"",""ListItem""]","612bea233d13a2f9643093c68535a7e4336ea8311e30ce2e5d3c81984640c5c1"
"https://pfotentechnik.de/biofilm-im-katzentrinkbrunnen/","UNAVAILABLE_PERFORMANCE_IS_NOT_INDEX_COVERAGE","0","0","0","0","problem-solving-guide","trinkbrunnen","2026-07-13","2026-07-25","77","2","13","11","NORMAL","true","true","2026-07-25T00:00:00.000Z","759","[""Organization"",""Article"",""Organization"",""Organization"",""ImageObject"",""BreadcrumbList"",""ListItem"",""ListItem"",""ListItem"",""FAQPage"",""Question"",""Answer"",""Question"",""Answer""]","79774d22158c47eb832be362ee3d0758e7e505989d5835620eb0dd1872b17a31"
"https://pfotentechnik.de/datenschutz/","UNAVAILABLE_PERFORMANCE_IS_NOT_INDEX_COVERAGE","0","0","0","0","legal","smarte-haustiertechnik","","","null","1","259","0","WEAK","true","true","","462","[""Organization"",""WebPage"",""WebSite""]","39214ec3f42af3e12367ed1b1c44937142bf0c8ef53a156bcd33309011268ca1"
"https://pfotentechnik.de/datenschutz-bei-gps-trackern/","UNAVAILABLE_PERFORMANCE_IS_NOT_INDEX_COVERAGE","2","0","0","0","guide","gps-tracker","2026-07-20","2026-07-20","70","2","6","4","STRONG","true","true","2026-07-20T00:00:00.000Z","652","[""Organization"",""Article"",""Organization"",""Organization"",""ImageObject"",""BreadcrumbList"",""ListItem"",""ListItem"",""ListItem"",""FAQPage"",""Question"",""Answer"",""Question"",""Answer"",""Question"",""Answer"",""Question"",""Answer"",""Question"",""Answer"",""Question"",""Answer""]","ddad217b95d4b0f5e1e16f60e75c38a3609c4732aeefe06e1806e0b975f71af4"
"https://pfotentechnik.de/filter-im-katzentrinkbrunnen-wechseln/","UNAVAILABLE_PERFORMANCE_IS_NOT_INDEX_COVERAGE","0","0","2","0","medical-guide","trinkbrunnen","2026-07-13","2026-07-25","77","2","29","26","STRONG","true","true","2026-07-25T00:00:00.000Z","772","[""Organization"",""Article"",""Organization"",""Organization"",""ImageObject"",""BreadcrumbList"",""ListItem"",""ListItem"",""ListItem"",""FAQPage"",""Question"",""Answer"",""Question"",""Answer""]","02afe064b86581496d744f67b04227807625ef921f719635b494b576b95ebd84"
"https://pfotentechnik.de/fuetterungszeiten-nach-alter/","UNAVAILABLE_PERFORMANCE_IS_NOT_INDEX_COVERAGE","0","0","1","0","guide","tierernaehrung","2026-07-12","2026-07-28","78","2","4","3","NORMAL","true","true","2026-07-28T00:00:00.000Z","2408","[""Organization"",""Article"",""Organization"",""Organization"",""ImageObject"",""BreadcrumbList"",""ListItem"",""ListItem"",""ListItem"",""FAQPage"",""Question"",""Answer"",""Question"",""Answer"",""Question"",""Answer"",""Question"",""Answer"",""Question"",""Answer"",""Question"",""Answer"",""Question"",""Answer"",""Question"",""Answer"",""Question"",""Answer"",""Question"",""Answer"",""Question"",""Answer"",""Question"",""Answer""]","2020344598e87fcc108bb1a1b58252ea396b1cc3debf54c6343e74c70667fca6"
"https://pfotentechnik.de/futterautomat-bei-stromausfall/","UNAVAILABLE_PERFORMANCE_IS_NOT_INDEX_COVERAGE","0","0","3","0","guide","futterautomaten","2026-07-12","2026-07-28","78","2","7","7","STRONG","true","true","2026-07-28T00:00:00.000Z","3780","[""Organization"",""Article"",""Organization"",""Organization"",""ImageObject"",""BreadcrumbList"",""ListItem"",""ListItem"",""ListItem"",""FAQPage"",""Question"",""Answer"",""Question"",""Answer"",""Question"",""Answer"",""Question"",""Answer"",""Question"",""Answer"",""Question"",""Answer"",""Question"",""Answer"",""Question"",""Answer"",""Question"",""Answer"",""Question"",""Answer"",""Question"",""Answer"",""Question"",""Answer"",""Question"",""Answer"",""Question"",""Answer"",""Question"",""Answer"",""Question"",""Answer""]","2291b07a87c0cac951d481c2cff9667c852a19195aec7dad7dcf4e464cfac166"
"https://pfotentechnik.de/futterautomat-bei-uebergewicht/","UNAVAILABLE_PERFORMANCE_IS_NOT_INDEX_COVERAGE","0","0","0","0","editorial-page","futterautomaten","2026-07-09","2026-07-25","81","2","8","8","NORMAL","true","true","2026-07-25T00:00:00.000Z","2975","[""Organization"",""Article"",""Organization"",""Organization"",""ImageObject"",""BreadcrumbList"",""ListItem"",""ListItem"",""ListItem"",""FAQPage"",""Question"",""Answer"",""Question"",""Answer"",""Question"",""Answer"",""Question"",""Answer"",""Question"",""Answer"",""Question"",""Answer"",""Question"",""Answer"",""Question"",""Answer"",""Question"",""Answer"",""Question"",""Answer"",""Question"",""Answer"",""Question"",""Answer"",""Question"",""Answer"",""Question"",""Answer"",""Question"",""Answer""]","bcf0a20fbbe38f185ee94d1ff7a316721fe504338fea5f2bd0c5dadd4d2df9d9"
"https://pfotentechnik.de/futterautomat-berater/","UNAVAILABLE_PERFORMANCE_IS_NOT_INDEX_COVERAGE","0","0","0","0","editorial-page","futterautomaten","","","null","2","1","1","NEAR_ORPHAN","true","true","","288","[""Organization"",""BreadcrumbList"",""ListItem"",""ListItem""]","b70c3013721fabd9a147147e8f5f9d3d54fd64b288fd3e8e46c5a8a6cc100107"
"https://pfotentechnik.de/futterautomat-hund/","UNAVAILABLE_PERFORMANCE_IS_NOT_INDEX_COVERAGE","0","0","0","0","editorial-page","futterautomaten","2026-07-08","2026-07-24","82","2","37","34","NORMAL","true","true","2026-07-24T00:00:00.000Z","2824","[""Organization"",""Article"",""Organization"",""Organization"",""ImageObject"",""BreadcrumbList"",""ListItem"",""ListItem"",""ListItem"",""FAQPage"",""Question"",""Answer"",""Question"",""Answer"",""Question"",""Answer"",""Question"",""Answer"",""Question"",""Answer"",""Question"",""Answer"",""Question"",""Answer"",""Question"",""Answer"",""Question"",""Answer"",""Question"",""Answer"",""Question"",""Answer"",""Question"",""Answer"",""Question"",""Answer""]","b549dc75c926e3e8d4514dc36477d2a45c1ce4134eae5d728b2c46f026605594"
"https://pfotentechnik.de/futterautomat-im-urlaub/","UNAVAILABLE_PERFORMANCE_IS_NOT_INDEX_COVERAGE","0","0","0","0","editorial-page","futterautomaten","2026-07-09","2026-07-28","81","2","15","14","STRONG","true","true","2026-07-28T00:00:00.000Z","2863","[""Organization"",""Article"",""Organization"",""Organization"",""ImageObject"",""BreadcrumbList"",""ListItem"",""ListItem"",""ListItem"",""FAQPage"",""Question"",""Answer"",""Question"",""Answer"",""Question"",""Answer"",""Question"",""Answer"",""Question"",""Answer"",""Question"",""Answer"",""Question"",""Answer"",""Question"",""Answer"",""Question"",""Answer"",""Question"",""Answer"",""Question"",""Answer"",""Question"",""Answer""]","e7babb54083727bcb7b7d11064e3611c8cb023afab92f2dfffc02d874b185269"
"https://pfotentechnik.de/futterautomat-katze/","UNAVAILABLE_PERFORMANCE_IS_NOT_INDEX_COVERAGE","0","0","0","0","editorial-page","futterautomaten","2026-07-08","2026-08-24","82","2","26","23","NORMAL","true","true","2026-08-24T00:00:00.000Z","1058","[""Organization"",""Article"",""Organization"",""Organization"",""ImageObject"",""BreadcrumbList"",""ListItem"",""ListItem"",""ListItem"",""FAQPage"",""Question"",""Answer"",""Question"",""Answer"",""Question"",""Answer"",""Question"",""Answer""]","7de8ea6a28d7b710bf51083be1a2a1e38b24631fed96306d8196c2316122062c"
"https://pfotentechnik.de/futterautomat-richtig-reinigen/","UNAVAILABLE_PERFORMANCE_IS_NOT_INDEX_COVERAGE","0","0","0","0","problem-solving-guide","futterautomaten","2026-07-12","2026-07-19","78","2","10","10","STRONG","true","true","2026-07-19T00:00:00.000Z","6151","[""Organization"",""Article"",""Organization"",""Organization"",""ImageObject"",""BreadcrumbList"",""ListItem"",""ListItem"",""ListItem"",""FAQPage"",""Question"",""Answer"",""Question"",""Answer"",""Question"",""Answer"",""Question"",""Answer"",""Question"",""Answer"",""Question"",""Answer""]","b4a613651f1f48f27038ae6c1404b47660114fe3996f3b5679b25ec16dd46183"
"https://pfotentechnik.de/futterautomat-und-ernaehrung/","UNAVAILABLE_PERFORMANCE_IS_NOT_INDEX_COVERAGE","0","0","0","0","category-hub","futterautomaten","2026-07-09","2026-07-23","81","2","16","14","NORMAL","true","true","2026-07-23T00:00:00.000Z","1705","[""Organization"",""Article"",""Organization"",""Organization"",""ImageObject"",""BreadcrumbList"",""ListItem"",""ListItem"",""ListItem"",""FAQPage"",""Question"",""Answer"",""Question"",""Answer"",""Question"",""Answer"",""Question"",""Answer"",""Question"",""Answer"",""Question"",""Answer"",""Question"",""Answer"",""Question"",""Answer""]","c455fcc64f5f1c857fed926032cbc01b61a5c3ba45d49ba6da550dc14f2d312c"
"https://pfotentechnik.de/futtermenge-hund/","UNAVAILABLE_PERFORMANCE_IS_NOT_INDEX_COVERAGE","0","0","0","0","guide","futterautomaten","2026-07-19","2026-07-19","71","2","4","3","NORMAL","true","true","2026-07-19T00:00:00.000Z","1247","[""Organization"",""Article"",""Organization"",""Organization"",""ImageObject"",""BreadcrumbList"",""ListItem"",""ListItem"",""ListItem"",""FAQPage"",""Question"",""Answer"",""Question"",""Answer"",""Question"",""Answer"",""Question"",""Answer"",""Question"",""Answer"",""Question"",""Answer"",""Question"",""Answer"",""Question"",""Answer"",""Question"",""Answer"",""Question"",""Answer"",""Question"",""Answer"",""Question"",""Answer""]","e4c8dd582bd1b9051376feaa1ca1330b67027a88b17fed41e1b228aa88bedf5a"
"https://pfotentechnik.de/futtermenge-katze/","UNAVAILABLE_PERFORMANCE_IS_NOT_INDEX_COVERAGE","0","0","38","0","guide","katzenernaehrung","2026-07-19","2026-07-28","71","2","7","6","NORMAL","true","true","2026-07-28T00:00:00.000Z","3390","[""Organization"",""Article"",""Organization"",""Organization"",""ImageObject"",""BreadcrumbList"",""ListItem"",""ListItem"",""ListItem"",""FAQPage"",""Question"",""Answer"",""Question"",""Answer"",""Question"",""Answer"",""Question"",""Answer"",""Question"",""Answer"",""Question"",""Answer"",""Question"",""Answer"",""Question"",""Answer"",""Question"",""Answer"",""Question"",""Answer"",""Question"",""Answer"",""Question"",""Answer"",""Question"",""Answer"",""Question"",""Answer"",""Question"",""Answer"",""Question"",""Answer"",""Question"",""Answer""]","214a07d82d20f674cb4e1569f1a2a30d9ff57b3e8e841f5177356d7b66c4fca7"
"https://pfotentechnik.de/glossar/","UNAVAILABLE_PERFORMANCE_IS_NOT_INDEX_COVERAGE","0","0","0","0","guide","smarte-haustiertechnik","2026-09-03","2026-09-03","25","2","13","12","NORMAL","true","true","2026-09-03T00:00:00.000Z","1052","[""Organization"",""Article"",""Organization"",""Organization"",""ImageObject"",""BreadcrumbList"",""ListItem"",""ListItem"",""ListItem""]","b0188eeb57a245b693dd153ae547e7a86a253e7679d4c4c49932b92110f70462"
"https://pfotentechnik.de/gps-oder-bluetooth/","UNAVAILABLE_PERFORMANCE_IS_NOT_INDEX_COVERAGE","0","0","0","0","decision-guide","gps-tracker","2026-07-20","2026-07-20","70","2","8","3","STRONG","true","true","2026-07-20T00:00:00.000Z","695","[""Organization"",""Article"",""Organization"",""Organization"",""ImageObject"",""BreadcrumbList"",""ListItem"",""ListItem"",""ListItem"",""FAQPage"",""Question"",""Answer"",""Question"",""Answer"",""Question"",""Answer"",""Question"",""Answer"",""Question"",""Answer"",""Question"",""Answer""]","a172363d002ffe6379123f532131162f894e3df0bf5330cbd5f95778db30f6da"
"https://pfotentechnik.de/gps-tracker/","UNAVAILABLE_PERFORMANCE_IS_NOT_INDEX_COVERAGE","0","0","0","0","category-hub","gps-tracker","2026-07-20","2026-08-15","70","1","259","52","NORMAL","true","true","2026-08-15T00:00:00.000Z","1003","[""Organization"",""Article"",""Organization"",""Organization"",""ImageObject"",""BreadcrumbList"",""ListItem"",""ListItem"",""ListItem"",""FAQPage"",""Question"",""Answer"",""Question"",""Answer"",""Question"",""Answer"",""Question"",""Answer"",""Question"",""Answer"",""Question"",""Answer"",""Question"",""Answer"",""Question"",""Answer"",""Question"",""Answer"",""Question"",""Answer"",""Question"",""Answer"",""Question"",""Answer""]","51b6b2dedde07938c0a07f680e7173d3a93d77bb6144582172e40c42a26a52bc"
"https://pfotentechnik.de/gps-tracker-richtig-befestigen/","UNAVAILABLE_PERFORMANCE_IS_NOT_INDEX_COVERAGE","0","0","0","0","problem-solving-guide","gps-tracker","2026-07-20","2026-07-20","70","2","6","5","STRONG","true","true","2026-07-20T00:00:00.000Z","673","[""Organization"",""Article"",""Organization"",""Organization"",""ImageObject"",""BreadcrumbList"",""ListItem"",""ListItem"",""ListItem"",""FAQPage"",""Question"",""Answer"",""Question"",""Answer"",""Question"",""Answer"",""Question"",""Answer"",""Question"",""Answer"",""Question"",""Answer""]","284c6455e79f8e67063b7fe1b17148d1e6873fbd9c2fb3ccfbd9c352f6b2a8c5"
"https://pfotentechnik.de/haustierkameras/","UNAVAILABLE_PERFORMANCE_IS_NOT_INDEX_COVERAGE","0","0","0","0","editorial-page","haustierkameras","2026-08-06","2026-08-25","53","1","259","21","NORMAL","true","true","2026-08-25T00:00:00.000Z","964","[""Organization"",""Article"",""Organization"",""Organization"",""ImageObject"",""BreadcrumbList"",""ListItem"",""ListItem"",""ListItem"",""FAQPage"",""Question"",""Answer"",""Question"",""Answer"",""Question"",""Answer"",""Question"",""Answer"",""Question"",""Answer"",""Question"",""Answer""]","5c5dc5966ed5fe3d1ff0c0d50ed49f4d47b1bcfde634624ac94ebf970b3294c8"
"https://pfotentechnik.de/hersteller/aqara/","UNAVAILABLE_PERFORMANCE_IS_NOT_INDEX_COVERAGE","0","0","0","0","manufacturer","hersteller","2026-07-26","2026-07-26","64","2","2","2","NORMAL","true","true","2026-07-26T00:00:00.000Z","518","[""Organization"",""Article"",""Organization"",""Organization"",""ImageObject"",""BreadcrumbList"",""ListItem"",""ListItem"",""ListItem""]","bb9cfb88c4adabbf355a31c076e260fee7edf03a192c2c9697b1942ba8b12850"
"https://pfotentechnik.de/hersteller/cat-mate/","UNAVAILABLE_PERFORMANCE_IS_NOT_INDEX_COVERAGE","0","0","0","0","manufacturer","hersteller","2026-07-12","2026-08-16","78","2","24","24","NORMAL","true","true","2026-08-16T00:00:00.000Z","1420","[""Organization"",""Article"",""Organization"",""Organization"",""ImageObject"",""BreadcrumbList"",""ListItem"",""ListItem"",""ListItem"",""FAQPage"",""Question"",""Answer"",""Question"",""Answer"",""Question"",""Answer"",""Question"",""Answer"",""Question"",""Answer""]","82f15b3711fb202abf192a2dbc2ab6c2850b0bccdbaa9929ee161e280eef1264"
"https://pfotentechnik.de/hersteller/catit/","UNAVAILABLE_PERFORMANCE_IS_NOT_INDEX_COVERAGE","0","0","0","0","manufacturer","trinkbrunnen","2026-07-25","2026-08-16","65","2","7","7","NORMAL","true","true","2026-08-16T00:00:00.000Z","870","[""Organization"",""Article"",""Organization"",""Organization"",""ImageObject"",""BreadcrumbList"",""ListItem"",""ListItem"",""ListItem"",""FAQPage"",""Question"",""Answer"",""Question"",""Answer"",""Question"",""Answer""]","b9a32f0bd0bbc0533a7c81aedf23e28aecd182c33bd262c15b190e0e2f6d81cf"
"https://pfotentechnik.de/hersteller/devoko/","UNAVAILABLE_PERFORMANCE_IS_NOT_INDEX_COVERAGE","0","0","0","0","manufacturer","hersteller","2026-08-07","2026-08-07","52","2","2","2","NORMAL","true","true","2026-08-07T00:00:00.000Z","651","[""Organization"",""Article"",""Organization"",""Organization"",""ImageObject"",""BreadcrumbList"",""ListItem"",""ListItem"",""ListItem""]","1b33c9e9578ce4d95088c59672a14a8fe6bfc6e5648087853ba9dfbb951e7a6b"
"https://pfotentechnik.de/hersteller/enabot/","UNAVAILABLE_PERFORMANCE_IS_NOT_INDEX_COVERAGE","0","0","0","0","manufacturer","hersteller","2026-08-06","2026-08-15","53","2","6","6","NORMAL","true","true","2026-08-15T00:00:00.000Z","622","[""Organization"",""Article"",""Organization"",""Organization"",""ImageObject"",""BreadcrumbList"",""ListItem"",""ListItem"",""ListItem""]","54f0f9cf3119c3dc975ecb3ee149002ac1dcd4faf4f75a98b94ddcb28e8edb10"
"https://pfotentechnik.de/hersteller/flappie/","UNAVAILABLE_PERFORMANCE_IS_NOT_INDEX_COVERAGE","0","0","0","0","manufacturer","hersteller","2026-09-07","2026-09-07","21","2","188","188","NORMAL","true","true","2026-09-07T00:00:00.000Z","666","[""Organization"",""Article"",""Organization"",""Organization"",""ImageObject"",""BreadcrumbList"",""ListItem"",""ListItem"",""ListItem"",""FAQPage"",""Question"",""Answer"",""Question"",""Answer""]","8d9ce6a6e0ee586f573014e13e9aa7c9a6781e15d5efaf4abfe15981f6553e74"
"https://pfotentechnik.de/hersteller/furbo/","UNAVAILABLE_PERFORMANCE_IS_NOT_INDEX_COVERAGE","0","0","0","0","manufacturer","hersteller","2026-08-06","2026-08-21","53","2","7","7","NORMAL","true","true","2026-08-21T00:00:00.000Z","568","[""Organization"",""Article"",""Organization"",""Organization"",""ImageObject"",""BreadcrumbList"",""ListItem"",""ListItem"",""ListItem""]","05763d095eca0b273d54724412cd9e0f504b5de9a168d0ff0e266412a590a17d"
"https://pfotentechnik.de/hersteller/garmin/","UNAVAILABLE_PERFORMANCE_IS_NOT_INDEX_COVERAGE","0","0","0","0","manufacturer","gps-tracker","2026-07-20","2026-07-20","70","2","10","10","NORMAL","true","true","2026-07-20T00:00:00.000Z","1030","[""Organization"",""Article"",""Organization"",""Organization"",""ImageObject"",""BreadcrumbList"",""ListItem"",""ListItem"",""ListItem"",""FAQPage"",""Question"",""Answer"",""Question"",""Answer"",""Question"",""Answer"",""Question"",""Answer"",""Question"",""Answer"",""Question"",""Answer""]","9abf384ba71f2cf6a06068fcea4f2cdcf109c2b5813c999f491d8daba903f417"
"https://pfotentechnik.de/hersteller/honeyguardian/","UNAVAILABLE_PERFORMANCE_IS_NOT_INDEX_COVERAGE","0","0","0","0","manufacturer","hersteller","2026-07-12","2026-07-19","78","2","8","8","NORMAL","true","true","2026-07-19T00:00:00.000Z","1082","[""Organization"",""Article"",""Organization"",""Organization"",""ImageObject"",""BreadcrumbList"",""ListItem"",""ListItem"",""ListItem"",""FAQPage"",""Question"",""Answer"",""Question"",""Answer"",""Question"",""Answer"",""Question"",""Answer"",""Question"",""Answer""]","6b0aa18ff4710b2e7cf5a8fba2b0957a36185081fddbc44f7f8f95f9299c4d07"
"https://pfotentechnik.de/hersteller/imipaw/","UNAVAILABLE_PERFORMANCE_IS_NOT_INDEX_COVERAGE","0","0","0","0","manufacturer","hersteller","2026-07-12","2026-07-19","78","2","4","4","NORMAL","true","true","2026-07-19T00:00:00.000Z","863","[""Organization"",""Article"",""Organization"",""Organization"",""ImageObject"",""BreadcrumbList"",""ListItem"",""ListItem"",""ListItem"",""FAQPage"",""Question"",""Answer"",""Question"",""Answer"",""Question"",""Answer"",""Question"",""Answer""]","046610d3ffeff310f72b9d42eaa5bc3aeda3a61d9c9d08f3c8f7d9a6240eb199"
"https://pfotentechnik.de/hersteller/","UNAVAILABLE_PERFORMANCE_IS_NOT_INDEX_COVERAGE","0","0","0","0","manufacturer-index","hersteller","","","null","1","259","3","NORMAL","true","true","","389","[""Organization"",""WebPage"",""WebSite"",""BreadcrumbList"",""ListItem"",""ListItem""]","d4244d9b6e430fa039f374c61410d1b59be9e4d4223a11cbe0031e4924885c79"
"https://pfotentechnik.de/hersteller/invoxia/","UNAVAILABLE_PERFORMANCE_IS_NOT_INDEX_COVERAGE","0","0","1","0","manufacturer","gps-tracker","2026-08-16","2026-08-16","43","2","5","5","NORMAL","true","true","2026-08-16T00:00:00.000Z","536","[""Organization"",""Article"",""Organization"",""Organization"",""ImageObject"",""BreadcrumbList"",""ListItem"",""ListItem"",""ListItem"",""FAQPage"",""Question"",""Answer""]","5eefd7de515cd756e93bb360e376416502acde3db3ae2fb91bea97bcbaf5c464"
"https://pfotentechnik.de/hersteller/neakasa/","UNAVAILABLE_PERFORMANCE_IS_NOT_INDEX_COVERAGE","0","0","0","0","manufacturer","hersteller","2026-08-06","2026-09-15","53","2","9","9","NORMAL","true","true","2026-09-15T00:00:00.000Z","691","[""Organization"",""Article"",""Organization"",""Organization"",""ImageObject"",""BreadcrumbList"",""ListItem"",""ListItem"",""ListItem""]","990ce5eadcdd077272971561fa6644633dc27a0d11558bee5f9282aae71af977"
"https://pfotentechnik.de/hersteller/oneisall/","UNAVAILABLE_PERFORMANCE_IS_NOT_INDEX_COVERAGE","0","0","0","0","manufacturer","trinkbrunnen","2026-07-12","2026-08-19","78","2","13","13","NORMAL","true","true","2026-08-19T00:00:00.000Z","1452","[""Organization"",""Article"",""Organization"",""Organization"",""ImageObject"",""BreadcrumbList"",""ListItem"",""ListItem"",""ListItem"",""FAQPage"",""Question"",""Answer"",""Question"",""Answer"",""Question"",""Answer"",""Question"",""Answer"",""Question"",""Answer""]","6041b56c02e1ff731e6d15bb596598a4e29e908a9299eb9f0ccdb3e73d190943"
"https://pfotentechnik.de/hersteller/onlycat/","UNAVAILABLE_PERFORMANCE_IS_NOT_INDEX_COVERAGE","0","0","5","1","manufacturer","hersteller","2026-08-04","2026-08-04","55","2","8","8","NORMAL","true","true","2026-08-04T00:00:00.000Z","531","[""Organization"",""Article"",""Organization"",""Organization"",""ImageObject"",""BreadcrumbList"",""ListItem"",""ListItem"",""ListItem"",""FAQPage"",""Question"",""Answer""]","b6ed842a751a4b7b6fc32574acb00d0f7898b0c2198dfc07deed97d68849abd0"
"https://pfotentechnik.de/hersteller/paj-gps/","UNAVAILABLE_PERFORMANCE_IS_NOT_INDEX_COVERAGE","0","0","0","0","manufacturer","gps-tracker","2026-07-20","2026-07-20","70","2","8","8","NORMAL","true","true","2026-07-20T00:00:00.000Z","970","[""Organization"",""Article"",""Organization"",""Organization"",""ImageObject"",""BreadcrumbList"",""ListItem"",""ListItem"",""ListItem"",""FAQPage"",""Question"",""Answer"",""Question"",""Answer"",""Question"",""Answer"",""Question"",""Answer"",""Question"",""Answer"",""Question"",""Answer""]","12c7448445dfd3afc5faaa530f6a7b6bc60f508906d5ba9ec6ccca1242c9f0f9"
"https://pfotentechnik.de/hersteller/pawbby/","UNAVAILABLE_PERFORMANCE_IS_NOT_INDEX_COVERAGE","0","0","0","0","manufacturer","hersteller","2026-07-12","2026-07-19","78","2","4","4","NORMAL","true","true","2026-07-19T00:00:00.000Z","739","[""Organization"",""Article"",""Organization"",""Organization"",""ImageObject"",""BreadcrumbList"",""ListItem"",""ListItem"",""ListItem"",""FAQPage"",""Question"",""Answer"",""Question"",""Answer"",""Question"",""Answer"",""Question"",""Answer""]","3f96a1bcdefcab37d9f1848de196e82dd3abc9fd660d8e0758c626d1167c4a9b"
"https://pfotentechnik.de/hersteller/pawfit/","UNAVAILABLE_PERFORMANCE_IS_NOT_INDEX_COVERAGE","0","0","0","0","manufacturer","gps-tracker","2026-08-16","2026-08-16","43","2","5","5","NORMAL","true","true","2026-08-16T00:00:00.000Z","515","[""Organization"",""Article"",""Organization"",""Organization"",""ImageObject"",""BreadcrumbList"",""ListItem"",""ListItem"",""ListItem"",""FAQPage"",""Question"",""Answer""]","11da94659dd8eb62621026c3ec8cf8dfadf39026f8bd82c6990284b488e74b58"
"https://pfotentechnik.de/hersteller/pawsync/","UNAVAILABLE_PERFORMANCE_IS_NOT_INDEX_COVERAGE","0","0","0","0","manufacturer","hersteller","2026-07-26","2026-07-26","64","2","2","2","NORMAL","true","true","2026-07-26T00:00:00.000Z","515","[""Organization"",""Article"",""Organization"",""Organization"",""ImageObject"",""BreadcrumbList"",""ListItem"",""ListItem"",""ListItem""]","8793d32d4775b945fa38edaf1654fba9e6d6349b20efd0bb72be8cafe125c386"
"https://pfotentechnik.de/hersteller/petkit/","UNAVAILABLE_PERFORMANCE_IS_NOT_INDEX_COVERAGE","0","0","0","0","manufacturer","hersteller","2026-07-12","2026-08-21","78","2","34","34","NORMAL","true","true","2026-08-21T00:00:00.000Z","1554","[""Organization"",""Article"",""Organization"",""Organization"",""ImageObject"",""BreadcrumbList"",""ListItem"",""ListItem"",""ListItem"",""FAQPage"",""Question"",""Answer"",""Question"",""Answer"",""Question"",""Answer"",""Question"",""Answer"",""Question"",""Answer"",""Question"",""Answer""]","4038ac2c6f13c6eb9214b23a14c180110c916a1bc41fca3c0c3a6d1c98e20844"
"https://pfotentechnik.de/hersteller/petlibro/","UNAVAILABLE_PERFORMANCE_IS_NOT_INDEX_COVERAGE","0","0","1","0","manufacturer","hersteller","2026-07-12","2026-08-19","78","2","50","50","NORMAL","true","true","2026-08-19T00:00:00.000Z","2365","[""Organization"",""Article"",""Organization"",""Organization"",""ImageObject"",""BreadcrumbList"",""ListItem"",""ListItem"",""ListItem"",""FAQPage"",""Question"",""Answer"",""Question"",""Answer"",""Question"",""Answer"",""Question"",""Answer"",""Question"",""Answer"",""Question"",""Answer"",""Question"",""Answer"",""Question"",""Answer"",""Question"",""Answer"",""Question"",""Answer""]","aa2acbf7f4972758b47163140898c93febc5d516d6572877c2851240d1a9b26c"
"https://pfotentechnik.de/hersteller/petsafe/","UNAVAILABLE_PERFORMANCE_IS_NOT_INDEX_COVERAGE","0","0","0","0","manufacturer","hersteller","2026-07-25","2026-08-16","65","2","15","15","NORMAL","true","true","2026-08-16T00:00:00.000Z","1131","[""Organization"",""Article"",""Organization"",""Organization"",""ImageObject"",""BreadcrumbList"",""ListItem"",""ListItem"",""ListItem"",""FAQPage"",""Question"",""Answer"",""Question"",""Answer"",""Question"",""Answer""]","257ce7420fb2e900b228ed5e35ce60a8cbb84a60b3abc4058e073a57be24fe2a"
"https://pfotentechnik.de/hersteller/petsnowy/","UNAVAILABLE_PERFORMANCE_IS_NOT_INDEX_COVERAGE","0","0","0","0","manufacturer","hersteller","2026-08-15","2026-08-15","44","2","4","4","NORMAL","true","true","2026-08-15T00:00:00.000Z","512","[""Organization"",""Article"",""Organization"",""Organization"",""ImageObject"",""BreadcrumbList"",""ListItem"",""ListItem"",""ListItem""]","7f76c5da9c2cc5ea1dbe2ba65f1093f622967c41e456f1e4be63e0441afcf6e7"
"https://pfotentechnik.de/hersteller/pettec/","UNAVAILABLE_PERFORMANCE_IS_NOT_INDEX_COVERAGE","0","0","0","0","manufacturer","hersteller","2026-08-15","2026-08-15","44","2","6","6","NORMAL","true","true","2026-08-15T00:00:00.000Z","517","[""Organization"",""Article"",""Organization"",""Organization"",""ImageObject"",""BreadcrumbList"",""ListItem"",""ListItem"",""ListItem""]","127f0ac5907729fa0dd7e4e4806feec29a0169eb0bb4602858747464cb39d32c"
"https://pfotentechnik.de/hersteller/petwalk/","UNAVAILABLE_PERFORMANCE_IS_NOT_INDEX_COVERAGE","0","0","0","0","manufacturer","hersteller","2026-08-04","2026-08-04","55","2","3","3","NORMAL","true","true","2026-08-04T00:00:00.000Z","537","[""Organization"",""Article"",""Organization"",""Organization"",""ImageObject"",""BreadcrumbList"",""ListItem"",""ListItem"",""ListItem"",""FAQPage"",""Question"",""Answer""]","88d5581c2a29f6de8491096f42d521335c45131504ac9fd70701c4051553cf22"
"https://pfotentechnik.de/hersteller/prothelis/","UNAVAILABLE_PERFORMANCE_IS_NOT_INDEX_COVERAGE","0","0","0","0","manufacturer","hersteller","2026-08-16","2026-08-16","43","2","4","4","NORMAL","true","true","2026-08-16T00:00:00.000Z","518","[""Organization"",""Article"",""Organization"",""Organization"",""ImageObject"",""BreadcrumbList"",""ListItem"",""ListItem"",""ListItem"",""FAQPage"",""Question"",""Answer""]","2de303fbba854a18f4bfe275a04dbb269abe94b87ddfea1aca0cf768f63f245b"
"https://pfotentechnik.de/hersteller/reolink/","UNAVAILABLE_PERFORMANCE_IS_NOT_INDEX_COVERAGE","0","0","0","0","manufacturer","hersteller","2026-08-16","2026-08-16","43","2","5","5","NORMAL","true","true","2026-08-16T00:00:00.000Z","540","[""Organization"",""Article"",""Organization"",""Organization"",""ImageObject"",""BreadcrumbList"",""ListItem"",""ListItem"",""ListItem"",""FAQPage"",""Question"",""Answer""]","9159e40a194c5be3ed46215e89ba99d14f61778c6914adf50dbf064a66081b9d"
"https://pfotentechnik.de/hersteller/surefeed/","UNAVAILABLE_PERFORMANCE_IS_NOT_INDEX_COVERAGE","0","0","0","0","manufacturer","hersteller","2026-07-12","2026-07-19","78","2","20","20","NORMAL","true","true","2026-07-19T00:00:00.000Z","1304","[""Organization"",""Article"",""Organization"",""Organization"",""ImageObject"",""BreadcrumbList"",""ListItem"",""ListItem"",""ListItem"",""FAQPage"",""Question"",""Answer"",""Question"",""Answer"",""Question"",""Answer"",""Question"",""Answer"",""Question"",""Answer""]","bfdb1885c5af31afdcfbf4efc571294a33cab8c8bf7ce6f1816893287ce4f4d1"
"https://pfotentechnik.de/hersteller/tractive/","UNAVAILABLE_PERFORMANCE_IS_NOT_INDEX_COVERAGE","0","0","0","0","manufacturer","katzen-und-hundespezifische-hardware","2026-07-20","2026-08-21","70","2","19","19","NORMAL","true","true","2026-08-21T00:00:00.000Z","1165","[""Organization"",""Article"",""Organization"",""Organization"",""ImageObject"",""BreadcrumbList"",""ListItem"",""ListItem"",""ListItem"",""FAQPage"",""Question"",""Answer"",""Question"",""Answer"",""Question"",""Answer"",""Question"",""Answer"",""Question"",""Answer"",""Question"",""Answer""]","e0964dcffc3072d26378a87a83201ee4686072d76e8cf6cc1f099b6e73cb3be4"
"https://pfotentechnik.de/hersteller/weenect/","UNAVAILABLE_PERFORMANCE_IS_NOT_INDEX_COVERAGE","0","0","3","0","manufacturer","gps-tracker","2026-07-20","2026-08-06","70","2","17","17","NORMAL","true","true","2026-08-06T00:00:00.000Z","1106","[""Organization"",""Article"",""Organization"",""Organization"",""ImageObject"",""BreadcrumbList"",""ListItem"",""ListItem"",""ListItem"",""FAQPage"",""Question"",""Answer"",""Question"",""Answer"",""Question"",""Answer"",""Question"",""Answer"",""Question"",""Answer"",""Question"",""Answer""]","ec23a3ad78037ab393f21866d45061d409669e543ce702923a19b08b70b22587"
"https://pfotentechnik.de/hersteller/whisker/","UNAVAILABLE_PERFORMANCE_IS_NOT_INDEX_COVERAGE","0","0","0","0","manufacturer","hersteller","2026-08-06","2026-08-16","53","2","6","6","NORMAL","true","true","2026-08-16T00:00:00.000Z","607","[""Organization"",""Article"",""Organization"",""Organization"",""ImageObject"",""BreadcrumbList"",""ListItem"",""ListItem"",""ListItem""]","c5d2df0cc09b8d08da74118c99ed9c15284642f4d749da0d63e55557bce84dec"
"https://pfotentechnik.de/hersteller/wopet/","UNAVAILABLE_PERFORMANCE_IS_NOT_INDEX_COVERAGE","0","0","0","0","manufacturer","hersteller","2026-07-12","2026-07-19","78","2","12","12","NORMAL","true","true","2026-07-19T00:00:00.000Z","1203","[""Organization"",""Article"",""Organization"",""Organization"",""ImageObject"",""BreadcrumbList"",""ListItem"",""ListItem"",""ListItem"",""FAQPage"",""Question"",""Answer"",""Question"",""Answer"",""Question"",""Answer"",""Question"",""Answer"",""Question"",""Answer""]","bc4f7c504a4e4001c127fd3120c2fc333f69a9424483821942ad766d01becd27"
"https://pfotentechnik.de/hersteller/xiaomi/","UNAVAILABLE_PERFORMANCE_IS_NOT_INDEX_COVERAGE","0","0","0","0","manufacturer","hersteller","2026-07-12","2026-07-19","78","2","15","15","NORMAL","true","true","2026-07-19T00:00:00.000Z","1104","[""Organization"",""Article"",""Organization"",""Organization"",""ImageObject"",""BreadcrumbList"",""ListItem"",""ListItem"",""ListItem"",""FAQPage"",""Question"",""Answer"",""Question"",""Answer"",""Question"",""Answer"",""Question"",""Answer"",""Question"",""Answer""]","4461aa4ba658aa711fe8cddef92186d8af48ef7e21d1e5a1a86ea5ab5ac28113"
"https://pfotentechnik.de/hersteller/zeromouse/","UNAVAILABLE_PERFORMANCE_IS_NOT_INDEX_COVERAGE","0","0","0","0","manufacturer","hersteller","2026-07-27","2026-07-27","63","2","7","7","NORMAL","true","true","2026-07-27T00:00:00.000Z","807","[""Organization"",""Article"",""Organization"",""Organization"",""ImageObject"",""BreadcrumbList"",""ListItem"",""ListItem"",""ListItem"",""FAQPage"",""Question"",""Answer"",""Question"",""Answer"",""Question"",""Answer""]","aef6727449eca3b42180d079dec94ce2489b65308ef3e20dbd4f4e96d198acc8"
"https://pfotentechnik.de/hund-entlaufen-gps-sinnvoll/","UNAVAILABLE_PERFORMANCE_IS_NOT_INDEX_COVERAGE","0","0","0","0","decision-guide","gps-tracker","2026-07-20","2026-07-20","70","2","5","5","NORMAL","true","true","2026-07-20T00:00:00.000Z","672","[""Organization"",""Article"",""Organization"",""Organization"",""ImageObject"",""BreadcrumbList"",""ListItem"",""ListItem"",""ListItem"",""FAQPage"",""Question"",""Answer"",""Question"",""Answer"",""Question"",""Answer"",""Question"",""Answer"",""Question"",""Answer"",""Question"",""Answer""]","33f222879d3b470488b0094ea689ac7ed5e19147f6c990017f2c906ebfeacfdd"
"https://pfotentechnik.de/hund-frisst-nicht/","UNAVAILABLE_PERFORMANCE_IS_NOT_INDEX_COVERAGE","0","0","3","0","medical-guide","futterautomaten","2026-07-16","2026-07-16","74","2","9","8","NORMAL","true","true","2026-07-16T00:00:00.000Z","5551","[""Organization"",""Article"",""Organization"",""Organization"",""ImageObject"",""BreadcrumbList"",""ListItem"",""ListItem"",""ListItem"",""FAQPage"",""Question"",""Answer"",""Question"",""Answer"",""Question"",""Answer"",""Question"",""Answer"",""Question"",""Answer"",""Question"",""Answer"",""Question"",""Answer"",""Question"",""Answer"",""Question"",""Answer"",""Question"",""Answer"",""Question"",""Answer"",""Question"",""Answer"",""Question"",""Answer"",""Question"",""Answer"",""Question"",""Answer"",""Question"",""Answer""]","3400f395964c2e043990617abb9a24f4365b4f14e6756cb22f9caf38dfae6f48"
"https://pfotentechnik.de/hund-frisst-zu-schnell/","UNAVAILABLE_PERFORMANCE_IS_NOT_INDEX_COVERAGE","0","0","2","0","editorial-page","futterautomaten","2026-07-29","2026-07-29","61","3","5","2","NORMAL","true","true","2026-07-29T00:00:00.000Z","1042","[""Organization"",""Article"",""Organization"",""Organization"",""ImageObject"",""BreadcrumbList"",""ListItem"",""ListItem"",""ListItem""]","1b661c06f28132a5e73d93514f15da08d69cb0d77333bd6adc377a2d2eb1cfd4"
"https://pfotentechnik.de/hund-hat-durchfall/","UNAVAILABLE_PERFORMANCE_IS_NOT_INDEX_COVERAGE","0","0","16","0","medical-guide","hundegesundheit","2026-07-16","2026-07-19","74","2","4","2","NORMAL","true","true","2026-07-19T00:00:00.000Z","1907","[""Organization"",""Article"",""Organization"",""Organization"",""ImageObject"",""BreadcrumbList"",""ListItem"",""ListItem"",""ListItem"",""FAQPage"",""Question"",""Answer"",""Question"",""Answer"",""Question"",""Answer"",""Question"",""Answer"",""Question"",""Answer"",""Question"",""Answer"",""Question"",""Answer"",""Question"",""Answer"",""Question"",""Answer"",""Question"",""Answer"",""Question"",""Answer"",""Question"",""Answer"",""Question"",""Answer"",""Question"",""Answer"",""Question"",""Answer"",""Question"",""Answer""]","4a1b6ff582f6ab1c46ef2bacbe3051b6f2c3b78c26efef538caf97a358f2383e"
"https://pfotentechnik.de/hund-ist-muede/","UNAVAILABLE_PERFORMANCE_IS_NOT_INDEX_COVERAGE","0","0","37","3","medical-guide","hundegesundheit","2026-07-16","2026-07-19","74","2","3","2","NORMAL","true","true","2026-07-19T00:00:00.000Z","3046","[""Organization"",""Article"",""Organization"",""Organization"",""ImageObject"",""BreadcrumbList"",""ListItem"",""ListItem"",""ListItem"",""FAQPage"",""Question"",""Answer"",""Question"",""Answer"",""Question"",""Answer"",""Question"",""Answer"",""Question"",""Answer"",""Question"",""Answer"",""Question"",""Answer"",""Question"",""Answer"",""Question"",""Answer"",""Question"",""Answer"",""Question"",""Answer"",""Question"",""Answer"",""Question"",""Answer"",""Question"",""Answer"",""Question"",""Answer"",""Question"",""Answer""]","92d60e06b1506b7292fd04495b5b126d00b734a8acc1c459df2b3e9b69f53bdc"
"https://pfotentechnik.de/hund-trinkt-ploetzlich-viel/","UNAVAILABLE_PERFORMANCE_IS_NOT_INDEX_COVERAGE","0","0","2","0","editorial-page","smarte-haustiertechnik","2026-07-29","2026-07-29","61","3","6","3","NORMAL","true","true","2026-07-29T00:00:00.000Z","976","[""Organization"",""Article"",""Organization"",""Organization"",""ImageObject"",""BreadcrumbList"",""ListItem"",""ListItem"",""ListItem""]","e4b5e58ec61dcd3c8103dcd963e8597b29a2a244fe593a6e61542cdbc096017a"
"https://pfotentechnik.de/hund-trinkt-viel/","UNAVAILABLE_PERFORMANCE_IS_NOT_INDEX_COVERAGE","0","0","4","0","medical-guide","hundegesundheit","2026-07-19","2026-07-19","71","2","6","6","NORMAL","true","true","2026-07-19T00:00:00.000Z","1348","[""Organization"",""Article"",""Organization"",""Organization"",""ImageObject"",""BreadcrumbList"",""ListItem"",""ListItem"",""ListItem"",""FAQPage"",""Question"",""Answer"",""Question"",""Answer"",""Question"",""Answer"",""Question"",""Answer"",""Question"",""Answer"",""Question"",""Answer"",""Question"",""Answer"",""Question"",""Answer"",""Question"",""Answer"",""Question"",""Answer"",""Question"",""Answer"",""Question"",""Answer""]","5ecc3c5ff9ab064732be34bd46e99f6d3f799821664c1332640ba111669ffd66"
"https://pfotentechnik.de/hund-trinkt-zu-wenig/","UNAVAILABLE_PERFORMANCE_IS_NOT_INDEX_COVERAGE","0","0","2","0","medical-guide","trinkbrunnen","2026-07-16","2026-07-19","74","2","9","8","NORMAL","true","true","2026-07-19T00:00:00.000Z","4726","[""Organization"",""Article"",""Organization"",""Organization"",""ImageObject"",""BreadcrumbList"",""ListItem"",""ListItem"",""ListItem"",""FAQPage"",""Question"",""Answer"",""Question"",""Answer"",""Question"",""Answer"",""Question"",""Answer"",""Question"",""Answer"",""Question"",""Answer"",""Question"",""Answer"",""Question"",""Answer"",""Question"",""Answer"",""Question"",""Answer"",""Question"",""Answer"",""Question"",""Answer"",""Question"",""Answer"",""Question"",""Answer"",""Question"",""Answer""]","911460ceaee32d235385e453bd67ee0895e45064bf03c188e4c64712c2522431"
"https://pfotentechnik.de/ifa-2026-haustiertechnik/","UNAVAILABLE_PERFORMANCE_IS_NOT_INDEX_COVERAGE","0","0","0","0","guide","smarte-haustiertechnik","2026-09-14","2026-09-14","14","2","2","2","NORMAL","true","true","2026-09-14T00:00:00.000Z","1986","[""Organization"",""Article"",""Organization"",""Organization"",""ImageObject"",""BreadcrumbList"",""ListItem"",""ListItem"",""ListItem""]","b6ce67d4e63e158e661d101ca0ec547c6431f70c958264d1ec73147cd07f1ade"
"https://pfotentechnik.de/impressum/","UNAVAILABLE_PERFORMANCE_IS_NOT_INDEX_COVERAGE","0","0","0","0","legal","smarte-haustiertechnik","","","null","1","259","1","WEAK","true","true","","134","[""Organization"",""WebPage"",""WebSite""]","969092fe370f71d64e4b3ce07eaede10e5be7d652b1ba43d8556a6acc6859759"
"https://pfotentechnik.de/","UNAVAILABLE_PERFORMANCE_IS_NOT_INDEX_COVERAGE","14","0","0","0","homepage","smarte-haustiertechnik","","","null","0","259","0","STRONG","true","true","","673","[""Organization"",""WebSite"",""Organization"",""ImageObject""]","898ac5ed0bc5d4c156bc1ac49ae54dbfa733e6ae444cb7f1ac1bbf3129943375"
"https://pfotentechnik.de/kalk-katzentrinkbrunnen-entfernen/","UNAVAILABLE_PERFORMANCE_IS_NOT_INDEX_COVERAGE","0","0","3","0","problem-solving-guide","trinkbrunnen","2026-07-13","2026-07-25","77","2","11","10","NORMAL","true","true","2026-07-25T00:00:00.000Z","819","[""Organization"",""Article"",""Organization"",""Organization"",""ImageObject"",""BreadcrumbList"",""ListItem"",""ListItem"",""ListItem"",""FAQPage"",""Question"",""Answer"",""Question"",""Answer""]","6af77fa2658882f4f2abf5febd80a3436e52a14db58f7c915a95e22f083f4b8c"
"https://pfotentechnik.de/katze-an-katzenklappe-gewoehnen/","UNAVAILABLE_PERFORMANCE_IS_NOT_INDEX_COVERAGE","0","0","0","0","problem-solving-guide","katzenklappen","2026-08-04","2026-08-04","55","2","4","4","STRONG","true","true","2026-08-04T00:00:00.000Z","345","[""Organization"",""Article"",""Organization"",""Organization"",""ImageObject"",""BreadcrumbList"",""ListItem"",""ListItem"",""ListItem""]","9c2265d73e91324dc387c3e5954a62edc93062112c91ec792ae951fa3306c3a0"
"https://pfotentechnik.de/katze-an-trinkbrunnen-gewoehnen/","UNAVAILABLE_PERFORMANCE_IS_NOT_INDEX_COVERAGE","0","0","0","0","problem-solving-guide","katzenverhalten","2026-07-13","2026-07-19","77","2","7","2","NORMAL","true","true","2026-07-19T00:00:00.000Z","723","[""Organization"",""Article"",""Organization"",""Organization"",""ImageObject"",""BreadcrumbList"",""ListItem"",""ListItem"",""ListItem"",""FAQPage"",""Question"",""Answer"",""Question"",""Answer""]","7d0dfe793baf68a71b6b914b16a228a9dbaefa5128b93af7d2ed72d6707e82a9"
"https://pfotentechnik.de/katze-entlaufen-gps-sinnvoll/","UNAVAILABLE_PERFORMANCE_IS_NOT_INDEX_COVERAGE","0","0","1","0","guide","gps-tracker","2026-07-20","2026-07-20","70","2","5","5","NORMAL","true","true","2026-07-20T00:00:00.000Z","672","[""Organization"",""Article"",""Organization"",""Organization"",""ImageObject"",""BreadcrumbList"",""ListItem"",""ListItem"",""ListItem"",""FAQPage"",""Question"",""Answer"",""Question"",""Answer"",""Question"",""Answer"",""Question"",""Answer"",""Question"",""Answer"",""Question"",""Answer""]","7586d7b94b4fff07ffaea8514c28496cbcb7fa3132772f47ccf13c9342646093"
"https://pfotentechnik.de/katze-frisst-nicht/","UNAVAILABLE_PERFORMANCE_IS_NOT_INDEX_COVERAGE","0","0","0","0","medical-guide","futterautomaten","2026-07-15","2026-07-15","75","2","4","4","NORMAL","true","true","2026-07-15T00:00:00.000Z","5619","[""Organization"",""Article"",""Organization"",""Organization"",""ImageObject"",""BreadcrumbList"",""ListItem"",""ListItem"",""ListItem"",""FAQPage"",""Question"",""Answer"",""Question"",""Answer"",""Question"",""Answer"",""Question"",""Answer"",""Question"",""Answer"",""Question"",""Answer""]","bf3418e185cf569a924205bd9b123579a711ad50bcbc7360ee31c4625620fe54"
"https://pfotentechnik.de/katze-trinkt-viel/","UNAVAILABLE_PERFORMANCE_IS_NOT_INDEX_COVERAGE","0","0","7","0","medical-guide","trinkbrunnen","2026-07-15","2026-07-19","75","2","3","3","NORMAL","true","true","2026-07-19T00:00:00.000Z","3820","[""Organization"",""Article"",""Organization"",""Organization"",""ImageObject"",""BreadcrumbList"",""ListItem"",""ListItem"",""ListItem"",""FAQPage"",""Question"",""Answer"",""Question"",""Answer"",""Question"",""Answer"",""Question"",""Answer"",""Question"",""Answer"",""Question"",""Answer""]","d9e2cbd89eca85e49ddbce4b2512c8b4c8094c8be88091503e1c19a1447262e0"
"https://pfotentechnik.de/katzenklappe-einbauen/","UNAVAILABLE_PERFORMANCE_IS_NOT_INDEX_COVERAGE","0","0","5","0","problem-solving-guide","smarte-haustiertechnik","2026-08-04","2026-08-06","55","2","4","4","NORMAL","true","true","2026-08-06T00:00:00.000Z","1071","[""Organization"",""Article"",""Organization"",""Organization"",""ImageObject"",""BreadcrumbList"",""ListItem"",""ListItem"",""ListItem""]","3177f46a99e2b807235a023a029446ecd04dd8da230e32a49cc68f4d37c004a4"
"https://pfotentechnik.de/katzenklappe-fuer-mehrere-katzen/","UNAVAILABLE_PERFORMANCE_IS_NOT_INDEX_COVERAGE","0","0","0","0","problem-solving-guide","smarte-haustiertechnik","2026-08-04","2026-08-06","55","2","2","1","WEAK","true","true","2026-08-06T00:00:00.000Z","697","[""Organization"",""Article"",""Organization"",""Organization"",""ImageObject"",""BreadcrumbList"",""ListItem"",""ListItem"",""ListItem""]","4e83bba1f9828bc894cd4f9c951ca0b81b87039a3bf5c9d95bab79639de31107"
"https://pfotentechnik.de/katzenklappe-zugluft-und-waermedaemmung/","UNAVAILABLE_PERFORMANCE_IS_NOT_INDEX_COVERAGE","0","0","1","0","guide","katzenklappen","2026-08-04","2026-08-04","55","2","4","4","STRONG","true","true","2026-08-04T00:00:00.000Z","360","[""Organization"",""Article"",""Organization"",""Organization"",""ImageObject"",""BreadcrumbList"",""ListItem"",""ListItem"",""ListItem""]","3d83938b5e578d365147041442ca764787a9026e2f7102e4875d96527917ede1"
"https://pfotentechnik.de/katzenklappen/","UNAVAILABLE_PERFORMANCE_IS_NOT_INDEX_COVERAGE","0","0","0","0","editorial-page","katzenklappen","2026-08-04","2026-08-25","55","1","259","27","NORMAL","true","true","2026-08-25T00:00:00.000Z","1006","[""Organization"",""Article"",""Organization"",""Organization"",""ImageObject"",""BreadcrumbList"",""ListItem"",""ListItem"",""ListItem"",""FAQPage"",""Question"",""Answer"",""Question"",""Answer"",""Question"",""Answer"",""Question"",""Answer""]","1154e0a2de2a9788331e1fa62ab90926813fc1e943fcb43ba0b3519e9996f254"
"https://pfotentechnik.de/katzentrinkbrunnen-dauerbetrieb-urlaub/","UNAVAILABLE_PERFORMANCE_IS_NOT_INDEX_COVERAGE","0","0","0","0","guide","trinkbrunnen","2026-07-13","2026-07-13","77","2","4","3","STRONG","true","true","2026-07-13T00:00:00.000Z","840","[""Organization"",""Article"",""Organization"",""Organization"",""ImageObject"",""BreadcrumbList"",""ListItem"",""ListItem"",""ListItem"",""FAQPage"",""Question"",""Answer"",""Question"",""Answer""]","a01ec4330d42c954c4a3014a02aa11ca42d71bdb61d52010cfc37d6bd23143bc"
"https://pfotentechnik.de/katzentrinkbrunnen-laut-pumpe/","UNAVAILABLE_PERFORMANCE_IS_NOT_INDEX_COVERAGE","0","0","0","0","guide","trinkbrunnen","2026-07-13","2026-08-19","77","2","7","6","NORMAL","true","true","2026-08-19T00:00:00.000Z","1087","[""Organization"",""Article"",""Organization"",""Organization"",""ImageObject"",""BreadcrumbList"",""ListItem"",""ListItem"",""ListItem"",""FAQPage"",""Question"",""Answer"",""Question"",""Answer""]","79a7cdef2584d4c6c2ebe4c99b531d5042aad68cd55daf8b7c35d0e4f943ced3"
"https://pfotentechnik.de/katzentrinkbrunnen-material-edelstahl-keramik-kunststoff/","UNAVAILABLE_PERFORMANCE_IS_NOT_INDEX_COVERAGE","0","0","0","0","decision-guide","trinkbrunnen","2026-07-13","2026-08-19","77","2","22","22","STRONG","true","true","2026-08-19T00:00:00.000Z","837","[""Organization"",""Article"",""Organization"",""Organization"",""ImageObject"",""BreadcrumbList"",""ListItem"",""ListItem"",""ListItem"",""FAQPage"",""Question"",""Answer"",""Question"",""Answer""]","ad0d7590f83890f25e947072fb34d543a53eff013f3cedc6d4b092a5fdf1cae7"
"https://pfotentechnik.de/katzentrinkbrunnen-ohne-filter/","UNAVAILABLE_PERFORMANCE_IS_NOT_INDEX_COVERAGE","0","0","1","1","guide","trinkbrunnen","2026-07-13","2026-07-23","77","2","11","9","STRONG","true","true","2026-07-23T00:00:00.000Z","754","[""Organization"",""Article"",""Organization"",""Organization"",""ImageObject"",""BreadcrumbList"",""ListItem"",""ListItem"",""ListItem"",""FAQPage"",""Question"",""Answer"",""Question"",""Answer""]","b87960211088d0370a752a221f430f8718f07b420f3f53c078486d1f39428dc9"
"https://pfotentechnik.de/katzentrinkbrunnen-richtig-reinigen/","UNAVAILABLE_PERFORMANCE_IS_NOT_INDEX_COVERAGE","0","0","12","0","problem-solving-guide","trinkbrunnen","2026-07-13","2026-08-24","77","2","14","14","STRONG","true","true","2026-08-24T00:00:00.000Z","2333","[""Organization"",""Article"",""Organization"",""Organization"",""ImageObject"",""BreadcrumbList"",""ListItem"",""ListItem"",""ListItem"",""FAQPage"",""Question"",""Answer"",""Question"",""Answer"",""Question"",""Answer"",""Question"",""Answer"",""Question"",""Answer"",""Question"",""Answer"",""Question"",""Answer"",""Question"",""Answer""]","cf5fae9d7a855780f857e7ab5de23987cf54d7bdfb735b7af99fd82028215a41"
"https://pfotentechnik.de/katzenwasser-taeglich-wechseln/","UNAVAILABLE_PERFORMANCE_IS_NOT_INDEX_COVERAGE","0","0","3","1","problem-solving-guide","trinkbrunnen","2026-07-13","2026-08-19","77","2","10","8","NORMAL","true","true","2026-08-19T00:00:00.000Z","922","[""Organization"",""Article"",""Organization"",""Organization"",""ImageObject"",""BreadcrumbList"",""ListItem"",""ListItem"",""ListItem"",""FAQPage"",""Question"",""Answer"",""Question"",""Answer""]","35a577a9b7333d69afc6adb3649f77c1d7ca9e1fdb8b249e0feb2df127882844"
"https://pfotentechnik.de/kaufberatung/","UNAVAILABLE_PERFORMANCE_IS_NOT_INDEX_COVERAGE","0","0","0","0","editorial-page","smarte-haustiertechnik","","","null","1","259","0","WEAK","true","true","","167","[""Organization"",""WebPage"",""WebSite"",""BreadcrumbList"",""ListItem"",""ListItem""]","a7143d0ed65dd55c2c422d0664fd17c564ac86344414c734756f248f67ef7624"
"https://pfotentechnik.de/kontakt/","UNAVAILABLE_PERFORMANCE_IS_NOT_INDEX_COVERAGE","0","0","0","0","legal","smarte-haustiertechnik","","","null","1","259","2","NORMAL","true","true","","174","[""Organization"",""WebPage"",""WebSite""]","497243f0883a1c20b2329c167691ce383ea21b2b90b4556a7cf0ce40c0a0c625"
"https://pfotentechnik.de/nierenkranke-katze-trinken/","UNAVAILABLE_PERFORMANCE_IS_NOT_INDEX_COVERAGE","0","0","0","0","guide","trinkbrunnen","2026-07-13","2026-07-13","77","2","9","7","NORMAL","true","true","2026-07-13T00:00:00.000Z","750","[""Organization"",""Article"",""Organization"",""Organization"",""ImageObject"",""BreadcrumbList"",""ListItem"",""ListItem"",""ListItem"",""FAQPage"",""Question"",""Answer"",""Question"",""Answer""]","64bfecc763c240e98b4d34cf59bdfcd84cf9195579bee398ec5861e616e97604"
"https://pfotentechnik.de/produkt/aqara-smart-pet-feeder-c1/","UNAVAILABLE_PERFORMANCE_IS_NOT_INDEX_COVERAGE","0","0","0","0","product","futterautomaten","2026-07-12","2026-07-12","78","2","4","4","NORMAL","true","true","2026-07-12T00:00:00.000Z","1089","[""Organization"",""WebPage"",""WebSite"",""Organization"",""BreadcrumbList"",""ListItem"",""ListItem"",""ListItem"",""ListItem"",""Product"",""Brand"",""Offer"",""Organization"",""Review"",""Organization"",""Organization"",""Rating"",""ItemList"",""ListItem"",""ListItem"",""ListItem"",""ListItem"",""ListItem"",""ItemList"",""ListItem"",""ListItem"",""ListItem"",""ListItem""]","305d13b898e203c6c5b385618143df0c3fbb10d55317537c55bea5208ab7202d"
"https://pfotentechnik.de/produkt/cat-mate-335-pet-fountain/","UNAVAILABLE_PERFORMANCE_IS_NOT_INDEX_COVERAGE","0","0","0","0","product","trinkbrunnen","2026-07-13","2026-07-23","77","3","5","5","NORMAL","true","true","2026-07-23T00:00:00.000Z","1494","[""Organization"",""WebPage"",""WebSite"",""Organization"",""BreadcrumbList"",""ListItem"",""ListItem"",""ListItem"",""ListItem"",""Product"",""Brand"",""Offer"",""Organization"",""Review"",""Organization"",""Organization"",""Rating"",""ItemList"",""ListItem"",""ListItem"",""ListItem"",""ListItem"",""ListItem"",""ItemList"",""ListItem"",""ListItem"",""ListItem"",""ListItem"",""ListItem""]","4c02c9375da831a4d20103272f96dc27873d21527c305e562b9856b01096406f"
"https://pfotentechnik.de/produkt/cat-mate-c200/","UNAVAILABLE_PERFORMANCE_IS_NOT_INDEX_COVERAGE","0","0","1","0","product","futterautomaten","2026-07-12","2026-07-16","78","2","3","3","NORMAL","true","true","2026-07-16T00:00:00.000Z","1056","[""Organization"",""WebPage"",""WebSite"",""Organization"",""BreadcrumbList"",""ListItem"",""ListItem"",""ListItem"",""ListItem"",""Product"",""Brand"",""Offer"",""Organization"",""Review"",""Organization"",""Organization"",""Rating"",""ItemList"",""ListItem"",""ListItem"",""ListItem"",""ListItem"",""ListItem"",""ItemList"",""ListItem"",""ListItem"",""ListItem"",""ListItem""]","f4fa33eb12dd966b2599f3a046d6a82098dc286a0ede5c79ea75f27b19ba5f0e"
"https://pfotentechnik.de/produkt/cat-mate-c300/","UNAVAILABLE_PERFORMANCE_IS_NOT_INDEX_COVERAGE","0","0","0","0","product","futterautomaten","2026-07-12","2026-07-16","78","2","2","2","NORMAL","true","true","2026-07-16T00:00:00.000Z","1065","[""Organization"",""WebPage"",""WebSite"",""Organization"",""BreadcrumbList"",""ListItem"",""ListItem"",""ListItem"",""ListItem"",""Product"",""Brand"",""Offer"",""Organization"",""Review"",""Organization"",""Organization"",""Rating"",""ItemList"",""ListItem"",""ListItem"",""ListItem"",""ListItem"",""ListItem"",""ItemList"",""ListItem"",""ListItem"",""ListItem"",""ListItem""]","6750fac6b4cda9ab7b10a76e35e18f3acc1b32dbb4a781c32d7f02cf00a46b81"
"https://pfotentechnik.de/produkt/cat-mate-c500/","UNAVAILABLE_PERFORMANCE_IS_NOT_INDEX_COVERAGE","0","0","1","0","product","futterautomaten","2026-07-12","2026-07-16","78","2","11","11","STRONG","true","true","2026-07-16T00:00:00.000Z","1205","[""Organization"",""WebPage"",""WebSite"",""Organization"",""BreadcrumbList"",""ListItem"",""ListItem"",""ListItem"",""ListItem"",""Product"",""Brand"",""Offer"",""Organization"",""Review"",""Organization"",""Organization"",""Rating"",""ItemList"",""ListItem"",""ListItem"",""ListItem"",""ListItem"",""ListItem"",""ItemList"",""ListItem"",""ListItem"",""ListItem"",""ListItem""]","544b53096212530011efc5e9f76446654fec1028e025df81767f6a3188223a46"
"https://pfotentechnik.de/produkt/cat-mate-elite-355w/","UNAVAILABLE_PERFORMANCE_IS_NOT_INDEX_COVERAGE","0","0","0","0","product","katzenklappen","2026-08-16","2026-08-16","43","2","3","3","STRONG","true","true","2026-08-16T00:00:00.000Z","1032","[""Organization"",""WebPage"",""WebSite"",""Organization"",""BreadcrumbList"",""ListItem"",""ListItem"",""ListItem"",""ListItem"",""Product"",""Brand"",""Review"",""Organization"",""Organization"",""Rating"",""ItemList"",""ListItem"",""ListItem"",""ListItem"",""ListItem"",""ItemList"",""ListItem"",""ListItem"",""ListItem"",""ListItem""]","64e7396a23769ca03f8160d13d56fcd5b32e347187e9ab1523d53a697011ce53"
"https://pfotentechnik.de/produkt/cat-mate-shell-fountain/","UNAVAILABLE_PERFORMANCE_IS_NOT_INDEX_COVERAGE","0","0","0","0","product","trinkbrunnen","2026-07-13","2026-07-16","77","3","2","2","NORMAL","true","true","2026-07-16T00:00:00.000Z","1024","[""Organization"",""WebPage"",""WebSite"",""Organization"",""BreadcrumbList"",""ListItem"",""ListItem"",""ListItem"",""ListItem"",""Product"",""Brand"",""Review"",""Organization"",""Organization"",""Rating"",""ItemList"",""ListItem"",""ListItem"",""ListItem"",""ListItem"",""ListItem"",""ItemList"",""ListItem"",""ListItem"",""ListItem"",""ListItem""]","b296227053fc525ed3373b0499287ee47fb4e6aac1cd3c70f2fb3f2a6cc37670"
"https://pfotentechnik.de/produkt/catit-pixi-smart-6-meal-feeder/","UNAVAILABLE_PERFORMANCE_IS_NOT_INDEX_COVERAGE","0","0","0","0","product","futterautomaten","2026-07-12","2026-07-23","78","2","3","3","NORMAL","true","true","2026-07-23T00:00:00.000Z","1409","[""Organization"",""WebPage"",""WebSite"",""Organization"",""BreadcrumbList"",""ListItem"",""ListItem"",""ListItem"",""ListItem"",""Product"",""Brand"",""Offer"",""Organization"",""Review"",""Organization"",""Organization"",""Rating"",""ItemList"",""ListItem"",""ListItem"",""ListItem"",""ListItem"",""ListItem"",""ItemList"",""ListItem"",""ListItem"",""ListItem"",""ListItem"",""ListItem""]","dddfff28da2ad0aa20e1267734476a03ea3f6dfa47f7800cc614d8c9538ce91e"
"https://pfotentechnik.de/produkt/catit-pixi-smart-trinkbrunnen/","UNAVAILABLE_PERFORMANCE_IS_NOT_INDEX_COVERAGE","0","0","0","0","product","trinkbrunnen","2026-08-16","2026-08-16","43","2","3","3","STRONG","true","true","2026-08-16T00:00:00.000Z","1074","[""Organization"",""WebPage"",""WebSite"",""Organization"",""BreadcrumbList"",""ListItem"",""ListItem"",""ListItem"",""ListItem"",""Product"",""Brand"",""Review"",""Organization"",""Organization"",""Rating"",""ItemList"",""ListItem"",""ListItem"",""ListItem"",""ListItem"",""ItemList"",""ListItem"",""ListItem"",""ListItem"",""ListItem""]","9133855a2d0e0d3b6a59fd7a7594d7777e0bd70dbaf10e459199540df703c621"
"https://pfotentechnik.de/produkt/catit-pixi-vision-smart-feeder/","UNAVAILABLE_PERFORMANCE_IS_NOT_INDEX_COVERAGE","0","0","0","0","product","futterautomaten","2026-07-12","2026-08-10","78","2","3","3","NORMAL","true","true","2026-08-10T00:00:00.000Z","1072","[""Organization"",""WebPage"",""WebSite"",""Organization"",""BreadcrumbList"",""ListItem"",""ListItem"",""ListItem"",""ListItem"",""Product"",""Brand"",""Review"",""Organization"",""Organization"",""Rating"",""ItemList"",""ListItem"",""ListItem"",""ListItem"",""ListItem"",""ListItem"",""ItemList"",""ListItem"",""ListItem"",""ListItem"",""ListItem""]","2a529d6006379de6172e171c302e3f139e77c68771d6ac410ed284693090df09"
"https://pfotentechnik.de/produkt/devoko-90l-automatisches-katzenklo/","UNAVAILABLE_PERFORMANCE_IS_NOT_INDEX_COVERAGE","0","0","0","0","product","automatische-katzentoiletten","2026-08-07","2026-08-07","52","3","12","12","NORMAL","true","true","2026-08-07T00:00:00.000Z","1727","[""Organization"",""WebPage"",""WebSite"",""Organization"",""BreadcrumbList"",""ListItem"",""ListItem"",""ListItem"",""ListItem"",""Product"",""Brand"",""Offer"",""Organization"",""Review"",""Organization"",""Organization"",""Rating"",""ItemList"",""ListItem"",""ListItem"",""ListItem"",""ListItem"",""ListItem"",""ItemList"",""ListItem"",""ListItem"",""ListItem"",""ListItem"",""ListItem""]","b0f9ceb952658aab355ebf5955d0c4cbedbcc785f7cfdc09656d8f66cdd64ae3"
"https://pfotentechnik.de/produkt/enabot-ebo-air-2/","UNAVAILABLE_PERFORMANCE_IS_NOT_INDEX_COVERAGE","0","0","0","0","product","haustierkameras","2026-08-06","2026-08-06","53","3","5","5","NORMAL","true","true","2026-08-06T00:00:00.000Z","806","[""Organization"",""WebPage"",""WebSite"",""Organization"",""BreadcrumbList"",""ListItem"",""ListItem"",""ListItem"",""ListItem"",""Product"",""Brand"",""Offer"",""Organization"",""Review"",""Organization"",""Organization"",""Rating"",""ItemList"",""ListItem"",""ListItem"",""ListItem"",""ItemList"",""ListItem"",""ListItem"",""ListItem""]","a33ebce0f14ec80cf67528a9218610d6c3a59ccdd2154082950192146a2e268a"
"https://pfotentechnik.de/produkt/enabot-rola-mini/","UNAVAILABLE_PERFORMANCE_IS_NOT_INDEX_COVERAGE","0","0","0","0","product","haustierkameras","2026-08-15","2026-08-15","44","2","10","10","STRONG","true","true","2026-08-15T00:00:00.000Z","905","[""Organization"",""WebPage"",""WebSite"",""Organization"",""BreadcrumbList"",""ListItem"",""ListItem"",""ListItem"",""ListItem"",""Product"",""Brand"",""Offer"",""Organization"",""Review"",""Organization"",""Organization"",""Rating"",""ItemList"",""ListItem"",""ListItem"",""ListItem"",""ItemList"",""ListItem"",""ListItem"",""ListItem""]","c599a6effcb122dd73d2be09ff8df6f273d1c058df7c461b2bf095a686c575fe"
"https://pfotentechnik.de/produkt/enabot-rola-pettracker/","UNAVAILABLE_PERFORMANCE_IS_NOT_INDEX_COVERAGE","0","0","0","0","product","gps-tracker","2026-08-15","2026-08-16","44","2","3","3","NORMAL","true","true","2026-08-16T00:00:00.000Z","1303","[""Organization"",""WebPage"",""WebSite"",""Organization"",""BreadcrumbList"",""ListItem"",""ListItem"",""ListItem"",""ListItem"",""Product"",""Brand"",""Review"",""Organization"",""Organization"",""Rating"",""ItemList"",""ListItem"",""ListItem"",""ListItem"",""ListItem"",""ListItem"",""ItemList"",""ListItem"",""ListItem"",""ListItem"",""ListItem"",""ListItem""]","a10c2287d4f9edca0efca392f2c3782962c4e21f1eaaee92118bee9f4bfa7050"
"https://pfotentechnik.de/produkt/feelneedy-fn-w18-8l-katzenbrunnen/","UNAVAILABLE_PERFORMANCE_IS_NOT_INDEX_COVERAGE","0","0","0","0","product","trinkbrunnen","2026-07-23","2026-08-17","67","2","4","4","STRONG","true","true","2026-08-17T00:00:00.000Z","1497","[""Organization"",""WebPage"",""WebSite"",""Organization"",""BreadcrumbList"",""ListItem"",""ListItem"",""ListItem"",""ListItem"",""Product"",""Brand"",""Offer"",""Organization"",""Review"",""Organization"",""Organization"",""Rating"",""ItemList"",""ListItem"",""ListItem"",""ListItem"",""ListItem"",""ListItem"",""ItemList"",""ListItem"",""ListItem"",""ListItem"",""ListItem"",""ListItem""]","2af6d8474eca13399008080f6a16efc2b118ab4a31e32a2af116494446941865"
"https://pfotentechnik.de/produkt/flappie/","UNAVAILABLE_PERFORMANCE_IS_NOT_INDEX_COVERAGE","0","0","0","0","product","katzenklappen","2026-09-07","2026-09-07","21","2","8","8","NORMAL","true","true","2026-09-07T00:00:00.000Z","1366","[""Organization"",""WebPage"",""WebSite"",""Organization"",""BreadcrumbList"",""ListItem"",""ListItem"",""ListItem"",""ListItem"",""Product"",""Brand"",""Offer"",""Organization"",""Review"",""Organization"",""Organization"",""Rating"",""ItemList"",""ListItem"",""ListItem"",""ListItem"",""ListItem"",""ItemList"",""ListItem"",""ListItem"",""ListItem"",""ListItem""]","60c313ff3e8fab496c5f5239f21be3516994aa29e5df1e66725244ebfd394ade"
"https://pfotentechnik.de/produkt/furbo-360-hundekamera/","UNAVAILABLE_PERFORMANCE_IS_NOT_INDEX_COVERAGE","0","0","0","0","product","haustierkameras","2026-08-06","2026-08-06","53","3","5","5","NORMAL","true","true","2026-08-06T00:00:00.000Z","889","[""Organization"",""WebPage"",""WebSite"",""Organization"",""BreadcrumbList"",""ListItem"",""ListItem"",""ListItem"",""ListItem"",""Product"",""Brand"",""Offer"",""Organization"",""Review"",""Organization"",""Organization"",""Rating"",""ItemList"",""ListItem"",""ListItem"",""ListItem"",""ItemList"",""ListItem"",""ListItem"",""ListItem""]","ac9cfc5020e93596434a0e7550213f600630b3490adf11a7732cc2e002a839dc"
"https://pfotentechnik.de/produkt/furbo-360-katzenkamera/","UNAVAILABLE_PERFORMANCE_IS_NOT_INDEX_COVERAGE","0","0","0","0","product","haustierkameras","2026-08-21","2026-08-21","38","3","5","5","NORMAL","true","true","2026-08-21T00:00:00.000Z","838","[""Organization"",""WebPage"",""WebSite"",""Organization"",""BreadcrumbList"",""ListItem"",""ListItem"",""ListItem"",""ListItem"",""Product"",""Brand"",""Review"",""Organization"",""Organization"",""Rating"",""ItemList"",""ListItem"",""ListItem"",""ListItem"",""ListItem"",""ListItem"",""ItemList"",""ListItem"",""ListItem"",""ListItem"",""ListItem""]","0fa89904a08db5716d5effce98f337981cfbba21d1c025b208cbfc7b0d075ed4"
"https://pfotentechnik.de/produkt/furbo-mini-360/","UNAVAILABLE_PERFORMANCE_IS_NOT_INDEX_COVERAGE","0","0","0","0","product","haustierkameras","2026-08-15","2026-08-15","44","2","10","10","STRONG","true","true","2026-08-15T00:00:00.000Z","920","[""Organization"",""WebPage"",""WebSite"",""Organization"",""BreadcrumbList"",""ListItem"",""ListItem"",""ListItem"",""ListItem"",""Product"",""Brand"",""Offer"",""Organization"",""Review"",""Organization"",""Organization"",""Rating"",""ItemList"",""ListItem"",""ListItem"",""ListItem"",""ItemList"",""ListItem"",""ListItem"",""ListItem""]","05106a74e4e0e28881a996c35ee4e5c14cc6634cf4cf8b22e44a023f81e98257"
"https://pfotentechnik.de/produkt/garmin-alpha-t-20/","UNAVAILABLE_PERFORMANCE_IS_NOT_INDEX_COVERAGE","0","0","0","0","product","gps-tracker","2026-07-20","2026-07-23","70","2","6","6","STRONG","true","true","2026-07-23T00:00:00.000Z","1715","[""Organization"",""WebPage"",""WebSite"",""Organization"",""BreadcrumbList"",""ListItem"",""ListItem"",""ListItem"",""ListItem"",""Product"",""Brand"",""Offer"",""Organization"",""Review"",""Organization"",""Organization"",""Rating"",""ItemList"",""ListItem"",""ListItem"",""ListItem"",""ListItem"",""ListItem"",""ItemList"",""ListItem"",""ListItem"",""ListItem"",""ListItem"",""ListItem""]","6c0b4c3e656efd2709807da37999ab99db672ee6db0231a42d591de386a70607"
"https://pfotentechnik.de/produkt/garmin-alpha-tt-25/","UNAVAILABLE_PERFORMANCE_IS_NOT_INDEX_COVERAGE","0","0","0","0","product","gps-tracker","2026-07-20","2026-07-20","70","3","6","6","NORMAL","true","true","2026-07-20T00:00:00.000Z","1010","[""Organization"",""WebPage"",""WebSite"",""Organization"",""BreadcrumbList"",""ListItem"",""ListItem"",""ListItem"",""ListItem"",""Product"",""Brand"",""Review"",""Organization"",""Organization"",""Rating"",""ItemList"",""ListItem"",""ListItem"",""ListItem"",""ListItem"",""ListItem"",""ItemList"",""ListItem"",""ListItem"",""ListItem""]","e8966843a55de8db4ce899d0ac3ec73e6812582204fd8a94217dc41249cc6cfe"
"https://pfotentechnik.de/produkt/honeyguardian-a305d/","UNAVAILABLE_PERFORMANCE_IS_NOT_INDEX_COVERAGE","1","0","0","0","product","futterautomaten","2026-07-12","2026-07-12","78","3","2","2","NORMAL","true","true","2026-07-12T00:00:00.000Z","821","[""Organization"",""WebPage"",""WebSite"",""Organization"",""BreadcrumbList"",""ListItem"",""ListItem"",""ListItem"",""ListItem"",""Product"",""Brand"",""Review"",""Organization"",""Organization"",""Rating"",""ItemList"",""ListItem"",""ListItem"",""ListItem"",""ItemList"",""ListItem"",""ListItem"",""ListItem""]","2d83b47d085cb64720d4ad57140cbd1742b6ce3e8dae452886bce6ae3893029f"
"https://pfotentechnik.de/produkt/honeyguardian-a68/","UNAVAILABLE_PERFORMANCE_IS_NOT_INDEX_COVERAGE","0","0","0","0","product","futterautomaten","2026-07-12","2026-07-23","78","3","9","9","NORMAL","true","true","2026-07-23T00:00:00.000Z","758","[""Organization"",""WebPage"",""WebSite"",""Organization"",""BreadcrumbList"",""ListItem"",""ListItem"",""ListItem"",""ListItem"",""Product"",""Brand"",""Offer"",""Organization"",""Review"",""Organization"",""Organization"",""Rating"",""ItemList"",""ListItem"",""ListItem"",""ListItem"",""ItemList"",""ListItem"",""ListItem"",""ListItem""]","9bdedfc46286f92f497a56e13a5d2b76cbc521d77259267b0093bb68b25bf91b"
"https://pfotentechnik.de/produkt/honeyguardian-smart-pet-feeder-s305d/","UNAVAILABLE_PERFORMANCE_IS_NOT_INDEX_COVERAGE","1","0","0","0","product","futterautomaten","2026-07-12","2026-07-17","78","2","5","5","NORMAL","true","true","2026-07-17T00:00:00.000Z","939","[""Organization"",""WebPage"",""WebSite"",""Organization"",""BreadcrumbList"",""ListItem"",""ListItem"",""ListItem"",""ListItem"",""Product"",""Brand"",""Review"",""Organization"",""Organization"",""Rating"",""ItemList"",""ListItem"",""ListItem"",""ListItem"",""ListItem"",""ListItem"",""ItemList"",""ListItem"",""ListItem"",""ListItem"",""ListItem""]","8c196d99c8697817bc698987bf59557793589f7d1d02ecb08601b9d0d4cf95ee"
"https://pfotentechnik.de/produkt/imipaw-3l-automatic-cat-feeder/","UNAVAILABLE_PERFORMANCE_IS_NOT_INDEX_COVERAGE","0","0","0","0","product","futterautomaten","2026-07-12","2026-07-23","78","2","11","11","NORMAL","true","true","2026-07-23T00:00:00.000Z","1483","[""Organization"",""WebPage"",""WebSite"",""Organization"",""BreadcrumbList"",""ListItem"",""ListItem"",""ListItem"",""ListItem"",""Product"",""Brand"",""Offer"",""Organization"",""Review"",""Organization"",""Organization"",""Rating"",""ItemList"",""ListItem"",""ListItem"",""ListItem"",""ListItem"",""ListItem"",""ItemList"",""ListItem"",""ListItem"",""ListItem"",""ListItem"",""ListItem""]","81652d59dabb0ed9ce7cfc08f7808606a81c1826b653d304f0b99f96954c8345"
"https://pfotentechnik.de/produkt/invoxia-biotracker-2026/","UNAVAILABLE_PERFORMANCE_IS_NOT_INDEX_COVERAGE","0","0","0","0","product","gps-tracker","2026-08-16","2026-08-16","43","3","2","2","NORMAL","true","true","2026-08-16T00:00:00.000Z","1166","[""Organization"",""WebPage"",""WebSite"",""Organization"",""BreadcrumbList"",""ListItem"",""ListItem"",""ListItem"",""ListItem"",""Product"",""Brand"",""Review"",""Organization"",""Organization"",""Rating"",""ItemList"",""ListItem"",""ListItem"",""ListItem"",""ListItem"",""ItemList"",""ListItem"",""ListItem"",""ListItem"",""ListItem""]","f6236167abebdf33c42c99f90a0498c9ce2cba0e5ae74a93dbf7179335f6b16c"
"https://pfotentechnik.de/produkt/litter-robot-4/","UNAVAILABLE_PERFORMANCE_IS_NOT_INDEX_COVERAGE","0","0","0","0","product","automatische-katzentoiletten","2026-08-16","2026-08-26","43","2","3","3","STRONG","true","true","2026-08-26T00:00:00.000Z","1150","[""Organization"",""WebPage"",""WebSite"",""Organization"",""BreadcrumbList"",""ListItem"",""ListItem"",""ListItem"",""ListItem"",""Product"",""Brand"",""Review"",""Organization"",""Organization"",""Rating"",""ItemList"",""ListItem"",""ListItem"",""ListItem"",""ListItem"",""ItemList"",""ListItem"",""ListItem"",""ListItem"",""ListItem""]","a1eaba80c460d46064c1e67a814253a8879091283ebfacce9c9d1a4769dbfb49"
"https://pfotentechnik.de/produkt/litter-robot-5-pro/","UNAVAILABLE_PERFORMANCE_IS_NOT_INDEX_COVERAGE","0","0","1","1","product","automatische-katzentoiletten","2026-08-06","2026-08-06","53","3","3","3","NORMAL","true","true","2026-08-06T00:00:00.000Z","936","[""Organization"",""WebPage"",""WebSite"",""Organization"",""BreadcrumbList"",""ListItem"",""ListItem"",""ListItem"",""ListItem"",""Product"",""Brand"",""Review"",""Organization"",""Organization"",""Rating"",""ItemList"",""ListItem"",""ListItem"",""ListItem"",""ItemList"",""ListItem"",""ListItem"",""ListItem""]","5042ca060941ec73adf492f34c7f79f45c9fbbbeec89cbabf9f3236bffd18678"
"https://pfotentechnik.de/produkt/neakasa-m1-lite/","UNAVAILABLE_PERFORMANCE_IS_NOT_INDEX_COVERAGE","0","0","0","0","product","automatische-katzentoiletten","2026-08-07","2026-08-15","52","2","3","3","STRONG","true","true","2026-08-15T00:00:00.000Z","1198","[""Organization"",""WebPage"",""WebSite"",""Organization"",""BreadcrumbList"",""ListItem"",""ListItem"",""ListItem"",""ListItem"",""Product"",""Brand"",""Review"",""Organization"",""Organization"",""Rating"",""ItemList"",""ListItem"",""ListItem"",""ListItem"",""ListItem"",""ItemList"",""ListItem"",""ListItem"",""ListItem"",""ListItem""]","47437c733f060922926d65fb2505580b882c39f5d32336c5d81e37962d8b7d54"
"https://pfotentechnik.de/produkt/neakasa-m1-plus/","UNAVAILABLE_PERFORMANCE_IS_NOT_INDEX_COVERAGE","0","0","0","0","product","automatische-katzentoiletten","2026-08-06","2026-08-06","53","3","3","3","NORMAL","true","true","2026-08-06T00:00:00.000Z","880","[""Organization"",""WebPage"",""WebSite"",""Organization"",""BreadcrumbList"",""ListItem"",""ListItem"",""ListItem"",""ListItem"",""Product"",""Brand"",""Offer"",""Organization"",""Review"",""Organization"",""Organization"",""Rating"",""ItemList"",""ListItem"",""ListItem"",""ListItem"",""ItemList"",""ListItem"",""ListItem"",""ListItem""]","457685aa6542a29d847ace4c9611ca66c124a860a01bad5ce596377011d7301b"
"https://pfotentechnik.de/produkt/neakasa-riko/","UNAVAILABLE_PERFORMANCE_IS_NOT_INDEX_COVERAGE","0","0","0","0","product","futterautomaten","2026-09-15","2026-09-15","13","3","3","3","NORMAL","true","true","2026-09-15T00:00:00.000Z","1087","[""Organization"",""WebPage"",""WebSite"",""Organization"",""BreadcrumbList"",""ListItem"",""ListItem"",""ListItem"",""ListItem"",""Product"",""Brand"",""Review"",""Organization"",""Organization"",""Rating"",""ItemList"",""ListItem"",""ListItem"",""ListItem"",""ListItem"",""ItemList"",""ListItem"",""ListItem"",""ListItem"",""ListItem""]","e1825f3c27df9e21688e12f40d9463cd193b9151408e859a73a0f2e92acbc1e9"
"https://pfotentechnik.de/produkt/oneisall-2-2l-cordless-fountain/","UNAVAILABLE_PERFORMANCE_IS_NOT_INDEX_COVERAGE","0","0","0","0","product","trinkbrunnen","2026-07-13","2026-07-16","77","3","2","2","NORMAL","true","true","2026-07-16T00:00:00.000Z","947","[""Organization"",""WebPage"",""WebSite"",""Organization"",""BreadcrumbList"",""ListItem"",""ListItem"",""ListItem"",""ListItem"",""Product"",""Brand"",""Offer"",""Organization"",""Review"",""Organization"",""Organization"",""Rating"",""ItemList"",""ListItem"",""ListItem"",""ListItem"",""ListItem"",""ListItem"",""ItemList"",""ListItem"",""ListItem"",""ListItem"",""ListItem""]","c17f174709e575053ba6a9b1d0b3d89bef8b415ed428ffda6e71778c40f93201"
"https://pfotentechnik.de/produkt/oneisall-2-in-1-feeder-water/","UNAVAILABLE_PERFORMANCE_IS_NOT_INDEX_COVERAGE","0","0","0","0","product","futterautomaten","2026-07-12","2026-07-23","78","2","2","2","NORMAL","true","true","2026-07-23T00:00:00.000Z","1345","[""Organization"",""WebPage"",""WebSite"",""Organization"",""BreadcrumbList"",""ListItem"",""ListItem"",""ListItem"",""ListItem"",""Product"",""Brand"",""Offer"",""Organization"",""Review"",""Organization"",""Organization"",""Rating"",""ItemList"",""ListItem"",""ListItem"",""ListItem"",""ListItem"",""ListItem"",""ItemList"",""ListItem"",""ListItem"",""ListItem"",""ListItem"",""ListItem""]","9986fe1567bc51cb613567f86da758bc7621e38771463648e797f4836635bba4"
"https://pfotentechnik.de/produkt/oneisall-3-2l-cordless-fountain/","UNAVAILABLE_PERFORMANCE_IS_NOT_INDEX_COVERAGE","0","0","0","0","product","trinkbrunnen","2026-07-13","2026-07-23","77","3","12","11","NORMAL","true","true","2026-07-23T00:00:00.000Z","1355","[""Organization"",""WebPage"",""WebSite"",""Organization"",""BreadcrumbList"",""ListItem"",""ListItem"",""ListItem"",""ListItem"",""Product"",""Brand"",""Offer"",""Organization"",""Review"",""Organization"",""Organization"",""Rating"",""ItemList"",""ListItem"",""ListItem"",""ListItem"",""ListItem"",""ListItem"",""ItemList"",""ListItem"",""ListItem"",""ListItem"",""ListItem"",""ListItem""]","9b85a2ca82dbff6d7531bbef001c2f00a4f6c2c396dad29b804845b37fa449ce"
"https://pfotentechnik.de/produkt/oneisall-3-5l-cordless-fountain/","UNAVAILABLE_PERFORMANCE_IS_NOT_INDEX_COVERAGE","0","0","0","0","product","trinkbrunnen","2026-07-13","2026-08-10","77","3","21","21","NORMAL","true","true","2026-08-10T00:00:00.000Z","1050","[""Organization"",""WebPage"",""WebSite"",""Organization"",""BreadcrumbList"",""ListItem"",""ListItem"",""ListItem"",""ListItem"",""Product"",""Brand"",""Review"",""Organization"",""Organization"",""Rating"",""ItemList"",""ListItem"",""ListItem"",""ListItem"",""ListItem"",""ListItem"",""ItemList"",""ListItem"",""ListItem"",""ListItem"",""ListItem""]","9d4542ce106c9cb646e8cbd66b4fb7e63868578234aaca6a8598aef7a2183a44"
"https://pfotentechnik.de/produkt/oneisall-5l-automatic-cat-feeder/","UNAVAILABLE_PERFORMANCE_IS_NOT_INDEX_COVERAGE","0","0","0","0","product","futterautomaten","2026-07-12","2026-07-17","78","2","3","3","NORMAL","true","true","2026-07-17T00:00:00.000Z","1000","[""Organization"",""WebPage"",""WebSite"",""Organization"",""BreadcrumbList"",""ListItem"",""ListItem"",""ListItem"",""ListItem"",""Product"",""Brand"",""Offer"",""Organization"",""Review"",""Organization"",""Organization"",""Rating"",""ItemList"",""ListItem"",""ListItem"",""ListItem"",""ListItem"",""ListItem"",""ItemList"",""ListItem"",""ListItem"",""ListItem"",""ListItem""]","e894c4c04a909b9fa537117318995401a0c7b3192399f70796041f7b592f2458"
"https://pfotentechnik.de/produkt/oneisall-7l-dog-water-fountain/","UNAVAILABLE_PERFORMANCE_IS_NOT_INDEX_COVERAGE","0","0","0","0","product","trinkbrunnen","2026-07-13","2026-07-23","77","3","24","24","NORMAL","true","true","2026-07-23T00:00:00.000Z","1493","[""Organization"",""WebPage"",""WebSite"",""Organization"",""BreadcrumbList"",""ListItem"",""ListItem"",""ListItem"",""ListItem"",""Product"",""Brand"",""Offer"",""Organization"",""Review"",""Organization"",""Organization"",""Rating"",""ItemList"",""ListItem"",""ListItem"",""ListItem"",""ListItem"",""ListItem"",""ItemList"",""ListItem"",""ListItem"",""ListItem"",""ListItem"",""ListItem""]","3bf1072add510cb855d6b882b238b90361038d3c029c2e95aa8296bb8bc0e8eb"
"https://pfotentechnik.de/produkt/onlycat-mikrochip-katzenklappe/","UNAVAILABLE_PERFORMANCE_IS_NOT_INDEX_COVERAGE","0","0","2","0","product","katzenklappen","2026-08-04","2026-08-05","55","2","6","6","STRONG","true","true","2026-08-05T00:00:00.000Z","997","[""Organization"",""WebPage"",""WebSite"",""Organization"",""BreadcrumbList"",""ListItem"",""ListItem"",""ListItem"",""ListItem"",""Product"",""Brand"",""Offer"",""Organization"",""Review"",""Organization"",""Organization"",""Rating"",""ItemList"",""ListItem"",""ListItem"",""ListItem"",""ItemList"",""ListItem"",""ListItem"",""ListItem""]","bc6fbac2794fafcbde16d9d55b43ed42faa242f0bfe63284f9e42a40aa4bb51e"
"https://pfotentechnik.de/produkt/paj-pet-finder-4g-mini/","UNAVAILABLE_PERFORMANCE_IS_NOT_INDEX_COVERAGE","0","0","1","1","product","gps-tracker","2026-07-20","2026-07-23","70","2","7","7","STRONG","true","true","2026-07-23T00:00:00.000Z","1878","[""Organization"",""WebPage"",""WebSite"",""Organization"",""BreadcrumbList"",""ListItem"",""ListItem"",""ListItem"",""ListItem"",""Product"",""Brand"",""Offer"",""Organization"",""Review"",""Organization"",""Organization"",""Rating"",""ItemList"",""ListItem"",""ListItem"",""ListItem"",""ListItem"",""ListItem"",""ItemList"",""ListItem"",""ListItem"",""ListItem"",""ListItem"",""ListItem""]","9aa012b1620821cddbab1801eb9bfd585d07e59cf9f8e5fe4cd74336e8ff9857"
"https://pfotentechnik.de/produkt/pawbby-smart-pet-feeder/","UNAVAILABLE_PERFORMANCE_IS_NOT_INDEX_COVERAGE","0","0","0","0","product","futterautomaten","2026-07-12","2026-07-12","78","3","2","2","NORMAL","true","true","2026-07-12T00:00:00.000Z","774","[""Organization"",""WebPage"",""WebSite"",""Organization"",""BreadcrumbList"",""ListItem"",""ListItem"",""ListItem"",""ListItem"",""Product"",""Brand"",""Review"",""Organization"",""Organization"",""Rating"",""ItemList"",""ListItem"",""ListItem"",""ListItem"",""ItemList"",""ListItem"",""ListItem"",""ListItem""]","3ead5e1b01d184553f4f388d13521f3e296fbadd8da46f6625b6d77fe7523b93"
"https://pfotentechnik.de/produkt/pawfit-3/","UNAVAILABLE_PERFORMANCE_IS_NOT_INDEX_COVERAGE","0","0","0","0","product","gps-tracker","2026-08-16","2026-08-16","43","3","3","3","NORMAL","true","true","2026-08-16T00:00:00.000Z","1215","[""Organization"",""WebPage"",""WebSite"",""Organization"",""BreadcrumbList"",""ListItem"",""ListItem"",""ListItem"",""ListItem"",""Product"",""Brand"",""Review"",""Organization"",""Organization"",""Rating"",""ItemList"",""ListItem"",""ListItem"",""ListItem"",""ListItem"",""ItemList"",""ListItem"",""ListItem"",""ListItem"",""ListItem""]","adf908ba4f91c289a9a871504c42c4a54c947e6dd295e602745ec2b2ab72be7e"
"https://pfotentechnik.de/produkt/pawsync-smart-pet-feeder/","UNAVAILABLE_PERFORMANCE_IS_NOT_INDEX_COVERAGE","0","0","0","0","product","futterautomaten","2026-07-12","2026-08-10","78","2","7","7","NORMAL","true","true","2026-08-10T00:00:00.000Z","1035","[""Organization"",""WebPage"",""WebSite"",""Organization"",""BreadcrumbList"",""ListItem"",""ListItem"",""ListItem"",""ListItem"",""Product"",""Brand"",""Offer"",""Organization"",""Review"",""Organization"",""Organization"",""Rating"",""ItemList"",""ListItem"",""ListItem"",""ListItem"",""ListItem"",""ListItem"",""ItemList"",""ListItem"",""ListItem"",""ListItem"",""ListItem""]","f64225d9b211da9f89ab5301d9483c05eea237fb9cb9c5a49154d8d85c54eefe"
"https://pfotentechnik.de/produkt/petkit-eversweet-3-pro-uvc/","UNAVAILABLE_PERFORMANCE_IS_NOT_INDEX_COVERAGE","0","0","0","0","product","trinkbrunnen","2026-07-13","2026-07-23","77","3","4","4","NORMAL","true","true","2026-07-23T00:00:00.000Z","1521","[""Organization"",""WebPage"",""WebSite"",""Organization"",""BreadcrumbList"",""ListItem"",""ListItem"",""ListItem"",""ListItem"",""Product"",""Brand"",""Offer"",""Organization"",""Review"",""Organization"",""Organization"",""Rating"",""ItemList"",""ListItem"",""ListItem"",""ListItem"",""ListItem"",""ListItem"",""ItemList"",""ListItem"",""ListItem"",""ListItem"",""ListItem"",""ListItem""]","20be45dfa084049d859bd26637fbf0b5458cde16af302470a9990fee2ed595c0"
"https://pfotentechnik.de/produkt/petkit-eversweet-5-mini/","UNAVAILABLE_PERFORMANCE_IS_NOT_INDEX_COVERAGE","0","0","0","0","product","trinkbrunnen","2026-07-13","2026-07-16","77","3","2","2","NORMAL","true","true","2026-07-16T00:00:00.000Z","930","[""Organization"",""WebPage"",""WebSite"",""Organization"",""BreadcrumbList"",""ListItem"",""ListItem"",""ListItem"",""ListItem"",""Product"",""Brand"",""Review"",""Organization"",""Organization"",""Rating"",""ItemList"",""ListItem"",""ListItem"",""ListItem"",""ListItem"",""ItemList"",""ListItem"",""ListItem"",""ListItem"",""ListItem""]","5134387ef21df833713676b979ebf256f39759a9557d3f8074f2e1deeead2e15"
"https://pfotentechnik.de/produkt/petkit-eversweet-max-2-uvc/","UNAVAILABLE_PERFORMANCE_IS_NOT_INDEX_COVERAGE","0","0","0","0","product","trinkbrunnen","2026-07-13","2026-07-16","77","3","4","4","NORMAL","true","true","2026-07-16T00:00:00.000Z","1107","[""Organization"",""WebPage"",""WebSite"",""Organization"",""BreadcrumbList"",""ListItem"",""ListItem"",""ListItem"",""ListItem"",""Product"",""Brand"",""Review"",""Organization"",""Organization"",""Rating"",""ItemList"",""ListItem"",""ListItem"",""ListItem"",""ListItem"",""ListItem"",""ItemList"",""ListItem"",""ListItem"",""ListItem"",""ListItem""]","6dd19737d6454a287b99343283721243a9e7c6d0ba2f8494699544faaeebb5d5"
"https://pfotentechnik.de/produkt/petkit-eversweet-max-cordless/","UNAVAILABLE_PERFORMANCE_IS_NOT_INDEX_COVERAGE","0","0","0","0","product","trinkbrunnen","2026-07-13","2026-08-19","77","3","3","3","NORMAL","true","true","2026-08-19T00:00:00.000Z","1173","[""Organization"",""WebPage"",""WebSite"",""Organization"",""BreadcrumbList"",""ListItem"",""ListItem"",""ListItem"",""ListItem"",""Product"",""Brand"",""Review"",""Organization"",""Organization"",""Rating"",""ItemList"",""ListItem"",""ListItem"",""ListItem"",""ListItem"",""ListItem"",""ItemList"",""ListItem"",""ListItem"",""ListItem"",""ListItem"",""ListItem""]","9a0671bc5722c1a83f47ebaf22b9636bc318856231a65e1ea0da137a234e2469"
"https://pfotentechnik.de/produkt/petkit-eversweet-solo-2-fountain/","UNAVAILABLE_PERFORMANCE_IS_NOT_INDEX_COVERAGE","0","0","0","0","product","trinkbrunnen","2026-07-13","2026-07-13","77","2","6","6","STRONG","true","true","2026-07-13T00:00:00.000Z","958","[""Organization"",""WebPage"",""WebSite"",""Organization"",""BreadcrumbList"",""ListItem"",""ListItem"",""ListItem"",""ListItem"",""Product"",""Brand"",""Offer"",""Organization"",""Review"",""Organization"",""Organization"",""Rating"",""ItemList"",""ListItem"",""ListItem"",""ListItem"",""ListItem"",""ListItem"",""ItemList"",""ListItem"",""ListItem"",""ListItem"",""ListItem""]","87462ff8b5dd477edf4f0222991fa2887755040bd11a4f7afc6f310112a3488b"
"https://pfotentechnik.de/produkt/petkit-eversweet-solo-se/","UNAVAILABLE_PERFORMANCE_IS_NOT_INDEX_COVERAGE","0","0","0","0","product","trinkbrunnen","2026-07-13","2026-07-16","77","3","2","2","NORMAL","true","true","2026-07-16T00:00:00.000Z","1017","[""Organization"",""WebPage"",""WebSite"",""Organization"",""BreadcrumbList"",""ListItem"",""ListItem"",""ListItem"",""ListItem"",""Product"",""Brand"",""Offer"",""Organization"",""Review"",""Organization"",""Organization"",""Rating"",""ItemList"",""ListItem"",""ListItem"",""ListItem"",""ListItem"",""ListItem"",""ItemList"",""ListItem"",""ListItem"",""ListItem"",""ListItem""]","51292474bac0c9b6032b940e0a442477aa4f1b1c1cf583858caa6e032381bd77"
"https://pfotentechnik.de/produkt/petkit-eversweet-ultra/","UNAVAILABLE_PERFORMANCE_IS_NOT_INDEX_COVERAGE","0","0","7","0","product","trinkbrunnen","2026-07-13","2026-08-10","77","3","4","4","NORMAL","true","true","2026-08-10T00:00:00.000Z","1723","[""Organization"",""WebPage"",""WebSite"",""Organization"",""BreadcrumbList"",""ListItem"",""ListItem"",""ListItem"",""ListItem"",""Product"",""Brand"",""Offer"",""Organization"",""Review"",""Organization"",""Organization"",""Rating"",""ItemList"",""ListItem"",""ListItem"",""ListItem"",""ListItem"",""ListItem"",""ItemList"",""ListItem"",""ListItem"",""ListItem"",""ListItem"",""ListItem""]","60efb3a4cc7772cdfc2677b2d4258c4b15010d35b5b10f4ba6efc616ad031090"
"https://pfotentechnik.de/produkt/petkit-fresh-element-infinity/","UNAVAILABLE_PERFORMANCE_IS_NOT_INDEX_COVERAGE","0","0","0","0","product","futterautomaten","2026-07-12","2026-07-12","78","3","1","1","NEAR_ORPHAN","true","true","2026-07-12T00:00:00.000Z","878","[""Organization"",""WebPage"",""WebSite"",""Organization"",""BreadcrumbList"",""ListItem"",""ListItem"",""ListItem"",""ListItem"",""Product"",""Brand"",""Review"",""Organization"",""Organization"",""Rating"",""ItemList"",""ListItem"",""ListItem"",""ListItem"",""ItemList"",""ListItem"",""ListItem"",""ListItem""]","e553e73e9afbc0b645f8138404fdcb208903dd9e64c94fd1625ba560367e7494"
"https://pfotentechnik.de/produkt/petkit-fresh-element-solo/","UNAVAILABLE_PERFORMANCE_IS_NOT_INDEX_COVERAGE","0","0","0","0","product","futterautomaten","2026-07-12","2026-07-23","78","2","10","10","NORMAL","true","true","2026-07-23T00:00:00.000Z","1523","[""Organization"",""WebPage"",""WebSite"",""Organization"",""BreadcrumbList"",""ListItem"",""ListItem"",""ListItem"",""ListItem"",""Product"",""Brand"",""Offer"",""Organization"",""Review"",""Organization"",""Organization"",""Rating"",""ItemList"",""ListItem"",""ListItem"",""ListItem"",""ListItem"",""ListItem"",""ItemList"",""ListItem"",""ListItem"",""ListItem"",""ListItem"",""ListItem""]","ae3016f2df4334b1663cdee63d29a7fef9c3e4dc429b96b0aab1d17d4610a6ad"
"https://pfotentechnik.de/produkt/petkit-puramax-2/","UNAVAILABLE_PERFORMANCE_IS_NOT_INDEX_COVERAGE","0","0","0","0","product","automatische-katzentoiletten","2026-08-16","2026-08-16","43","3","2","2","NORMAL","true","true","2026-08-16T00:00:00.000Z","1077","[""Organization"",""WebPage"",""WebSite"",""Organization"",""BreadcrumbList"",""ListItem"",""ListItem"",""ListItem"",""ListItem"",""Product"",""Brand"",""Review"",""Organization"",""Organization"",""Rating"",""ItemList"",""ListItem"",""ListItem"",""ListItem"",""ListItem"",""ItemList"",""ListItem"",""ListItem"",""ListItem"",""ListItem""]","2cc3a9c861565bcb582d805fe0b1a1185afb405e6adecf9c26d1bdc9457de097"
"https://pfotentechnik.de/produkt/petkit-purobot-crystal-duo/","UNAVAILABLE_PERFORMANCE_IS_NOT_INDEX_COVERAGE","0","0","0","0","product","automatische-katzentoiletten","2026-08-21","2026-08-25","38","3","9","9","NORMAL","true","true","2026-08-25T00:00:00.000Z","1037","[""Organization"",""WebPage"",""WebSite"",""Organization"",""BreadcrumbList"",""ListItem"",""ListItem"",""ListItem"",""ListItem"",""Product"",""Brand"",""Review"",""Organization"",""Organization"",""Rating"",""ItemList"",""ListItem"",""ListItem"",""ListItem"",""ListItem"",""ItemList"",""ListItem"",""ListItem"",""ListItem"",""ListItem""]","8de052d4f9f30ca9da2d6cdf6eb99e5a6a18cccb46bed8255f1ca27c21045004"
"https://pfotentechnik.de/produkt/petkit-purobot-max-3/","UNAVAILABLE_PERFORMANCE_IS_NOT_INDEX_COVERAGE","0","0","0","0","product","automatische-katzentoiletten","2026-08-15","2026-08-16","44","2","12","12","STRONG","true","true","2026-08-16T00:00:00.000Z","1022","[""Organization"",""WebPage"",""WebSite"",""Organization"",""BreadcrumbList"",""ListItem"",""ListItem"",""ListItem"",""ListItem"",""Product"",""Brand"",""Review"",""Organization"",""Organization"",""Rating"",""ItemList"",""ListItem"",""ListItem"",""ListItem"",""ListItem"",""ItemList"",""ListItem"",""ListItem"",""ListItem"",""ListItem""]","443ce6ce0890e7ec370d504bac8af57803f435a54059814228ff1e23bfcbf99d"
"https://pfotentechnik.de/produkt/petkit-purobot-max-pro-2/","UNAVAILABLE_PERFORMANCE_IS_NOT_INDEX_COVERAGE","0","0","0","0","product","automatische-katzentoiletten","2026-08-06","2026-08-15","53","3","8","8","NORMAL","true","true","2026-08-15T00:00:00.000Z","1017","[""Organization"",""WebPage"",""WebSite"",""Organization"",""BreadcrumbList"",""ListItem"",""ListItem"",""ListItem"",""ListItem"",""Product"",""Brand"",""Offer"",""Organization"",""Review"",""Organization"",""Organization"",""Rating"",""ItemList"",""ListItem"",""ListItem"",""ListItem"",""ItemList"",""ListItem"",""ListItem"",""ListItem""]","241bada487b77895f7d678697556e1108b6687e50db25378cee50d861ba10fdb"
"https://pfotentechnik.de/produkt/petkit-yumshare-dual-hopper/","UNAVAILABLE_PERFORMANCE_IS_NOT_INDEX_COVERAGE","0","0","0","0","product","futterautomaten","2026-07-12","2026-08-10","78","2","57","48","NORMAL","true","true","2026-08-10T00:00:00.000Z","1743","[""Organization"",""WebPage"",""WebSite"",""Organization"",""BreadcrumbList"",""ListItem"",""ListItem"",""ListItem"",""ListItem"",""Product"",""Brand"",""Offer"",""Organization"",""Review"",""Organization"",""Organization"",""Rating"",""ItemList"",""ListItem"",""ListItem"",""ListItem"",""ListItem"",""ListItem"",""ItemList"",""ListItem"",""ListItem"",""ListItem"",""ListItem"",""ListItem""]","6489b5d12389f5e361476deed8f743426f41991dae037db7c9f98e54def490aa"
"https://pfotentechnik.de/produkt/petkit-yumshare-solo-2/","UNAVAILABLE_PERFORMANCE_IS_NOT_INDEX_COVERAGE","0","0","0","0","product","futterautomaten","2026-07-12","2026-08-19","78","2","4","4","NORMAL","true","true","2026-08-19T00:00:00.000Z","1471","[""Organization"",""WebPage"",""WebSite"",""Organization"",""BreadcrumbList"",""ListItem"",""ListItem"",""ListItem"",""ListItem"",""Product"",""Brand"",""Offer"",""Organization"",""Review"",""Organization"",""Organization"",""Rating"",""ItemList"",""ListItem"",""ListItem"",""ListItem"",""ListItem"",""ListItem"",""ItemList"",""ListItem"",""ListItem"",""ListItem"",""ListItem"",""ListItem""]","740d69d2e38c182d1c6afd267c1b7ad47a74ff445ae498e4b7bcb29ff8e59fc7"
"https://pfotentechnik.de/produkt/petlibro-air-automatic-feeder/","UNAVAILABLE_PERFORMANCE_IS_NOT_INDEX_COVERAGE","0","0","0","0","product","futterautomaten","2026-07-12","2026-07-12","78","3","2","2","NORMAL","true","true","2026-07-12T00:00:00.000Z","1007","[""Organization"",""WebPage"",""WebSite"",""Organization"",""BreadcrumbList"",""ListItem"",""ListItem"",""ListItem"",""ListItem"",""Product"",""Brand"",""Offer"",""Organization"",""Review"",""Organization"",""Organization"",""Rating"",""ItemList"",""ListItem"",""ListItem"",""ListItem"",""ItemList"",""ListItem"",""ListItem"",""ListItem""]","1398fe22ddc2e266b85d8ce1e124cb2614040b04bcf22a64696465b8876cf27a"
"https://pfotentechnik.de/produkt/petlibro-air-wifi-feeder/","UNAVAILABLE_PERFORMANCE_IS_NOT_INDEX_COVERAGE","1","0","0","0","product","futterautomaten","2026-07-12","2026-07-23","78","2","7","7","NORMAL","true","true","2026-07-23T00:00:00.000Z","1506","[""Organization"",""WebPage"",""WebSite"",""Organization"",""BreadcrumbList"",""ListItem"",""ListItem"",""ListItem"",""ListItem"",""Product"",""Brand"",""Review"",""Organization"",""Organization"",""Rating"",""ItemList"",""ListItem"",""ListItem"",""ListItem"",""ListItem"",""ListItem"",""ItemList"",""ListItem"",""ListItem"",""ListItem"",""ListItem"",""ListItem""]","bd8cb49b6a687db12fbc723f313a31f4514ce40ff0375610aec3e5012d4378f5"
"https://pfotentechnik.de/produkt/petlibro-capsule-dog-fountain/","UNAVAILABLE_PERFORMANCE_IS_NOT_INDEX_COVERAGE","0","0","0","0","product","trinkbrunnen","2026-07-13","2026-07-16","77","3","2","2","NORMAL","true","true","2026-07-16T00:00:00.000Z","1113","[""Organization"",""WebPage"",""WebSite"",""Organization"",""BreadcrumbList"",""ListItem"",""ListItem"",""ListItem"",""ListItem"",""Product"",""Brand"",""Review"",""Organization"",""Organization"",""Rating"",""ItemList"",""ListItem"",""ListItem"",""ListItem"",""ListItem"",""ListItem"",""ItemList"",""ListItem"",""ListItem"",""ListItem"",""ListItem""]","99622ea1031151e281ddf7980495a99452e607c39f88895ff44fe4971d99b848"
"https://pfotentechnik.de/produkt/petlibro-dockstream-2-smart/","UNAVAILABLE_PERFORMANCE_IS_NOT_INDEX_COVERAGE","0","0","1","1","product","trinkbrunnen","2026-07-13","2026-07-26","77","3","9","9","NORMAL","true","true","2026-07-26T00:00:00.000Z","1315","[""Organization"",""WebPage"",""WebSite"",""Organization"",""BreadcrumbList"",""ListItem"",""ListItem"",""ListItem"",""ListItem"",""Product"",""Brand"",""Offer"",""Organization"",""Review"",""Organization"",""Organization"",""Rating"",""ItemList"",""ListItem"",""ListItem"",""ListItem"",""ListItem"",""ListItem"",""ItemList"",""ListItem"",""ListItem"",""ListItem"",""ListItem"",""ListItem""]","680902f117f613823e7f3027b022985ad2647525388f8d2bf8e36b5bacb0562c"
"https://pfotentechnik.de/produkt/petlibro-dockstream-2-smart-cordless/","UNAVAILABLE_PERFORMANCE_IS_NOT_INDEX_COVERAGE","0","0","0","0","product","trinkbrunnen","2026-07-26","2026-07-26","64","2","11","11","STRONG","true","true","2026-07-26T00:00:00.000Z","1505","[""Organization"",""WebPage"",""WebSite"",""Organization"",""BreadcrumbList"",""ListItem"",""ListItem"",""ListItem"",""ListItem"",""Product"",""Brand"",""Offer"",""Organization"",""Review"",""Organization"",""Organization"",""Rating"",""ItemList"",""ListItem"",""ListItem"",""ListItem"",""ListItem"",""ListItem"",""ItemList"",""ListItem"",""ListItem"",""ListItem"",""ListItem"",""ListItem""]","c6f2322be758060ac8c5f6556ee2fcbb1d21f94675a9d4dfad4b969e45c40a8a"
"https://pfotentechnik.de/produkt/petlibro-dockstream-cordless/","UNAVAILABLE_PERFORMANCE_IS_NOT_INDEX_COVERAGE","0","0","0","0","product","trinkbrunnen","2026-07-13","2026-07-16","77","3","2","2","NORMAL","true","true","2026-07-16T00:00:00.000Z","1062","[""Organization"",""WebPage"",""WebSite"",""Organization"",""BreadcrumbList"",""ListItem"",""ListItem"",""ListItem"",""ListItem"",""Product"",""Brand"",""Offer"",""Organization"",""Review"",""Organization"",""Organization"",""Rating"",""ItemList"",""ListItem"",""ListItem"",""ListItem"",""ListItem"",""ListItem"",""ItemList"",""ListItem"",""ListItem"",""ListItem"",""ListItem""]","b5a72cc0df4dffd613f2152dfe090e3904e525b7927edf951bab7e065a1c5b85"
"https://pfotentechnik.de/produkt/petlibro-dockstream-rfid-smart/","UNAVAILABLE_PERFORMANCE_IS_NOT_INDEX_COVERAGE","0","0","0","0","product","trinkbrunnen","2026-07-13","2026-08-21","77","3","3","3","NORMAL","true","true","2026-08-21T00:00:00.000Z","1091","[""Organization"",""WebPage"",""WebSite"",""Organization"",""BreadcrumbList"",""ListItem"",""ListItem"",""ListItem"",""ListItem"",""Product"",""Brand"",""Review"",""Organization"",""Organization"",""Rating"",""ItemList"",""ListItem"",""ListItem"",""ListItem"",""ListItem"",""ListItem"",""ItemList"",""ListItem"",""ListItem"",""ListItem"",""ListItem"",""ListItem""]","d32ef1b467e006b89f432594452534849d64a913a9d27bd40115f071bd7dc0a8"
"https://pfotentechnik.de/produkt/petlibro-glacier-ultrafiltration/","UNAVAILABLE_PERFORMANCE_IS_NOT_INDEX_COVERAGE","1","0","0","0","product","trinkbrunnen","2026-07-13","2026-07-16","77","3","2","2","NORMAL","true","true","2026-07-16T00:00:00.000Z","972","[""Organization"",""WebPage"",""WebSite"",""Organization"",""BreadcrumbList"",""ListItem"",""ListItem"",""ListItem"",""ListItem"",""Product"",""Brand"",""Review"",""Organization"",""Organization"",""Rating"",""ItemList"",""ListItem"",""ListItem"",""ListItem"",""ListItem"",""ListItem"",""ItemList"",""ListItem"",""ListItem"",""ListItem"",""ListItem""]","bc62e3020b12dcc638281bed0218aa416d5717db363105242268a5086b280adc"
"https://pfotentechnik.de/produkt/petlibro-granary-2-vision/","UNAVAILABLE_PERFORMANCE_IS_NOT_INDEX_COVERAGE","1","0","0","0","product","futterautomaten","2026-07-26","2026-07-26","64","2","8","8","NORMAL","true","true","2026-07-26T00:00:00.000Z","1583","[""Organization"",""WebPage"",""WebSite"",""Organization"",""BreadcrumbList"",""ListItem"",""ListItem"",""ListItem"",""ListItem"",""Product"",""Brand"",""Offer"",""Organization"",""Review"",""Organization"",""Organization"",""Rating"",""ItemList"",""ListItem"",""ListItem"",""ListItem"",""ListItem"",""ListItem"",""ItemList"",""ListItem"",""ListItem"",""ListItem"",""ListItem"",""ListItem""]","d4c2b1432c458d8adac31ba23339c761aded472db7eff00e949bed2d649e0734"
"https://pfotentechnik.de/produkt/petlibro-granary-camera-feeder/","UNAVAILABLE_PERFORMANCE_IS_NOT_INDEX_COVERAGE","0","0","0","0","product","futterautomaten","2026-07-12","2026-08-10","78","2","53","41","STRONG","true","true","2026-08-10T00:00:00.000Z","1173","[""Organization"",""WebPage"",""WebSite"",""Organization"",""BreadcrumbList"",""ListItem"",""ListItem"",""ListItem"",""ListItem"",""Product"",""Brand"",""Offer"",""Organization"",""Offer"",""Organization"",""Review"",""Organization"",""Organization"",""Rating"",""ItemList"",""ListItem"",""ListItem"",""ListItem"",""ListItem"",""ListItem"",""ItemList"",""ListItem"",""ListItem"",""ListItem"",""ListItem""]","9b5fd154d4c06763ed4808772ba5326e929b4ebeb018c19a2a8f3bf95f785e35"
"https://pfotentechnik.de/produkt/petlibro-granary-dual-feeder/","UNAVAILABLE_PERFORMANCE_IS_NOT_INDEX_COVERAGE","0","0","0","0","product","futterautomaten","2026-07-17","2026-07-17","73","2","18","18","NORMAL","true","true","2026-07-17T00:00:00.000Z","1034","[""Organization"",""WebPage"",""WebSite"",""Organization"",""BreadcrumbList"",""ListItem"",""ListItem"",""ListItem"",""ListItem"",""Product"",""Brand"",""Offer"",""Organization"",""Offer"",""Organization"",""Review"",""Organization"",""Organization"",""Rating"",""ItemList"",""ListItem"",""ListItem"",""ListItem"",""ListItem"",""ListItem"",""ItemList"",""ListItem"",""ListItem"",""ListItem"",""ListItem""]","e1537b2bb6d4ca39c22d035626352255e04a040cbf45f81cdaa861193d5629cb"
"https://pfotentechnik.de/produkt/petlibro-granary-wifi-feeder/","UNAVAILABLE_PERFORMANCE_IS_NOT_INDEX_COVERAGE","0","0","0","0","product","futterautomaten","2026-07-12","2026-07-16","78","2","24","24","STRONG","true","true","2026-07-16T00:00:00.000Z","1082","[""Organization"",""WebPage"",""WebSite"",""Organization"",""BreadcrumbList"",""ListItem"",""ListItem"",""ListItem"",""ListItem"",""Product"",""Brand"",""Offer"",""Organization"",""Offer"",""Organization"",""Review"",""Organization"",""Organization"",""Rating"",""ItemList"",""ListItem"",""ListItem"",""ListItem"",""ListItem"",""ListItem"",""ItemList"",""ListItem"",""ListItem"",""ListItem"",""ListItem""]","ea36945a637e267f773db20277fb594144b7f05daaeaafa076a515d8c384aed1"
"https://pfotentechnik.de/produkt/petlibro-luma-smart-litter-box/","UNAVAILABLE_PERFORMANCE_IS_NOT_INDEX_COVERAGE","0","0","0","0","product","automatische-katzentoiletten","2026-08-15","2026-08-15","44","2","4","4","STRONG","true","true","2026-08-15T00:00:00.000Z","1240","[""Organization"",""WebPage"",""WebSite"",""Organization"",""BreadcrumbList"",""ListItem"",""ListItem"",""ListItem"",""ListItem"",""Product"",""Brand"",""Offer"",""Organization"",""Offer"",""Organization"",""Review"",""Organization"",""Organization"",""Rating"",""ItemList"",""ListItem"",""ListItem"",""ListItem"",""ItemList"",""ListItem"",""ListItem"",""ListItem""]","116878c4f1c767b0b9437ca1d8757df0ea991a061c9a15d4129970a7f954391d"
"https://pfotentechnik.de/produkt/petlibro-one-rfid-smart-feeder/","UNAVAILABLE_PERFORMANCE_IS_NOT_INDEX_COVERAGE","0","0","0","0","product","futterautomaten","2026-07-12","2026-07-12","78","3","1","1","NEAR_ORPHAN","true","true","2026-07-12T00:00:00.000Z","970","[""Organization"",""WebPage"",""WebSite"",""Organization"",""BreadcrumbList"",""ListItem"",""ListItem"",""ListItem"",""ListItem"",""Product"",""Brand"",""Offer"",""Organization"",""Offer"",""Organization"",""Review"",""Organization"",""Organization"",""Rating"",""ItemList"",""ListItem"",""ListItem"",""ListItem"",""ItemList"",""ListItem"",""ListItem"",""ListItem""]","993aaeafb0e963418983c5e7369da9f1047e7ae9234e21f877028011e71d673a"
"https://pfotentechnik.de/produkt/petlibro-polar-wet-food-feeder/","UNAVAILABLE_PERFORMANCE_IS_NOT_INDEX_COVERAGE","0","0","0","0","product","futterautomaten","2026-07-12","2026-08-26","78","2","17","17","NORMAL","true","true","2026-08-26T00:00:00.000Z","1460","[""Organization"",""WebPage"",""WebSite"",""Organization"",""BreadcrumbList"",""ListItem"",""ListItem"",""ListItem"",""ListItem"",""Product"",""Brand"",""Offer"",""Organization"",""Offer"",""Organization"",""Review"",""Organization"",""Organization"",""Rating"",""ItemList"",""ListItem"",""ListItem"",""ListItem"",""ListItem"",""ListItem"",""ItemList"",""ListItem"",""ListItem"",""ListItem"",""ListItem"",""ListItem""]","fc8683fc67d894fbc661e8c7994842ab60323fe7696154b94c3af753aa470e8d"
"https://pfotentechnik.de/produkt/petlibro-scout-smart-camera/","UNAVAILABLE_PERFORMANCE_IS_NOT_INDEX_COVERAGE","0","0","4","0","product","haustierkameras","2026-08-06","2026-08-15","53","2","4","4","STRONG","true","true","2026-08-15T00:00:00.000Z","1052","[""Organization"",""WebPage"",""WebSite"",""Organization"",""BreadcrumbList"",""ListItem"",""ListItem"",""ListItem"",""ListItem"",""Product"",""Brand"",""Offer"",""Organization"",""Offer"",""Organization"",""Review"",""Organization"",""Organization"",""Rating"",""ItemList"",""ListItem"",""ListItem"",""ListItem"",""ItemList"",""ListItem"",""ListItem"",""ListItem""]","87a6fb0eb4509dfb44374b36d348fbc1de952eddf8870557710005632f4fdfc4"
"https://pfotentechnik.de/produkt/petlibro-space-smart-feeder/","UNAVAILABLE_PERFORMANCE_IS_NOT_INDEX_COVERAGE","0","0","0","0","product","futterautomaten","2026-07-12","2026-07-23","78","3","5","5","NORMAL","true","true","2026-07-23T00:00:00.000Z","1745","[""Organization"",""WebPage"",""WebSite"",""Organization"",""BreadcrumbList"",""ListItem"",""ListItem"",""ListItem"",""ListItem"",""Product"",""Brand"",""Offer"",""Organization"",""Review"",""Organization"",""Organization"",""Rating"",""ItemList"",""ListItem"",""ListItem"",""ListItem"",""ListItem"",""ListItem"",""ItemList"",""ListItem"",""ListItem"",""ListItem"",""ListItem"",""ListItem""]","25990d38723cf17e48c8e428442d4226ef481687f6920225fc1a81e3c5f655bb"
"https://pfotentechnik.de/produkt/petlibro-stainless-steel-fountain/","UNAVAILABLE_PERFORMANCE_IS_NOT_INDEX_COVERAGE","0","0","0","0","product","trinkbrunnen","2026-07-13","2026-08-19","77","3","3","3","NORMAL","true","true","2026-08-19T00:00:00.000Z","1073","[""Organization"",""WebPage"",""WebSite"",""Organization"",""BreadcrumbList"",""ListItem"",""ListItem"",""ListItem"",""ListItem"",""Product"",""Brand"",""Offer"",""Organization"",""Review"",""Organization"",""Organization"",""Rating"",""ItemList"",""ListItem"",""ListItem"",""ListItem"",""ListItem"",""ListItem"",""ItemList"",""ListItem"",""ListItem"",""ListItem"",""ListItem"",""ListItem""]","c4666b4b29965073488b73c3c562b01b7b37b08ced012ac8050ad3fa9d0e2957"
"https://pfotentechnik.de/produkt/petsafe-freshfeed-refrigerated-feeder/","UNAVAILABLE_PERFORMANCE_IS_NOT_INDEX_COVERAGE","0","0","0","0","product","futterautomaten","2026-07-13","2026-07-13","77","2","7","7","NORMAL","true","true","2026-07-13T00:00:00.000Z","1066","[""Organization"",""WebPage"",""WebSite"",""Organization"",""BreadcrumbList"",""ListItem"",""ListItem"",""ListItem"",""ListItem"",""Product"",""Brand"",""Review"",""Organization"",""Organization"",""Rating"",""ItemList"",""ListItem"",""ListItem"",""ListItem"",""ListItem"",""ListItem"",""ItemList"",""ListItem"",""ListItem"",""ListItem"",""ListItem"",""ListItem""]","c862eb0e81fd285d2efc860f8b2586a01007c1ae0e2bdd4a1c555bacd3eeda39"
"https://pfotentechnik.de/produkt/petsafe-healthy-pet-simply-feed/","UNAVAILABLE_PERFORMANCE_IS_NOT_INDEX_COVERAGE","0","0","0","0","product","futterautomaten","2026-07-13","2026-07-13","77","2","5","5","NORMAL","true","true","2026-07-13T00:00:00.000Z","1048","[""Organization"",""WebPage"",""WebSite"",""Organization"",""BreadcrumbList"",""ListItem"",""ListItem"",""ListItem"",""ListItem"",""Product"",""Brand"",""Offer"",""Organization"",""Review"",""Organization"",""Organization"",""Rating"",""ItemList"",""ListItem"",""ListItem"",""ListItem"",""ListItem"",""ListItem"",""ItemList"",""ListItem"",""ListItem"",""ListItem"",""ListItem"",""ListItem""]","e258b99c05a61689b71a27418f4870406fefb7d1c71de7b3c072f365b888eb8d"
"https://pfotentechnik.de/produkt/petsafe-mikrochip-katzenklappe/","UNAVAILABLE_PERFORMANCE_IS_NOT_INDEX_COVERAGE","0","0","0","0","product","katzenklappen","2026-08-04","2026-08-26","55","2","4","4","NORMAL","true","true","2026-08-26T00:00:00.000Z","868","[""Organization"",""WebPage"",""WebSite"",""Organization"",""BreadcrumbList"",""ListItem"",""ListItem"",""ListItem"",""ListItem"",""Product"",""Brand"",""Offer"",""Organization"",""Review"",""Organization"",""Organization"",""Rating"",""ItemList"",""ListItem"",""ListItem"",""ListItem"",""ItemList"",""ListItem"",""ListItem"",""ListItem""]","ef7f8a54fb01cd641a68f8e77007d5c5c0b0be110877645dfd3bdb7827aebffa"
"https://pfotentechnik.de/produkt/petsafe-petporte-smart-flap/","UNAVAILABLE_PERFORMANCE_IS_NOT_INDEX_COVERAGE","0","0","0","0","product","katzenklappen","2026-08-04","2026-08-07","55","2","12","12","NORMAL","true","true","2026-08-07T00:00:00.000Z","1228","[""Organization"",""WebPage"",""WebSite"",""Organization"",""BreadcrumbList"",""ListItem"",""ListItem"",""ListItem"",""ListItem"",""Product"",""Brand"",""Offer"",""Organization"",""Review"",""Organization"",""Organization"",""Rating"",""ItemList"",""ListItem"",""ListItem"",""ListItem"",""ListItem"",""ListItem"",""ItemList"",""ListItem"",""ListItem"",""ListItem"",""ListItem"",""ListItem""]","ef990fff385b110c65ba710f39983594662c36bce07bb66733ef1f3d2d0fdb1d"
"https://pfotentechnik.de/produkt/petsafe-smart-feed-2/","UNAVAILABLE_PERFORMANCE_IS_NOT_INDEX_COVERAGE","0","0","0","0","product","futterautomaten","2026-07-13","2026-08-25","77","2","6","6","NORMAL","true","true","2026-08-25T00:00:00.000Z","1145","[""Organization"",""WebPage"",""WebSite"",""Organization"",""BreadcrumbList"",""ListItem"",""ListItem"",""ListItem"",""ListItem"",""Product"",""Brand"",""Review"",""Organization"",""Organization"",""Rating"",""ItemList"",""ListItem"",""ListItem"",""ListItem"",""ListItem"",""ListItem"",""ItemList"",""ListItem"",""ListItem"",""ListItem"",""ListItem"",""ListItem""]","ab6bf6684345db4fa2357b5d06866c81c309f462e0b4e9abf1bfdbede116e90d"
"https://pfotentechnik.de/produkt/petsafe-streamside-trinkbrunnen/","UNAVAILABLE_PERFORMANCE_IS_NOT_INDEX_COVERAGE","0","0","0","0","product","trinkbrunnen","2026-08-16","2026-08-16","43","2","3","3","STRONG","true","true","2026-08-16T00:00:00.000Z","1020","[""Organization"",""WebPage"",""WebSite"",""Organization"",""BreadcrumbList"",""ListItem"",""ListItem"",""ListItem"",""ListItem"",""Product"",""Brand"",""Review"",""Organization"",""Organization"",""Rating"",""ItemList"",""ListItem"",""ListItem"",""ListItem"",""ListItem"",""ItemList"",""ListItem"",""ListItem"",""ListItem"",""ListItem""]","c8491027be3a3b9e668610f11e1a96040dbe2526dbfbf7ea8c0669ccabe5f07c"
"https://pfotentechnik.de/produkt/petsnowy-snow-plus/","UNAVAILABLE_PERFORMANCE_IS_NOT_INDEX_COVERAGE","0","0","0","0","product","automatische-katzentoiletten","2026-08-15","2026-08-16","44","2","3","3","STRONG","true","true","2026-08-16T00:00:00.000Z","911","[""Organization"",""WebPage"",""WebSite"",""Organization"",""BreadcrumbList"",""ListItem"",""ListItem"",""ListItem"",""ListItem"",""Product"",""Brand"",""Review"",""Organization"",""Organization"",""Rating"",""ItemList"",""ListItem"",""ListItem"",""ListItem"",""ListItem"",""ItemList"",""ListItem"",""ListItem"",""ListItem"",""ListItem""]","7b2a163a364afb1fc132f0625cbd6d9de51dd26963d43e6c09974301451a6f20"
"https://pfotentechnik.de/produkt/pettec-cam-360/","UNAVAILABLE_PERFORMANCE_IS_NOT_INDEX_COVERAGE","0","0","0","0","product","haustierkameras","2026-08-15","2026-08-16","44","2","4","4","STRONG","true","true","2026-08-16T00:00:00.000Z","1146","[""Organization"",""WebPage"",""WebSite"",""Organization"",""BreadcrumbList"",""ListItem"",""ListItem"",""ListItem"",""ListItem"",""Product"",""Brand"",""Review"",""Organization"",""Organization"",""Rating"",""ItemList"",""ListItem"",""ListItem"",""ListItem"",""ListItem"",""ItemList"",""ListItem"",""ListItem"",""ListItem"",""ListItem""]","537c5dcafd3f948214609c2082f08f390798fcafb5245c6cafa1258a9413418a"
"https://pfotentechnik.de/produkt/petwalk-medium-tiertuer/","UNAVAILABLE_PERFORMANCE_IS_NOT_INDEX_COVERAGE","0","0","0","0","product","katzenklappen","2026-08-04","2026-08-17","55","2","5","5","STRONG","true","true","2026-08-17T00:00:00.000Z","957","[""Organization"",""WebPage"",""WebSite"",""Organization"",""BreadcrumbList"",""ListItem"",""ListItem"",""ListItem"",""ListItem"",""Product"",""Brand"",""Offer"",""Organization"",""Review"",""Organization"",""Organization"",""Rating"",""ItemList"",""ListItem"",""ListItem"",""ListItem"",""ListItem"",""ItemList"",""ListItem"",""ListItem"",""ListItem"",""ListItem""]","39253fe796d1040eb23f4cb56652fa69c5cf924d31075476f24ed03004cbc855"
"https://pfotentechnik.de/produkt/prothelis-area-pets/","UNAVAILABLE_PERFORMANCE_IS_NOT_INDEX_COVERAGE","0","0","0","0","product","gps-tracker","2026-08-16","2026-08-16","43","3","4","4","NORMAL","true","true","2026-08-16T00:00:00.000Z","1185","[""Organization"",""WebPage"",""WebSite"",""Organization"",""BreadcrumbList"",""ListItem"",""ListItem"",""ListItem"",""ListItem"",""Product"",""Brand"",""Review"",""Organization"",""Organization"",""Rating"",""ItemList"",""ListItem"",""ListItem"",""ListItem"",""ListItem"",""ItemList"",""ListItem"",""ListItem"",""ListItem"",""ListItem""]","20e2ffa126cf7ad65161e737c2c9985063a5b835fef3e9ab4621fd5af040df6b"
"https://pfotentechnik.de/produkt/reolink-e1-zoom/","UNAVAILABLE_PERFORMANCE_IS_NOT_INDEX_COVERAGE","0","0","0","0","product","haustierkameras","2026-08-16","2026-08-16","43","2","3","3","STRONG","true","true","2026-08-16T00:00:00.000Z","1043","[""Organization"",""WebPage"",""WebSite"",""Organization"",""BreadcrumbList"",""ListItem"",""ListItem"",""ListItem"",""ListItem"",""Product"",""Brand"",""Review"",""Organization"",""Organization"",""Rating"",""ItemList"",""ListItem"",""ListItem"",""ListItem"",""ListItem"",""ItemList"",""ListItem"",""ListItem"",""ListItem"",""ListItem""]","0ca34950a3f66ad193970e6bb023d6c1fe08b315f9c61cbc53c154951272db8e"
"https://pfotentechnik.de/produkt/surefeed-microchip-pet-feeder/","UNAVAILABLE_PERFORMANCE_IS_NOT_INDEX_COVERAGE","0","0","0","0","product","futterautomaten","2026-07-12","2026-07-25","78","2","9","9","NORMAL","true","true","2026-07-25T00:00:00.000Z","1061","[""Organization"",""WebPage"",""WebSite"",""Organization"",""BreadcrumbList"",""ListItem"",""ListItem"",""ListItem"",""ListItem"",""Product"",""Brand"",""Offer"",""Organization"",""Review"",""Organization"",""Organization"",""Rating"",""ItemList"",""ListItem"",""ListItem"",""ListItem"",""ListItem"",""ListItem"",""ItemList"",""ListItem"",""ListItem"",""ListItem"",""ListItem""]","68d3be69b3b97e845891c030fc460b918ef148e2d19e0e20341866c990e10db6"
"https://pfotentechnik.de/produkt/surefeed-microchip-pet-feeder-connect/","UNAVAILABLE_PERFORMANCE_IS_NOT_INDEX_COVERAGE","0","0","0","0","product","futterautomaten","2026-07-12","2026-08-03","78","2","9","9","STRONG","true","true","2026-08-03T00:00:00.000Z","1112","[""Organization"",""WebPage"",""WebSite"",""Organization"",""BreadcrumbList"",""ListItem"",""ListItem"",""ListItem"",""ListItem"",""Product"",""Brand"",""Review"",""Organization"",""Organization"",""Rating"",""ItemList"",""ListItem"",""ListItem"",""ListItem"",""ListItem"",""ItemList"",""ListItem"",""ListItem"",""ListItem"",""ListItem""]","c2e7e2b517681a1cff07cdc13b4e31294b6ed1cf822a02febda21602648ba378"
"https://pfotentechnik.de/produkt/sureflap-dualscan-mikrochip-katzenklappe/","UNAVAILABLE_PERFORMANCE_IS_NOT_INDEX_COVERAGE","0","0","0","0","product","katzenklappen","2026-08-04","2026-08-26","55","2","3","3","NORMAL","true","true","2026-08-26T00:00:00.000Z","990","[""Organization"",""WebPage"",""WebSite"",""Organization"",""BreadcrumbList"",""ListItem"",""ListItem"",""ListItem"",""ListItem"",""Product"",""Brand"",""Review"",""Organization"",""Organization"",""Rating"",""ItemList"",""ListItem"",""ListItem"",""ListItem"",""ListItem"",""ListItem"",""ItemList"",""ListItem"",""ListItem"",""ListItem"",""ListItem""]","6f6ef79aab52af736d48d2f91623946cd71552b19c89976ee2d72b88704b96e0"
"https://pfotentechnik.de/produkt/sureflap-mikrochip-katzenklappe/","UNAVAILABLE_PERFORMANCE_IS_NOT_INDEX_COVERAGE","0","0","0","0","product","katzenklappen","2026-08-04","2026-08-04","55","1","4","4","STRONG","true","true","2026-08-04T00:00:00.000Z","1301","[""Organization"",""WebPage"",""WebSite"",""Organization"",""BreadcrumbList"",""ListItem"",""ListItem"",""ListItem"",""ListItem"",""Product"",""Brand"",""Review"",""Organization"",""Organization"",""Rating"",""ItemList"",""ListItem"",""ListItem"",""ListItem"",""ListItem"",""ListItem"",""ItemList"",""ListItem"",""ListItem"",""ListItem"",""ListItem"",""ListItem""]","fdeb4aebd681eff1e7b528e1816a15f47407e4c97ed39596c5734ad4df6c2a88"
"https://pfotentechnik.de/produkt/sureflap-mikrochip-katzenklappe-connect/","UNAVAILABLE_PERFORMANCE_IS_NOT_INDEX_COVERAGE","0","0","2","0","product","katzenklappen","2026-08-04","2026-08-26","55","2","8","8","NORMAL","true","true","2026-08-26T00:00:00.000Z","1188","[""Organization"",""WebPage"",""WebSite"",""Organization"",""BreadcrumbList"",""ListItem"",""ListItem"",""ListItem"",""ListItem"",""Product"",""Brand"",""Offer"",""Organization"",""Review"",""Organization"",""Organization"",""Rating"",""ItemList"",""ListItem"",""ListItem"",""ListItem"",""ListItem"",""ListItem"",""ItemList"",""ListItem"",""ListItem"",""ListItem"",""ListItem"",""ListItem""]","2c8d1282400b390d129b62773b904b860c77c74dcaa490d2cbadfe23f801f0f9"
"https://pfotentechnik.de/produkt/tractive-cat-6-mini/","UNAVAILABLE_PERFORMANCE_IS_NOT_INDEX_COVERAGE","4","0","3","0","product","gps-tracker","2026-07-20","2026-08-24","70","2","7","6","STRONG","true","true","2026-08-24T00:00:00.000Z","1460","[""Organization"",""WebPage"",""WebSite"",""Organization"",""BreadcrumbList"",""ListItem"",""ListItem"",""ListItem"",""ListItem"",""Product"",""Brand"",""Offer"",""Organization"",""Review"",""Organization"",""Organization"",""Rating"",""ItemList"",""ListItem"",""ListItem"",""ListItem"",""ListItem"",""ListItem"",""ItemList"",""ListItem"",""ListItem"",""ListItem"",""ListItem"",""ListItem""]","b1cba4979f2e96b958e79566aeb88e6f308494f532beebf1c236d3a38eb177d7"
"https://pfotentechnik.de/produkt/tractive-dog-6/","UNAVAILABLE_PERFORMANCE_IS_NOT_INDEX_COVERAGE","0","0","2","1","product","gps-tracker","2026-07-20","2026-08-10","70","2","17","14","STRONG","true","true","2026-08-10T00:00:00.000Z","1642","[""Organization"",""WebPage"",""WebSite"",""Organization"",""BreadcrumbList"",""ListItem"",""ListItem"",""ListItem"",""ListItem"",""Product"",""Brand"",""Offer"",""Organization"",""Review"",""Organization"",""Organization"",""Rating"",""ItemList"",""ListItem"",""ListItem"",""ListItem"",""ListItem"",""ListItem"",""ItemList"",""ListItem"",""ListItem"",""ListItem"",""ListItem"",""ListItem""]","e25a16460c3ea4b290f72c63c0d684e952d4800ce2c701954d3db1bf68fa07cb"
"https://pfotentechnik.de/produkt/tractive-dog-6-xl/","UNAVAILABLE_PERFORMANCE_IS_NOT_INDEX_COVERAGE","0","0","3","0","product","gps-tracker","2026-07-20","2026-08-10","70","3","14","14","NORMAL","true","true","2026-08-10T00:00:00.000Z","1724","[""Organization"",""WebPage"",""WebSite"",""Organization"",""BreadcrumbList"",""ListItem"",""ListItem"",""ListItem"",""ListItem"",""Product"",""Brand"",""Offer"",""Organization"",""Review"",""Organization"",""Organization"",""Rating"",""ItemList"",""ListItem"",""ListItem"",""ListItem"",""ListItem"",""ListItem"",""ItemList"",""ListItem"",""ListItem"",""ListItem"",""ListItem"",""ListItem""]","ddf459685bc0f05ccf34343b29a64e06b456be55f8fcf95b768b6fd6d01032b6"
"https://pfotentechnik.de/produkt/weenect-xs/","UNAVAILABLE_PERFORMANCE_IS_NOT_INDEX_COVERAGE","1","0","5","0","product","gps-tracker","2026-07-20","2026-08-19","70","2","15","14","NORMAL","true","true","2026-08-19T00:00:00.000Z","1772","[""Organization"",""WebPage"",""WebSite"",""Organization"",""BreadcrumbList"",""ListItem"",""ListItem"",""ListItem"",""ListItem"",""Product"",""Brand"",""Offer"",""Organization"",""Review"",""Organization"",""Organization"",""Rating"",""ItemList"",""ListItem"",""ListItem"",""ListItem"",""ListItem"",""ListItem"",""ItemList"",""ListItem"",""ListItem"",""ListItem"",""ListItem"",""ListItem""]","94315ce38af7271d9843529a8f94f56302d894816ea38335bcc252cd01b3be3b"
"https://pfotentechnik.de/produkt/weenect-xt/","UNAVAILABLE_PERFORMANCE_IS_NOT_INDEX_COVERAGE","1","0","1","0","product","gps-tracker","2026-07-20","2026-07-26","70","3","5","5","NORMAL","true","true","2026-07-26T00:00:00.000Z","1840","[""Organization"",""WebPage"",""WebSite"",""Organization"",""BreadcrumbList"",""ListItem"",""ListItem"",""ListItem"",""ListItem"",""Product"",""Brand"",""Offer"",""Organization"",""Review"",""Organization"",""Organization"",""Rating"",""ItemList"",""ListItem"",""ListItem"",""ListItem"",""ListItem"",""ListItem"",""ItemList"",""ListItem"",""ListItem"",""ListItem"",""ListItem"",""ListItem""]","e4df8f24d858b3ff96d7b0fc74ba6b23e2c7b626e3700c92d35b2cf01c4bf9cb"
"https://pfotentechnik.de/produkt/wopet-cube-air-ca10/","UNAVAILABLE_PERFORMANCE_IS_NOT_INDEX_COVERAGE","0","0","0","0","product","futterautomaten","2026-07-12","2026-07-12","78","3","2","2","NORMAL","true","true","2026-07-12T00:00:00.000Z","920","[""Organization"",""WebPage"",""WebSite"",""Organization"",""BreadcrumbList"",""ListItem"",""ListItem"",""ListItem"",""ListItem"",""Product"",""Brand"",""Review"",""Organization"",""Organization"",""Rating"",""ItemList"",""ListItem"",""ListItem"",""ListItem"",""ItemList"",""ListItem"",""ListItem"",""ListItem""]","9a640c14715ab863d024ee0446430582a589a1d405a6560513a07b5df5570457"
"https://pfotentechnik.de/produkt/wopet-heritage-view-camera-feeder/","UNAVAILABLE_PERFORMANCE_IS_NOT_INDEX_COVERAGE","0","0","0","0","product","futterautomaten","2026-07-12","2026-07-12","78","3","2","2","NORMAL","true","true","2026-07-12T00:00:00.000Z","882","[""Organization"",""WebPage"",""WebSite"",""Organization"",""BreadcrumbList"",""ListItem"",""ListItem"",""ListItem"",""ListItem"",""Product"",""Brand"",""Review"",""Organization"",""Organization"",""Rating"",""ItemList"",""ListItem"",""ListItem"",""ListItem"",""ItemList"",""ListItem"",""ListItem"",""ListItem""]","a20e42f440fa9d1e105b519b34a8848c7eec6509b403d94cda21c0acac33e2ac"
"https://pfotentechnik.de/produkt/wopet-patrol-f07-pro/","UNAVAILABLE_PERFORMANCE_IS_NOT_INDEX_COVERAGE","0","0","0","0","product","futterautomaten","2026-07-12","2026-07-16","78","2","3","3","NORMAL","true","true","2026-07-16T00:00:00.000Z","1055","[""Organization"",""WebPage"",""WebSite"",""Organization"",""BreadcrumbList"",""ListItem"",""ListItem"",""ListItem"",""ListItem"",""Product"",""Brand"",""Review"",""Organization"",""Organization"",""Rating"",""ItemList"",""ListItem"",""ListItem"",""ListItem"",""ListItem"",""ListItem"",""ItemList"",""ListItem"",""ListItem"",""ListItem"",""ListItem""]","b864efc39f6bb7b7efc7c7fb74fcb51f7fd9a9d0b0b9b8eec876394bcce32f6e"
"https://pfotentechnik.de/produkt/wopet-pioneer-f01-plus/","UNAVAILABLE_PERFORMANCE_IS_NOT_INDEX_COVERAGE","0","0","0","0","product","futterautomaten","2026-07-12","2026-07-12","78","3","1","1","NEAR_ORPHAN","true","true","2026-07-12T00:00:00.000Z","905","[""Organization"",""WebPage"",""WebSite"",""Organization"",""BreadcrumbList"",""ListItem"",""ListItem"",""ListItem"",""ListItem"",""Product"",""Brand"",""Review"",""Organization"",""Organization"",""Rating"",""ItemList"",""ListItem"",""ListItem"",""ListItem"",""ItemList"",""ListItem"",""ListItem"",""ListItem""]","2fc1dacfb46228a8fbecfd6a3fb1ab6dcfeff282ac703860a8f4b3ebcc6501f2"
"https://pfotentechnik.de/produkt/xiaomi-smart-pet-food-feeder-2/","UNAVAILABLE_PERFORMANCE_IS_NOT_INDEX_COVERAGE","0","0","0","0","product","futterautomaten","2026-07-12","2026-08-10","78","2","29","22","NORMAL","true","true","2026-08-10T00:00:00.000Z","1109","[""Organization"",""WebPage"",""WebSite"",""Organization"",""BreadcrumbList"",""ListItem"",""ListItem"",""ListItem"",""ListItem"",""Product"",""Brand"",""Offer"",""Organization"",""Review"",""Organization"",""Organization"",""Rating"",""ItemList"",""ListItem"",""ListItem"",""ListItem"",""ListItem"",""ListItem"",""ItemList"",""ListItem"",""ListItem"",""ListItem"",""ListItem""]","71da92e89985afe003c90741f9babaaa5f6d57f6d2094f2e9115d33372187ffd"
"https://pfotentechnik.de/produkt/xiaomi-smart-pet-fountain-2/","UNAVAILABLE_PERFORMANCE_IS_NOT_INDEX_COVERAGE","1","0","0","0","product","trinkbrunnen","2026-07-13","2026-08-10","77","3","27","27","NORMAL","true","true","2026-08-10T00:00:00.000Z","1167","[""Organization"",""WebPage"",""WebSite"",""Organization"",""BreadcrumbList"",""ListItem"",""ListItem"",""ListItem"",""ListItem"",""Product"",""Brand"",""Offer"",""Organization"",""Review"",""Organization"",""Organization"",""Rating"",""ItemList"",""ListItem"",""ListItem"",""ListItem"",""ListItem"",""ListItem"",""ItemList"",""ListItem"",""ListItem"",""ListItem"",""ListItem""]","632e1a38ec5aa1372183f8373c48bf5810965c853a691b5fbe3ad0fb729dd451"
"https://pfotentechnik.de/produkt/zeromouse-2-0/","UNAVAILABLE_PERFORMANCE_IS_NOT_INDEX_COVERAGE","0","0","5","0","product","katzenklappen","2026-07-26","2026-08-16","64","2","12","12","STRONG","true","true","2026-08-16T00:00:00.000Z","1350","[""Organization"",""WebPage"",""WebSite"",""Organization"",""BreadcrumbList"",""ListItem"",""ListItem"",""ListItem"",""ListItem"",""Product"",""Brand"",""Offer"",""Organization"",""Review"",""Organization"",""Organization"",""Rating"",""ItemList"",""ListItem"",""ListItem"",""ListItem"",""ListItem"",""ListItem"",""ItemList"",""ListItem"",""ListItem"",""ListItem"",""ListItem"",""ListItem""]","5a7dbcc3f631a8aef3a3414a05878e52524b010072c0e2fdcfc3ae28ece82828"
"https://pfotentechnik.de/pumpe-katzentrinkbrunnen-reinigen/","UNAVAILABLE_PERFORMANCE_IS_NOT_INDEX_COVERAGE","0","0","1","1","problem-solving-guide","trinkbrunnen","2026-07-13","2026-08-19","77","2","11","9","NORMAL","true","true","2026-08-19T00:00:00.000Z","1015","[""Organization"",""Article"",""Organization"",""Organization"",""ImageObject"",""BreadcrumbList"",""ListItem"",""ListItem"",""ListItem"",""FAQPage"",""Question"",""Answer"",""Question"",""Answer""]","cfb6b60eea6cdbb7c1f86c727e5d80a6387be9a025b9091281f1a55578d781de"
"https://pfotentechnik.de/redaktion/","UNAVAILABLE_PERFORMANCE_IS_NOT_INDEX_COVERAGE","0","0","0","0","editorial-page","smarte-haustiertechnik","","","null","1","259","139","NORMAL","true","true","","394","[""Organization"",""WebPage"",""WebSite""]","0685f6d926839920ad8ff85fba3fd8366f925403f4b9ac964a8ac46e3b2e02ab"
"https://pfotentechnik.de/reichweite-von-gps-trackern/","UNAVAILABLE_PERFORMANCE_IS_NOT_INDEX_COVERAGE","0","0","0","0","guide","gps-tracker","2026-07-20","2026-07-20","70","2","6","5","NORMAL","true","true","2026-07-20T00:00:00.000Z","600","[""Organization"",""Article"",""Organization"",""Organization"",""ImageObject"",""BreadcrumbList"",""ListItem"",""ListItem"",""ListItem"",""FAQPage"",""Question"",""Answer"",""Question"",""Answer"",""Question"",""Answer"",""Question"",""Answer"",""Question"",""Answer"",""Question"",""Answer""]","e8f67f63beabc211e64307cf0457c3e54f6b1ea2e0e1f02c0b1297b5ffb5f012"
"https://pfotentechnik.de/seniorenhunde-richtig-versorgen/","UNAVAILABLE_PERFORMANCE_IS_NOT_INDEX_COVERAGE","0","0","0","0","problem-solving-guide","hundegesundheit","2026-07-12","2026-07-31","78","2","1","1","NEAR_ORPHAN","true","true","2026-07-31T00:00:00.000Z","2874","[""Organization"",""Article"",""Organization"",""Organization"",""ImageObject"",""BreadcrumbList"",""ListItem"",""ListItem"",""ListItem"",""FAQPage"",""Question"",""Answer"",""Question"",""Answer"",""Question"",""Answer"",""Question"",""Answer"",""Question"",""Answer"",""Question"",""Answer"",""Question"",""Answer"",""Question"",""Answer"",""Question"",""Answer"",""Question"",""Answer"",""Question"",""Answer"",""Question"",""Answer""]","15bb9207317675b2b9342b488b35dcf68085d50d6e2e31c43913e442fa753af1"
"https://pfotentechnik.de/smarte-futterautomaten/","UNAVAILABLE_PERFORMANCE_IS_NOT_INDEX_COVERAGE","6","0","0","0","category-hub","futterautomaten","2026-07-08","2026-08-06","82","1","259","114","NORMAL","true","true","2026-08-06T00:00:00.000Z","1044","[""Organization"",""Article"",""Organization"",""Organization"",""ImageObject"",""BreadcrumbList"",""ListItem"",""ListItem"",""ListItem"",""FAQPage"",""Question"",""Answer"",""Question"",""Answer"",""Question"",""Answer"",""Question"",""Answer"",""Question"",""Answer"",""Question"",""Answer"",""Question"",""Answer"",""Question"",""Answer"",""Question"",""Answer"",""Question"",""Answer"",""Question"",""Answer"",""Question"",""Answer"",""Question"",""Answer"",""Question"",""Answer"",""Question"",""Answer""]","26c4c16005a23d3e2ff5758e72981715f963641fa2ad7afa71742ca4ab6070dc"
"https://pfotentechnik.de/smarte-gadgets-fuer-hunde-und-katzen/","UNAVAILABLE_PERFORMANCE_IS_NOT_INDEX_COVERAGE","0","0","0","0","editorial-page","smarte-haustiertechnik","2026-07-08","2026-07-20","82","2","2","1","WEAK","true","true","2026-07-20T00:00:00.000Z","504","[""Organization"",""Article"",""Organization"",""Organization"",""ImageObject"",""BreadcrumbList"",""ListItem"",""ListItem"",""ListItem""]","fc7c156c318a15bdfb148eea4ed1e1c075f4b99e52b795aabcf826c20b6ced41"
"https://pfotentechnik.de/smarte-haustiertechnik/","UNAVAILABLE_PERFORMANCE_IS_NOT_INDEX_COVERAGE","1","0","0","0","category-hub","smarte-haustiertechnik","2026-07-20","2026-07-20","70","1","259","25","NORMAL","true","true","2026-07-20T00:00:00.000Z","2980","[""Organization"",""Article"",""Organization"",""Organization"",""ImageObject"",""BreadcrumbList"",""ListItem"",""ListItem"",""ListItem"",""FAQPage"",""Question"",""Answer"",""Question"",""Answer"",""Question"",""Answer"",""Question"",""Answer"",""Question"",""Answer"",""Question"",""Answer"",""Question"",""Answer"",""Question"",""Answer"",""Question"",""Answer"",""Question"",""Answer"",""Question"",""Answer"",""Question"",""Answer""]","4501b88e4587a2da944be72246b6c062d7d7bba4925c0ec1b92a9a92a709e28b"
"https://pfotentechnik.de/so-bewerten-wir/","UNAVAILABLE_PERFORMANCE_IS_NOT_INDEX_COVERAGE","0","0","0","0","guide","futterautomaten","2026-07-13","2026-07-30","77","1","259","24","STRONG","true","true","2026-07-30T00:00:00.000Z","1501","[""Organization"",""Article"",""Organization"",""Organization"",""ImageObject"",""BreadcrumbList"",""ListItem"",""ListItem"",""ListItem"",""FAQPage"",""Question"",""Answer"",""Question"",""Answer"",""Question"",""Answer""]","dd5d0fd590d595d750f3a60b5ee6bd9d6cd33544f3940b6a526c58cf3de07ffa"
"https://pfotentechnik.de/trinkbrunnen/","UNAVAILABLE_PERFORMANCE_IS_NOT_INDEX_COVERAGE","3","0","0","0","category-hub","trinkbrunnen","2026-07-13","2026-08-17","77","1","259","64","NORMAL","true","true","2026-08-17T00:00:00.000Z","1047","[""Organization"",""Article"",""Organization"",""Organization"",""ImageObject"",""BreadcrumbList"",""ListItem"",""ListItem"",""ListItem"",""FAQPage"",""Question"",""Answer"",""Question"",""Answer"",""Question"",""Answer"",""Question"",""Answer"",""Question"",""Answer"",""Question"",""Answer"",""Question"",""Answer"",""Question"",""Answer""]","e767c71727d51e001b8766614a44b83747089aa831e7b7753a46851fd2a3ace1"
"https://pfotentechnik.de/trinkbrunnen-fuer-katzen-sinnvoll/","UNAVAILABLE_PERFORMANCE_IS_NOT_INDEX_COVERAGE","0","0","2","0","decision-guide","trinkbrunnen","2026-07-13","2026-07-14","77","2","14","14","NORMAL","true","true","2026-07-14T00:00:00.000Z","2655","[""Organization"",""Article"",""Organization"",""Organization"",""ImageObject"",""BreadcrumbList"",""ListItem"",""ListItem"",""ListItem"",""FAQPage"",""Question"",""Answer"",""Question"",""Answer"",""Question"",""Answer"",""Question"",""Answer"",""Question"",""Answer""]","df889580e51d86e204395502f3123d1c1c9b5542ab927ebbf1cb04f756757bb6"
"https://pfotentechnik.de/trinkbrunnen-fuer-kitten-sicher/","UNAVAILABLE_PERFORMANCE_IS_NOT_INDEX_COVERAGE","0","0","0","0","guide","trinkbrunnen","2026-07-13","2026-08-19","77","2","3","2","STRONG","true","true","2026-08-19T00:00:00.000Z","1053","[""Organization"",""Article"",""Organization"",""Organization"",""ImageObject"",""BreadcrumbList"",""ListItem"",""ListItem"",""ListItem"",""FAQPage"",""Question"",""Answer"",""Question"",""Answer""]","8416d486e998dc2a96ef36f130150a6f6971d2b15aa533926fed6d3a3bd3b0ed"
"https://pfotentechnik.de/trinkbrunnen-fuer-mehrere-katzen/","UNAVAILABLE_PERFORMANCE_IS_NOT_INDEX_COVERAGE","0","0","1","0","problem-solving-guide","trinkbrunnen","2026-07-13","2026-07-25","77","2","32","31","NORMAL","true","true","2026-07-25T00:00:00.000Z","886","[""Organization"",""Article"",""Organization"",""Organization"",""ImageObject"",""BreadcrumbList"",""ListItem"",""ListItem"",""ListItem"",""FAQPage"",""Question"",""Answer"",""Question"",""Answer""]","8fe387edace70c7effaa5b70b6d1fdf76ebcb28c27786d614a27b16ce6bb5a3d"
"https://pfotentechnik.de/trinkbrunnen-hund/","UNAVAILABLE_PERFORMANCE_IS_NOT_INDEX_COVERAGE","0","0","1","0","decision-guide","trinkbrunnen","2026-07-19","2026-07-19","71","2","9","9","NORMAL","true","true","2026-07-19T00:00:00.000Z","1411","[""Organization"",""Article"",""Organization"",""Organization"",""ImageObject"",""BreadcrumbList"",""ListItem"",""ListItem"",""ListItem"",""FAQPage"",""Question"",""Answer"",""Question"",""Answer"",""Question"",""Answer"",""Question"",""Answer"",""Question"",""Answer"",""Question"",""Answer"",""Question"",""Answer"",""Question"",""Answer"",""Question"",""Answer"",""Question"",""Answer"",""Question"",""Answer"",""Question"",""Answer""]","7bb9b79cc2175eca04420e8dee8baa496045ba51d3dbf3f8772e60b8794a029e"
"https://pfotentechnik.de/trinkbrunnen-seniorenkatzen/","UNAVAILABLE_PERFORMANCE_IS_NOT_INDEX_COVERAGE","0","0","0","0","guide","trinkbrunnen","2026-07-13","2026-07-23","77","2","5","5","NORMAL","true","true","2026-07-23T00:00:00.000Z","892","[""Organization"",""Article"",""Organization"",""Organization"",""ImageObject"",""BreadcrumbList"",""ListItem"",""ListItem"",""ListItem"",""FAQPage"",""Question"",""Answer"",""Question"",""Answer""]","fd220c85f2499b26264ebfdaae5c85d32cb94bccd59df68a66a6656257dc2750"
"https://pfotentechnik.de/trinkmenge-hund-messen/","UNAVAILABLE_PERFORMANCE_IS_NOT_INDEX_COVERAGE","0","0","0","0","problem-solving-guide","trinkbrunnen","2026-07-19","2026-07-19","71","2","6","4","NORMAL","true","true","2026-07-19T00:00:00.000Z","1313","[""Organization"",""Article"",""Organization"",""Organization"",""ImageObject"",""BreadcrumbList"",""ListItem"",""ListItem"",""ListItem"",""FAQPage"",""Question"",""Answer"",""Question"",""Answer"",""Question"",""Answer"",""Question"",""Answer"",""Question"",""Answer"",""Question"",""Answer"",""Question"",""Answer"",""Question"",""Answer"",""Question"",""Answer"",""Question"",""Answer"",""Question"",""Answer"",""Question"",""Answer""]","fc796c76356ddf0b4988a4a92118a8d0014f917207f2ecfc9822e8e8006fb828"
"https://pfotentechnik.de/trinkmenge-katze-messen/","UNAVAILABLE_PERFORMANCE_IS_NOT_INDEX_COVERAGE","0","0","0","0","guide","trinkbrunnen","2026-07-13","2026-07-13","77","2","8","6","NORMAL","true","true","2026-07-13T00:00:00.000Z","674","[""Organization"",""Article"",""Organization"",""Organization"",""ImageObject"",""BreadcrumbList"",""ListItem"",""ListItem"",""ListItem"",""FAQPage"",""Question"",""Answer"",""Question"",""Answer""]","e244409c1d28e6947070bf841970c7f8beecca12720c54a32c3d83d8010e53ae"
"https://pfotentechnik.de/trockenfutter-oder-nassfutter-hund/","UNAVAILABLE_PERFORMANCE_IS_NOT_INDEX_COVERAGE","0","0","0","0","decision-guide","hundeernaehrung","2026-07-28","2026-07-28","62","2","11","11","NORMAL","true","true","2026-07-28T00:00:00.000Z","4066","[""Organization"",""Article"",""Organization"",""Organization"",""ImageObject"",""BreadcrumbList"",""ListItem"",""ListItem"",""ListItem"",""FAQPage"",""Question"",""Answer"",""Question"",""Answer"",""Question"",""Answer"",""Question"",""Answer"",""Question"",""Answer"",""Question"",""Answer"",""Question"",""Answer"",""Question"",""Answer"",""Question"",""Answer"",""Question"",""Answer"",""Question"",""Answer"",""Question"",""Answer"",""Question"",""Answer"",""Question"",""Answer"",""Question"",""Answer"",""Question"",""Answer""]","752e6703678d886fcefe121b0268f60d49154b16ffe822d37baf9c557b02e475"
"https://pfotentechnik.de/trockenfutter-oder-nassfutter-katze/","UNAVAILABLE_PERFORMANCE_IS_NOT_INDEX_COVERAGE","0","0","1","0","decision-guide","futterautomaten","2026-07-15","2026-07-19","75","2","5","5","NORMAL","true","true","2026-07-19T00:00:00.000Z","4179","[""Organization"",""Article"",""Organization"",""Organization"",""ImageObject"",""BreadcrumbList"",""ListItem"",""ListItem"",""ListItem"",""FAQPage"",""Question"",""Answer"",""Question"",""Answer"",""Question"",""Answer"",""Question"",""Answer"",""Question"",""Answer""]","a1f6a253786bff76a351fe2f794ae06011ec43547a3a33cb39ae2ae65064d007"
"https://pfotentechnik.de/uebergewicht-bei-katzen-vermeiden/","UNAVAILABLE_PERFORMANCE_IS_NOT_INDEX_COVERAGE","0","0","0","0","guide","futterautomaten","2026-07-12","2026-07-24","78","2","4","4","NORMAL","true","true","2026-07-24T00:00:00.000Z","3255","[""Organization"",""Article"",""Organization"",""Organization"",""ImageObject"",""BreadcrumbList"",""ListItem"",""ListItem"",""ListItem"",""FAQPage"",""Question"",""Answer"",""Question"",""Answer"",""Question"",""Answer"",""Question"",""Answer"",""Question"",""Answer"",""Question"",""Answer"",""Question"",""Answer"",""Question"",""Answer"",""Question"",""Answer"",""Question"",""Answer"",""Question"",""Answer"",""Question"",""Answer""]","ea8c23b865dd80486491e9da6876e3ff96e1dbea62969e72c47866b6afcdfa91"
"https://pfotentechnik.de/vergleiche/beste-automatische-katzentoiletten/","UNAVAILABLE_PERFORMANCE_IS_NOT_INDEX_COVERAGE","0","0","0","0","comparison","automatische-katzentoiletten","2026-08-06","2026-08-21","53","2","20","19","STRONG","true","true","2026-08-21T00:00:00.000Z","3585","[""Organization"",""WebPage"",""WebSite"",""Organization"",""BreadcrumbList"",""ListItem"",""ListItem"",""ListItem"",""FAQPage"",""Question"",""Answer"",""Question"",""Answer"",""Question"",""Answer"",""Question"",""Answer"",""Question"",""Answer"",""ItemList"",""ListItem"",""ListItem"",""ListItem"",""ListItem"",""ListItem"",""ListItem"",""ListItem"",""ListItem"",""ListItem"",""ListItem"",""ListItem""]","9e8bf97a48cdfe216d2b11b782f524f9ff42cc70d4dd4ac8dad147d2d5cc552d"
"https://pfotentechnik.de/vergleiche/beste-futterautomaten-fuer-berufstaetige/","UNAVAILABLE_PERFORMANCE_IS_NOT_INDEX_COVERAGE","0","0","0","0","comparison","futterautomaten","2026-07-09","2026-07-30","81","2","7","4","NORMAL","true","true","2026-07-30T00:00:00.000Z","1795","[""Organization"",""WebPage"",""WebSite"",""Organization"",""BreadcrumbList"",""ListItem"",""ListItem"",""ListItem"",""FAQPage"",""Question"",""Answer"",""Question"",""Answer"",""Question"",""Answer"",""Question"",""Answer"",""Question"",""Answer"",""Question"",""Answer"",""Question"",""Answer"",""Question"",""Answer"",""ItemList"",""ListItem"",""ListItem"",""ListItem""]","7907e5c0f2af1cdc62d9cb5a6f943dab2f46ca7995bdb61aa32e6624589b31e0"
"https://pfotentechnik.de/vergleiche/beste-futterautomaten-fuer-hunde/","UNAVAILABLE_PERFORMANCE_IS_NOT_INDEX_COVERAGE","0","0","1","0","comparison","futterautomaten","2026-07-09","2026-07-30","81","2","23","16","STRONG","true","true","2026-07-30T00:00:00.000Z","4021","[""Organization"",""WebPage"",""WebSite"",""Organization"",""BreadcrumbList"",""ListItem"",""ListItem"",""ListItem"",""FAQPage"",""Question"",""Answer"",""Question"",""Answer"",""Question"",""Answer"",""Question"",""Answer"",""Question"",""Answer"",""Question"",""Answer"",""Question"",""Answer"",""Question"",""Answer"",""Question"",""Answer"",""Question"",""Answer"",""Question"",""Answer"",""Question"",""Answer"",""Question"",""Answer"",""Question"",""Answer"",""Question"",""Answer"",""Question"",""Answer"",""Question"",""Answer"",""Question"",""Answer"",""ItemList"",""ListItem"",""ListItem"",""ListItem"",""ListItem"",""ListItem"",""ListItem"",""ListItem"",""ListItem"",""ListItem"",""ListItem"",""ListItem"",""ListItem"",""ListItem"",""ListItem"",""ListItem"",""ListItem""]","f77c6301dd01bfa0016d25ca97db6af503e71a9862b67ee0e19f009f244d4649"
"https://pfotentechnik.de/vergleiche/beste-futterautomaten-fuer-katzen/","UNAVAILABLE_PERFORMANCE_IS_NOT_INDEX_COVERAGE","1","0","1","0","comparison","futterautomaten","2026-07-09","2026-07-30","81","1","45","44","STRONG","true","true","2026-07-30T00:00:00.000Z","5148","[""Organization"",""WebPage"",""WebSite"",""Organization"",""BreadcrumbList"",""ListItem"",""ListItem"",""ListItem"",""FAQPage"",""Question"",""Answer"",""Question"",""Answer"",""Question"",""Answer"",""Question"",""Answer"",""Question"",""Answer"",""Question"",""Answer"",""Question"",""Answer"",""Question"",""Answer"",""Question"",""Answer"",""Question"",""Answer"",""Question"",""Answer"",""Question"",""Answer"",""Question"",""Answer"",""Question"",""Answer"",""Question"",""Answer"",""Question"",""Answer"",""Question"",""Answer"",""Question"",""Answer"",""Question"",""Answer"",""Question"",""Answer"",""ItemList"",""ListItem"",""ListItem"",""ListItem"",""ListItem"",""ListItem"",""ListItem"",""ListItem"",""ListItem"",""ListItem"",""ListItem"",""ListItem"",""ListItem"",""ListItem"",""ListItem"",""ListItem"",""ListItem"",""ListItem"",""ListItem"",""ListItem"",""ListItem"",""ListItem"",""ListItem"",""ListItem"",""ListItem"",""ListItem"",""ListItem"",""ListItem""]","c72f012f9d6b9091c9c3d135a1f5946cbfe97b6bb747753086d160856c17ee44"
"https://pfotentechnik.de/vergleiche/beste-futterautomaten-fuer-kleine-hunde/","UNAVAILABLE_PERFORMANCE_IS_NOT_INDEX_COVERAGE","0","0","0","0","comparison","futterautomaten","2026-07-09","2026-07-30","81","2","33","24","NORMAL","true","true","2026-07-30T00:00:00.000Z","1979","[""Organization"",""WebPage"",""WebSite"",""Organization"",""BreadcrumbList"",""ListItem"",""ListItem"",""ListItem"",""FAQPage"",""Question"",""Answer"",""Question"",""Answer"",""Question"",""Answer"",""Question"",""Answer"",""Question"",""Answer"",""Question"",""Answer"",""Question"",""Answer"",""Question"",""Answer"",""ItemList"",""ListItem"",""ListItem"",""ListItem""]","314b56cdf7d2bb183f7190eb2939b9e5799e60fd6f72d5266d091fae35750d7f"
"https://pfotentechnik.de/vergleiche/beste-futterautomaten-fuer-mehrtierhaushalte/","UNAVAILABLE_PERFORMANCE_IS_NOT_INDEX_COVERAGE","0","0","0","0","comparison","futterautomaten","2026-07-09","2026-07-30","81","2","6","5","NORMAL","true","true","2026-07-30T00:00:00.000Z","2593","[""Organization"",""WebPage"",""WebSite"",""Organization"",""BreadcrumbList"",""ListItem"",""ListItem"",""ListItem"",""FAQPage"",""Question"",""Answer"",""Question"",""Answer"",""Question"",""Answer"",""Question"",""Answer"",""Question"",""Answer"",""Question"",""Answer"",""Question"",""Answer"",""Question"",""Answer"",""Question"",""Answer"",""Question"",""Answer"",""ItemList"",""ListItem"",""ListItem"",""ListItem""]","5e2400ad3a2324ad669510e3d12bcce3826e70619eb9fc1fe34c95666c497116"
"https://pfotentechnik.de/vergleiche/beste-futterautomaten-fuer-nassfutter/","UNAVAILABLE_PERFORMANCE_IS_NOT_INDEX_COVERAGE","0","0","0","0","comparison","futterautomaten","2026-07-10","2026-08-26","80","1","24","23","STRONG","true","true","2026-08-26T00:00:00.000Z","5399","[""Organization"",""WebPage"",""WebSite"",""Organization"",""BreadcrumbList"",""ListItem"",""ListItem"",""ListItem"",""FAQPage"",""Question"",""Answer"",""Question"",""Answer"",""Question"",""Answer"",""Question"",""Answer"",""Question"",""Answer"",""Question"",""Answer"",""Question"",""Answer"",""Question"",""Answer"",""Question"",""Answer"",""Question"",""Answer"",""Question"",""Answer"",""Question"",""Answer"",""Question"",""Answer"",""Question"",""Answer"",""Question"",""Answer"",""Question"",""Answer"",""Question"",""Answer"",""Question"",""Answer"",""Question"",""Answer"",""Question"",""Answer"",""Question"",""Answer"",""Question"",""Answer"",""Question"",""Answer"",""Question"",""Answer"",""Question"",""Answer"",""Question"",""Answer"",""Question"",""Answer"",""ItemList"",""ListItem"",""ListItem"",""ListItem"",""ListItem"",""ListItem"",""ListItem""]","595a6405882533f1d8d26d7d56b3bcaa91da38e01f3b20eaddff5345e78bc2fc"
"https://pfotentechnik.de/vergleiche/beste-futterautomaten-fuer-seniorenkatzen/","UNAVAILABLE_PERFORMANCE_IS_NOT_INDEX_COVERAGE","0","0","0","0","comparison","futterautomaten","2026-07-09","2026-07-30","81","2","13","8","NORMAL","true","true","2026-07-30T00:00:00.000Z","1751","[""Organization"",""WebPage"",""WebSite"",""Organization"",""BreadcrumbList"",""ListItem"",""ListItem"",""ListItem"",""FAQPage"",""Question"",""Answer"",""Question"",""Answer"",""Question"",""Answer"",""Question"",""Answer"",""Question"",""Answer"",""Question"",""Answer"",""Question"",""Answer"",""Question"",""Answer"",""ItemList"",""ListItem"",""ListItem"",""ListItem""]","5272bbe962baa13627bae317d58d2aa41553372ea8bf628d83047086b0e81edb"
"https://pfotentechnik.de/vergleiche/beste-futterautomaten-fuer-welpen/","UNAVAILABLE_PERFORMANCE_IS_NOT_INDEX_COVERAGE","0","0","0","0","comparison","futterautomaten","2026-07-09","2026-07-30","81","2","12","8","NORMAL","true","true","2026-07-30T00:00:00.000Z","4469","[""Organization"",""WebPage"",""WebSite"",""Organization"",""BreadcrumbList"",""ListItem"",""ListItem"",""ListItem"",""FAQPage"",""Question"",""Answer"",""Question"",""Answer"",""Question"",""Answer"",""Question"",""Answer"",""Question"",""Answer"",""Question"",""Answer"",""Question"",""Answer"",""Question"",""Answer"",""Question"",""Answer"",""Question"",""Answer"",""Question"",""Answer"",""Question"",""Answer"",""Question"",""Answer"",""Question"",""Answer"",""Question"",""Answer"",""Question"",""Answer"",""Question"",""Answer"",""Question"",""Answer"",""Question"",""Answer"",""Question"",""Answer"",""Question"",""Answer"",""ItemList"",""ListItem"",""ListItem"",""ListItem""]","2c1092e1c8b0f9cb4196235d23e4f0e841946993df9452c3dd72a210d6880ccb"
"https://pfotentechnik.de/vergleiche/beste-futterautomaten-fuer-zwei-katzen/","UNAVAILABLE_PERFORMANCE_IS_NOT_INDEX_COVERAGE","0","0","2","0","comparison","futterautomaten","2026-07-09","2026-07-30","81","2","15","14","STRONG","true","true","2026-07-30T00:00:00.000Z","5932","[""Organization"",""WebPage"",""WebSite"",""Organization"",""BreadcrumbList"",""ListItem"",""ListItem"",""ListItem"",""FAQPage"",""Question"",""Answer"",""Question"",""Answer"",""Question"",""Answer"",""Question"",""Answer"",""Question"",""Answer"",""Question"",""Answer"",""Question"",""Answer"",""Question"",""Answer"",""Question"",""Answer"",""Question"",""Answer"",""Question"",""Answer"",""Question"",""Answer"",""Question"",""Answer"",""Question"",""Answer"",""Question"",""Answer"",""Question"",""Answer"",""Question"",""Answer"",""Question"",""Answer"",""Question"",""Answer"",""Question"",""Answer"",""Question"",""Answer"",""Question"",""Answer"",""Question"",""Answer"",""Question"",""Answer"",""Question"",""Answer"",""Question"",""Answer"",""Question"",""Answer"",""Question"",""Answer"",""Question"",""Answer"",""Question"",""Answer"",""Question"",""Answer"",""Question"",""Answer"",""Question"",""Answer"",""Question"",""Answer"",""Question"",""Answer"",""ItemList"",""ListItem"",""ListItem"",""ListItem"",""ListItem""]","4ce821f95002452d17389a76eb5c35f2dac16e1ad71a72c8f4b8db1ff7ae469f"
"https://pfotentechnik.de/vergleiche/beste-futterautomaten-mit-akku/","UNAVAILABLE_PERFORMANCE_IS_NOT_INDEX_COVERAGE","0","0","0","0","comparison","futterautomaten","2026-07-09","2026-07-30","81","2","3","2","NORMAL","true","true","2026-07-30T00:00:00.000Z","1784","[""Organization"",""WebPage"",""WebSite"",""Organization"",""BreadcrumbList"",""ListItem"",""ListItem"",""ListItem"",""FAQPage"",""Question"",""Answer"",""Question"",""Answer"",""Question"",""Answer"",""Question"",""Answer"",""Question"",""Answer"",""Question"",""Answer"",""Question"",""Answer"",""Question"",""Answer"",""ItemList"",""ListItem"",""ListItem"",""ListItem""]","bbc7294bc5115349d693880dd170b563cd45b6bffa6674c581b4fa3f9678bb42"
"https://pfotentechnik.de/vergleiche/beste-futterautomaten-mit-edelstahl-napf/","UNAVAILABLE_PERFORMANCE_IS_NOT_INDEX_COVERAGE","0","0","0","0","comparison","futterautomaten","2026-07-09","2026-07-30","81","2","3","1","WEAK","true","true","2026-07-30T00:00:00.000Z","1651","[""Organization"",""WebPage"",""WebSite"",""Organization"",""BreadcrumbList"",""ListItem"",""ListItem"",""ListItem"",""FAQPage"",""Question"",""Answer"",""Question"",""Answer"",""Question"",""Answer"",""Question"",""Answer"",""Question"",""Answer"",""Question"",""Answer"",""Question"",""Answer"",""Question"",""Answer"",""ItemList"",""ListItem"",""ListItem"",""ListItem""]","e29c74cbee38b02a87a3133b2943a54a38cab55309c85cd3e528d58ee173295e"
"https://pfotentechnik.de/vergleiche/beste-futterautomaten-mit-kamera/","UNAVAILABLE_PERFORMANCE_IS_NOT_INDEX_COVERAGE","0","0","0","0","comparison","futterautomaten","2026-07-09","2026-07-30","81","2","13","11","STRONG","true","true","2026-07-30T00:00:00.000Z","3998","[""Organization"",""WebPage"",""WebSite"",""Organization"",""BreadcrumbList"",""ListItem"",""ListItem"",""ListItem"",""FAQPage"",""Question"",""Answer"",""Question"",""Answer"",""Question"",""Answer"",""Question"",""Answer"",""Question"",""Answer"",""Question"",""Answer"",""Question"",""Answer"",""Question"",""Answer"",""Question"",""Answer"",""Question"",""Answer"",""Question"",""Answer"",""Question"",""Answer"",""Question"",""Answer"",""Question"",""Answer"",""Question"",""Answer"",""Question"",""Answer"",""Question"",""Answer"",""Question"",""Answer"",""Question"",""Answer"",""Question"",""Answer"",""Question"",""Answer"",""Question"",""Answer"",""Question"",""Answer"",""ItemList"",""ListItem"",""ListItem"",""ListItem"",""ListItem"",""ListItem"",""ListItem""]","2a90db5b1d7a4bcc520a5fec81dff1322a8aede2e728ef5f58f96c762576bc0d"
"https://pfotentechnik.de/vergleiche/beste-futterautomaten-ohne-wlan/","UNAVAILABLE_PERFORMANCE_IS_NOT_INDEX_COVERAGE","0","0","0","0","comparison","futterautomaten","2026-07-09","2026-07-30","81","2","13","10","STRONG","true","true","2026-07-30T00:00:00.000Z","1870","[""Organization"",""WebPage"",""WebSite"",""Organization"",""BreadcrumbList"",""ListItem"",""ListItem"",""ListItem"",""FAQPage"",""Question"",""Answer"",""Question"",""Answer"",""Question"",""Answer"",""Question"",""Answer"",""Question"",""Answer"",""Question"",""Answer"",""Question"",""Answer"",""Question"",""Answer"",""Question"",""Answer"",""Question"",""Answer"",""Question"",""Answer"",""Question"",""Answer"",""Question"",""Answer"",""Question"",""Answer"",""Question"",""Answer"",""ItemList"",""ListItem"",""ListItem"",""ListItem"",""ListItem"",""ListItem""]","200f009af06073a70ba19dca7649a86f6dcb90e07170c2cdd784ab91b6605b3a"
"https://pfotentechnik.de/vergleiche/beste-futterautomaten-unter-100-euro/","UNAVAILABLE_PERFORMANCE_IS_NOT_INDEX_COVERAGE","0","0","0","0","comparison","futterautomaten","2026-07-09","2026-07-30","81","2","7","6","NORMAL","true","true","2026-07-30T00:00:00.000Z","1728","[""Organization"",""WebPage"",""WebSite"",""Organization"",""BreadcrumbList"",""ListItem"",""ListItem"",""ListItem"",""FAQPage"",""Question"",""Answer"",""Question"",""Answer"",""Question"",""Answer"",""Question"",""Answer"",""Question"",""Answer"",""Question"",""Answer"",""Question"",""Answer"",""Question"",""Answer"",""ItemList"",""ListItem"",""ListItem"",""ListItem""]","a8c25a27a45c079d5af4d08bc38b9e88a36d28bf9abb47ceea550a1ccf56270a"
"https://pfotentechnik.de/vergleiche/beste-gps-tracker-fuer-hunde/","UNAVAILABLE_PERFORMANCE_IS_NOT_INDEX_COVERAGE","2","0","0","0","comparison","gps-tracker","2026-07-20","2026-08-16","70","2","32","28","STRONG","true","true","2026-08-16T00:00:00.000Z","2979","[""Organization"",""WebPage"",""WebSite"",""Organization"",""BreadcrumbList"",""ListItem"",""ListItem"",""ListItem"",""FAQPage"",""Question"",""Answer"",""Question"",""Answer"",""Question"",""Answer"",""Question"",""Answer"",""Question"",""Answer"",""Question"",""Answer"",""Question"",""Answer"",""Question"",""Answer"",""Question"",""Answer"",""ItemList"",""ListItem"",""ListItem"",""ListItem"",""ListItem"",""ListItem"",""ListItem"",""ListItem"",""ListItem"",""ListItem"",""ListItem""]","c973f83e1375422ba80311c17570e62140188eedb5fbb23fdbd7767680ca9e21"
"https://pfotentechnik.de/vergleiche/beste-gps-tracker-fuer-katzen/","UNAVAILABLE_PERFORMANCE_IS_NOT_INDEX_COVERAGE","0","0","0","0","comparison","gps-tracker","2026-07-20","2026-08-15","70","1","11","10","STRONG","true","true","2026-08-15T00:00:00.000Z","2332","[""Organization"",""WebPage"",""WebSite"",""Organization"",""BreadcrumbList"",""ListItem"",""ListItem"",""ListItem"",""FAQPage"",""Question"",""Answer"",""Question"",""Answer"",""Question"",""Answer"",""Question"",""Answer"",""Question"",""Answer"",""Question"",""Answer"",""Question"",""Answer"",""Question"",""Answer"",""Question"",""Answer"",""ItemList"",""ListItem"",""ListItem"",""ListItem""]","88f431b8e7f015e44fd3d076ec90b1aa20f7bdc02d414e05a5dc4ac51ca9e508"
"https://pfotentechnik.de/vergleiche/beste-haustierkameras/","UNAVAILABLE_PERFORMANCE_IS_NOT_INDEX_COVERAGE","0","0","0","0","comparison","haustierkameras","2026-08-06","2026-08-21","53","2","15","15","STRONG","true","true","2026-08-21T00:00:00.000Z","2525","[""Organization"",""WebPage"",""WebSite"",""Organization"",""BreadcrumbList"",""ListItem"",""ListItem"",""ListItem"",""FAQPage"",""Question"",""Answer"",""Question"",""Answer"",""Question"",""Answer"",""Question"",""Answer"",""Question"",""Answer"",""ItemList"",""ListItem"",""ListItem"",""ListItem"",""ListItem"",""ListItem"",""ListItem"",""ListItem"",""ListItem""]","3688863bdf64e4628ccb0097112b6eafc5429274d784dc82657cea5aad8dcc94"
"https://pfotentechnik.de/vergleiche/beste-mikrochip-katzenklappen/","UNAVAILABLE_PERFORMANCE_IS_NOT_INDEX_COVERAGE","0","0","0","0","comparison","katzenklappen","2026-08-04","2026-08-16","55","1","28","25","STRONG","true","true","2026-08-16T00:00:00.000Z","1850","[""Organization"",""WebPage"",""WebSite"",""Organization"",""BreadcrumbList"",""ListItem"",""ListItem"",""ListItem"",""FAQPage"",""Question"",""Answer"",""Question"",""Answer"",""Question"",""Answer"",""ItemList"",""ListItem"",""ListItem"",""ListItem"",""ListItem"",""ListItem"",""ListItem"",""ListItem"",""ListItem""]","c879f5c9a38692b98816c5b40ae27227b7f9900f829c248287b10c21a4c39e93"
"https://pfotentechnik.de/vergleiche/beste-trinkbrunnen-fuer-hunde/","UNAVAILABLE_PERFORMANCE_IS_NOT_INDEX_COVERAGE","0","0","5","0","comparison","trinkbrunnen","2026-07-24","2026-08-06","66","2","21","17","STRONG","true","true","2026-08-06T00:00:00.000Z","3181","[""Organization"",""WebPage"",""WebSite"",""Organization"",""BreadcrumbList"",""ListItem"",""ListItem"",""ListItem"",""FAQPage"",""Question"",""Answer"",""Question"",""Answer"",""Question"",""Answer"",""Question"",""Answer"",""Question"",""Answer"",""Question"",""Answer"",""Question"",""Answer"",""Question"",""Answer"",""Question"",""Answer"",""Question"",""Answer"",""Question"",""Answer"",""Question"",""Answer"",""Question"",""Answer"",""Question"",""Answer"",""Question"",""Answer"",""Question"",""Answer"",""Question"",""Answer"",""ItemList"",""ListItem"",""ListItem"",""ListItem"",""ListItem"",""ListItem"",""ListItem"",""ListItem"",""ListItem"",""ListItem"",""ListItem""]","fbe9210577e9aa43f3ce22139b681c000676b206956f2ec54a226de7d0034650"
"https://pfotentechnik.de/vergleiche/beste-trinkbrunnen-fuer-katzen/","UNAVAILABLE_PERFORMANCE_IS_NOT_INDEX_COVERAGE","1","0","2","0","comparison","trinkbrunnen","2026-07-24","2026-08-16","66","2","62","46","STRONG","true","true","2026-08-16T00:00:00.000Z","3601","[""Organization"",""WebPage"",""WebSite"",""Organization"",""BreadcrumbList"",""ListItem"",""ListItem"",""ListItem"",""FAQPage"",""Question"",""Answer"",""Question"",""Answer"",""Question"",""Answer"",""Question"",""Answer"",""Question"",""Answer"",""Question"",""Answer"",""Question"",""Answer"",""Question"",""Answer"",""Question"",""Answer"",""Question"",""Answer"",""Question"",""Answer"",""Question"",""Answer"",""Question"",""Answer"",""Question"",""Answer"",""Question"",""Answer"",""Question"",""Answer"",""Question"",""Answer"",""ItemList"",""ListItem"",""ListItem"",""ListItem"",""ListItem"",""ListItem"",""ListItem"",""ListItem"",""ListItem"",""ListItem"",""ListItem"",""ListItem"",""ListItem"",""ListItem"",""ListItem"",""ListItem"",""ListItem"",""ListItem"",""ListItem"",""ListItem"",""ListItem"",""ListItem""]","4226ce7bfb4a7c62cab1a9c00cfcd2fc72e46ce3743f46e21c76d3be6dc9509a"
"https://pfotentechnik.de/vergleiche/futterautomat-fuer-grosse-hunde/","UNAVAILABLE_PERFORMANCE_IS_NOT_INDEX_COVERAGE","0","0","0","0","comparison","futterautomaten","2026-07-09","2026-07-30","81","2","6","5","NORMAL","true","true","2026-07-30T00:00:00.000Z","2350","[""Organization"",""WebPage"",""WebSite"",""Organization"",""BreadcrumbList"",""ListItem"",""ListItem"",""ListItem"",""FAQPage"",""Question"",""Answer"",""Question"",""Answer"",""Question"",""Answer"",""Question"",""Answer"",""Question"",""Answer"",""Question"",""Answer"",""Question"",""Answer"",""Question"",""Answer"",""ItemList"",""ListItem"",""ListItem"",""ListItem""]","5bdb42965a69321f9e546fefc02cadf672e9e547c80a3a5fcde625a3e5baf59a"
"https://pfotentechnik.de/vergleiche/futterautomat-gegen-schlingen/","UNAVAILABLE_PERFORMANCE_IS_NOT_INDEX_COVERAGE","0","0","0","0","comparison","futterautomaten","2026-07-09","2026-07-30","81","2","17","15","NORMAL","true","true","2026-07-30T00:00:00.000Z","1783","[""Organization"",""WebPage"",""WebSite"",""Organization"",""BreadcrumbList"",""ListItem"",""ListItem"",""ListItem"",""FAQPage"",""Question"",""Answer"",""Question"",""Answer"",""Question"",""Answer"",""Question"",""Answer"",""Question"",""Answer"",""Question"",""Answer"",""Question"",""Answer"",""Question"",""Answer"",""ItemList"",""ListItem"",""ListItem"",""ListItem""]","38d80e4aec54916858582e665d21898f89779f9a1baf70ac9e088fc6bb6a2a81"
"https://pfotentechnik.de/vergleiche/futterautomat-mit-app/","UNAVAILABLE_PERFORMANCE_IS_NOT_INDEX_COVERAGE","0","0","0","0","comparison","futterautomaten","2026-07-08","2026-07-30","82","2","16","15","NORMAL","true","true","2026-07-30T00:00:00.000Z","3308","[""Organization"",""WebPage"",""WebSite"",""Organization"",""BreadcrumbList"",""ListItem"",""ListItem"",""ListItem"",""FAQPage"",""Question"",""Answer"",""Question"",""Answer"",""Question"",""Answer"",""Question"",""Answer"",""Question"",""Answer"",""Question"",""Answer"",""Question"",""Answer"",""Question"",""Answer"",""Question"",""Answer"",""Question"",""Answer"",""Question"",""Answer"",""Question"",""Answer"",""ItemList"",""ListItem"",""ListItem"",""ListItem"",""ListItem"",""ListItem"",""ListItem""]","4e558c3580f36a292c044b23b67cd245c2c3a531a23b0228a83a6b47e8e55fd1"
"https://pfotentechnik.de/vergleiche/gps-tracker-mit-langer-akkulaufzeit/","UNAVAILABLE_PERFORMANCE_IS_NOT_INDEX_COVERAGE","0","0","0","0","comparison","gps-tracker","2026-07-20","2026-07-30","70","2","9","8","STRONG","true","true","2026-07-30T00:00:00.000Z","2285","[""Organization"",""WebPage"",""WebSite"",""Organization"",""BreadcrumbList"",""ListItem"",""ListItem"",""ListItem"",""FAQPage"",""Question"",""Answer"",""Question"",""Answer"",""Question"",""Answer"",""Question"",""Answer"",""Question"",""Answer"",""Question"",""Answer"",""Question"",""Answer"",""Question"",""Answer"",""Question"",""Answer"",""Question"",""Answer"",""ItemList"",""ListItem"",""ListItem"",""ListItem"",""ListItem"",""ListItem"",""ListItem"",""ListItem"",""ListItem""]","599163e7227f6f927fb91a4a253d3e570e9d884797e1de55abe3a38eda0d6660"
"https://pfotentechnik.de/vergleiche/gps-tracker-ohne-abo/","UNAVAILABLE_PERFORMANCE_IS_NOT_INDEX_COVERAGE","0","0","0","0","comparison","gps-tracker","2026-07-20","2026-07-30","70","2","7","6","STRONG","true","true","2026-07-30T00:00:00.000Z","1198","[""Organization"",""WebPage"",""WebSite"",""Organization"",""BreadcrumbList"",""ListItem"",""ListItem"",""ListItem"",""FAQPage"",""Question"",""Answer"",""Question"",""Answer"",""Question"",""Answer"",""Question"",""Answer"",""Question"",""Answer"",""Question"",""Answer"",""Question"",""Answer"",""Question"",""Answer"",""Question"",""Answer"",""Question"",""Answer"",""ItemList"",""ListItem"",""ListItem""]","a471b5ca6b6d8b1abbc202a1db7eebf815f74e997a9edb9d64d1f757ba7dc618"
"https://pfotentechnik.de/vergleiche/","UNAVAILABLE_PERFORMANCE_IS_NOT_INDEX_COVERAGE","0","0","0","0","comparison-index","futterautomaten","","","null","1","259","18","STRONG","true","true","","358","[""Organization"",""WebPage"",""WebSite"",""Organization"",""BreadcrumbList"",""ListItem"",""ListItem""]","02cbff28e4c59c5f318dcaa8d5c9d44639263dcf4e5e2e2398d6287d728091a4"
"https://pfotentechnik.de/vergleiche/katzenklappen-mit-app-und-beuteerkennung/","UNAVAILABLE_PERFORMANCE_IS_NOT_INDEX_COVERAGE","0","0","0","0","comparison","katzenklappen","2026-08-04","2026-09-07","55","2","8","7","STRONG","true","true","2026-09-07T00:00:00.000Z","1633","[""Organization"",""WebPage"",""WebSite"",""Organization"",""BreadcrumbList"",""ListItem"",""ListItem"",""ListItem"",""FAQPage"",""Question"",""Answer"",""Question"",""Answer"",""Question"",""Answer"",""Question"",""Answer"",""ItemList"",""ListItem"",""ListItem"",""ListItem"",""ListItem"",""ListItem""]","3396970654ae7ad95b07e591c1a95165ee0880d778040d84899207dd25174894"
"https://pfotentechnik.de/vergleiche/kleine-gps-tracker-fuer-katzen/","UNAVAILABLE_PERFORMANCE_IS_NOT_INDEX_COVERAGE","0","0","0","0","comparison","gps-tracker","2026-07-20","2026-07-30","70","2","2","1","WEAK","true","true","2026-07-30T00:00:00.000Z","1973","[""Organization"",""WebPage"",""WebSite"",""Organization"",""BreadcrumbList"",""ListItem"",""ListItem"",""ListItem"",""FAQPage"",""Question"",""Answer"",""Question"",""Answer"",""Question"",""Answer"",""Question"",""Answer"",""Question"",""Answer"",""Question"",""Answer"",""Question"",""Answer"",""Question"",""Answer"",""Question"",""Answer"",""Question"",""Answer"",""ItemList"",""ListItem"",""ListItem"",""ListItem""]","375be2ebb1a2f8b2cac58ceff24df1fc7e30b44bb3231c1a8b40c8543c5310ae"
"https://pfotentechnik.de/warum-brauchen-gps-tracker-ein-abo/","UNAVAILABLE_PERFORMANCE_IS_NOT_INDEX_COVERAGE","0","0","2","0","problem-solving-guide","gps-tracker","2026-07-20","2026-07-20","70","2","7","7","STRONG","true","true","2026-07-20T00:00:00.000Z","598","[""Organization"",""Article"",""Organization"",""Organization"",""ImageObject"",""BreadcrumbList"",""ListItem"",""ListItem"",""ListItem"",""FAQPage"",""Question"",""Answer"",""Question"",""Answer"",""Question"",""Answer"",""Question"",""Answer"",""Question"",""Answer"",""Question"",""Answer""]","a3823c6682ae491ab58308b32b0ccab60dbf8333442d14f736c5292cfb85df54"
"https://pfotentechnik.de/warum-hunde-feste-fuetterungszeiten-brauchen/","UNAVAILABLE_PERFORMANCE_IS_NOT_INDEX_COVERAGE","0","0","0","0","guide","hundeernaehrung","2026-07-12","2026-07-14","78","2","6","5","NORMAL","true","true","2026-07-14T00:00:00.000Z","1382","[""Organization"",""Article"",""Organization"",""Organization"",""ImageObject"",""BreadcrumbList"",""ListItem"",""ListItem"",""ListItem"",""FAQPage"",""Question"",""Answer"",""Question"",""Answer"",""Question"",""Answer"",""Question"",""Answer"",""Question"",""Answer"",""Question"",""Answer""]","48ca08af3f20c10c8c48866c73457e67eee03adf88de478adf9625cbed1af2a4"
"https://pfotentechnik.de/warum-katzen-fliessendes-wasser-trinken/","UNAVAILABLE_PERFORMANCE_IS_NOT_INDEX_COVERAGE","0","0","7","2","problem-solving-guide","katzengesundheit","2026-07-12","2026-07-12","78","2","12","12","NORMAL","true","true","2026-07-12T00:00:00.000Z","1071","[""Organization"",""Article"",""Organization"",""Organization"",""ImageObject"",""BreadcrumbList"",""ListItem"",""ListItem"",""ListItem"",""FAQPage"",""Question"",""Answer"",""Question"",""Answer"",""Question"",""Answer""]","a4e21050bbc8f99c757479169471c11920ba76626d28b33fc7e0b7249379aacd"
"https://pfotentechnik.de/warum-schlingt-mein-hund/","UNAVAILABLE_PERFORMANCE_IS_NOT_INDEX_COVERAGE","0","0","0","0","problem-solving-guide","futterautomaten","2026-07-12","2026-07-12","78","2","4","3","NORMAL","true","true","2026-07-12T00:00:00.000Z","733","[""Organization"",""Article"",""Organization"",""Organization"",""ImageObject"",""BreadcrumbList"",""ListItem"",""ListItem"",""ListItem"",""FAQPage"",""Question"",""Answer"",""Question"",""Answer"",""Question"",""Answer""]","abfe4f4768d895e51453161b2413d19750ef194b275d8dcd6b115ad71fb2883c"
"https://pfotentechnik.de/wasserstelle-katze-richtiger-standort/","UNAVAILABLE_PERFORMANCE_IS_NOT_INDEX_COVERAGE","0","0","0","0","guide","katzenhaltung","2026-07-13","2026-07-19","77","2","5","2","NORMAL","true","true","2026-07-19T00:00:00.000Z","706","[""Organization"",""Article"",""Organization"",""Organization"",""ImageObject"",""BreadcrumbList"",""ListItem"",""ListItem"",""ListItem"",""FAQPage"",""Question"",""Answer"",""Question"",""Answer""]","a12d1cddddc5b8cb6a054172c26e44cc2a7789f5bbc53d3960ebecea3be775da"
"https://pfotentechnik.de/welche-portionsgroesse-ist-richtig/","UNAVAILABLE_PERFORMANCE_IS_NOT_INDEX_COVERAGE","0","0","0","0","guide","futterautomaten","2026-07-12","2026-07-28","78","2","13","12","NORMAL","true","true","2026-07-28T00:00:00.000Z","3878","[""Organization"",""Article"",""Organization"",""Organization"",""ImageObject"",""BreadcrumbList"",""ListItem"",""ListItem"",""ListItem"",""FAQPage"",""Question"",""Answer"",""Question"",""Answer"",""Question"",""Answer"",""Question"",""Answer"",""Question"",""Answer"",""Question"",""Answer"",""Question"",""Answer"",""Question"",""Answer"",""Question"",""Answer"",""Question"",""Answer"",""Question"",""Answer"",""Question"",""Answer"",""Question"",""Answer"",""Question"",""Answer"",""Question"",""Answer"",""Question"",""Answer"",""Question"",""Answer"",""Question"",""Answer""]","5ff670f07fcdde26b9f5849e7f8d8ee45ee326f8522c5477efa5b628f99d9281"
"https://pfotentechnik.de/welcher-futterautomat-ist-der-richtige/","UNAVAILABLE_PERFORMANCE_IS_NOT_INDEX_COVERAGE","0","0","0","0","editorial-page","futterautomaten","2026-07-09","2026-07-25","81","2","27","22","STRONG","true","true","2026-07-25T00:00:00.000Z","1929","[""Organization"",""Article"",""Organization"",""Organization"",""ImageObject"",""BreadcrumbList"",""ListItem"",""ListItem"",""ListItem"",""FAQPage"",""Question"",""Answer"",""Question"",""Answer"",""Question"",""Answer"",""Question"",""Answer"",""Question"",""Answer"",""Question"",""Answer"",""Question"",""Answer"",""Question"",""Answer""]","eef5f55531aaf9c83380333e596eda73fbddd1551df2607d331d4baba20ee563"
"https://pfotentechnik.de/welpen-richtig-fuettern/","UNAVAILABLE_PERFORMANCE_IS_NOT_INDEX_COVERAGE","0","0","32","2","guide","hundeernaehrung","2026-07-12","2026-07-24","78","2","8","8","NORMAL","true","true","2026-07-24T00:00:00.000Z","3690","[""Organization"",""Article"",""Organization"",""Organization"",""ImageObject"",""BreadcrumbList"",""ListItem"",""ListItem"",""ListItem"",""FAQPage"",""Question"",""Answer"",""Question"",""Answer"",""Question"",""Answer"",""Question"",""Answer"",""Question"",""Answer"",""Question"",""Answer"",""Question"",""Answer"",""Question"",""Answer"",""Question"",""Answer"",""Question"",""Answer"",""Question"",""Answer"",""Question"",""Answer""]","1fd4192a75724aa4b831d1b7d612e90ab830aae347959840cec56535825e552c"
"https://pfotentechnik.de/wie-funktionieren-gps-tracker/","UNAVAILABLE_PERFORMANCE_IS_NOT_INDEX_COVERAGE","0","0","5","1","guide","gps-tracker","2026-07-20","2026-08-24","70","2","4","4","STRONG","true","true","2026-08-24T00:00:00.000Z","917","[""Organization"",""Article"",""Organization"",""Organization"",""ImageObject"",""BreadcrumbList"",""ListItem"",""ListItem"",""ListItem"",""FAQPage"",""Question"",""Answer"",""Question"",""Answer"",""Question"",""Answer"",""Question"",""Answer"",""Question"",""Answer"",""Question"",""Answer"",""Question"",""Answer""]","313ed976da866120c896acd505c8abbf1f34654d880592c71b1620534c03c836"
"https://pfotentechnik.de/wie-funktioniert-ein-futterautomat/","UNAVAILABLE_PERFORMANCE_IS_NOT_INDEX_COVERAGE","0","0","0","0","editorial-page","futterautomaten","2026-07-09","2026-07-25","81","2","7","7","NORMAL","true","true","2026-07-25T00:00:00.000Z","1192","[""Organization"",""Article"",""Organization"",""Organization"",""ImageObject"",""BreadcrumbList"",""ListItem"",""ListItem"",""ListItem"",""FAQPage"",""Question"",""Answer"",""Question"",""Answer""]","fa5187e7f0120ffb2077d780a74ac852ddcbc2ebeb4e68ca5019da4863478bbf"
"https://pfotentechnik.de/wie-genau-sind-gps-tracker/","UNAVAILABLE_PERFORMANCE_IS_NOT_INDEX_COVERAGE","0","0","0","0","guide","gps-tracker","2026-07-20","2026-07-20","70","2","7","7","STRONG","true","true","2026-07-20T00:00:00.000Z","604","[""Organization"",""Article"",""Organization"",""Organization"",""ImageObject"",""BreadcrumbList"",""ListItem"",""ListItem"",""ListItem"",""FAQPage"",""Question"",""Answer"",""Question"",""Answer"",""Question"",""Answer"",""Question"",""Answer"",""Question"",""Answer"",""Question"",""Answer""]","8e54f2491d89249d545d934faa52a276c16aa20c18e72a03f2fa3d3376b5fccf"
"https://pfotentechnik.de/wie-gross-sollte-ein-futterautomat-sein/","UNAVAILABLE_PERFORMANCE_IS_NOT_INDEX_COVERAGE","0","0","0","0","guide","futterautomaten","2026-07-12","2026-07-28","78","2","10","10","NORMAL","true","true","2026-07-28T00:00:00.000Z","4262","[""Organization"",""Article"",""Organization"",""Organization"",""ImageObject"",""BreadcrumbList"",""ListItem"",""ListItem"",""ListItem"",""FAQPage"",""Question"",""Answer"",""Question"",""Answer"",""Question"",""Answer"",""Question"",""Answer"",""Question"",""Answer"",""Question"",""Answer"",""Question"",""Answer"",""Question"",""Answer"",""Question"",""Answer"",""Question"",""Answer"",""Question"",""Answer"",""Question"",""Answer"",""Question"",""Answer"",""Question"",""Answer"",""Question"",""Answer"",""Question"",""Answer"",""Question"",""Answer"",""Question"",""Answer""]","b3949e65f1265cd4d00fdd980c6c3cc5c725fe28e05597eed9687267a66fb187"
"https://pfotentechnik.de/wie-kann-technik-gegen-langeweile-helfen/","UNAVAILABLE_PERFORMANCE_IS_NOT_INDEX_COVERAGE","0","0","0","0","guide","tierbeschaeftigung","2026-07-12","2026-07-12","78","2","2","2","NORMAL","true","true","2026-07-12T00:00:00.000Z","778","[""Organization"",""Article"",""Organization"",""Organization"",""ImageObject"",""BreadcrumbList"",""ListItem"",""ListItem"",""ListItem"",""FAQPage"",""Question"",""Answer"",""Question"",""Answer"",""Question"",""Answer""]","8ce0860b580c43ac55bdd83487250ad4e9894f2d1ad433f6c8d6c55e5e0ac3ab"
"https://pfotentechnik.de/wie-lange-bleibt-trockenfutter-frisch/","UNAVAILABLE_PERFORMANCE_IS_NOT_INDEX_COVERAGE","0","0","15","2","guide","futterautomaten","2026-07-12","2026-07-28","78","2","6","6","NORMAL","true","true","2026-07-28T00:00:00.000Z","4169","[""Organization"",""Article"",""Organization"",""Organization"",""ImageObject"",""BreadcrumbList"",""ListItem"",""ListItem"",""ListItem"",""FAQPage"",""Question"",""Answer"",""Question"",""Answer"",""Question"",""Answer"",""Question"",""Answer"",""Question"",""Answer"",""Question"",""Answer"",""Question"",""Answer"",""Question"",""Answer"",""Question"",""Answer"",""Question"",""Answer"",""Question"",""Answer"",""Question"",""Answer"",""Question"",""Answer"",""Question"",""Answer"",""Question"",""Answer"",""Question"",""Answer"",""Question"",""Answer"",""Question"",""Answer""]","b784abff51fba8e1cb4f12e7674f65771b4c999aba36b44353a1c4905b16a8b2"
"https://pfotentechnik.de/wie-laut-sind-automatische-futterautomaten/","UNAVAILABLE_PERFORMANCE_IS_NOT_INDEX_COVERAGE","0","0","0","0","guide","futterautomaten","2026-07-12","2026-07-12","78","2","2","2","NORMAL","true","true","2026-07-12T00:00:00.000Z","795","[""Organization"",""Article"",""Organization"",""Organization"",""ImageObject"",""BreadcrumbList"",""ListItem"",""ListItem"",""ListItem"",""FAQPage"",""Question"",""Answer"",""Question"",""Answer""]","f70e6fabc0c8fd2cb44db11ca7e10e763a17f4d5f9aef2404e9d531d9576612a"
"https://pfotentechnik.de/wie-viel-wasser-braucht-ein-hund/","UNAVAILABLE_PERFORMANCE_IS_NOT_INDEX_COVERAGE","0","0","16","0","guide","trinkbrunnen","2026-07-19","2026-07-19","71","2","9","7","NORMAL","true","true","2026-07-19T00:00:00.000Z","1409","[""Organization"",""Article"",""Organization"",""Organization"",""ImageObject"",""BreadcrumbList"",""ListItem"",""ListItem"",""ListItem"",""FAQPage"",""Question"",""Answer"",""Question"",""Answer"",""Question"",""Answer"",""Question"",""Answer"",""Question"",""Answer"",""Question"",""Answer"",""Question"",""Answer"",""Question"",""Answer"",""Question"",""Answer"",""Question"",""Answer"",""Question"",""Answer"",""Question"",""Answer""]","8a1a3339b49f6909669a8beb659089a8fcdbf98f5adce7088cea51e774d96ff8"
"https://pfotentechnik.de/wie-viel-wasser-braucht-eine-katze/","UNAVAILABLE_PERFORMANCE_IS_NOT_INDEX_COVERAGE","0","0","8","0","guide","trinkbrunnen","2026-07-13","2026-07-14","77","2","8","5","NORMAL","true","true","2026-07-14T00:00:00.000Z","2313","[""Organization"",""Article"",""Organization"",""Organization"",""ImageObject"",""BreadcrumbList"",""ListItem"",""ListItem"",""ListItem"",""FAQPage"",""Question"",""Answer"",""Question"",""Answer"",""Question"",""Answer"",""Question"",""Answer"",""Question"",""Answer""]","b17ef4926dd84feb844ec975cbcb723290bf53d30e81fc2d8c9a8f52946357f4"
"https://pfotentechnik.de/wie-viele-mahlzeiten-hund/","UNAVAILABLE_PERFORMANCE_IS_NOT_INDEX_COVERAGE","0","0","3","0","editorial-page","futterautomaten","2026-07-09","2026-07-31","81","2","24","23","NORMAL","true","true","2026-07-31T00:00:00.000Z","1208","[""Organization"",""Article"",""Organization"",""Organization"",""ImageObject"",""BreadcrumbList"",""ListItem"",""ListItem"",""ListItem"",""FAQPage"",""Question"",""Answer"",""Question"",""Answer""]","259db48dad3d03afc0ab3d1f92be7dd6ff523a4aaa74bae45eae5dc9cb0eaf86"
"https://pfotentechnik.de/wie-viele-mahlzeiten-katze/","UNAVAILABLE_PERFORMANCE_IS_NOT_INDEX_COVERAGE","0","0","3","0","editorial-page","futterautomaten","2026-07-09","2026-07-09","81","2","23","23","NORMAL","true","true","2026-07-09T00:00:00.000Z","1101","[""Organization"",""Article"",""Organization"",""Organization"",""ImageObject"",""BreadcrumbList"",""ListItem"",""ListItem"",""ListItem"",""FAQPage"",""Question"",""Answer"",""Question"",""Answer""]","2e5ec4f3895375d3ffeff8bfb3f5c06194cd95b218dd34c62ecdbb4a0bcbba99"
"https://pfotentechnik.de/wie-viele-wasserstellen-katze/","UNAVAILABLE_PERFORMANCE_IS_NOT_INDEX_COVERAGE","0","0","0","0","problem-solving-guide","trinkbrunnen","2026-07-13","2026-07-25","77","2","16","15","NORMAL","true","true","2026-07-25T00:00:00.000Z","3110","[""Organization"",""Article"",""Organization"",""Organization"",""ImageObject"",""BreadcrumbList"",""ListItem"",""ListItem"",""ListItem"",""FAQPage"",""Question"",""Answer"",""Question"",""Answer"",""Question"",""Answer"",""Question"",""Answer"",""Question"",""Answer"",""Question"",""Answer"",""Question"",""Answer"",""Question"",""Answer"",""Question"",""Answer"",""Question"",""Answer"",""Question"",""Answer"",""Question"",""Answer"",""Question"",""Answer"",""Question"",""Answer""]","0998d638566aa244c21f89e4d5c5f2965b006a5677b8bee90003641804001919"
"https://pfotentechnik.de/wissen/","UNAVAILABLE_PERFORMANCE_IS_NOT_INDEX_COVERAGE","0","0","0","0","knowledge-hub","smarte-haustiertechnik","","","null","1","259","1","WEAK","true","true","","1234","[""Organization"",""Article"",""Organization"",""Organization"",""ImageObject"",""BreadcrumbList"",""ListItem"",""ListItem""]","e3d4cee25a93cc8667ed1c49e8bfd77e70cca8df01d8501e393ef1849d8c064d"
"https://pfotentechnik.de/woran-erkennt-man-dass-die-katze-zu-wenig-trinkt/","UNAVAILABLE_PERFORMANCE_IS_NOT_INDEX_COVERAGE","0","0","0","0","medical-guide","trinkbrunnen","2026-07-12","2026-07-19","78","2","7","6","NORMAL","true","true","2026-07-19T00:00:00.000Z","4406","[""Organization"",""Article"",""Organization"",""Organization"",""ImageObject"",""BreadcrumbList"",""ListItem"",""ListItem"",""ListItem"",""FAQPage"",""Question"",""Answer"",""Question"",""Answer"",""Question"",""Answer"",""Question"",""Answer"",""Question"",""Answer"",""Question"",""Answer""]","e4544737f23d2f4987b6500fba4404a6ed026c3bf8207f1f92e55e49e125d3c1"
