url,classification,validJsonLd,productCount,reviewCount,aggregateRatingCount,offerCount,rating,ratingVisible,editorialLabelVisible,brand,manufacturer,sku,mpn,gtin,image,positiveNotes,negativeNotes,offers,warnings,invalid
"https://pfotentechnik.de/produkt/aqara-smart-pet-feeder-c1/","WARNING","true","1","1","0","1","88","true","true","{""@type"":""Brand"",""name"":""Aqara""}","null","aqara-smart-pet-feeder-c1","","","[""https://pfotentechnik.de/_astro/hero.DSDz9MJc_kyubL.webp""]","{""@type"":""ItemList"",""itemListElement"":[{""@type"":""ListItem"",""position"":1,""name"":""Zeitpläne laufen ohne Internet weiter""},{""@type"":""ListItem"",""position"":2,""name"":""Zigbee-Automationen""},{""@type"":""ListItem"",""position"":3,""name"":""Batterie-Backup""},{""@type"":""ListItem"",""position"":4,""name"":""4-Liter-Vorrat""},{""@type"":""ListItem"",""position"":5,""name"":""Entnehmbare Futterteile""}]}","{""@type"":""ItemList"",""itemListElement"":[{""@type"":""ListItem"",""position"":1,""name"":""Zusätzlicher Aqara Hub nötig""},{""@type"":""ListItem"",""position"":2,""name"":""Keine direkte Gewichtsmessung""},{""@type"":""ListItem"",""position"":3,""name"":""Keine Kamera oder Tiererkennung""},{""@type"":""ListItem"",""position"":4,""name"":""Portionen schwanken je nach Kroketten""}]}","[{""@type"":""Offer"",""price"":87.5,""priceCurrency"":""EUR"",""availability"":""https://schema.org/InStock"",""url"":""https://amzn.to/45gK5oh"",""seller"":{""@type"":""Organization"",""name"":""Amazon""}}]","[""Review body not an exact visible text match"",""Publisher slug emitted as sku; no manufacturer SKU provenance""]","[]"
"https://pfotentechnik.de/produkt/cat-mate-335-pet-fountain/","WARNING","true","1","1","0","1","79","true","true","{""@type"":""Brand"",""name"":""Cat Mate""}","null","cat-mate-335-pet-fountain","","","[""https://pfotentechnik.de/_astro/hero.I4gDklGm_151wks.webp""]","{""@type"":""ItemList"",""itemListElement"":[{""@type"":""ListItem"",""position"":1,""name"":""drei unterschiedlich hohe Trinkzonen""},{""@type"":""ListItem"",""position"":2,""name"":""Wasserfluss direkt an der Pumpe regelbar""},{""@type"":""ListItem"",""position"":3,""name"":""Schalen laut Hersteller spülmaschinengeeignet""},{""@type"":""ListItem"",""position"":4,""name"":""BPA- und BHT-freier Kunststoff""},{""@type"":""ListItem"",""position"":5,""name"":""Polymer-Aktivkohlefilter im Lieferumfang""}]}","{""@type"":""ItemList"",""itemListElement"":[{""@type"":""ListItem"",""position"":1,""name"":""Kunststoff kann mit der Zeit Kratzer und Beläge entwickeln""},{""@type"":""ListItem"",""position"":2,""name"":""nur rund 2 Liter Kapazität""},{""@type"":""ListItem"",""position"":3,""name"":""kein Akku, Wasserstandssensor oder App""},{""@type"":""ListItem"",""position"":4,""name"":""mehrere Kanten, Öffnungen und Ebenen erhöhen den Pflegeaufwand""},{""@type"":""ListItem"",""position"":5,""name"":""Nutzerberichte zur Pumpenlautstärke sind widersprüchlich""}]}","[{""@type"":""Offer"",""price"":29,""priceCurrency"":""EUR"",""availability"":""https://schema.org/InStock"",""url"":""https://amzn.to/4wQ2q7g"",""seller"":{""@type"":""Organization"",""name"":""Amazon""}}]","[""Review body not an exact visible text match"",""Publisher slug emitted as sku; no manufacturer SKU provenance""]","[]"
"https://pfotentechnik.de/produkt/cat-mate-c200/","WARNING","true","1","1","0","1","71","true","true","{""@type"":""Brand"",""name"":""Cat Mate""}","null","cat-mate-c200","","","[""https://pfotentechnik.de/_astro/comparison.D3f-gyO8_Z1QWbhk.webp""]","{""@type"":""ItemList"",""itemListElement"":[{""@type"":""ListItem"",""position"":1,""name"":""zwei separat einstellbare Fächer""},{""@type"":""ListItem"",""position"":2,""name"":""bis zu 400 g je Fach laut Produktseite""},{""@type"":""ListItem"",""position"":3,""name"":""Nass- und Trockenfutter""},{""@type"":""ListItem"",""position"":4,""name"":""Kühlakku inklusive""},{""@type"":""ListItem"",""position"":5,""name"":""spülmaschinengeeignete Deckel und Schalen""}]}","{""@type"":""ItemList"",""itemListElement"":[{""@type"":""ListItem"",""position"":1,""name"":""analoge Timer mit begrenzter Genauigkeit""},{""@type"":""ListItem"",""position"":2,""name"":""keine aktive Kühlung""},{""@type"":""ListItem"",""position"":3,""name"":""keine App""},{""@type"":""ListItem"",""position"":4,""name"":""nur zwei Mahlzeiten""}]}","[{""@type"":""Offer"",""price"":32.49,""priceCurrency"":""EUR"",""availability"":""https://schema.org/InStock"",""url"":""https://amzn.to/4yIM2qT"",""seller"":{""@type"":""Organization"",""name"":""Amazon""}}]","[""Review body not an exact visible text match"",""Publisher slug emitted as sku; no manufacturer SKU provenance""]","[]"
"https://pfotentechnik.de/produkt/cat-mate-c300/","WARNING","true","1","1","0","1","73","true","true","{""@type"":""Brand"",""name"":""Cat Mate""}","null","cat-mate-c300","","","[""https://pfotentechnik.de/_astro/hero.CrmeJa1a_11G65W.webp""]","{""@type"":""ItemList"",""itemListElement"":[{""@type"":""ListItem"",""position"":1,""name"":""digitaler Timer""},{""@type"":""ListItem"",""position"":2,""name"":""Nass- und Trockenfutter""},{""@type"":""ListItem"",""position"":3,""name"":""drei Fächer""},{""@type"":""ListItem"",""position"":4,""name"":""Kühlakku inklusive""},{""@type"":""ListItem"",""position"":5,""name"":""spülmaschinengeeigneter Deckel und Einsatz""}]}","{""@type"":""ItemList"",""itemListElement"":[{""@type"":""ListItem"",""position"":1,""name"":""nur zwei programmierbare Zeiten""},{""@type"":""ListItem"",""position"":2,""name"":""keine aktive Kühlung""},{""@type"":""ListItem"",""position"":3,""name"":""keine App""},{""@type"":""ListItem"",""position"":4,""name"":""offizielle Kapazitätsangaben widersprechen sich""}]}","[{""@type"":""Offer"",""price"":34.99,""priceCurrency"":""EUR"",""availability"":""https://schema.org/InStock"",""url"":""https://amzn.to/45lbMvY"",""seller"":{""@type"":""Organization"",""name"":""Amazon""}}]","[""Review body not an exact visible text match"",""Publisher slug emitted as sku; no manufacturer SKU provenance""]","[]"
"https://pfotentechnik.de/produkt/cat-mate-c500/","WARNING","true","1","1","0","1","73","true","true","{""@type"":""Brand"",""name"":""Cat Mate""}","null","cat-mate-c500","","","[""https://pfotentechnik.de/_astro/hero.Ci_lX5A9_1i6d4d.webp""]","{""@type"":""ItemList"",""itemListElement"":[{""@type"":""ListItem"",""position"":1,""name"":""für Nass-, Trocken- und Mischfutter""},{""@type"":""ListItem"",""position"":2,""name"":""fünf Fächer mit je 155 g""},{""@type"":""ListItem"",""position"":3,""name"":""zwei Kühlakkus inklusive""},{""@type"":""ListItem"",""position"":4,""name"":""bis zu zwölf Monate Batterielaufzeit""},{""@type"":""ListItem"",""position"":5,""name"":""spülmaschinengeeigneter Deckel und Einsatz""}]}","{""@type"":""ItemList"",""itemListElement"":[{""@type"":""ListItem"",""position"":1,""name"":""keine aktive Kühlung""},{""@type"":""ListItem"",""position"":2,""name"":""nur vier zukünftige Timerzeiten""},{""@type"":""ListItem"",""position"":3,""name"":""keine Fernkontrolle""},{""@type"":""ListItem"",""position"":4,""name"":""keine Zugangskontrolle""}]}","[{""@type"":""Offer"",""price"":35.32,""priceCurrency"":""EUR"",""availability"":""https://schema.org/InStock"",""url"":""https://amzn.to/45tAoCE"",""seller"":{""@type"":""Organization"",""name"":""Amazon""}}]","[""Review body not an exact visible text match"",""Publisher slug emitted as sku; no manufacturer SKU provenance""]","[]"
"https://pfotentechnik.de/produkt/cat-mate-elite-355w/","WARNING","true","1","1","0","0","82","true","true","{""@type"":""Brand"",""name"":""Cat Mate""}","null","cat-mate-elite-355w","","","[""https://pfotentechnik.de/_astro/hero.C5aLunF__Z2df4U1.webp""]","{""@type"":""ItemList"",""itemListElement"":[{""@type"":""ListItem"",""position"":1,""name"":""Timer ohne App""},{""@type"":""ListItem"",""position"":2,""name"":""Bis zu neun Katzen""},{""@type"":""ListItem"",""position"":3,""name"":""15-stellige ISO-Mikrochips""},{""@type"":""ListItem"",""position"":4,""name"":""4-Wege-Sperre""}]}","{""@type"":""ItemList"",""itemListElement"":[{""@type"":""ListItem"",""position"":1,""name"":""Timer nicht pro Katze""},{""@type"":""ListItem"",""position"":2,""name"":""Selektiver Eingang statt individueller Ausgänge""},{""@type"":""ListItem"",""position"":3,""name"":""Nur erste drei Katzen im LCD""},{""@type"":""ListItem"",""position"":4,""name"":""Batteriewechsel erforderlich""}]}","[]","[""Review body not an exact visible text match"",""Publisher slug emitted as sku; no manufacturer SKU provenance""]","[]"
"https://pfotentechnik.de/produkt/cat-mate-shell-fountain/","WARNING","true","1","1","0","0","75","true","true","{""@type"":""Brand"",""name"":""Cat Mate""}","null","cat-mate-shell-fountain","","","[""https://pfotentechnik.de/_astro/hero.B-NstFwd_1OJ04P.webp""]","{""@type"":""ItemList"",""itemListElement"":[{""@type"":""ListItem"",""position"":1,""name"":""3 Liter Kapazität""},{""@type"":""ListItem"",""position"":2,""name"":""zwei Trinkhöhen""},{""@type"":""ListItem"",""position"":3,""name"":""einstellbarer Wasserfluss""},{""@type"":""ListItem"",""position"":4,""name"":""BPA-freies Polypropylen""},{""@type"":""ListItem"",""position"":5,""name"":""Ersatzpumpe, Netzteil und Filter verfügbar""}]}","{""@type"":""ItemList"",""itemListElement"":[{""@type"":""ListItem"",""position"":1,""name"":""kein Akku und keine App""},{""@type"":""ListItem"",""position"":2,""name"":""Kunststoff kann leichter verkratzen""},{""@type"":""ListItem"",""position"":3,""name"":""monatlicher Filterwechsel""},{""@type"":""ListItem"",""position"":4,""name"":""Pumpe muss regelmäßig separat gereinigt werden""}]}","[]","[""Review body not an exact visible text match"",""Publisher slug emitted as sku; no manufacturer SKU provenance""]","[]"
"https://pfotentechnik.de/produkt/catit-pixi-smart-6-meal-feeder/","WARNING","true","1","1","0","1","80","true","true","{""@type"":""Brand"",""name"":""Catit""}","null","catit-pixi-smart-6-meal-feeder","","","[""https://pfotentechnik.de/_astro/hero.BIQ3BuMA_2vlrM3.webp""]","{""@type"":""ItemList"",""itemListElement"":[{""@type"":""ListItem"",""position"":1,""name"":""sechs getrennte Fächer mit je 170 ml""},{""@type"":""ListItem"",""position"":2,""name"":""für Nassfutter, Trockenfutter und Snacks geeignet""},{""@type"":""ListItem"",""position"":3,""name"":""Bedienung per App und direkt am Gerät""},{""@type"":""ListItem"",""position"":4,""name"":""herausnehmbarer, spülmaschinengeeigneter Futtereinsatz""},{""@type"":""ListItem"",""position"":5,""name"":""zwei Kühlakkus im Lieferumfang""}]}","{""@type"":""ItemList"",""itemListElement"":[{""@type"":""ListItem"",""position"":1,""name"":""keine aktive oder temperaturgeregelte Kühlung""},{""@type"":""ListItem"",""position"":2,""name"":""erstes Fach steht sofort offen""},{""@type"":""ListItem"",""position"":3,""name"":""nur täglicher 24-Stunden-Plan statt Wochenprogramm""},{""@type"":""ListItem"",""position"":4,""name"":""kein Mikrochip und keine Tiererkennung""},{""@type"":""ListItem"",""position"":5,""name"":""gemischte Nutzerberichte zu App und Manipulationsschutz""}]}","[{""@type"":""Offer"",""price"":116.95,""priceCurrency"":""EUR"",""availability"":""https://schema.org/InStock"",""url"":""https://amzn.to/45hTNq9"",""seller"":{""@type"":""Organization"",""name"":""Amazon""}}]","[""Review body not an exact visible text match"",""Publisher slug emitted as sku; no manufacturer SKU provenance""]","[]"
"https://pfotentechnik.de/produkt/catit-pixi-smart-trinkbrunnen/","WARNING","true","1","1","0","0","79","true","true","{""@type"":""Brand"",""name"":""Catit""}","null","catit-pixi-smart-trinkbrunnen","","","[""https://pfotentechnik.de/_astro/hero.BhxS42or_14BgPD.webp""]","{""@type"":""ItemList"",""itemListElement"":[{""@type"":""ListItem"",""position"":1,""name"":""PIXI-App ohne In-App-Käufe laut Hersteller""},{""@type"":""ListItem"",""position"":2,""name"":""UVC-Zyklen""},{""@type"":""ListItem"",""position"":3,""name"":""Edelstahl-Trinkfläche""},{""@type"":""ListItem"",""position"":4,""name"":""Trockenlauf-Abschaltung""}]}","{""@type"":""ItemList"",""itemListElement"":[{""@type"":""ListItem"",""position"":1,""name"":""Monatliche Filterkosten""},{""@type"":""ListItem"",""position"":2,""name"":""Netz- und WLAN-Abhängigkeit""},{""@type"":""ListItem"",""position"":3,""name"":""2 Liter""},{""@type"":""ListItem"",""position"":4,""name"":""Nicht vollständig spülmaschinengeeignet""}]}","[]","[""Review body not an exact visible text match"",""Publisher slug emitted as sku; no manufacturer SKU provenance""]","[]"
"https://pfotentechnik.de/produkt/catit-pixi-vision-smart-feeder/","WARNING","true","1","1","0","0","89","true","true","{""@type"":""Brand"",""name"":""Catit""}","null","catit-pixi-vision-smart-feeder","","","[""https://pfotentechnik.de/_astro/hero.Di88E1IO_Z1qHxzz.webp""]","{""@type"":""ItemList"",""itemListElement"":[{""@type"":""ListItem"",""position"":1,""name"":""HD-Kamera mit Nachtsicht""},{""@type"":""ListItem"",""position"":2,""name"":""2,4- und 5-GHz-WLAN""},{""@type"":""ListItem"",""position"":3,""name"":""microSD statt zwingendem Cloud-Abo""},{""@type"":""ListItem"",""position"":4,""name"":""Batterie-Backup""},{""@type"":""ListItem"",""position"":5,""name"":""Edelstahl-Napf""}]}","{""@type"":""ItemList"",""itemListElement"":[{""@type"":""ListItem"",""position"":1,""name"":""Nur Trockenfutter bis 9 mm""},{""@type"":""ListItem"",""position"":2,""name"":""Keine Mikrochip- oder RFID-Sperre""},{""@type"":""ListItem"",""position"":3,""name"":""microSD nicht enthalten""},{""@type"":""ListItem"",""position"":4,""name"":""Video und App erhöhen Datenschutz- und Update-Abhängigkeit""}]}","[]","[""Review body not an exact visible text match"",""Publisher slug emitted as sku; no manufacturer SKU provenance""]","[]"
"https://pfotentechnik.de/produkt/devoko-90l-automatisches-katzenklo/","WARNING","true","1","1","0","1","77","true","true","{""@type"":""Brand"",""name"":""Devoko""}","null","devoko-90l-automatisches-katzenklo","","","[""https://pfotentechnik.de/_astro/comparison.Drapsy3B_fE0qk.webp""]","{""@type"":""ItemList"",""itemListElement"":[{""@type"":""ListItem"",""position"":1,""name"":""90 Liter Innenraum laut mehreren öffentlichen Produktquellen""},{""@type"":""ListItem"",""position"":2,""name"":""8,5 Liter Abfallbehälter""},{""@type"":""ListItem"",""position"":3,""name"":""Niedriger Einstieg von rund 23 cm in deutschen Händlerangaben""},{""@type"":""ListItem"",""position"":4,""name"":""Für etwa 1,5 bis 10 kg Katzengewicht angegeben""},{""@type"":""ListItem"",""position"":5,""name"":""Automatische Reinigung nach Nutzung""}]}","{""@type"":""ItemList"",""itemListElement"":[{""@type"":""ListItem"",""position"":1,""name"":""Widersprüchliche Angaben zu sechs, sieben oder neun Sicherheits-/Sensorstufen""},{""@type"":""ListItem"",""position"":2,""name"":""Außenmaße variieren öffentlich zwischen ungefähr 55 × 51 × 58 cm und größeren Händlerangaben""},{""@type"":""ListItem"",""position"":3,""name"":""Produktgewicht wird je nach Quelle mit rund 10,9 bis 13,5 kg angegeben""},{""@type"":""ListItem"",""position"":4,""name"":""Garantieangaben reichen öffentlich von einem bis zwei Jahren""},{""@type"":""ListItem"",""position"":5,""name"":""Weniger transparente Herstellerdokumentation als bei etablierten Premium-Marken""}]}","[{""@type"":""Offer"",""price"":198.53,""priceCurrency"":""EUR"",""availability"":""https://schema.org/InStock"",""url"":""https://amzn.to/3TKZEBV"",""seller"":{""@type"":""Organization"",""name"":""Amazon""}}]","[""Review body not an exact visible text match"",""Publisher slug emitted as sku; no manufacturer SKU provenance""]","[]"
"https://pfotentechnik.de/produkt/enabot-ebo-air-2/","WARNING","true","1","1","0","1","70","true","true","{""@type"":""Brand"",""name"":""Enabot""}","null","enabot-ebo-air-2","","","[""https://pfotentechnik.de/_astro/hero.-b2TXLsx_ElVJ0.webp""]","{""@type"":""ItemList"",""itemListElement"":[{""@type"":""ListItem"",""position"":1,""name"":""mobiler Blickpunkt""},{""@type"":""ListItem"",""position"":2,""name"":""2K-Video laut Hersteller""},{""@type"":""ListItem"",""position"":3,""name"":""Fernsteuerung per App""}]}","{""@type"":""ItemList"",""itemListElement"":[{""@type"":""ListItem"",""position"":1,""name"":""abhängig von Boden, Schwellen und Hindernissen""},{""@type"":""ListItem"",""position"":2,""name"":""keine lückenlose feste Überwachung""},{""@type"":""ListItem"",""position"":3,""name"":""Reaktion des Tieres vor Dauerbetrieb beobachten""}]}","[{""@type"":""Offer"",""price"":159,""priceCurrency"":""EUR"",""availability"":""https://schema.org/InStock"",""url"":""https://amzn.to/4pZYw9z"",""seller"":{""@type"":""Organization"",""name"":""Amazon""}}]","[""Review body not an exact visible text match"",""Publisher slug emitted as sku; no manufacturer SKU provenance""]","[]"
"https://pfotentechnik.de/produkt/enabot-rola-mini/","WARNING","true","1","1","0","1","73","true","true","{""@type"":""Brand"",""name"":""Enabot""}","null","enabot-rola-mini","","","[""https://pfotentechnik.de/_astro/gallery-3.4ojuC25R_2vjFrl.webp""]","{""@type"":""ItemList"",""itemListElement"":[{""@type"":""ListItem"",""position"":1,""name"":""mobiler Kamerastandort""},{""@type"":""ListItem"",""position"":2,""name"":""2K und 137-Grad-Sichtfeld laut Hersteller""},{""@type"":""ListItem"",""position"":3,""name"":""Zwei-Wege-Audio und App-Steuerung""}]}","{""@type"":""ItemList"",""itemListElement"":[{""@type"":""ListItem"",""position"":1,""name"":""regionale Verfügbarkeit offen""},{""@type"":""ListItem"",""position"":2,""name"":""Speicher- und Aboumfang offen""},{""@type"":""ListItem"",""position"":3,""name"":""Mobilität verlangt geeignete Fahrwege""}]}","[{""@type"":""Offer"",""price"":133,""priceCurrency"":""EUR"",""availability"":""https://schema.org/InStock"",""url"":""https://amzn.to/4qpFZnp"",""seller"":{""@type"":""Organization"",""name"":""Amazon""}}]","[""Review body not an exact visible text match"",""Publisher slug emitted as sku; no manufacturer SKU provenance""]","[]"
"https://pfotentechnik.de/produkt/enabot-rola-pettracker/","WARNING","true","1","1","0","0","74","true","true","{""@type"":""Brand"",""name"":""Enabot""}","null","enabot-rola-pettracker","","","[""https://pfotentechnik.de/_astro/hero.B4VVTmk6_dAONp.webp""]","{""@type"":""ItemList"",""itemListElement"":[{""@type"":""ListItem"",""position"":1,""name"":""GPS und AGPS""},{""@type"":""ListItem"",""position"":2,""name"":""480p-Live-Kamera""},{""@type"":""ListItem"",""position"":3,""name"":""Zwei-Wege-Audio""},{""@type"":""ListItem"",""position"":4,""name"":""Virtuelle Zone von 50 bis 150 m laut Hersteller""},{""@type"":""ListItem"",""position"":5,""name"":""32 GB interner Speicher""}]}","{""@type"":""ItemList"",""itemListElement"":[{""@type"":""ListItem"",""position"":1,""name"":""70 g relativ schwer""},{""@type"":""ListItem"",""position"":2,""name"":""Nicht für kleine Katzen""},{""@type"":""ListItem"",""position"":3,""name"":""Keine Nachtsicht""},{""@type"":""ListItem"",""position"":4,""name"":""Keine IP-Schutzklasse dokumentiert""},{""@type"":""ListItem"",""position"":5,""name"":""3 bis 5 Tage sind ein Herstellerwert und kameranutzungsabhängig""}]}","[]","[""Review body not an exact visible text match"",""Publisher slug emitted as sku; no manufacturer SKU provenance""]","[]"
"https://pfotentechnik.de/produkt/feelneedy-fn-w18-8l-katzenbrunnen/","WARNING","true","1","1","0","1","80","true","true","{""@type"":""Brand"",""name"":""FEELNEEDY""}","null","feelneedy-fn-w18-8l-katzenbrunnen","","","[""https://pfotentechnik.de/_astro/hero.cvmUdjoY_ZkoEPf.webp""]","{""@type"":""ItemList"",""itemListElement"":[{""@type"":""ListItem"",""position"":1,""name"":""8 Liter Gesamtkapazität""},{""@type"":""ListItem"",""position"":2,""name"":""Tank und Trinkschale aus Edelstahl 304""},{""@type"":""ListItem"",""position"":3,""name"":""5.000-mAh-Akku""},{""@type"":""ListItem"",""position"":4,""name"":""Herstellerangabe bis zu 60 Tage Laufzeit""},{""@type"":""ListItem"",""position"":5,""name"":""Radarsensor mit ungefähr 120 Grad Erfassungswinkel""}]}","{""@type"":""ItemList"",""itemListElement"":[{""@type"":""ListItem"",""position"":1,""name"":""keine App, Trinkmengenmessung oder Tiererkennung""},{""@type"":""ListItem"",""position"":2,""name"":""Dauerbetrieb nur mit Stromkabel""},{""@type"":""ListItem"",""position"":3,""name"":""Herstellerwert bis 45 dB ist höher als bei vielen kompakten Premiumbrunnen""},{""@type"":""ListItem"",""position"":4,""name"":""fester Filtertimer berücksichtigt Tierzahl und Wasserqualität nicht""},{""@type"":""ListItem"",""position"":5,""name"":""gefüllt rund neun Kilogramm schwer""}]}","[{""@type"":""Offer"",""price"":69.99,""priceCurrency"":""EUR"",""availability"":""https://schema.org/InStock"",""url"":""https://amzn.to/3Rdxsa5"",""seller"":{""@type"":""Organization"",""name"":""Amazon""}}]","[""Review body not an exact visible text match"",""Publisher slug emitted as sku; no manufacturer SKU provenance""]","[]"
"https://pfotentechnik.de/produkt/flappie/","WARNING","true","1","1","0","1","76","true","true","{""@type"":""Brand"",""name"":""Flappie Technologies""}","null","flappie","","","[""https://pfotentechnik.de/_astro/hero.DIEZ691F_Z1fQ7LH.webp""]","{""@type"":""ItemList"",""itemListElement"":[{""@type"":""ListItem"",""position"":1,""name"":""Beuteentscheidung läuft laut Hersteller lokal auf dem Gerät""},{""@type"":""ListItem"",""position"":2,""name"":""Beuteerkennung, Kameraaufzeichnung und physische Tasten funktionieren ohne WLAN""},{""@type"":""ListItem"",""position"":3,""name"":""Vollständige Klappe statt Nachrüstmodul""},{""@type"":""ListItem"",""position"":4,""name"":""Einbau- und Ausfallverhalten sind ungewöhnlich detailliert dokumentiert""}]}","{""@type"":""ItemList"",""itemListElement"":[{""@type"":""ListItem"",""position"":1,""name"":""keine Mikrochip-Erkennung""},{""@type"":""ListItem"",""position"":2,""name"":""Cat ID und individuelle Regeln noch nicht allgemein aktiv""},{""@type"":""ListItem"",""position"":3,""name"":""keine Beutesperre und keine Verriegelung bei Stromausfall""},{""@type"":""ListItem"",""position"":4,""name"":""Premium-Kostenmodell noch nicht belastbar veröffentlicht""}]}","[{""@type"":""Offer"",""price"":479,""priceCurrency"":""EUR"",""availability"":""https://schema.org/InStock"",""url"":""https://flappiedoors.com/en/products/flappie?country=DE"",""seller"":{""@type"":""Organization"",""name"":""flappiedoors.com""}}]","[""Review body not an exact visible text match"",""Publisher slug emitted as sku; no manufacturer SKU provenance""]","[]"
"https://pfotentechnik.de/produkt/furbo-360-hundekamera/","WARNING","true","1","1","0","1","69","true","true","{""@type"":""Brand"",""name"":""Furbo""}","null","furbo-360-hundekamera","","","[""https://pfotentechnik.de/_astro/hero.CBcnFiIc_2pLOUA.webp""]","{""@type"":""ItemList"",""itemListElement"":[{""@type"":""ListItem"",""position"":1,""name"":""360-Grad-Beobachtung""},{""@type"":""ListItem"",""position"":2,""name"":""Zwei-Wege-Audio""},{""@type"":""ListItem"",""position"":3,""name"":""Leckerliausgabe""}]}","{""@type"":""ItemList"",""itemListElement"":[{""@type"":""ListItem"",""position"":1,""name"":""optionale Nanny-Folgekosten""},{""@type"":""ListItem"",""position"":2,""name"":""Leckerli-Mechanik braucht Reinigung und passende Größe""},{""@type"":""ListItem"",""position"":3,""name"":""keine Aussage zur individuellen Stresswirkung""}]}","[{""@type"":""Offer"",""price"":69,""priceCurrency"":""EUR"",""availability"":""https://schema.org/InStock"",""url"":""https://amzn.to/3U0Dewy"",""seller"":{""@type"":""Organization"",""name"":""Amazon""}}]","[""Review body not an exact visible text match"",""Publisher slug emitted as sku; no manufacturer SKU provenance""]","[]"
"https://pfotentechnik.de/produkt/furbo-360-katzenkamera/","WARNING","true","1","1","0","0","71","true","true","{""@type"":""Brand"",""name"":""Furbo""}","null","furbo-360-katzenkamera","","","[""https://pfotentechnik.de/_astro/thumbnail.OU3ALiFP_Z7oiT7.webp""]","{""@type"":""ItemList"",""itemListElement"":[{""@type"":""ListItem"",""position"":1,""name"":""1080p mit 360° und 4× Digitalzoom""},{""@type"":""ListItem"",""position"":2,""name"":""Auto-Tracking""},{""@type"":""ListItem"",""position"":3,""name"":""Leckerliwurf""},{""@type"":""ListItem"",""position"":4,""name"":""Feder-Spielzeug""},{""@type"":""ListItem"",""position"":5,""name"":""Meowing Alert""}]}","{""@type"":""ItemList"",""itemListElement"":[{""@type"":""ListItem"",""position"":1,""name"":""Videoverlauf und Kitty Diary tarifabhängig""},{""@type"":""ListItem"",""position"":2,""name"":""keine lokale Speicherung belegt""},{""@type"":""ListItem"",""position"":3,""name"":""keine sichere individuelle Mehrkatzenerkennung""},{""@type"":""ListItem"",""position"":4,""name"":""Geräuscherkennung kann Kontext nicht erklären""}]}","[]","[""Review body not an exact visible text match"",""Publisher slug emitted as sku; no manufacturer SKU provenance""]","[]"
"https://pfotentechnik.de/produkt/furbo-mini-360/","WARNING","true","1","1","0","1","74","true","true","{""@type"":""Brand"",""name"":""Furbo""}","null","furbo-mini-360","","","[""https://pfotentechnik.de/_astro/comparison.D_s6W1Hx_ZJUFMk.webp""]","{""@type"":""ItemList"",""itemListElement"":[{""@type"":""ListItem"",""position"":1,""name"":""2K QHD und 360-Grad-Rotation laut Hersteller""},{""@type"":""ListItem"",""position"":2,""name"":""Zwei-Wege-Audio""},{""@type"":""ListItem"",""position"":3,""name"":""physische Leckerliausgabe""}]}","{""@type"":""ItemList"",""itemListElement"":[{""@type"":""ListItem"",""position"":1,""name"":""Dienst- und Speicherumfang vor Kauf prüfen""},{""@type"":""ListItem"",""position"":2,""name"":""Tierreaktion auf Ton und Ausgabe individuell""},{""@type"":""ListItem"",""position"":3,""name"":""stationärer Blickpunkt trotz Rotation""}]}","[{""@type"":""Offer"",""price"":98,""priceCurrency"":""EUR"",""availability"":""https://schema.org/InStock"",""url"":""https://amzn.to/4gHcrhI"",""seller"":{""@type"":""Organization"",""name"":""Amazon""}}]","[""Review body not an exact visible text match"",""Publisher slug emitted as sku; no manufacturer SKU provenance""]","[]"
"https://pfotentechnik.de/produkt/garmin-alpha-t-20/","WARNING","true","1","1","0","1","81","true","true","{""@type"":""Brand"",""name"":""Garmin""}","null","garmin-alpha-t-20","","","[""https://pfotentechnik.de/_astro/battery-subscription.BGpj1s7T_Z1b6m76.webp""]","{""@type"":""ItemList"",""itemListElement"":[{""@type"":""ListItem"",""position"":1,""name"":""direkte VHF-Ortung ohne Mobilfunknetz""},{""@type"":""ListItem"",""position"":2,""name"":""kein laufendes Mobilfunkabo für die Kernortung""},{""@type"":""ListItem"",""position"":3,""name"":""bis zu 14,48 km Herstellerreichweite""},{""@type"":""ListItem"",""position"":4,""name"":""bis zu 68 Stunden mit Standardakku""},{""@type"":""ListItem"",""position"":5,""name"":""bis zu 136 Stunden mit optionalem erweitertem Akkuteil""}]}","{""@type"":""ItemList"",""itemListElement"":[{""@type"":""ListItem"",""position"":1,""name"":""kompatibles Garmin-Handgerät separat erforderlich""},{""@type"":""ListItem"",""position"":2,""name"":""hohe Gesamtkosten des Systems""},{""@type"":""ListItem"",""position"":3,""name"":""schwerer und sperriger als Mobilfunk-Haustiertracker""},{""@type"":""ListItem"",""position"":4,""name"":""praktische Reichweite stark von Gelände, Bewuchs und Antennenlage abhängig""},{""@type"":""ListItem"",""position"":5,""name"":""kein eigenständiger Smartphone-Betrieb""}]}","[{""@type"":""Offer"",""price"":316.79,""priceCurrency"":""EUR"",""availability"":""https://schema.org/InStock"",""url"":""https://amzn.to/3Tjaqz5"",""seller"":{""@type"":""Organization"",""name"":""Amazon""}}]","[""Review body not an exact visible text match"",""Publisher slug emitted as sku; no manufacturer SKU provenance""]","[]"
"https://pfotentechnik.de/produkt/garmin-alpha-tt-25/","WARNING","true","1","1","0","0","78","true","true","{""@type"":""Brand"",""name"":""Garmin""}","null","garmin-alpha-tt-25","","","[""https://pfotentechnik.de/_astro/battery-subscription.BGpj1s7T_Z1b6m76.webp""]","{""@type"":""ItemList"",""itemListElement"":[{""@type"":""ListItem"",""position"":1,""name"":""VHF-Ortung ohne Mobilfunkabo""},{""@type"":""ListItem"",""position"":2,""name"":""bis zu 14,48 km Herstellerreichweite""},{""@type"":""ListItem"",""position"":3,""name"":""austauschbarer Akku""},{""@type"":""ListItem"",""position"":4,""name"":""bis zu 68 Stunden Laufzeit""},{""@type"":""ListItem"",""position"":5,""name"":""optional bis 136 Stunden""}]}","{""@type"":""ItemList"",""itemListElement"":[{""@type"":""ListItem"",""position"":1,""name"":""separates Handgerät nötig""},{""@type"":""ListItem"",""position"":2,""name"":""Trainingsfunktionen für normale Haustierortung unnötig""},{""@type"":""ListItem"",""position"":3,""name"":""hohe Kosten und große Bauform""}]}","[]","[""Review body not an exact visible text match"",""Publisher slug emitted as sku; no manufacturer SKU provenance""]","[]"
"https://pfotentechnik.de/produkt/honeyguardian-a305d/","WARNING","true","1","1","0","0","73","true","true","{""@type"":""Brand"",""name"":""HoneyGuardian""}","null","honeyguardian-a305d","","","[""https://pfotentechnik.de/_astro/hero.75xT8L4Q_2s4WWd.webp""]","{""@type"":""ItemList"",""itemListElement"":[{""@type"":""ListItem"",""position"":1,""name"":""Keine App oder WLAN-Verbindung erforderlich""},{""@type"":""ListItem"",""position"":2,""name"":""Zwei Edelstahl-Näpfe für Mehrtierhaushalte""},{""@type"":""ListItem"",""position"":3,""name"":""Batteriebetrieb überbrückt Stromausfälle""}]}","{""@type"":""ItemList"",""itemListElement"":[{""@type"":""ListItem"",""position"":1,""name"":""Nur für Trockenfutter geeignet""},{""@type"":""ListItem"",""position"":2,""name"":""Keine individuelle Zugangskontrolle""},{""@type"":""ListItem"",""position"":3,""name"":""Beide Tiere erhalten dieselbe Portionsmenge""}]}","[]","[""Review body not an exact visible text match"",""negativeNotes item not an exact visible text match: Beide Tiere erhalten dieselbe Portionsmenge"",""Publisher slug emitted as sku; no manufacturer SKU provenance""]","[]"
"https://pfotentechnik.de/produkt/honeyguardian-a68/","WARNING","true","1","1","0","1","79","true","true","{""@type"":""Brand"",""name"":""HoneyGuardian""}","null","honeyguardian-a68","","","[""https://pfotentechnik.de/_astro/hero.CnG-6mJb_Z1n5YWl.webp""]","{""@type"":""ItemList"",""itemListElement"":[{""@type"":""ListItem"",""position"":1,""name"":""Großer Vorrat""},{""@type"":""ListItem"",""position"":2,""name"":""Einfache App""},{""@type"":""ListItem"",""position"":3,""name"":""Flexible Fütterungspläne""}]}","{""@type"":""ItemList"",""itemListElement"":[{""@type"":""ListItem"",""position"":1,""name"":""Nur Trockenfutter""},{""@type"":""ListItem"",""position"":2,""name"":""Keine Kamera""},{""@type"":""ListItem"",""position"":3,""name"":""Benachrichtigungen abhängig von der App""}]}","[{""@type"":""Offer"",""price"":109.99,""priceCurrency"":""EUR"",""availability"":""https://schema.org/InStock"",""url"":""https://amzn.to/4bRUR7N"",""seller"":{""@type"":""Organization"",""name"":""Amazon""}}]","[""Review body not an exact visible text match"",""negativeNotes item not an exact visible text match: Benachrichtigungen abhängig von der App"",""Publisher slug emitted as sku; no manufacturer SKU provenance""]","[]"
"https://pfotentechnik.de/produkt/honeyguardian-smart-pet-feeder-s305d/","WARNING","true","1","1","0","0","75","true","true","{""@type"":""Brand"",""name"":""HoneyGuardian""}","null","honeyguardian-smart-pet-feeder-s305d","","","[""https://pfotentechnik.de/_astro/hero.BNucQLp8_11ULu2.webp""]","{""@type"":""ItemList"",""itemListElement"":[{""@type"":""ListItem"",""position"":1,""name"":""5-Liter-Vorrat""},{""@type"":""ListItem"",""position"":2,""name"":""mehrere Mahlzeiten planbar""},{""@type"":""ListItem"",""position"":3,""name"":""Edelstahl-Napf""},{""@type"":""ListItem"",""position"":4,""name"":""Netz- und Reservebetrieb""},{""@type"":""ListItem"",""position"":5,""name"":""gutes Preis-Leistungs-Verhältnis""}]}","{""@type"":""ItemList"",""itemListElement"":[{""@type"":""ListItem"",""position"":1,""name"":""nur Trockenfutter""},{""@type"":""ListItem"",""position"":2,""name"":""keine Kamera""},{""@type"":""ListItem"",""position"":3,""name"":""keine Zugangskontrolle""},{""@type"":""ListItem"",""position"":4,""name"":""uneinheitliche Händlerangaben zu Varianten""}]}","[]","[""Review body not an exact visible text match"",""Publisher slug emitted as sku; no manufacturer SKU provenance""]","[]"
"https://pfotentechnik.de/produkt/imipaw-3l-automatic-cat-feeder/","WARNING","true","1","1","0","1","79","true","true","{""@type"":""Brand"",""name"":""IMIPAW""}","null","imipaw-3l-automatic-cat-feeder","","","[""https://pfotentechnik.de/_astro/comparison.BczFGPZ0_Z25V4hW.webp""]","{""@type"":""ItemList"",""itemListElement"":[{""@type"":""ListItem"",""position"":1,""name"":""bis zu sechs Mahlzeiten täglich""},{""@type"":""ListItem"",""position"":2,""name"":""bis zu zwanzig Portionseinheiten je Mahlzeit""},{""@type"":""ListItem"",""position"":3,""name"":""eine Portion laut Hersteller ungefähr 7 bis 9 g""},{""@type"":""ListItem"",""position"":4,""name"":""lokale Bedienung ohne Konto, Cloud oder WLAN""},{""@type"":""ListItem"",""position"":5,""name"":""Netzbetrieb plus Backup mit drei D-Batterien""}]}","{""@type"":""ItemList"",""itemListElement"":[{""@type"":""ListItem"",""position"":1,""name"":""keine App oder Benachrichtigungen""},{""@type"":""ListItem"",""position"":2,""name"":""keine Kamera oder individuelle Tiererkennung""},{""@type"":""ListItem"",""position"":3,""name"":""Portionsmenge muss mit dem eigenen Futter ausgewogen werden""},{""@type"":""ListItem"",""position"":4,""name"":""nur Trockenfutter""},{""@type"":""ListItem"",""position"":5,""name"":""kein eindeutig ausgewiesener Sensor für niedrigen Futterstand""}]}","[{""@type"":""Offer"",""price"":32.99,""priceCurrency"":""EUR"",""availability"":""https://schema.org/InStock"",""url"":""https://amzn.to/4pGKyti"",""seller"":{""@type"":""Organization"",""name"":""Amazon""}}]","[""Review body not an exact visible text match"",""Publisher slug emitted as sku; no manufacturer SKU provenance""]","[]"
"https://pfotentechnik.de/produkt/invoxia-biotracker-2026/","WARNING","true","1","1","0","0","83","true","true","{""@type"":""Brand"",""name"":""Invoxia""}","null","invoxia-biotracker-2026","","","[""https://pfotentechnik.de/_astro/hero.C4q0ywm2_Z1fj5nT.webp""]","{""@type"":""ItemList"",""itemListElement"":[{""@type"":""ListItem"",""position"":1,""name"":""37 g""},{""@type"":""ListItem"",""position"":2,""name"":""Bis 15 Tage Herstellerlaufzeit""},{""@type"":""ListItem"",""position"":3,""name"":""LTE-M und Bluetooth 5.3""},{""@type"":""ListItem"",""position"":4,""name"":""Aktivitäts- und Vitalwerttrends""}]}","{""@type"":""ItemList"",""itemListElement"":[{""@type"":""ListItem"",""position"":1,""name"":""Fern-GPS tarifabhängig""},{""@type"":""ListItem"",""position"":2,""name"":""IP67 statt IP68""},{""@type"":""ListItem"",""position"":3,""name"":""Keine medizinische Diagnose""},{""@type"":""ListItem"",""position"":4,""name"":""Reale Laufzeit netz- und nutzungsabhängig""}]}","[]","[""Review body not an exact visible text match"",""Publisher slug emitted as sku; no manufacturer SKU provenance""]","[]"
"https://pfotentechnik.de/produkt/litter-robot-4/","WARNING","true","1","1","0","0","89","true","true","{""@type"":""Brand"",""name"":""Whisker""}","null","litter-robot-4","","","[""https://pfotentechnik.de/_astro/hero.BNUCmey1_Z1FJ4o8.webp""]","{""@type"":""ItemList"",""itemListElement"":[{""@type"":""ListItem"",""position"":1,""name"":""40 × 40 cm Eingang""},{""@type"":""ListItem"",""position"":2,""name"":""Bis zu vier Katzen laut Hersteller""},{""@type"":""ListItem"",""position"":3,""name"":""Streu- und Abfallfüllstand in der App""},{""@type"":""ListItem"",""position"":4,""name"":""Versiegelte Abfallschublade""}]}","{""@type"":""ItemList"",""itemListElement"":[{""@type"":""ListItem"",""position"":1,""name"":""Große Stellfläche""},{""@type"":""ListItem"",""position"":2,""name"":""30,5-cm-Einstieg ohne Zubehör""},{""@type"":""ListItem"",""position"":3,""name"":""Geschlossene Bauform""},{""@type"":""ListItem"",""position"":4,""name"":""Laufende Verbrauchs- und Zubehörkosten""}]}","[]","[""Review body not an exact visible text match"",""Publisher slug emitted as sku; no manufacturer SKU provenance""]","[]"
"https://pfotentechnik.de/produkt/litter-robot-5-pro/","WARNING","true","1","1","0","0","66","true","true","{""@type"":""Brand"",""name"":""Whisker""}","null","litter-robot-5-pro","","","[""https://pfotentechnik.de/_astro/hero.C9wFd70n_M76o4.webp""]","{""@type"":""ItemList"",""itemListElement"":[{""@type"":""ListItem"",""position"":1,""name"":""zwei integrierte Kameras""},{""@type"":""ListItem"",""position"":2,""name"":""Besuchs- und Gewichtstrends""},{""@type"":""ListItem"",""position"":3,""name"":""mehrkatzenfähig laut Hersteller""}]}","{""@type"":""ItemList"",""itemListElement"":[{""@type"":""ListItem"",""position"":1,""name"":""hoher Anschaffungspreis""},{""@type"":""ListItem"",""position"":2,""name"":""geschlossene Bauform passt nicht zu jeder Katze""},{""@type"":""ListItem"",""position"":3,""name"":""erweiterte Kameraidentifikation kann ein Abo erfordern""}]}","[]","[""Review body not an exact visible text match"",""Publisher slug emitted as sku; no manufacturer SKU provenance""]","[]"
"https://pfotentechnik.de/produkt/neakasa-m1-lite/","WARNING","true","1","1","0","0","80","true","true","{""@type"":""Brand"",""name"":""Neakasa""}","null","neakasa-m1-lite","","","[""https://pfotentechnik.de/_astro/comparison.APj-F-oJ_2ardna.webp""]","{""@type"":""ItemList"",""itemListElement"":[{""@type"":""ListItem"",""position"":1,""name"":""Offene Bauform""},{""@type"":""ListItem"",""position"":2,""name"":""11,23-Liter-Abfallbehälter""},{""@type"":""ListItem"",""position"":3,""name"":""Bristle Seal und Composite-Sealing-Ring laut Hersteller""},{""@type"":""ListItem"",""position"":4,""name"":""Überarbeiteter, 30 Prozent stärkerer Silikonliner laut Hersteller""}]}","{""@type"":""ItemList"",""itemListElement"":[{""@type"":""ListItem"",""position"":1,""name"":""Unter 1 kg nur Kitten-Modus ohne Automatik""},{""@type"":""ListItem"",""position"":2,""name"":""35,2 cm Einstiegshöhe""},{""@type"":""ListItem"",""position"":3,""name"":""Keine Holzpellets oder nicht klumpende Streu""},{""@type"":""ListItem"",""position"":4,""name"":""Sensorzahl ist in offiziellen Darstellungen nicht vollständig konsistent""}]}","[]","[""Review body not an exact visible text match"",""negativeNotes item not an exact visible text match: Keine Holzpellets oder nicht klumpende Streu"",""negativeNotes item not an exact visible text match: Sensorzahl ist in offiziellen Darstellungen nicht vollständig konsistent"",""Publisher slug emitted as sku; no manufacturer SKU provenance""]","[]"
"https://pfotentechnik.de/produkt/neakasa-m1-plus/","WARNING","true","1","1","0","1","74","true","true","{""@type"":""Brand"",""name"":""Neakasa""}","null","neakasa-m1-plus","","","[""https://pfotentechnik.de/_astro/hero.DAy5Mklu_ZUbJm3.webp""]","{""@type"":""ItemList"",""itemListElement"":[{""@type"":""ListItem"",""position"":1,""name"":""offener Flucht- und Sichtweg""},{""@type"":""ListItem"",""position"":2,""name"":""für große Katzen ausgelegt laut Hersteller""},{""@type"":""ListItem"",""position"":3,""name"":""Kitten-Modus deaktiviert Automatik unter Mindestgewicht""}]}","{""@type"":""ItemList"",""itemListElement"":[{""@type"":""ListItem"",""position"":1,""name"":""hoher Einstieg""},{""@type"":""ListItem"",""position"":2,""name"":""große offene Stellfläche""},{""@type"":""ListItem"",""position"":3,""name"":""nicht mit nichtklumpender oder pelletförmiger Streu kompatibel""}]}","[{""@type"":""Offer"",""price"":399.99,""priceCurrency"":""EUR"",""availability"":""https://schema.org/InStock"",""url"":""https://www.amazon.de/Neakasa-selbstreinigend-Katzentoilette-App-Steuerung-Fassungsverm%C3%B6gen/dp/B0CSKBWBF6/ref=sr_1_4?__mk_de_DE=%C3%85M%C3%85%C5%BD%C3%95%C3%91&crid=135AOIM13EXV5&dib=eyJ2IjoiMSJ9.gyMWcRgnE_sssZIwUnJGPbovcHUlLMOA9ab5Dnp-DGUtJgwP44SCPMfdgDliCxxiMdltDqO1ZB2n5lqVRAgRFCkEffqpSLwRxubT2Gs9B24aVxGZPI5Ekjy1Yt-J4_bBktObrqnqB9BA9YSf17ZSp0TMLTCxFd9B6_U1mPlLKz4TozS51-LnHaT-2CC4179JNxIPTtW_R61JxO4eNmaKNlOuezXE9ZvRNb6aGZGfg31YSasGSTnl4W77u8ERA1-wzf3-e9Z92DyOUZavoKFNf3b1nSmYY6ldw6cpOxJDTNs.ylkUY8NxZ2MheR_ColLtkf_XL_V39sy7KPCv2_Y2BWE&dib_tag=se&keywords=Neakasa%2BM1%2BPlus%2BKatzenklo&qid=1786096727&s=pet-supplies&sprefix=neakasa%2Bm1%2Bplus%2Bkatzenklo%2B%2Cpets%2C127&sr=1-4&th=1"",""seller"":{""@type"":""Organization"",""name"":""Amazon""}}]","[""Review body not an exact visible text match"",""Offer URL not visible as anchor"",""Publisher slug emitted as sku; no manufacturer SKU provenance""]","[]"
"https://pfotentechnik.de/produkt/neakasa-riko/","WARNING","true","1","1","0","0","76","true","true","{""@type"":""Brand"",""name"":""Neakasa""}","null","neakasa-riko","","","[""https://pfotentechnik.de/_astro/comparison.DPosWK6v_1bwuAs.webp""]","{""@type"":""ItemList"",""itemListElement"":[{""@type"":""ListItem"",""position"":1,""name"":""Futter und Wasser bleiben bis zur Mahlzeit getrennt""},{""@type"":""ListItem"",""position"":2,""name"":""Wasser-Futter-Verhältnis 1:1 bis 5:1 einstellbar""},{""@type"":""ListItem"",""position"":3,""name"":""Bis zu 20 geplante Mahlzeiten pro Tag""},{""@type"":""ListItem"",""position"":4,""name"":""Optionaler Akku laut Hersteller; Laufzeit abhängig von Nutzung""}]}","{""@type"":""ItemList"",""itemListElement"":[{""@type"":""ListItem"",""position"":1,""name"":""Kein klassisches Nassfutter kompatibel""},{""@type"":""ListItem"",""position"":2,""name"":""Kompatibilität mit normalen Kroketten nicht pauschal gegeben""},{""@type"":""ListItem"",""position"":3,""name"":""Keine individuelle Katzenidentifikation""},{""@type"":""ListItem"",""position"":4,""name"":""Aktuell noch geringe unabhängige Langzeitevidenz""}]}","[]","[""Review body not an exact visible text match"",""Publisher slug emitted as sku; no manufacturer SKU provenance""]","[]"
"https://pfotentechnik.de/produkt/oneisall-2-2l-cordless-fountain/","WARNING","true","1","1","0","1","76","true","true","{""@type"":""Brand"",""name"":""oneisall""}","null","oneisall-2-2l-cordless-fountain","","","[""https://pfotentechnik.de/_astro/hero.Bp5HzdSa_Z1iAlFW.webp""]","{""@type"":""ItemList"",""itemListElement"":[{""@type"":""ListItem"",""position"":1,""name"":""kabelloser Betrieb""},{""@type"":""ListItem"",""position"":2,""name"":""Herstellerangabe bis 30 Tage Akkulaufzeit""},{""@type"":""ListItem"",""position"":3,""name"":""Herstellerangabe unter 20 dB""},{""@type"":""ListItem"",""position"":4,""name"":""Bewegungs- und Dauerbetrieb""},{""@type"":""ListItem"",""position"":5,""name"":""fünfstufige Filterung""}]}","{""@type"":""ItemList"",""itemListElement"":[{""@type"":""ListItem"",""position"":1,""name"":""kein Edelstahl""},{""@type"":""ListItem"",""position"":2,""name"":""keine App oder Trinkprotokolle""},{""@type"":""ListItem"",""position"":3,""name"":""kleinere Reserve als 3,2- und 3,5-Liter-Modelle""},{""@type"":""ListItem"",""position"":4,""name"":""Filterfolgekosten""}]}","[{""@type"":""Offer"",""price"":28.99,""priceCurrency"":""EUR"",""availability"":""https://schema.org/InStock"",""url"":""https://amzn.to/4yYxRhE"",""seller"":{""@type"":""Organization"",""name"":""Amazon""}}]","[""Review body not an exact visible text match"",""Publisher slug emitted as sku; no manufacturer SKU provenance""]","[]"
"https://pfotentechnik.de/produkt/oneisall-2-in-1-feeder-water/","WARNING","true","1","1","0","1","79","true","true","{""@type"":""Brand"",""name"":""oneisall""}","null","oneisall-2-in-1-feeder-water","","","[""https://pfotentechnik.de/_astro/hero.KzwDHtSA_dH5fH.webp""]","{""@type"":""ItemList"",""itemListElement"":[{""@type"":""ListItem"",""position"":1,""name"":""5 Liter Trockenfutterkapazität""},{""@type"":""ListItem"",""position"":2,""name"":""3,5 Liter Wasserreserve""},{""@type"":""ListItem"",""position"":3,""name"":""bis zu sechs Mahlzeiten täglich""},{""@type"":""ListItem"",""position"":4,""name"":""lokales Drehregler-Bedienfeld ohne App""},{""@type"":""ListItem"",""position"":5,""name"":""manuelle Futterausgabe möglich""}]}","{""@type"":""ItemList"",""itemListElement"":[{""@type"":""ListItem"",""position"":1,""name"":""keine App, Kamera oder Fernkontrolle""},{""@type"":""ListItem"",""position"":2,""name"":""keine Wasserfilterung oder Umwälzung""},{""@type"":""ListItem"",""position"":3,""name"":""stehendes Wasser muss häufig vollständig erneuert werden""},{""@type"":""ListItem"",""position"":4,""name"":""keine individuelle Tiererkennung""},{""@type"":""ListItem"",""position"":5,""name"":""nur für Trockenfutter bis 13 mm vorgesehen""}]}","[{""@type"":""Offer"",""price"":59.49,""priceCurrency"":""EUR"",""availability"":""https://schema.org/InStock"",""url"":""https://amzn.to/4hnjahC"",""seller"":{""@type"":""Organization"",""name"":""Amazon""}}]","[""Review body not an exact visible text match"",""Publisher slug emitted as sku; no manufacturer SKU provenance""]","[]"
"https://pfotentechnik.de/produkt/oneisall-3-2l-cordless-fountain/","WARNING","true","1","1","0","1","87","true","true","{""@type"":""Brand"",""name"":""oneisall""}","null","oneisall-3-2l-cordless-fountain","","","[""https://pfotentechnik.de/_astro/hero.LiO5G7Ga_24FaXh.webp""]","{""@type"":""ItemList"",""itemListElement"":[{""@type"":""ListItem"",""position"":1,""name"":""3,2 Liter Wasserreserve""},{""@type"":""ListItem"",""position"":2,""name"":""Trinkfläche aus Edelstahl 304""},{""@type"":""ListItem"",""position"":3,""name"":""vollständig kabelloser Betrieb am Trinkplatz""},{""@type"":""ListItem"",""position"":4,""name"":""4.000-mAh-Akku""},{""@type"":""ListItem"",""position"":5,""name"":""Bewegungssensor, Intervall- und Dauerbetrieb""}]}","{""@type"":""ItemList"",""itemListElement"":[{""@type"":""ListItem"",""position"":1,""name"":""Tank aus ABS statt Voll-Edelstahl""},{""@type"":""ListItem"",""position"":2,""name"":""keine App, Trinkmengenmessung oder Verbrauchsprotokolle""},{""@type"":""ListItem"",""position"":3,""name"":""Dauerfluss reduziert die Akkulaufzeit deutlich""},{""@type"":""ListItem"",""position"":4,""name"":""Filter und Vorfilterschwämme verursachen Folgekosten""},{""@type"":""ListItem"",""position"":5,""name"":""Herstellerinformationen zum Wechselintervall sind nicht vollständig einheitlich""}]}","[{""@type"":""Offer"",""price"":63.21,""priceCurrency"":""EUR"",""availability"":""https://schema.org/InStock"",""url"":""https://amzn.to/4fCjRBh"",""seller"":{""@type"":""Organization"",""name"":""Amazon""}}]","[""Review body not an exact visible text match"",""Publisher slug emitted as sku; no manufacturer SKU provenance""]","[]"
"https://pfotentechnik.de/produkt/oneisall-3-5l-cordless-fountain/","WARNING","true","1","1","0","0","89","true","true","{""@type"":""Brand"",""name"":""oneisall""}","null","oneisall-3-5l-cordless-fountain","","","[""https://pfotentechnik.de/_astro/hero.d1Uwrk7H_1MHyKR.webp""]","{""@type"":""ItemList"",""itemListElement"":[{""@type"":""ListItem"",""position"":1,""name"":""3,5 Liter""},{""@type"":""ListItem"",""position"":2,""name"":""kabellos""},{""@type"":""ListItem"",""position"":3,""name"":""Edelstahl""},{""@type"":""ListItem"",""position"":4,""name"":""Bewegungssensor""},{""@type"":""ListItem"",""position"":5,""name"":""mehrere Modi""}]}","{""@type"":""ItemList"",""itemListElement"":[{""@type"":""ListItem"",""position"":1,""name"":""keine App""},{""@type"":""ListItem"",""position"":2,""name"":""Herstellerlaufzeit nicht pauschal erreichbar""},{""@type"":""ListItem"",""position"":3,""name"":""Filterfolgekosten""},{""@type"":""ListItem"",""position"":4,""name"":""Sensorfluss nicht für jedes Tier ideal""}]}","[]","[""Review body not an exact visible text match"",""Publisher slug emitted as sku; no manufacturer SKU provenance""]","[]"
"https://pfotentechnik.de/produkt/oneisall-5l-automatic-cat-feeder/","WARNING","true","1","1","0","1","73","true","true","{""@type"":""Brand"",""name"":""oneisall""}","null","oneisall-5l-automatic-cat-feeder","","","[""https://pfotentechnik.de/_astro/hero.B0HPY6uU_Z1VCqzL.webp""]","{""@type"":""ItemList"",""itemListElement"":[{""@type"":""ListItem"",""position"":1,""name"":""5-Liter-Vorrat""},{""@type"":""ListItem"",""position"":2,""name"":""zwei getrennte Futterplätze""},{""@type"":""ListItem"",""position"":3,""name"":""breite, flache Napfanordnung""},{""@type"":""ListItem"",""position"":4,""name"":""je nach Variante App-Steuerung""},{""@type"":""ListItem"",""position"":5,""name"":""gutes Preis-Leistungs-Verhältnis""}]}","{""@type"":""ItemList"",""itemListElement"":[{""@type"":""ListItem"",""position"":1,""name"":""keine Tiererkennung""},{""@type"":""ListItem"",""position"":2,""name"":""nur Trockenfutter""},{""@type"":""ListItem"",""position"":3,""name"":""Verteilung kann leicht ungleich ausfallen""},{""@type"":""ListItem"",""position"":4,""name"":""Produktvarianten im Handel sind nicht immer klar bezeichnet""}]}","[{""@type"":""Offer"",""price"":49.99,""priceCurrency"":""EUR"",""availability"":""https://schema.org/InStock"",""url"":""https://amzn.to/4pLa14O"",""seller"":{""@type"":""Organization"",""name"":""Amazon""}}]","[""Review body not an exact visible text match"",""negativeNotes item not an exact visible text match: nur Trockenfutter"",""Publisher slug emitted as sku; no manufacturer SKU provenance""]","[]"
"https://pfotentechnik.de/produkt/oneisall-7l-dog-water-fountain/","WARNING","true","1","1","0","1","82","true","true","{""@type"":""Brand"",""name"":""oneisall""}","null","oneisall-7l-dog-water-fountain","","","[""https://pfotentechnik.de/_astro/hero.TogvJGM6_1NwDNK.webp""]","{""@type"":""ItemList"",""itemListElement"":[{""@type"":""ListItem"",""position"":1,""name"":""7 Liter Wasserreserve""},{""@type"":""ListItem"",""position"":2,""name"":""breite Trinkfläche für große Hundeschnauzen""},{""@type"":""ListItem"",""position"":3,""name"":""Trinkschale aus Edelstahl 304""},{""@type"":""ListItem"",""position"":4,""name"":""sichtbarer Wasserstand""},{""@type"":""ListItem"",""position"":5,""name"":""rote Warnleuchte bei niedrigem Wasserstand""}]}","{""@type"":""ItemList"",""itemListElement"":[{""@type"":""ListItem"",""position"":1,""name"":""kein Akku und keine kabellose Platzierung""},{""@type"":""ListItem"",""position"":2,""name"":""kein Voll-Edelstahlgehäuse""},{""@type"":""ListItem"",""position"":3,""name"":""große Stellfläche""},{""@type"":""ListItem"",""position"":4,""name"":""gefüllt schwer zu bewegen""},{""@type"":""ListItem"",""position"":5,""name"":""keine App, Wasserverbrauchsmessung oder Trinkprotokolle""}]}","[{""@type"":""Offer"",""price"":59.49,""priceCurrency"":""EUR"",""availability"":""https://schema.org/InStock"",""url"":""https://amzn.to/4fQBE92"",""seller"":{""@type"":""Organization"",""name"":""Amazon""}}]","[""Review body not an exact visible text match"",""Publisher slug emitted as sku; no manufacturer SKU provenance""]","[]"
"https://pfotentechnik.de/produkt/onlycat-mikrochip-katzenklappe/","WARNING","true","1","1","0","1","71","true","true","{""@type"":""Brand"",""name"":""OnlyCat""}","null","onlycat-mikrochip-katzenklappe","","","[""https://pfotentechnik.de/_astro/hero.lF8oIgfQ_Wz0iE.webp""]","{""@type"":""ItemList"",""itemListElement"":[{""@type"":""ListItem"",""position"":1,""name"":""Integrierte Kamera und Beuteerkennung""},{""@type"":""ListItem"",""position"":2,""name"":""Individuelle Ein-/Ausgangsregeln""},{""@type"":""ListItem"",""position"":3,""name"":""Grundbetrieb bei WLAN-Ausfall laut Hersteller""}]}","{""@type"":""ItemList"",""itemListElement"":[{""@type"":""ListItem"",""position"":1,""name"":""Netzstrom erforderlich""},{""@type"":""ListItem"",""position"":2,""name"":""Ersteinrichtung und App brauchen WLAN""},{""@type"":""ListItem"",""position"":3,""name"":""Abo-Variante mit laufenden Kosten""}]}","[{""@type"":""Offer"",""price"":275,""priceCurrency"":""GBP"",""availability"":""https://schema.org/InStock"",""url"":""https://www.onlycat.com/de/store/onlycat-mikrochip-katzenklappe-mit-beutefallerkennung/"",""seller"":{""@type"":""Organization"",""name"":""onlycat.com""}}]","[""Review body not an exact visible text match"",""Publisher slug emitted as sku; no manufacturer SKU provenance""]","[]"
"https://pfotentechnik.de/produkt/paj-pet-finder-4g-mini/","WARNING","true","1","1","0","1","82","true","true","{""@type"":""Brand"",""name"":""PAJ GPS""}","null","paj-pet-finder-4g-mini","","","[""https://pfotentechnik.de/_astro/hero.BbQKaPBq_cxiHF.webp""]","{""@type"":""ItemList"",""itemListElement"":[{""@type"":""ListItem"",""position"":1,""name"":""nur 33,1 g Gerätegewicht""},{""@type"":""ListItem"",""position"":2,""name"":""3 Monate Premium plus 24 Monate Lite enthalten""},{""@type"":""ListItem"",""position"":3,""name"":""integrierte 4G-SIM für Europa""},{""@type"":""ListItem"",""position"":4,""name"":""Live-Tracking und Geozaun""},{""@type"":""ListItem"",""position"":5,""name"":""Standort mit Familie oder Betreuungspersonen teilbar""}]}","{""@type"":""ItemList"",""itemListElement"":[{""@type"":""ListItem"",""position"":1,""name"":""kein dauerhaft abofreier Betrieb""},{""@type"":""ListItem"",""position"":2,""name"":""Lite-Tarif bietet weniger Funktionen als Premium""},{""@type"":""ListItem"",""position"":3,""name"":""nur 1 bis 2 Tage bei kontinuierlichem Tracking laut aktueller Detailangabe""},{""@type"":""ListItem"",""position"":4,""name"":""Mobilfunkempfang ist für Fernortung erforderlich""},{""@type"":""ListItem"",""position"":5,""name"":""Europa-Abdeckung statt weltweiter Nutzung""}]}","[{""@type"":""Offer"",""price"":58.99,""priceCurrency"":""EUR"",""availability"":""https://schema.org/InStock"",""url"":""https://amzn.to/4vHdX7J"",""seller"":{""@type"":""Organization"",""name"":""Amazon""}}]","[""Review body not an exact visible text match"",""Publisher slug emitted as sku; no manufacturer SKU provenance""]","[]"
"https://pfotentechnik.de/produkt/pawbby-smart-pet-feeder/","WARNING","true","1","1","0","0","71","true","true","{""@type"":""Brand"",""name"":""PAWBBY""}","null","pawbby-smart-pet-feeder","","","[""https://pfotentechnik.de/_astro/thumbnail.Ds8fl37U_ZRpD35.webp""]","{""@type"":""ItemList"",""itemListElement"":[{""@type"":""ListItem"",""position"":1,""name"":""Vernetzte Bedienung""},{""@type"":""ListItem"",""position"":2,""name"":""Kompakte Bauform""},{""@type"":""ListItem"",""position"":3,""name"":""Zeitgesteuerte Portionierung""}]}","{""@type"":""ItemList"",""itemListElement"":[{""@type"":""ListItem"",""position"":1,""name"":""Varianten und regionale App-Kompatibilität prüfen""},{""@type"":""ListItem"",""position"":2,""name"":""Nur Trockenfutter""},{""@type"":""ListItem"",""position"":3,""name"":""Verfügbarkeit in Deutschland schwankt""}]}","[]","[""Review body not an exact visible text match"",""negativeNotes item not an exact visible text match: Verfügbarkeit in Deutschland schwankt"",""Publisher slug emitted as sku; no manufacturer SKU provenance""]","[]"
"https://pfotentechnik.de/produkt/pawfit-3/","WARNING","true","1","1","0","0","60","true","true","{""@type"":""Brand"",""name"":""Pawfit""}","null","pawfit-3","","","[""https://pfotentechnik.de/_astro/hero.rQ5Swvnn_Z1fhhoD.webp""]","{""@type"":""ItemList"",""itemListElement"":[{""@type"":""ListItem"",""position"":1,""name"":""27 g""},{""@type"":""ListItem"",""position"":2,""name"":""Audio-ID und Pawfit Voice""},{""@type"":""ListItem"",""position"":3,""name"":""IP68""},{""@type"":""ListItem"",""position"":4,""name"":""GPS, WLAN, 4G und Bluetooth""}]}","{""@type"":""ItemList"",""itemListElement"":[{""@type"":""ListItem"",""position"":1,""name"":""Abo erforderlich""},{""@type"":""ListItem"",""position"":2,""name"":""Nur für Hunde über 3,5 kg empfohlen""},{""@type"":""ListItem"",""position"":3,""name"":""Akku nutzungsabhängig""},{""@type"":""ListItem"",""position"":4,""name"":""Keine Kamera""}]}","[]","[""Review body not an exact visible text match"",""Publisher slug emitted as sku; no manufacturer SKU provenance""]","[]"
"https://pfotentechnik.de/produkt/pawsync-smart-pet-feeder/","WARNING","true","1","1","0","1","91","true","true","{""@type"":""Brand"",""name"":""PawSync""}","null","pawsync-smart-pet-feeder","","","[""https://pfotentechnik.de/_astro/hero.BLCy4HpK_2jqEB0.webp""]","{""@type"":""ItemList"",""itemListElement"":[{""@type"":""ListItem"",""position"":1,""name"":""Integrierte Waage""},{""@type"":""ListItem"",""position"":2,""name"":""Planung nach Gewicht""},{""@type"":""ListItem"",""position"":3,""name"":""Slow-Feed-Modus""},{""@type"":""ListItem"",""position"":4,""name"":""Automatische Rotor-Umkehr""},{""@type"":""ListItem"",""position"":5,""name"":""Batterie-Backup""}]}","{""@type"":""ItemList"",""itemListElement"":[{""@type"":""ListItem"",""position"":1,""name"":""Deutschland-Verfügbarkeit schwankt""},{""@type"":""ListItem"",""position"":2,""name"":""Nur Trockenfutter""},{""@type"":""ListItem"",""position"":3,""name"":""Messung auf Teppich weniger verlässlich""},{""@type"":""ListItem"",""position"":4,""name"":""Keine Zugangskontrolle für mehrere Tiere""}]}","[{""@type"":""Offer"",""price"":59.99,""priceCurrency"":""EUR"",""availability"":""https://schema.org/InStock"",""url"":""https://amzn.to/4wkmJtD"",""seller"":{""@type"":""Organization"",""name"":""Amazon""}}]","[""Review body not an exact visible text match"",""negativeNotes item not an exact visible text match: Nur Trockenfutter"",""Publisher slug emitted as sku; no manufacturer SKU provenance""]","[]"
"https://pfotentechnik.de/produkt/petkit-eversweet-3-pro-uvc/","WARNING","true","1","1","0","1","84","true","true","{""@type"":""Brand"",""name"":""PETKIT""}","null","petkit-eversweet-3-pro-uvc","","","[""https://pfotentechnik.de/_astro/hero.B6xM-5PQ_ZxQiz8.webp""]","{""@type"":""ItemList"",""itemListElement"":[{""@type"":""ListItem"",""position"":1,""name"":""Wasserbehälter aus Edelstahl 304""},{""@type"":""ListItem"",""position"":2,""name"":""kabellose, vollständig entnehmbare UVC-Pumpe""},{""@type"":""ListItem"",""position"":3,""name"":""Herstellerangabe bis zu 99,96 Prozent Reduktion bestimmter Bakterien""},{""@type"":""ListItem"",""position"":4,""name"":""vierstufige Hauptfilterung plus Pumpenvorfilter""},{""@type"":""ListItem"",""position"":5,""name"":""Normal-, Smart- und Nicht-stören-Modus""}]}","{""@type"":""ItemList"",""itemListElement"":[{""@type"":""ListItem"",""position"":1,""name"":""kleine nutzbare Kapazität von 1,6 Litern""},{""@type"":""ListItem"",""position"":2,""name"":""kein Akku- oder Batteriebetrieb""},{""@type"":""ListItem"",""position"":3,""name"":""keine eigenständige WLAN-Verbindung""},{""@type"":""ListItem"",""position"":4,""name"":""Fernzugriff nur über ein zusätzliches kompatibles PETKIT-Hauptgerät""},{""@type"":""ListItem"",""position"":5,""name"":""keine Trinkmengen- oder Tiererkennung""}]}","[{""@type"":""Offer"",""price"":77.99,""priceCurrency"":""EUR"",""availability"":""https://schema.org/InStock"",""url"":""https://amzn.to/4x46uRz"",""seller"":{""@type"":""Organization"",""name"":""Amazon""}}]","[""Review body not an exact visible text match"",""Publisher slug emitted as sku; no manufacturer SKU provenance""]","[]"
"https://pfotentechnik.de/produkt/petkit-eversweet-5-mini/","WARNING","true","1","1","0","0","74","true","true","{""@type"":""Brand"",""name"":""PETKIT""}","null","petkit-eversweet-5-mini","","","[""https://pfotentechnik.de/_astro/hero.cTsZY7_P_qMDxp.webp""]","{""@type"":""ItemList"",""itemListElement"":[{""@type"":""ListItem"",""position"":1,""name"":""sehr kompakte Bauform""},{""@type"":""ListItem"",""position"":2,""name"":""für kleine Stellflächen geeignet""},{""@type"":""ListItem"",""position"":3,""name"":""mehrstufige Filterung""},{""@type"":""ListItem"",""position"":4,""name"":""übersichtliche Technik ohne App-Zwang""}]}","{""@type"":""ItemList"",""itemListElement"":[{""@type"":""ListItem"",""position"":1,""name"":""nur 1 Liter Kapazität""},{""@type"":""ListItem"",""position"":2,""name"":""keine App- oder Akku-Funktionen""},{""@type"":""ListItem"",""position"":3,""name"":""häufigeres Nachfüllen nötig""},{""@type"":""ListItem"",""position"":4,""name"":""aktuelle Ersatzteil- und Modellverfügbarkeit prüfen""}]}","[]","[""Review body not an exact visible text match"",""Publisher slug emitted as sku; no manufacturer SKU provenance""]","[]"
"https://pfotentechnik.de/produkt/petkit-eversweet-max-2-uvc/","WARNING","true","1","1","0","0","81","true","true","{""@type"":""Brand"",""name"":""PETKIT""}","null","petkit-eversweet-max-2-uvc","","","[""https://pfotentechnik.de/_astro/hero.BH7M5GE__ZPGaBw.webp""]","{""@type"":""ItemList"",""itemListElement"":[{""@type"":""ListItem"",""position"":1,""name"":""3 Liter Kapazität für Katzen und kleine Hunde""},{""@type"":""ListItem"",""position"":2,""name"":""Akku- und Netzbetrieb möglich""},{""@type"":""ListItem"",""position"":3,""name"":""Edelstahl-Trinkfläche""},{""@type"":""ListItem"",""position"":4,""name"":""kabellose UVC-Pumpe mit Trockenlaufschutz""},{""@type"":""ListItem"",""position"":5,""name"":""Herstellerangabe bis 26 dB""}]}","{""@type"":""ItemList"",""itemListElement"":[{""@type"":""ListItem"",""position"":1,""name"":""höhere Anschaffungs- und Filterfolgekosten""},{""@type"":""ListItem"",""position"":2,""name"":""Akkulaufzeit stark vom Betriebsmodus abhängig""},{""@type"":""ListItem"",""position"":3,""name"":""App-Verbindung primär über Bluetooth""},{""@type"":""ListItem"",""position"":4,""name"":""UVC kann Biofilm und manuelle Reinigung nicht ersetzen""}]}","[]","[""Review body not an exact visible text match"",""Publisher slug emitted as sku; no manufacturer SKU provenance""]","[]"
"https://pfotentechnik.de/produkt/petkit-eversweet-max-cordless/","WARNING","true","1","1","0","0","79","true","true","{""@type"":""Brand"",""name"":""PETKIT""}","null","petkit-eversweet-max-cordless","","","[""https://pfotentechnik.de/_astro/hero.CPSVNfqG_Z14rB05.webp""]","{""@type"":""ItemList"",""itemListElement"":[{""@type"":""ListItem"",""position"":1,""name"":""3 Liter Kapazität""},{""@type"":""ListItem"",""position"":2,""name"":""Akku- und Netzbetrieb""},{""@type"":""ListItem"",""position"":3,""name"":""Herstellerangabe bis 83 Tage Akkulaufzeit""},{""@type"":""ListItem"",""position"":4,""name"":""Edelstahl-Trinkfläche""},{""@type"":""ListItem"",""position"":5,""name"":""Bewegungssensor und mehrere Betriebsmodi""}]}","{""@type"":""ItemList"",""itemListElement"":[{""@type"":""ListItem"",""position"":1,""name"":""höherer Preis""},{""@type"":""ListItem"",""position"":2,""name"":""Akkulaufzeit stark modusabhängig""},{""@type"":""ListItem"",""position"":3,""name"":""nur Bluetooth-App""},{""@type"":""ListItem"",""position"":4,""name"":""Wasserstand nicht direkt in der App sichtbar""},{""@type"":""ListItem"",""position"":5,""name"":""vereinzelte Berichte über Setup-, Firmware- und Sensorprobleme""}]}","[]","[""Review body not an exact visible text match"",""Publisher slug emitted as sku; no manufacturer SKU provenance""]","[]"
"https://pfotentechnik.de/produkt/petkit-eversweet-solo-2-fountain/","WARNING","true","1","1","0","1","87","true","true","{""@type"":""Brand"",""name"":""PETKIT""}","null","petkit-eversweet-solo-2-fountain","","","[""https://pfotentechnik.de/_astro/hero.B9KUdcsd_Z2iDtTE.webp""]","{""@type"":""ItemList"",""itemListElement"":[{""@type"":""ListItem"",""position"":1,""name"":""leiser Betrieb""},{""@type"":""ListItem"",""position"":2,""name"":""2-Liter-Tank""},{""@type"":""ListItem"",""position"":3,""name"":""kabellose Pumpe im Tank""},{""@type"":""ListItem"",""position"":4,""name"":""Statusanzeige""},{""@type"":""ListItem"",""position"":5,""name"":""einfache Bauform""}]}","{""@type"":""ItemList"",""itemListElement"":[{""@type"":""ListItem"",""position"":1,""name"":""kabelgebundener Brunnen""},{""@type"":""ListItem"",""position"":2,""name"":""begrenzte App-Reichweite""},{""@type"":""ListItem"",""position"":3,""name"":""Filter etwa monatlich""},{""@type"":""ListItem"",""position"":4,""name"":""Teile nur von Hand reinigen""}]}","[{""@type"":""Offer"",""price"":49.99,""priceCurrency"":""EUR"",""availability"":""https://schema.org/InStock"",""url"":""https://www.amazon.de/PETKIT-Automatische-Intelligenter-Trinkbrunnen-Wasserpumpe/dp/B0B4W8FDBV/ref=sr_1_6?crid=13H18OTGNC1KA&dib=eyJ2IjoiMSJ9.3LSW91xIJf7OhUTWxU3BbKFFTo8zchYGdYA680UaJ2cDbbMcPSPWiy2tmnxelD4Wqzp8cxiShJzstYKWWVihwTeakbfGZkr3psLOI7QTipgoHc7h2eio6LzzaRkGvz64n6pufLMPAvQvuIbf0oF3bW9kfGlUDgqbABRdjEwVNP2J4NC4qKU9dy5W3F6K3sv_IxCufXdwRelrYtpGaU7ki7T9xsN2dQmtybjkXzOiRQhOsqCVyw_rtl5e3cLpy85vlFmNguyz2C6skSLXecQDQv79cC-Li7rwCNO9bKvinJo.t0Y2BSVl0tl4NrdQ5TgtqERYCBa9Ne1UdCirVP-lSGE&dib_tag=se&keywords=petkit+eversweet+solo+2&qid=1785100478&sprefix=petlot+eversweet+solo%2Caps%2C113&sr=8-6"",""seller"":{""@type"":""Organization"",""name"":""Amazon""}}]","[""Review body not an exact visible text match"",""Offer URL not visible as anchor"",""Publisher slug emitted as sku; no manufacturer SKU provenance""]","[]"
"https://pfotentechnik.de/produkt/petkit-eversweet-solo-se/","WARNING","true","1","1","0","1","76","true","true","{""@type"":""Brand"",""name"":""PETKIT""}","null","petkit-eversweet-solo-se","","","[""https://pfotentechnik.de/_astro/hero.CX4ZZxiU_1j4hfd.webp""]","{""@type"":""ItemList"",""itemListElement"":[{""@type"":""ListItem"",""position"":1,""name"":""1,8 Liter Kapazität""},{""@type"":""ListItem"",""position"":2,""name"":""kabellose Pumpe im Tank""},{""@type"":""ListItem"",""position"":3,""name"":""Herstellerangabe unter 25 dB""},{""@type"":""ListItem"",""position"":4,""name"":""mehrstufige Filterung""},{""@type"":""ListItem"",""position"":5,""name"":""automatische Abschaltung bei Wassermangel""}]}","{""@type"":""ItemList"",""itemListElement"":[{""@type"":""ListItem"",""position"":1,""name"":""kein Akku""},{""@type"":""ListItem"",""position"":2,""name"":""keine App""},{""@type"":""ListItem"",""position"":3,""name"":""kein einstellbarer Wasserfluss""},{""@type"":""ListItem"",""position"":4,""name"":""nicht spülmaschinengeeignet""}]}","[{""@type"":""Offer"",""price"":61.99,""priceCurrency"":""EUR"",""availability"":""https://schema.org/InStock"",""url"":""https://amzn.to/4bUvu5p"",""seller"":{""@type"":""Organization"",""name"":""Amazon""}}]","[""Review body not an exact visible text match"",""Publisher slug emitted as sku; no manufacturer SKU provenance""]","[]"
"https://pfotentechnik.de/produkt/petkit-eversweet-ultra/","WARNING","true","1","1","0","1","83","true","true","{""@type"":""Brand"",""name"":""PETKIT""}","null","petkit-eversweet-ultra","","","[""https://pfotentechnik.de/_astro/hero.D5rLbiPU_Z20LuLw.webp""]","{""@type"":""ItemList"",""itemListElement"":[{""@type"":""ListItem"",""position"":1,""name"":""5 Liter Frischwasserreserve""},{""@type"":""ListItem"",""position"":2,""name"":""1,8 Liter separater Abwassertank""},{""@type"":""ListItem"",""position"":3,""name"":""gebrauchtes Wasser fließt nicht in den Frischwassertank zurück""},{""@type"":""ListItem"",""position"":4,""name"":""350-ml-Trinkschale aus Edelstahl 304""},{""@type"":""ListItem"",""position"":5,""name"":""1080p-Kamera mit 140-Grad-Weitwinkel""}]}","{""@type"":""ItemList"",""itemListElement"":[{""@type"":""ListItem"",""position"":1,""name"":""hoher Anschaffungspreis""},{""@type"":""ListItem"",""position"":2,""name"":""großer Platzbedarf und 3,5 kg Leergewicht""},{""@type"":""ListItem"",""position"":3,""name"":""kein Akku und keine Notstromversorgung""},{""@type"":""ListItem"",""position"":4,""name"":""AI-Erkennung kann einzelne Tiere falsch oder gar nicht zuordnen""},{""@type"":""ListItem"",""position"":5,""name"":""Video- und Cloudfunktionen können zusätzliche Abokosten verursachen""}]}","[{""@type"":""Offer"",""price"":279.99,""priceCurrency"":""EUR"",""availability"":""https://schema.org/InStock"",""url"":""https://amzn.to/4vNSo5F"",""seller"":{""@type"":""Organization"",""name"":""Amazon""}}]","[""Review body not an exact visible text match"",""Publisher slug emitted as sku; no manufacturer SKU provenance""]","[]"
"https://pfotentechnik.de/produkt/petkit-fresh-element-infinity/","WARNING","true","1","1","0","0","79","true","true","{""@type"":""Brand"",""name"":""PETKIT""}","null","petkit-fresh-element-infinity","","","[""https://pfotentechnik.de/_astro/comparison.B4CZo3cO_FNfXg.webp""]","{""@type"":""ItemList"",""itemListElement"":[{""@type"":""ListItem"",""position"":1,""name"":""Größerer Vorrat als beim Fresh Element Solo""},{""@type"":""ListItem"",""position"":2,""name"":""App-Steuerung und Fütterungsprotokolle""},{""@type"":""ListItem"",""position"":3,""name"":""Integrierter Akku überbrückt kurze Stromausfälle""}]}","{""@type"":""ItemList"",""itemListElement"":[{""@type"":""ListItem"",""position"":1,""name"":""Nur für Trockenfutter geeignet""},{""@type"":""ListItem"",""position"":2,""name"":""Keine Kamera""},{""@type"":""ListItem"",""position"":3,""name"":""Größer und schwerer als kompakte 3-Liter-Modelle""}]}","[]","[""Review body not an exact visible text match"",""negativeNotes item not an exact visible text match: Größer und schwerer als kompakte 3-Liter-Modelle"",""Publisher slug emitted as sku; no manufacturer SKU provenance""]","[]"
"https://pfotentechnik.de/produkt/petkit-fresh-element-solo/","WARNING","true","1","1","0","1","81","true","true","{""@type"":""Brand"",""name"":""PETKIT""}","null","petkit-fresh-element-solo","","","[""https://pfotentechnik.de/_astro/comparison.B_4jxojf_Z1adphS.webp""]","{""@type"":""ItemList"",""itemListElement"":[{""@type"":""ListItem"",""position"":1,""name"":""kompakte Stellfläche""},{""@type"":""ListItem"",""position"":2,""name"":""3 Liter beziehungsweise etwa 1,33 kg Futter""},{""@type"":""ListItem"",""position"":3,""name"":""PETKIT-App mit Zeitplänen und Fernfütterung""},{""@type"":""ListItem"",""position"":4,""name"":""Statusmeldungen zu Futterstand, Batterie, Ausgabe und Trockenmittel""},{""@type"":""ListItem"",""position"":5,""name"":""Edelstahl-Napf aus Edelstahl 304""}]}","{""@type"":""ItemList"",""itemListElement"":[{""@type"":""ListItem"",""position"":1,""name"":""nur 2,4-GHz-WLAN""},{""@type"":""ListItem"",""position"":2,""name"":""nur ein bis fünf Portionseinheiten je Mahlzeit""},{""@type"":""ListItem"",""position"":3,""name"":""keine Kamera, Waage oder Zugangskontrolle""},{""@type"":""ListItem"",""position"":4,""name"":""App-Protokoll dokumentiert nicht sicher, welches Tier tatsächlich gefressen hat""},{""@type"":""ListItem"",""position"":5,""name"":""kleiner Vorrat für mehrere Tiere""}]}","[{""@type"":""Offer"",""price"":69.99,""priceCurrency"":""EUR"",""availability"":""https://schema.org/InStock"",""url"":""https://amzn.to/4gOwewg"",""seller"":{""@type"":""Organization"",""name"":""Amazon""}}]","[""Review body not an exact visible text match"",""Publisher slug emitted as sku; no manufacturer SKU provenance""]","[]"
"https://pfotentechnik.de/produkt/petkit-puramax-2/","WARNING","true","1","1","0","0","89","true","true","{""@type"":""Brand"",""name"":""PETKIT""}","null","petkit-puramax-2","","","[""https://pfotentechnik.de/_astro/hero.oq_YZ1O2_1WQKcY.webp""]","{""@type"":""ItemList"",""itemListElement"":[{""@type"":""ListItem"",""position"":1,""name"":""20-cm-Einstieg""},{""@type"":""ListItem"",""position"":2,""name"":""76-Liter-Zylinder""},{""@type"":""ListItem"",""position"":3,""name"":""Elf Sensoren laut Hersteller""},{""@type"":""ListItem"",""position"":4,""name"":""App-Protokolle ohne Kamera""}]}","{""@type"":""ItemList"",""itemListElement"":[{""@type"":""ListItem"",""position"":1,""name"":""Geschlossene Bauform""},{""@type"":""ListItem"",""position"":2,""name"":""Gewichts- und Altersgrenzen""},{""@type"":""ListItem"",""position"":3,""name"":""Proprietäres Geruchszubehör""},{""@type"":""ListItem"",""position"":4,""name"":""Nur 2,4-GHz-WLAN""}]}","[]","[""Review body not an exact visible text match"",""Publisher slug emitted as sku; no manufacturer SKU provenance""]","[]"
"https://pfotentechnik.de/produkt/petkit-purobot-crystal-duo/","WARNING","true","1","1","0","0","78","true","true","{""@type"":""Brand"",""name"":""PETKIT""}","null","petkit-purobot-crystal-duo","","","[""https://pfotentechnik.de/_astro/hero.Dl1YpJ8s_e6vsr.webp""]","{""@type"":""ItemList"",""itemListElement"":[{""@type"":""ListItem"",""position"":1,""name"":""Offene Bauweise""},{""@type"":""ListItem"",""position"":2,""name"":""18 cm Einstieg""},{""@type"":""ListItem"",""position"":3,""name"":""Kein ausgewiesenes oberes Katzengewicht""},{""@type"":""ListItem"",""position"":4,""name"":""Kamera und abschaltbare Aufnahmezeiten""}]}","{""@type"":""ItemList"",""itemListElement"":[{""@type"":""ListItem"",""position"":1,""name"":""Proprietäre Einwegschale und Kristallstreu""},{""@type"":""ListItem"",""position"":2,""name"":""Nicht für Kitten unter 6 Monaten oder 1,5 kg""},{""@type"":""ListItem"",""position"":3,""name"":""Care+ für vollständige Videowiedergabe""},{""@type"":""ListItem"",""position"":4,""name"":""Keine freie Streuwahl""}]}","[]","[""Review body not an exact visible text match"",""Publisher slug emitted as sku; no manufacturer SKU provenance""]","[]"
"https://pfotentechnik.de/produkt/petkit-purobot-max-3/","WARNING","true","1","1","0","0","81","true","true","{""@type"":""Brand"",""name"":""petkit""}","null","petkit-purobot-max-3","","","[""https://pfotentechnik.de/_astro/hero.aB8X_Cmh_23y03t.webp""]","{""@type"":""ItemList"",""itemListElement"":[{""@type"":""ListItem"",""position"":1,""name"":""20,4-cm-Einstieg""},{""@type"":""ListItem"",""position"":2,""name"":""12 Sensoren laut Hersteller""},{""@type"":""ListItem"",""position"":3,""name"":""Mechanische Anti-Pinch-Struktur zusätzlich zur Sensorik""},{""@type"":""ListItem"",""position"":4,""name"":""76-Liter-Zylinder""}]}","{""@type"":""ItemList"",""itemListElement"":[{""@type"":""ListItem"",""position"":1,""name"":""Nur für 1,5 bis 10 kg und laut Hersteller ab 6 Monaten""},{""@type"":""ListItem"",""position"":2,""name"":""Geschlossene Bauform muss akzeptiert werden""},{""@type"":""ListItem"",""position"":3,""name"":""N50/N60-Geruchszubehör verursacht Folgekosten""},{""@type"":""ListItem"",""position"":4,""name"":""Monitoringdaten sind keine Diagnose""}]}","[]","[""Review body not an exact visible text match"",""negativeNotes item not an exact visible text match: N50/N60-Geruchszubehör verursacht Folgekosten"",""negativeNotes item not an exact visible text match: Monitoringdaten sind keine Diagnose"",""Publisher slug emitted as sku; no manufacturer SKU provenance""]","[]"
"https://pfotentechnik.de/produkt/petkit-purobot-max-pro-2/","WARNING","true","1","1","0","1","67","true","true","{""@type"":""Brand"",""name"":""PETKIT""}","null","petkit-purobot-max-pro-2","","","[""https://pfotentechnik.de/_astro/hero.D-uZkvEI_Z7sBsC.webp""]","{""@type"":""ItemList"",""itemListElement"":[{""@type"":""ListItem"",""position"":1,""name"":""AI-Kamera plus Gewichtssensoren fuer Mehrkatzenprofile laut Hersteller""},{""@type"":""ListItem"",""position"":2,""name"":""12 Sensoren und Anti-Pinch-Konstruktion laut Hersteller""},{""@type"":""ListItem"",""position"":3,""name"":""voreingestellter Grundbetrieb funktioniert bei Netzverlust weiter""}]}","{""@type"":""ItemList"",""itemListElement"":[{""@type"":""ListItem"",""position"":1,""name"":""geschlossener Innenraum und 25,5 cm Einstieg muessen zur Katze passen""},{""@type"":""ListItem"",""position"":2,""name"":""Kamera- und Nutzungsdaten liegen in der Hersteller-Cloud""},{""@type"":""ListItem"",""position"":3,""name"":""8-l-Abfallfach und passende Beutel erzeugen Wartungs- und Folgekosten""}]}","[{""@type"":""Offer"",""price"":599.99,""priceCurrency"":""EUR"",""availability"":""https://schema.org/InStock"",""url"":""https://amzn.to/3RQ7Lg4"",""seller"":{""@type"":""Organization"",""name"":""Amazon""}}]","[""Review body not an exact visible text match"",""Publisher slug emitted as sku; no manufacturer SKU provenance""]","[]"
"https://pfotentechnik.de/produkt/petkit-yumshare-dual-hopper/","WARNING","true","1","1","0","1","95","true","true","{""@type"":""Brand"",""name"":""PETKIT""}","null","petkit-yumshare-dual-hopper","","","[""https://pfotentechnik.de/_astro/comparison.DsBkFtOC_otyFg.webp""]","{""@type"":""ItemList"",""itemListElement"":[{""@type"":""ListItem"",""position"":1,""name"":""zwei getrennte Vorratskammern""},{""@type"":""ListItem"",""position"":2,""name"":""flexible Ausgabe aus einer oder beiden Kammern""},{""@type"":""ListItem"",""position"":3,""name"":""5 Liter Gesamtvolumen""},{""@type"":""ListItem"",""position"":4,""name"":""bis zu zehn Mahlzeiten täglich""},{""@type"":""ListItem"",""position"":5,""name"":""1080p-Kamera mit Tag- und Nachtüberwachung""}]}","{""@type"":""ItemList"",""itemListElement"":[{""@type"":""ListItem"",""position"":1,""name"":""keine physische Zugangskontrolle je Tier""},{""@type"":""ListItem"",""position"":2,""name"":""nur ein gemeinsamer Napf""},{""@type"":""ListItem"",""position"":3,""name"":""keine echte Napfwaage""},{""@type"":""ListItem"",""position"":4,""name"":""Kameraauswertung kann Tiere oder Restmengen falsch einordnen""},{""@type"":""ListItem"",""position"":5,""name"":""Cloud-Wiedergabe kann ein Care+-Abonnement benötigen""}]}","[{""@type"":""Offer"",""price"":139,""priceCurrency"":""EUR"",""availability"":""https://schema.org/InStock"",""url"":""https://amzn.to/3TQJw1G"",""seller"":{""@type"":""Organization"",""name"":""Amazon""}}]","[""Review body not an exact visible text match"",""Publisher slug emitted as sku; no manufacturer SKU provenance""]","[]"
"https://pfotentechnik.de/produkt/petkit-yumshare-solo-2/","WARNING","true","1","1","0","1","82","true","true","{""@type"":""Brand"",""name"":""PETKIT""}","null","petkit-yumshare-solo-2","","","[""https://pfotentechnik.de/_astro/comparison.CfXALNaL_Z1tTp7o.webp""]","{""@type"":""ItemList"",""itemListElement"":[{""@type"":""ListItem"",""position"":1,""name"":""1080p-Kamera mit Livebild""},{""@type"":""ListItem"",""position"":2,""name"":""Zwei-Wege-Audio und persönlicher Mahlzeitenruf""},{""@type"":""ListItem"",""position"":3,""name"":""2,4- und 5-GHz-WLAN""},{""@type"":""ListItem"",""position"":4,""name"":""bis zu zehn Mahlzeiten täglich""},{""@type"":""ListItem"",""position"":5,""name"":""3 Liter beziehungsweise zwölf Cups Kapazität""}]}","{""@type"":""ItemList"",""itemListElement"":[{""@type"":""ListItem"",""position"":1,""name"":""nicht für Nassfutter""},{""@type"":""ListItem"",""position"":2,""name"":""Kamera und Fernfunktionen bleiben cloud- und appabhängig""},{""@type"":""ListItem"",""position"":3,""name"":""AI-Zuordnung ersetzt keine physische Zugangskontrolle""},{""@type"":""ListItem"",""position"":4,""name"":""Kamera-Mehrwert kann durch kostenpflichtige Video-Historie relativiert werden""},{""@type"":""ListItem"",""position"":5,""name"":""Video-Wiedergabe kann ein Abonnement benötigen""}]}","[{""@type"":""Offer"",""price"":139.99,""priceCurrency"":""EUR"",""availability"":""https://schema.org/InStock"",""url"":""https://amzn.to/4hyQ5Qk"",""seller"":{""@type"":""Organization"",""name"":""Amazon""}}]","[""Review body not an exact visible text match"",""Publisher slug emitted as sku; no manufacturer SKU provenance""]","[]"
"https://pfotentechnik.de/produkt/petlibro-air-automatic-feeder/","WARNING","true","1","1","0","1","72","true","true","{""@type"":""Brand"",""name"":""PETLIBRO""}","null","petlibro-air-automatic-feeder","","","[""https://pfotentechnik.de/_astro/hero.Ck4CJm48_Z1Ckl2L.webp""]","{""@type"":""ItemList"",""itemListElement"":[{""@type"":""ListItem"",""position"":1,""name"":""Funktioniert vollständig ohne WLAN und App""},{""@type"":""ListItem"",""position"":2,""name"":""Kompakte und leichte Bauform""},{""@type"":""ListItem"",""position"":3,""name"":""Bis zu etwa 180 Tage Batteriebetrieb möglich""}]}","{""@type"":""ItemList"",""itemListElement"":[{""@type"":""ListItem"",""position"":1,""name"":""Nur für Trockenfutter geeignet""},{""@type"":""ListItem"",""position"":2,""name"":""Keine Fernsteuerung oder Fütterungsprotokolle""},{""@type"":""ListItem"",""position"":3,""name"":""Kleinerer Vorrat als beim Granary""}]}","[{""@type"":""Offer"",""price"":54.99,""priceCurrency"":""EUR"",""availability"":""https://schema.org/InStock"",""url"":""https://www.mediamarkt.de/de/product/_petlibro-pl-af008-91b-air-autompet-feed-black-2l-2989266.html?storeId=130"",""seller"":{""@type"":""Organization"",""name"":""mediamarkt.de""}}]","[""Review body not an exact visible text match"",""negativeNotes item not an exact visible text match: Kleinerer Vorrat als beim Granary"",""Publisher slug emitted as sku; no manufacturer SKU provenance""]","[]"
"https://pfotentechnik.de/produkt/petlibro-air-wifi-feeder/","WARNING","true","1","1","0","0","84","true","true","{""@type"":""Brand"",""name"":""PETLIBRO""}","null","petlibro-air-wifi-feeder","","","[""https://pfotentechnik.de/_astro/comparison.WsvToYuH_ZRCgsl.webp""]","{""@type"":""ItemList"",""itemListElement"":[{""@type"":""ListItem"",""position"":1,""name"":""integrierter 5.200-mAh-Akku""},{""@type"":""ListItem"",""position"":2,""name"":""bis zu 30 Tage Akkulaufzeit laut Hersteller""},{""@type"":""ListItem"",""position"":3,""name"":""kabelloser Betrieb mit weiterhin aktiver WLAN-Verbindung""},{""@type"":""ListItem"",""position"":4,""name"":""bis zu zehn Mahlzeiten täglich""},{""@type"":""ListItem"",""position"":5,""name"":""bis zu 16 Portionseinheiten pro Mahlzeit""}]}","{""@type"":""ItemList"",""itemListElement"":[{""@type"":""ListItem"",""position"":1,""name"":""nur zwei Liter Kapazität""},{""@type"":""ListItem"",""position"":2,""name"":""fest eingebauter Akku nicht vom Nutzer austauschbar""},{""@type"":""ListItem"",""position"":3,""name"":""ungefähr acht Stunden Ladezeit""},{""@type"":""ListItem"",""position"":4,""name"":""keine Kamera oder individuelle Tiererkennung""},{""@type"":""ListItem"",""position"":5,""name"":""kein Lautsprecher und keine Mahlzeitenansage""}]}","[]","[""Review body not an exact visible text match"",""Publisher slug emitted as sku; no manufacturer SKU provenance""]","[]"
"https://pfotentechnik.de/produkt/petlibro-capsule-dog-fountain/","WARNING","true","1","1","0","0","78","true","true","{""@type"":""Brand"",""name"":""PETLIBRO""}","null","petlibro-capsule-dog-fountain","","","[""https://pfotentechnik.de/_astro/hero.D8gwKRBY_297I7d.webp""]","{""@type"":""ItemList"",""itemListElement"":[{""@type"":""ListItem"",""position"":1,""name"":""knapp 8 Liter Kapazität""},{""@type"":""ListItem"",""position"":2,""name"":""breite Trinkfläche mit 1,4 Zoll Tiefe""},{""@type"":""ListItem"",""position"":3,""name"":""360-Grad-Spritzschutz""},{""@type"":""ListItem"",""position"":4,""name"":""fünfstufige Filterung""},{""@type"":""ListItem"",""position"":5,""name"":""Herstellerangabe 28 dB""}]}","{""@type"":""ItemList"",""itemListElement"":[{""@type"":""ListItem"",""position"":1,""name"":""sperrig und gefüllt schwer""},{""@type"":""ListItem"",""position"":2,""name"":""kein App- oder Akkubetrieb des Gesamtgeräts""},{""@type"":""ListItem"",""position"":3,""name"":""Filterwechsel etwa alle zwei Wochen""},{""@type"":""ListItem"",""position"":4,""name"":""nicht für dauerhafte Außenaufstellung empfohlen""}]}","[]","[""Review body not an exact visible text match"",""negativeNotes item not an exact visible text match: Filterwechsel etwa alle zwei Wochen"",""Publisher slug emitted as sku; no manufacturer SKU provenance""]","[]"
"https://pfotentechnik.de/produkt/petlibro-dockstream-2-smart/","WARNING","true","1","1","0","1","85","true","true","{""@type"":""Brand"",""name"":""PETLIBRO""}","null","petlibro-dockstream-2-smart","","","[""https://pfotentechnik.de/_astro/hero.B76yMw4Q_ZSLwQ.webp""]","{""@type"":""ItemList"",""itemListElement"":[{""@type"":""ListItem"",""position"":1,""name"":""3-Liter-Tank""},{""@type"":""ListItem"",""position"":2,""name"":""App-Auswertung von Trinkmenge und Trinkereignissen""},{""@type"":""ListItem"",""position"":3,""name"":""2,4- und 5-GHz-WLAN""},{""@type"":""ListItem"",""position"":4,""name"":""kontinuierlicher und zeitgesteuerter Wasserfluss""},{""@type"":""ListItem"",""position"":5,""name"":""Edelstahl-Trinkfläche und vierstufige Filterung""}]}","{""@type"":""ItemList"",""itemListElement"":[{""@type"":""ListItem"",""position"":1,""name"":""nur kabelgebundener Betrieb""},{""@type"":""ListItem"",""position"":2,""name"":""kein Annäherungssensor""},{""@type"":""ListItem"",""position"":3,""name"":""keine tierindividuelle Zuordnung""},{""@type"":""ListItem"",""position"":4,""name"":""keine Absicherung bei Stromausfall""},{""@type"":""ListItem"",""position"":5,""name"":""regelmäßige Handreinigung und Filterfolgekosten""}]}","[{""@type"":""Offer"",""price"":105.99,""priceCurrency"":""EUR"",""availability"":""https://schema.org/InStock"",""url"":""https://de.petlibro.com/products/dockstream-2-smart-fountain?variant=52389571527022"",""seller"":{""@type"":""Organization"",""name"":""PETLIBRO""}}]","[""Review body not an exact visible text match"",""Offer URL not visible as anchor"",""Publisher slug emitted as sku; no manufacturer SKU provenance""]","[]"
"https://pfotentechnik.de/produkt/petlibro-dockstream-2-smart-cordless/","WARNING","true","1","1","0","1","87","true","true","{""@type"":""Brand"",""name"":""PETLIBRO""}","null","petlibro-dockstream-2-smart-cordless","","","[""https://pfotentechnik.de/_astro/hero.B3hYq6h6_ZuQf9q.webp""]","{""@type"":""ItemList"",""itemListElement"":[{""@type"":""ListItem"",""position"":1,""name"":""3-Liter-Tank und bis zu 30 Tage Hersteller-Akkulaufzeit""},{""@type"":""ListItem"",""position"":2,""name"":""detaillierte Trinkdaten mit Menge, Sitzungen und durchschnittlicher Dauer""},{""@type"":""ListItem"",""position"":3,""name"":""2,4- und 5-GHz-WLAN""},{""@type"":""ListItem"",""position"":4,""name"":""magnetischer Antrieb ohne klassische Tauchpumpe im Tank""},{""@type"":""ListItem"",""position"":5,""name"":""Edelstahl-Trinkfläche und vierstufige Filterung""}]}","{""@type"":""ItemList"",""itemListElement"":[{""@type"":""ListItem"",""position"":1,""name"":""keine tierindividuelle Erfassung ohne RFID""},{""@type"":""ListItem"",""position"":2,""name"":""nicht spülmaschinengeeignet""},{""@type"":""ListItem"",""position"":3,""name"":""7 bis 8 Stunden Ladezeit im ausgeschalteten Zustand""},{""@type"":""ListItem"",""position"":4,""name"":""Akku-Bestwert setzt ein enges Nutzungsszenario voraus""},{""@type"":""ListItem"",""position"":5,""name"":""für mehrere Tiere sinkt die Akkulaufzeit und die Daten werden weniger eindeutig""}]}","[{""@type"":""Offer"",""price"":115.99,""priceCurrency"":""EUR"",""availability"":""https://schema.org/InStock"",""url"":""https://de.petlibro.com/products/dockstream-2-smart-fountain?variant=52389571494254"",""seller"":{""@type"":""Organization"",""name"":""PETLIBRO""}}]","[""Review body not an exact visible text match"",""Offer URL not visible as anchor"",""Publisher slug emitted as sku; no manufacturer SKU provenance""]","[]"
"https://pfotentechnik.de/produkt/petlibro-dockstream-cordless/","WARNING","true","1","1","0","1","79","true","true","{""@type"":""Brand"",""name"":""PETLIBRO""}","null","petlibro-dockstream-cordless","","","[""https://pfotentechnik.de/_astro/hero.J8irrGtF_ZvwY0v.webp""]","{""@type"":""ItemList"",""itemListElement"":[{""@type"":""ListItem"",""position"":1,""name"":""2,5 Liter Kapazität""},{""@type"":""ListItem"",""position"":2,""name"":""5000-mAh-Akku""},{""@type"":""ListItem"",""position"":3,""name"":""Herstellerangabe bis 30 Tage Akkulaufzeit""},{""@type"":""ListItem"",""position"":4,""name"":""Herstellerangabe 23 dB""},{""@type"":""ListItem"",""position"":5,""name"":""vierstufige Filterung""}]}","{""@type"":""ItemList"",""itemListElement"":[{""@type"":""ListItem"",""position"":1,""name"":""keine App""},{""@type"":""ListItem"",""position"":2,""name"":""kein Trinktracking""},{""@type"":""ListItem"",""position"":3,""name"":""im Akkubetrieb kein Dauerfluss""},{""@type"":""ListItem"",""position"":4,""name"":""Kunststoffteile nicht spülmaschinengeeignet""}]}","[{""@type"":""Offer"",""price"":59.99,""priceCurrency"":""EUR"",""availability"":""https://schema.org/InStock"",""url"":""https://amzn.to/3RLepUy"",""seller"":{""@type"":""Organization"",""name"":""Amazon""}}]","[""Review body not an exact visible text match"",""Publisher slug emitted as sku; no manufacturer SKU provenance""]","[]"
"https://pfotentechnik.de/produkt/petlibro-dockstream-rfid-smart/","WARNING","true","1","1","0","0","80","true","true","{""@type"":""Brand"",""name"":""PETLIBRO""}","null","petlibro-dockstream-rfid-smart","","","[""https://pfotentechnik.de/_astro/hero.BL8RjhXp_ZaL6VK.webp""]","{""@type"":""ItemList"",""itemListElement"":[{""@type"":""ListItem"",""position"":1,""name"":""tierbezogene Trinkdaten für bis zu fünf Katzen""},{""@type"":""ListItem"",""position"":2,""name"":""erfasst Menge, Häufigkeit und Dauer""},{""@type"":""ListItem"",""position"":3,""name"":""3-Liter-Tank""},{""@type"":""ListItem"",""position"":4,""name"":""Edelstahl-Trinkfläche""},{""@type"":""ListItem"",""position"":5,""name"":""Herstellerangabe 23 dB""}]}","{""@type"":""ItemList"",""itemListElement"":[{""@type"":""ListItem"",""position"":1,""name"":""Halsbandanhänger zwingend erforderlich""},{""@type"":""ListItem"",""position"":2,""name"":""kein implantierter Mikrochip lesbar""},{""@type"":""ListItem"",""position"":3,""name"":""nur 2,4-GHz-WLAN""},{""@type"":""ListItem"",""position"":4,""name"":""Filterwechsel etwa alle zwei Wochen""},{""@type"":""ListItem"",""position"":5,""name"":""gemischte Nutzerberichte zu Erkennung, Wasserstand und Zuverlässigkeit""}]}","[]","[""Review body not an exact visible text match"",""Publisher slug emitted as sku; no manufacturer SKU provenance""]","[]"
"https://pfotentechnik.de/produkt/petlibro-glacier-ultrafiltration/","WARNING","true","1","1","0","0","78","true","true","{""@type"":""Brand"",""name"":""PETLIBRO""}","null","petlibro-glacier-ultrafiltration","","","[""https://pfotentechnik.de/_astro/hero.K8xSr6Zy_2kO4z0.webp""]","{""@type"":""ItemList"",""itemListElement"":[{""@type"":""ListItem"",""position"":1,""name"":""Tank und Trinkfläche aus Edelstahl 304""},{""@type"":""ListItem"",""position"":2,""name"":""2,5 Liter Kapazität""},{""@type"":""ListItem"",""position"":3,""name"":""breite, flache Trinkfläche""},{""@type"":""ListItem"",""position"":4,""name"":""Ultrafiltrationsmodul""},{""@type"":""ListItem"",""position"":5,""name"":""bewegungsaktivierte Filterung""}]}","{""@type"":""ItemList"",""itemListElement"":[{""@type"":""ListItem"",""position"":1,""name"":""hohe Filterfolgekosten möglich""},{""@type"":""ListItem"",""position"":2,""name"":""kein Akku und keine App""},{""@type"":""ListItem"",""position"":3,""name"":""Ultrafilter muss verfügbar und regelmäßig ersetzt werden""},{""@type"":""ListItem"",""position"":4,""name"":""Sensor- und Elektronikbereich bleiben von Hand zu reinigen""}]}","[]","[""Review body not an exact visible text match"",""Publisher slug emitted as sku; no manufacturer SKU provenance""]","[]"
"https://pfotentechnik.de/produkt/petlibro-granary-2-vision/","WARNING","true","1","1","0","1","86","true","true","{""@type"":""Brand"",""name"":""PETLIBRO""}","null","petlibro-granary-2-vision","","","[""https://pfotentechnik.de/_astro/hero.BeT9XGoy_2qh8km.webp""]","{""@type"":""ItemList"",""itemListElement"":[{""@type"":""ListItem"",""position"":1,""name"":""integrierte Waage mit 1-Gramm-Herstellerangabe""},{""@type"":""ListItem"",""position"":2,""name"":""misst ausgegebenes und verbleibendes Futter""},{""@type"":""ListItem"",""position"":3,""name"":""1080p-Kamera mit Nachtsicht und Liveansicht""},{""@type"":""ListItem"",""position"":4,""name"":""Smart-Refill und geplante Mahlzeiten""},{""@type"":""ListItem"",""position"":5,""name"":""2,4- und 5-GHz-WLAN""}]}","{""@type"":""ItemList"",""itemListElement"":[{""@type"":""ListItem"",""position"":1,""name"":""mehrere Kernfunktionen sind an PETLIBRO Care oder Video Cloud AI gebunden""},{""@type"":""ListItem"",""position"":2,""name"":""keine Zugangssperre gegen Futterdiebstahl""},{""@type"":""ListItem"",""position"":3,""name"":""nur Trockenfutter mit 2 bis 18 mm geeigneter Krokettenform""},{""@type"":""ListItem"",""position"":4,""name"":""Waage verlangt harten, ebenen Boden und regelmäßige Kalibrierung""},{""@type"":""ListItem"",""position"":5,""name"":""sehr neue Produktgeneration ohne belastbare Langzeiterfahrung""}]}","[{""@type"":""Offer"",""price"":129.99,""priceCurrency"":""USD"",""availability"":""https://schema.org/InStock"",""url"":""https://petlibro.com/products/granary-2-series"",""seller"":{""@type"":""Organization"",""name"":""petlibro.com""}}]","[""Review body not an exact visible text match"",""Publisher slug emitted as sku; no manufacturer SKU provenance""]","[]"
"https://pfotentechnik.de/produkt/petlibro-granary-camera-feeder/","WARNING","true","1","1","0","2","92","true","true","{""@type"":""Brand"",""name"":""PETLIBRO""}","null","petlibro-granary-camera-feeder","","","[""https://pfotentechnik.de/_astro/hero.B4hT7WML_QHO.webp""]","{""@type"":""ItemList"",""itemListElement"":[{""@type"":""ListItem"",""position"":1,""name"":""1080p-Kamera mit 145°-Weitwinkel""},{""@type"":""ListItem"",""position"":2,""name"":""Nachtsicht und Zwei-Wege-Audio""},{""@type"":""ListItem"",""position"":3,""name"":""5 Liter Kapazität""},{""@type"":""ListItem"",""position"":4,""name"":""Bis zu zehn Mahlzeiten täglich""},{""@type"":""ListItem"",""position"":5,""name"":""App-Warnungen bei wenig Futter oder Blockaden""}]}","{""@type"":""ItemList"",""itemListElement"":[{""@type"":""ListItem"",""position"":1,""name"":""Nur Trockenfutter""},{""@type"":""ListItem"",""position"":2,""name"":""Höherer Preis als Modelle ohne Kamera""},{""@type"":""ListItem"",""position"":3,""name"":""Cloud-Funktionen können Folgekosten verursachen""},{""@type"":""ListItem"",""position"":4,""name"":""Keine Mikrochip- oder RFID-Zugangskontrolle""}]}","[{""@type"":""Offer"",""price"":121.11,""priceCurrency"":""EUR"",""availability"":""https://schema.org/InStock"",""url"":""https://amzn.to/3Twv3YG"",""seller"":{""@type"":""Organization"",""name"":""Amazon""}},{""@type"":""Offer"",""price"":169.99,""priceCurrency"":""EUR"",""availability"":""https://schema.org/InStock"",""url"":""https://de.petlibro.com/products/petlibro-granary-automatic-pet-feeder-with-camera?variant=44070751502578"",""seller"":{""@type"":""Organization"",""name"":""PETLIBRO""}}]","[""Review body not an exact visible text match"",""Offer URL not visible as anchor"",""Publisher slug emitted as sku; no manufacturer SKU provenance""]","[]"
"https://pfotentechnik.de/produkt/petlibro-granary-dual-feeder/","WARNING","true","1","1","0","2","90","true","true","{""@type"":""Brand"",""name"":""PETLIBRO""}","null","petlibro-granary-dual-feeder","","","[""https://pfotentechnik.de/_astro/hero.BQ383lGe_1gAR0d.webp""]","{""@type"":""ItemList"",""itemListElement"":[{""@type"":""ListItem"",""position"":1,""name"":""5 Liter Kapazität""},{""@type"":""ListItem"",""position"":2,""name"":""Zwei Edelstahlnäpfe""},{""@type"":""ListItem"",""position"":3,""name"":""Verstellbarer Mahlzeitenteiler""},{""@type"":""ListItem"",""position"":4,""name"":""Bis zu zehn Mahlzeiten täglich""},{""@type"":""ListItem"",""position"":5,""name"":""2,4- und 5-GHz-WLAN""}]}","{""@type"":""ItemList"",""itemListElement"":[{""@type"":""ListItem"",""position"":1,""name"":""Keine Zugangskontrolle""},{""@type"":""ListItem"",""position"":2,""name"":""Nur Trockenfutter""},{""@type"":""ListItem"",""position"":3,""name"":""Nicht jede Ausgabe wird exakt gleich verteilt""},{""@type"":""ListItem"",""position"":4,""name"":""Trockenmittel und Reinigung verursachen Folgekosten und Aufwand""}]}","[{""@type"":""Offer"",""price"":104.97,""priceCurrency"":""EUR"",""availability"":""https://schema.org/InStock"",""url"":""https://amzn.to/4gYFKNA"",""seller"":{""@type"":""Organization"",""name"":""Amazon""}},{""@type"":""Offer"",""price"":119.99,""priceCurrency"":""EUR"",""availability"":""https://schema.org/InStock"",""url"":""https://de.petlibro.com/products/petlibro-5g-wifi-automatic-pet-feeder?variant=44414075764978"",""seller"":{""@type"":""Organization"",""name"":""PETLIBRO""}}]","[""Review body not an exact visible text match"",""negativeNotes item not an exact visible text match: Nur Trockenfutter"",""Offer URL not visible as anchor"",""Publisher slug emitted as sku; no manufacturer SKU provenance""]","[]"
"https://pfotentechnik.de/produkt/petlibro-granary-wifi-feeder/","WARNING","true","1","1","0","2","82","true","true","{""@type"":""Brand"",""name"":""PETLIBRO""}","null","petlibro-granary-wifi-feeder","","","[""https://pfotentechnik.de/_astro/hero.BZ8Y7AkT_Z19zPVq.webp""]","{""@type"":""ItemList"",""itemListElement"":[{""@type"":""ListItem"",""position"":1,""name"":""5 Liter Kapazität""},{""@type"":""ListItem"",""position"":2,""name"":""bis zu zehn Mahlzeiten täglich""},{""@type"":""ListItem"",""position"":3,""name"":""2,4- und 5-GHz-WLAN""},{""@type"":""ListItem"",""position"":4,""name"":""1 bis 50 Portionen pro Mahlzeit""},{""@type"":""ListItem"",""position"":5,""name"":""Edelstahlnapf""}]}","{""@type"":""ItemList"",""itemListElement"":[{""@type"":""ListItem"",""position"":1,""name"":""nur Trockenfutter""},{""@type"":""ListItem"",""position"":2,""name"":""keine Kamera""},{""@type"":""ListItem"",""position"":3,""name"":""keine individuelle Zugangskontrolle""},{""@type"":""ListItem"",""position"":4,""name"":""Trockenmittelbeutel soll etwa alle zwei Wochen ersetzt werden""}]}","[{""@type"":""Offer"",""price"":104.97,""priceCurrency"":""EUR"",""availability"":""https://schema.org/InStock"",""url"":""https://amzn.to/4x2aba4"",""seller"":{""@type"":""Organization"",""name"":""Amazon""}},{""@type"":""Offer"",""price"":109.99,""priceCurrency"":""EUR"",""availability"":""https://schema.org/InStock"",""url"":""https://de.petlibro.com/products/petlibro-5g-wifi-automatic-pet-feeder?variant=44414075732210"",""seller"":{""@type"":""Organization"",""name"":""PETLIBRO""}}]","[""Review body not an exact visible text match"",""Offer URL not visible as anchor"",""Publisher slug emitted as sku; no manufacturer SKU provenance""]","[]"
"https://pfotentechnik.de/produkt/petlibro-luma-smart-litter-box/","WARNING","true","1","1","0","2","70","true","true","{""@type"":""Brand"",""name"":""PETLIBRO""}","null","petlibro-luma-smart-litter-box","","","[""https://pfotentechnik.de/_astro/comparison.Dn58r8Tg_1oO748.webp""]","{""@type"":""ItemList"",""itemListElement"":[{""@type"":""ListItem"",""position"":1,""name"":""Profile für bis zu 10 Katzen laut Hersteller""},{""@type"":""ListItem"",""position"":2,""name"":""11-l-Abfallfach und zwei Streufilter""},{""@type"":""ListItem"",""position"":3,""name"":""Kamera, Infrarot- und Gewichtserkennung prüfen vor der Rotation laut Hersteller""}]}","{""@type"":""ItemList"",""itemListElement"":[{""@type"":""ListItem"",""position"":1,""name"":""34-cm-Einstieg und großes Gehäuse""},{""@type"":""ListItem"",""position"":2,""name"":""Cloud-only-Video und tarifabhängige AI-Aufzeichnung""},{""@type"":""ListItem"",""position"":3,""name"":""Aktivkohlefilter und Einlagen als laufende Verbrauchsmaterialien""}]}","[{""@type"":""Offer"",""price"":589.99,""priceCurrency"":""EUR"",""availability"":""https://schema.org/InStock"",""url"":""https://www.amazon.de/-/en/PETLIBRO-Self-Cleaning-Electric-Analysis-Detection/dp/B0FPXF3CPK?th=1"",""seller"":{""@type"":""Organization"",""name"":""Amazon""}},{""@type"":""Offer"",""price"":799.99,""priceCurrency"":""EUR"",""availability"":""https://schema.org/InStock"",""url"":""https://de.petlibro.com/products/luma-intelligente-selbstreinigende-katzentoilette?variant=53374260642158"",""seller"":{""@type"":""Organization"",""name"":""PETLIBRO""}}]","[""Review body not an exact visible text match"",""Offer URL not visible as anchor"",""Offer URL not visible as anchor"",""Publisher slug emitted as sku; no manufacturer SKU provenance""]","[]"
"https://pfotentechnik.de/produkt/petlibro-one-rfid-smart-feeder/","WARNING","true","1","1","0","2","74","true","true","{""@type"":""Brand"",""name"":""PETLIBRO""}","null","petlibro-one-rfid-smart-feeder","","","[""https://pfotentechnik.de/_astro/comparison.BqCVNUKR_1Mslgs.webp""]","{""@type"":""ItemList"",""itemListElement"":[{""@type"":""ListItem"",""position"":1,""name"":""Verhindert Futterdiebstahl zuverlässig""},{""@type"":""ListItem"",""position"":2,""name"":""Automatische Portionierung und Zugangskontrolle kombiniert""},{""@type"":""ListItem"",""position"":3,""name"":""Unterstützt 2,4- und 5-GHz-WLAN""}]}","{""@type"":""ItemList"",""itemListElement"":[{""@type"":""ListItem"",""position"":1,""name"":""Nur für Trockenfutter geeignet""},{""@type"":""ListItem"",""position"":2,""name"":""Verwendet RFID-Halsbandanhänger statt implantiertem Mikrochip""},{""@type"":""ListItem"",""position"":3,""name"":""Je Automat erhält nur ein Tier exklusiven Zugang""}]}","[{""@type"":""Offer"",""price"":149.99,""priceCurrency"":""EUR"",""availability"":""https://schema.org/InStock"",""url"":""https://amzn.to/44MCFsD"",""seller"":{""@type"":""Organization"",""name"":""Amazon""}},{""@type"":""Offer"",""price"":199.99,""priceCurrency"":""EUR"",""availability"":""https://schema.org/InStock"",""url"":""https://de.petlibro.com/products/one-rfid-pet-feeder?variant=53222683672942"",""seller"":{""@type"":""Organization"",""name"":""PETLIBRO""}}]","[""Review body not an exact visible text match"",""negativeNotes item not an exact visible text match: Je Automat erhält nur ein Tier exklusiven Zugang"",""Offer URL not visible as anchor"",""Publisher slug emitted as sku; no manufacturer SKU provenance""]","[]"
"https://pfotentechnik.de/produkt/petlibro-polar-wet-food-feeder/","WARNING","true","1","1","0","2","80","true","true","{""@type"":""Brand"",""name"":""PETLIBRO""}","null","petlibro-polar-wet-food-feeder","","","[""https://pfotentechnik.de/_astro/hero.DqAUOF_s_Z2mc2By.webp""]","{""@type"":""ItemList"",""itemListElement"":[{""@type"":""ListItem"",""position"":1,""name"":""aktive thermoelektrische Kühlung statt Kühlakkus""},{""@type"":""ListItem"",""position"":2,""name"":""drei Fächer mit jeweils 200 ml""},{""@type"":""ListItem"",""position"":3,""name"":""spülmaschinengeeignete Edelstahl-Futterschale""},{""@type"":""ListItem"",""position"":4,""name"":""2,4-GHz-WLAN und App-Zeitpläne""},{""@type"":""ListItem"",""position"":5,""name"":""Anti-Pinch-Sensor am Deckel""}]}","{""@type"":""ItemList"",""itemListElement"":[{""@type"":""ListItem"",""position"":1,""name"":""aktive Kühlung benötigt Netzstrom""},{""@type"":""ListItem"",""position"":2,""name"":""nur drei Mahlzeiten""},{""@type"":""ListItem"",""position"":3,""name"":""keine physische Fütterungstaste am Gerät""},{""@type"":""ListItem"",""position"":4,""name"":""App und Benutzerkonto gehören zum Bedienkonzept""},{""@type"":""ListItem"",""position"":5,""name"":""tiefe Schale und Gerätehöhe können für sehr kleine Katzen oder Kitten ungünstig sein""}]}","[{""@type"":""Offer"",""price"":123.47,""priceCurrency"":""EUR"",""availability"":""https://schema.org/InStock"",""url"":""https://www.amazon.de/dp/B0DY18Z91T/?th=1"",""seller"":{""@type"":""Organization"",""name"":""Amazon""}},{""@type"":""Offer"",""price"":199.99,""priceCurrency"":""EUR"",""availability"":""https://schema.org/InStock"",""url"":""https://de.petlibro.com/products/polar-wet-food-pet-feeder?variant=52122051084654"",""seller"":{""@type"":""Organization"",""name"":""PETLIBRO""}}]","[""Review body not an exact visible text match"",""Offer URL not visible as anchor"",""Offer URL not visible as anchor"",""Publisher slug emitted as sku; no manufacturer SKU provenance""]","[]"
"https://pfotentechnik.de/produkt/petlibro-scout-smart-camera/","WARNING","true","1","1","0","2","65","true","true","{""@type"":""Brand"",""name"":""PETLIBRO""}","null","petlibro-scout-smart-camera","","","[""https://pfotentechnik.de/_astro/hero.9yX-TtsC_ZnFLrw.webp""]","{""@type"":""ItemList"",""itemListElement"":[{""@type"":""ListItem"",""position"":1,""name"":""Mehrtiere-Erkennung bis fünf Tiere laut Hersteller""},{""@type"":""ListItem"",""position"":2,""name"":""manuelle Datenschutzabdeckung""},{""@type"":""ListItem"",""position"":3,""name"":""Zwei-Wege-Audio und Farb-Nachtsicht""}]}","{""@type"":""ItemList"",""itemListElement"":[{""@type"":""ListItem"",""position"":1,""name"":""keine SD-Kartenunterstützung""},{""@type"":""ListItem"",""position"":2,""name"":""Cloud- und KI-Folgekosten""},{""@type"":""ListItem"",""position"":3,""name"":""nur kabelgebundener Innenbetrieb""}]}","[{""@type"":""Offer"",""price"":79.99,""priceCurrency"":""EUR"",""availability"":""https://schema.org/InStock"",""url"":""https://amzn.to/4wOAlh0"",""seller"":{""@type"":""Organization"",""name"":""Amazon""}},{""@type"":""Offer"",""price"":109.99,""priceCurrency"":""EUR"",""availability"":""https://schema.org/InStock"",""url"":""https://de.petlibro.com/products/scout-smart-camera?variant=52157103145326"",""seller"":{""@type"":""Organization"",""name"":""PETLIBRO""}}]","[""Review body not an exact visible text match"",""Offer URL not visible as anchor"",""Publisher slug emitted as sku; no manufacturer SKU provenance""]","[]"
"https://pfotentechnik.de/produkt/petlibro-space-smart-feeder/","WARNING","true","1","1","0","1","84","true","true","{""@type"":""Brand"",""name"":""PETLIBRO""}","null","petlibro-space-smart-feeder","","","[""https://pfotentechnik.de/_astro/hero.Ci6mhok9_Z1bGiHe.webp""]","{""@type"":""ItemList"",""itemListElement"":[{""@type"":""ListItem"",""position"":1,""name"":""Automatische Vakuumversiegelung des Futterbehälters""},{""@type"":""ListItem"",""position"":2,""name"":""Trockenfutter bis 18 Millimeter Krokettengröße geeignet""},{""@type"":""ListItem"",""position"":3,""name"":""Unterschiedliche Portionsgrößen je Fütterung planbar""},{""@type"":""ListItem"",""position"":4,""name"":""App-Steuerung mit Zeitplänen und Benachrichtigungen""},{""@type"":""ListItem"",""position"":5,""name"":""Notstromversorgung mit vier D-Batterien möglich""}]}","{""@type"":""ItemList"",""itemListElement"":[{""@type"":""ListItem"",""position"":1,""name"":""Nur für Trockenfutter geeignet""},{""@type"":""ListItem"",""position"":2,""name"":""Portionen werden volumetrisch und nicht nach Gewicht dosiert""},{""@type"":""ListItem"",""position"":3,""name"":""Vakuumfunktion ist bei Batteriebetrieb deaktiviert""},{""@type"":""ListItem"",""position"":4,""name"":""Keine Kamera integriert""},{""@type"":""ListItem"",""position"":5,""name"":""Keine RFID- oder Mikrochip-Erkennung""}]}","[{""@type"":""Offer"",""price"":69.99,""priceCurrency"":""EUR"",""availability"":""https://schema.org/InStock"",""url"":""https://amzn.to/3TntAUF"",""seller"":{""@type"":""Organization"",""name"":""Amazon""}}]","[""Review body not an exact visible text match"",""Publisher slug emitted as sku; no manufacturer SKU provenance""]","[]"
"https://pfotentechnik.de/produkt/petlibro-stainless-steel-fountain/","WARNING","true","1","1","0","1","75","true","true","{""@type"":""Brand"",""name"":""PETLIBRO""}","null","petlibro-stainless-steel-fountain","","","[""https://pfotentechnik.de/_astro/hero.DvlaeE0B_Z2txWsJ.webp""]","{""@type"":""ItemList"",""itemListElement"":[{""@type"":""ListItem"",""position"":1,""name"":""3-Liter-Tank aus Edelstahl 304""},{""@type"":""ListItem"",""position"":2,""name"":""Tank laut Hersteller spülmaschinengeeignet""},{""@type"":""ListItem"",""position"":3,""name"":""einstellbarer Wasserfluss""},{""@type"":""ListItem"",""position"":4,""name"":""Herstellerangabe bis 30 dB""},{""@type"":""ListItem"",""position"":5,""name"":""dreistufige Filterung""}]}","{""@type"":""ItemList"",""itemListElement"":[{""@type"":""ListItem"",""position"":1,""name"":""kein Akku""},{""@type"":""ListItem"",""position"":2,""name"":""keine Trinkstatistik oder Warnmeldungen""},{""@type"":""ListItem"",""position"":3,""name"":""Auslauf aus Kunststoff""},{""@type"":""ListItem"",""position"":4,""name"":""Filterwechsel etwa alle zwei Wochen""},{""@type"":""ListItem"",""position"":5,""name"":""Pumpe und schwer zugängliche Kunststoffbereiche erhöhen den regelmäßigen Reinigungsaufwand""}]}","[{""@type"":""Offer"",""price"":49.99,""priceCurrency"":""EUR"",""availability"":""https://schema.org/InStock"",""url"":""https://www.amazon.de/-/en/PETLIBRO-Fountain-Drinking-Dockstream-Stainless/dp/B0F8NFVVZD?th=1"",""seller"":{""@type"":""Organization"",""name"":""Amazon""}}]","[""Review body not an exact visible text match"",""Offer URL not visible as anchor"",""Publisher slug emitted as sku; no manufacturer SKU provenance""]","[]"
"https://pfotentechnik.de/produkt/petsafe-freshfeed-refrigerated-feeder/","WARNING","true","1","1","0","0","90","true","true","{""@type"":""Brand"",""name"":""PetSafe""}","null","petsafe-freshfeed-refrigerated-feeder","","","[""https://pfotentechnik.de/_astro/hero.BFkNsgAm_Z1Nme0m.webp""]","{""@type"":""ItemList"",""itemListElement"":[{""@type"":""ListItem"",""position"":1,""name"":""Aktive Kühlung statt Kühlakku""},{""@type"":""ListItem"",""position"":2,""name"":""Sechs Edelstahl-Einsätze""},{""@type"":""ListItem"",""position"":3,""name"":""App ohne Pflichtabonnement""},{""@type"":""ListItem"",""position"":4,""name"":""Doppelte Deckelverriegelung""},{""@type"":""ListItem"",""position"":5,""name"":""Spülmaschinengeeignete Einsätze""}]}","{""@type"":""ItemList"",""itemListElement"":[{""@type"":""ListItem"",""position"":1,""name"":""Kein Batterie-Backup dokumentiert""},{""@type"":""ListItem"",""position"":2,""name"":""Hoher Preis""},{""@type"":""ListItem"",""position"":3,""name"":""Netz- und App-Abhängigkeit""},{""@type"":""ListItem"",""position"":4,""name"":""Noch wenige Langzeiterfahrungen""},{""@type"":""ListItem"",""position"":5,""name"":""Deutschland-Verfügbarkeit prüfen""}]}","[]","[""Review body not an exact visible text match"",""Publisher slug emitted as sku; no manufacturer SKU provenance""]","[]"
"https://pfotentechnik.de/produkt/petsafe-healthy-pet-simply-feed/","WARNING","true","1","1","0","1","86","true","true","{""@type"":""Brand"",""name"":""PetSafe""}","null","petsafe-healthy-pet-simply-feed","","","[""https://pfotentechnik.de/_astro/hero.CgZTtmi2_Z13hLUz.webp""]","{""@type"":""ItemList"",""itemListElement"":[{""@type"":""ListItem"",""position"":1,""name"":""Kein WLAN oder Konto nötig""},{""@type"":""ListItem"",""position"":2,""name"":""24-Cup-Vorrat""},{""@type"":""ListItem"",""position"":3,""name"":""Kroketten bis etwa 19 mm""},{""@type"":""ListItem"",""position"":4,""name"":""Portionen von 1/8 bis 4 Cups""},{""@type"":""ListItem"",""position"":5,""name"":""Slow Feed""}]}","{""@type"":""ItemList"",""itemListElement"":[{""@type"":""ListItem"",""position"":1,""name"":""Programmierung erfordert Anleitung""},{""@type"":""ListItem"",""position"":2,""name"":""Einzelne Langzeitberichte nennen Mechanikfehler""},{""@type"":""ListItem"",""position"":3,""name"":""Geschickte Tiere können am Auslass Futter lösen""},{""@type"":""ListItem"",""position"":4,""name"":""Netzadapter je nach Paket separat""},{""@type"":""ListItem"",""position"":5,""name"":""Großes Gehäuse""}]}","[{""@type"":""Offer"",""price"":219.99,""priceCurrency"":""EUR"",""availability"":""https://schema.org/InStock"",""url"":""https://amzn.to/4w2rVl1"",""seller"":{""@type"":""Organization"",""name"":""Amazon""}}]","[""Review body not an exact visible text match"",""Publisher slug emitted as sku; no manufacturer SKU provenance""]","[]"
"https://pfotentechnik.de/produkt/petsafe-mikrochip-katzenklappe/","WARNING","true","1","1","0","1","77","true","true","{""@type"":""Brand"",""name"":""PetSafe""}","null","petsafe-mikrochip-katzenklappe","","","[""https://pfotentechnik.de/_astro/hero.D46aEwK2_Z26BCAT.webp""]","{""@type"":""ItemList"",""itemListElement"":[{""@type"":""ListItem"",""position"":1,""name"":""Bis zu 40 Katzen""},{""@type"":""ListItem"",""position"":2,""name"":""Doppelte automatische Verriegelung""},{""@type"":""ListItem"",""position"":3,""name"":""Zugluftabdichtung laut Hersteller""}]}","{""@type"":""ItemList"",""itemListElement"":[{""@type"":""ListItem"",""position"":1,""name"":""Keine App""},{""@type"":""ListItem"",""position"":2,""name"":""Chip-Kompatibilität nicht pauschal""},{""@type"":""ListItem"",""position"":3,""name"":""Adapter für mehrere Einbauarten""}]}","[{""@type"":""Offer"",""price"":69.99,""priceCurrency"":""EUR"",""availability"":""https://schema.org/InStock"",""url"":""https://www.amazon.de/PetSafe-Haustierklappe-Verschlussoptionen-wetterresistent-batteriebetrieben/dp/B0756GW8SJ?th=1"",""seller"":{""@type"":""Organization"",""name"":""Amazon""}}]","[""Review body not an exact visible text match"",""Offer URL not visible as anchor"",""Publisher slug emitted as sku; no manufacturer SKU provenance""]","[]"
"https://pfotentechnik.de/produkt/petsafe-petporte-smart-flap/","WARNING","true","1","1","0","1","81","true","true","{""@type"":""Brand"",""name"":""PetSafe""}","null","petsafe-petporte-smart-flap","","","[""https://pfotentechnik.de/_astro/hero.D46aEwK2_Z26BCAT.webp""]","{""@type"":""ItemList"",""itemListElement"":[{""@type"":""ListItem"",""position"":1,""name"":""160 × 160 mm Klappenöffnung""},{""@type"":""ListItem"",""position"":2,""name"":""Maximale angegebene Schulterbreite von 150 mm""},{""@type"":""ListItem"",""position"":3,""name"":""Bis zu 25 Katzen programmierbar""},{""@type"":""ListItem"",""position"":4,""name"":""Selektiver Eingang über kompatiblen Mikrochip""},{""@type"":""ListItem"",""position"":5,""name"":""Lokaler Betrieb ohne App, Konto oder Hub""}]}","{""@type"":""ItemList"",""itemListElement"":[{""@type"":""ListItem"",""position"":1,""name"":""Netzanschluss und Kabelweg erforderlich""},{""@type"":""ListItem"",""position"":2,""name"":""Keine dokumentierte Batterie- oder Akku-Notstromversorgung""},{""@type"":""ListItem"",""position"":3,""name"":""Bestimmte Mikrochip-Nummernformate nicht kompatibel""},{""@type"":""ListItem"",""position"":4,""name"":""Keine individuellen Ausgangsrechte je Tier""},{""@type"":""ListItem"",""position"":5,""name"":""Keine App oder Fernsteuerung""}]}","[{""@type"":""Offer"",""price"":139.99,""priceCurrency"":""EUR"",""availability"":""https://schema.org/InStock"",""url"":""https://amzn.to/3RXN4yy"",""seller"":{""@type"":""Organization"",""name"":""Amazon""}}]","[""Review body not an exact visible text match"",""Publisher slug emitted as sku; no manufacturer SKU provenance""]","[]"
"https://pfotentechnik.de/produkt/petsafe-smart-feed-2/","WARNING","true","1","1","0","0","88","true","true","{""@type"":""Brand"",""name"":""PetSafe""}","null","petsafe-smart-feed-2","","","[""https://pfotentechnik.de/_astro/hero.-N--SrXM_Z1AQoNE.webp""]","{""@type"":""ItemList"",""itemListElement"":[{""@type"":""ListItem"",""position"":1,""name"":""24-Cup-Vorrat""},{""@type"":""ListItem"",""position"":2,""name"":""Portionen von 1/8 bis 4 Cups""},{""@type"":""ListItem"",""position"":3,""name"":""Bis zu 12 Mahlzeiten""},{""@type"":""ListItem"",""position"":4,""name"":""Slow Feed über 15 Minuten""},{""@type"":""ListItem"",""position"":5,""name"":""Trocken- und halbfeuchtes Futter""}]}","{""@type"":""ItemList"",""itemListElement"":[{""@type"":""ListItem"",""position"":1,""name"":""2,4-GHz-WLAN erforderlich""},{""@type"":""ListItem"",""position"":2,""name"":""Einzelne Nutzer berichten Verbindungsprobleme""},{""@type"":""ListItem"",""position"":3,""name"":""Keine Kamera oder Zugangskontrolle""},{""@type"":""ListItem"",""position"":4,""name"":""Sehr groß für kleine Wohnungen""},{""@type"":""ListItem"",""position"":5,""name"":""EU-Service und Modellversion prüfen""}]}","[]","[""Review body not an exact visible text match"",""Publisher slug emitted as sku; no manufacturer SKU provenance""]","[]"
"https://pfotentechnik.de/produkt/petsafe-streamside-trinkbrunnen/","WARNING","true","1","1","0","0","87","true","true","{""@type"":""Brand"",""name"":""PetSafe""}","null","petsafe-streamside-trinkbrunnen","","","[""https://pfotentechnik.de/_astro/hero.D47zGZ-J_Z27FGc6.webp""]","{""@type"":""ItemList"",""itemListElement"":[{""@type"":""ListItem"",""position"":1,""name"":""Keramikschale und -turm""},{""@type"":""ListItem"",""position"":2,""name"":""Offener 360-Grad-Zugang""},{""@type"":""ListItem"",""position"":3,""name"":""Zwei Filterstufen""},{""@type"":""ListItem"",""position"":4,""name"":""Oberkorb-spülmaschinengeeignete Keramikteile""}]}","{""@type"":""ItemList"",""itemListElement"":[{""@type"":""ListItem"",""position"":1,""name"":""Nur 1,8 Liter""},{""@type"":""ListItem"",""position"":2,""name"":""Netzbetrieb""},{""@type"":""ListItem"",""position"":3,""name"":""Zwei Verbrauchsfilter""},{""@type"":""ListItem"",""position"":4,""name"":""Pumpe nur von Hand reinigen""}]}","[]","[""Review body not an exact visible text match"",""Publisher slug emitted as sku; no manufacturer SKU provenance""]","[]"
"https://pfotentechnik.de/produkt/petsnowy-snow-plus/","WARNING","true","1","1","0","0","84","true","true","{""@type"":""Brand"",""name"":""petsnowy""}","null","petsnowy-snow-plus","","","[""https://pfotentechnik.de/_astro/gallery-4.Dp2ZidvM_1k3nP6.webp""]","{""@type"":""ItemList"",""itemListElement"":[{""@type"":""ListItem"",""position"":1,""name"":""Geschlossene Kabine""},{""@type"":""ListItem"",""position"":2,""name"":""Gebogener Anti-Tracking-Weg""},{""@type"":""ListItem"",""position"":3,""name"":""10-Liter-Abfallfach""},{""@type"":""ListItem"",""position"":4,""name"":""Automatische Beutelversiegelung laut Hersteller""}]}","{""@type"":""ItemList"",""itemListElement"":[{""@type"":""ListItem"",""position"":1,""name"":""Akzeptanz der geschlossenen Kabine ist individuell""},{""@type"":""ListItem"",""position"":2,""name"":""Proprietäre Liner und Deodorizer erzeugen Folgekosten""},{""@type"":""ListItem"",""position"":3,""name"":""Geruchs-Prozentwerte sind nicht unabhängig verifiziert""},{""@type"":""ListItem"",""position"":4,""name"":""EU-/Deutschland-Verfügbarkeit bleibt offen""}]}","[]","[""Review body not an exact visible text match"",""negativeNotes item not an exact visible text match: Geruchs-Prozentwerte sind nicht unabhängig verifiziert"",""negativeNotes item not an exact visible text match: EU-/Deutschland-Verfügbarkeit bleibt offen"",""Publisher slug emitted as sku; no manufacturer SKU provenance""]","[]"
"https://pfotentechnik.de/produkt/pettec-cam-360/","WARNING","true","1","1","0","0","85","true","true","{""@type"":""Brand"",""name"":""PetTec""}","null","pettec-cam-360","","","[""https://pfotentechnik.de/_astro/hero.lKpQ65kf_Z1ti3A0.webp""]","{""@type"":""ItemList"",""itemListElement"":[{""@type"":""ListItem"",""position"":1,""name"":""Lokale microSD-Speicherung""},{""@type"":""ListItem"",""position"":2,""name"":""Kein Pflichtabo für Grundfunktionen laut Hersteller""},{""@type"":""ListItem"",""position"":3,""name"":""3-MP-Kamera mit Schwenken/Neigen""},{""@type"":""ListItem"",""position"":4,""name"":""Nachtsicht und Zwei-Wege-Audio""}]}","{""@type"":""ItemList"",""itemListElement"":[{""@type"":""ListItem"",""position"":1,""name"":""Optionale Cloud bleibt Teil des Systems""},{""@type"":""ListItem"",""position"":2,""name"":""Datenschutzclaims nur herstellerseitig""},{""@type"":""ListItem"",""position"":3,""name"":""microSD-Kapazität und Aufbewahrung aktuell prüfen""},{""@type"":""ListItem"",""position"":4,""name"":""Fester Standort deckt nicht mehrere getrennte Räume ab""}]}","[]","[""Review body not an exact visible text match"",""Publisher slug emitted as sku; no manufacturer SKU provenance""]","[]"
"https://pfotentechnik.de/produkt/petwalk-medium-tiertuer/","WARNING","true","1","1","0","1","75","true","true","{""@type"":""Brand"",""name"":""petWALK""}","null","petwalk-medium-tiertuer","","","[""https://pfotentechnik.de/_astro/hero.EAkcCFG3_Zn9Nyj.webp""]","{""@type"":""ItemList"",""itemListElement"":[{""@type"":""ListItem"",""position"":1,""name"":""Motorisiertes Türblatt mit automatischer Verriegelung""},{""@type"":""ListItem"",""position"":2,""name"":""RFID- und Bewegungserkennung""},{""@type"":""ListItem"",""position"":3,""name"":""Hohe Dämm- und Luftdichtheitsansprüche""},{""@type"":""ListItem"",""position"":4,""name"":""App-Steuerung und Notstromkonzept laut Hersteller""}]}","{""@type"":""ItemList"",""itemListElement"":[{""@type"":""ListItem"",""position"":1,""name"":""Deutlich höherer Planungs- und Montageaufwand als bei Standardklappen""},{""@type"":""ListItem"",""position"":2,""name"":""Netzstrom erforderlich""},{""@type"":""ListItem"",""position"":3,""name"":""Hoher Anschaffungspreis""},{""@type"":""ListItem"",""position"":4,""name"":""20 × 30 cm Durchgang begrenzt die Eignung für größere Hunde""}]}","[{""@type"":""Offer"",""price"":2016.67,""priceCurrency"":""EUR"",""availability"":""https://schema.org/InStock"",""url"":""https://petwalk.at/products/tierture-konfigurieren"",""seller"":{""@type"":""Organization"",""name"":""petwalk.at""}}]","[""Review body not an exact visible text match"",""negativeNotes item not an exact visible text match: Netzstrom erforderlich"",""Publisher slug emitted as sku; no manufacturer SKU provenance""]","[]"
"https://pfotentechnik.de/produkt/prothelis-area-pets/","WARNING","true","1","1","0","0","82","true","true","{""@type"":""Brand"",""name"":""Prothelis""}","null","prothelis-area-pets","","","[""https://pfotentechnik.de/_astro/hero.DUqVU8z2_ZeQ8yU.webp""]","{""@type"":""ItemList"",""itemListElement"":[{""@type"":""ListItem"",""position"":1,""name"":""38 g""},{""@type"":""ListItem"",""position"":2,""name"":""Zeitplanbare Geofences""},{""@type"":""ListItem"",""position"":3,""name"":""10-Sekunden- bis 24-Stunden-Intervalle""},{""@type"":""ListItem"",""position"":4,""name"":""IP67""}]}","{""@type"":""ItemList"",""itemListElement"":[{""@type"":""ListItem"",""position"":1,""name"":""Älteres GSM/GPRS/EDGE-Profil""},{""@type"":""ListItem"",""position"":2,""name"":""Servicegebühr erforderlich""},{""@type"":""ListItem"",""position"":3,""name"":""Laufzeit stark intervallabhängig""},{""@type"":""ListItem"",""position"":4,""name"":""Keine garantierte Ortungsgenauigkeit""}]}","[]","[""Review body not an exact visible text match"",""Publisher slug emitted as sku; no manufacturer SKU provenance""]","[]"
"https://pfotentechnik.de/produkt/reolink-e1-zoom/","WARNING","true","1","1","0","0","91","true","true","{""@type"":""Brand"",""name"":""Reolink""}","null","reolink-e1-zoom","","","[""https://pfotentechnik.de/_astro/hero.BRY8UFsk_21fRi6.webp""]","{""@type"":""ItemList"",""itemListElement"":[{""@type"":""ListItem"",""position"":1,""name"":""4K 8 MP""},{""@type"":""ListItem"",""position"":2,""name"":""microSD bis 512 GB""},{""@type"":""ListItem"",""position"":3,""name"":""Lokale Personen- und Tiererkennung""},{""@type"":""ListItem"",""position"":4,""name"":""3-fach optischer Zoom""}]}","{""@type"":""ItemList"",""itemListElement"":[{""@type"":""ListItem"",""position"":1,""name"":""Nur Innenbereich""},{""@type"":""ListItem"",""position"":2,""name"":""Keine pet-spezifische Interaktion""},{""@type"":""ListItem"",""position"":3,""name"":""Netzbetrieb""},{""@type"":""ListItem"",""position"":4,""name"":""Cloud und Fernzugriff bleiben Konfigurationsfragen""}]}","[]","[""Review body not an exact visible text match"",""Publisher slug emitted as sku; no manufacturer SKU provenance""]","[]"
"https://pfotentechnik.de/produkt/surefeed-microchip-pet-feeder/","WARNING","true","1","1","0","1","90","true","true","{""@type"":""Brand"",""name"":""SureFeed""}","null","surefeed-microchip-pet-feeder","","","[""https://pfotentechnik.de/_astro/thumbnail.xHGBIb4o_kFBGl.webp""]","{""@type"":""ItemList"",""itemListElement"":[{""@type"":""ListItem"",""position"":1,""name"":""Nass- und Trockenfutter geeignet""},{""@type"":""ListItem"",""position"":2,""name"":""Zugang per Mikrochip oder RFID-Anhänger""},{""@type"":""ListItem"",""position"":3,""name"":""bis zu 32 Chipnummern""},{""@type"":""ListItem"",""position"":4,""name"":""keine WLAN- oder Cloud-Abhängigkeit""},{""@type"":""ListItem"",""position"":5,""name"":""Trainingsmodus zur Gewöhnung""}]}","{""@type"":""ItemList"",""itemListElement"":[{""@type"":""ListItem"",""position"":1,""name"":""keine automatische Portionierung""},{""@type"":""ListItem"",""position"":2,""name"":""keine Zeitpläne""},{""@type"":""ListItem"",""position"":3,""name"":""keine App in der Standardversion""},{""@type"":""ListItem"",""position"":4,""name"":""mehrere getrennt gefütterte Tiere benötigen meist mehrere Geräte""}]}","[{""@type"":""Offer"",""price"":141.22,""priceCurrency"":""EUR"",""availability"":""https://schema.org/InStock"",""url"":""https://amzn.to/4yzAAOc"",""seller"":{""@type"":""Organization"",""name"":""Amazon""}}]","[""Review body not an exact visible text match"",""Publisher slug emitted as sku; no manufacturer SKU provenance""]","[]"
"https://pfotentechnik.de/produkt/surefeed-microchip-pet-feeder-connect/","WARNING","true","1","1","0","0","79","true","true","{""@type"":""Brand"",""name"":""SureFeed""}","null","surefeed-microchip-pet-feeder-connect","","","[""https://pfotentechnik.de/_astro/hero.UrlUYPKQ_II8jl.webp""]","{""@type"":""ItemList"",""itemListElement"":[{""@type"":""ListItem"",""position"":1,""name"":""Kontrollierter Zugang per Mikrochip oder kompatiblem RFID-Halsbandanhänger""},{""@type"":""ListItem"",""position"":2,""name"":""Integrierte Waage mit LED-Hilfe für Portionen auf 1 Gramm genau""},{""@type"":""ListItem"",""position"":3,""name"":""App-Protokolle zu Fressmenge, Häufigkeit, Dauer und Tageszeit über den Sure Petcare Hub""},{""@type"":""ListItem"",""position"":4,""name"":""Für Nass- und Trockenfutter geeignet""}]}","{""@type"":""ItemList"",""itemListElement"":[{""@type"":""ListItem"",""position"":1,""name"":""Sure Petcare Hub für App-Funktionen erforderlich und nicht zwingend im Einzelgerät enthalten""},{""@type"":""ListItem"",""position"":2,""name"":""Keine zeitgesteuerte Vorratsausgabe""},{""@type"":""ListItem"",""position"":3,""name"":""Preis und Lieferbarkeit unterscheiden sich zwischen Einzelgerät, Bundle und Händlerangeboten""},{""@type"":""ListItem"",""position"":4,""name"":""Begrenztes Schalenvolumen von 400 ml""}]}","[]","[""Review body not an exact visible text match"",""negativeNotes item not an exact visible text match: Keine zeitgesteuerte Vorratsausgabe"",""Publisher slug emitted as sku; no manufacturer SKU provenance""]","[]"
"https://pfotentechnik.de/produkt/sureflap-dualscan-mikrochip-katzenklappe/","WARNING","true","1","1","0","0","84","true","true","{""@type"":""Brand"",""name"":""Sure Petcare""}","null","sureflap-dualscan-mikrochip-katzenklappe","","","[""https://pfotentechnik.de/_astro/hero.Bj6ZgdCp_1sEQrB.webp""]","{""@type"":""ItemList"",""itemListElement"":[{""@type"":""ListItem"",""position"":1,""name"":""Individuelle Ausgangsrechte je Tier""},{""@type"":""ListItem"",""position"":2,""name"":""Bis zu 32 Tiere beziehungsweise Mikrochipnummern speicherbar""},{""@type"":""ListItem"",""position"":3,""name"":""Kein WLAN, Konto oder Hub erforderlich""},{""@type"":""ListItem"",""position"":4,""name"":""Sicherheitsmodus für entlaufene Wohnungskatzen""},{""@type"":""ListItem"",""position"":5,""name"":""Manueller 4-Wege-Verschluss""}]}","{""@type"":""ItemList"",""itemListElement"":[{""@type"":""ListItem"",""position"":1,""name"":""Keine App oder Fernsteuerung""},{""@type"":""ListItem"",""position"":2,""name"":""Keine Aktivitätsprotokolle""},{""@type"":""ListItem"",""position"":3,""name"":""Vier AA-Batterien erforderlich""},{""@type"":""ListItem"",""position"":4,""name"":""Zum Prüfzeitpunkt nicht vorrätig""}]}","[]","[""Review body not an exact visible text match"",""negativeNotes item not an exact visible text match: Zum Prüfzeitpunkt nicht vorrätig"",""Publisher slug emitted as sku; no manufacturer SKU provenance""]","[]"
"https://pfotentechnik.de/produkt/sureflap-mikrochip-katzenklappe/","WARNING","true","1","1","0","0","82","true","true","{""@type"":""Brand"",""name"":""Sure Petcare""}","null","sureflap-mikrochip-katzenklappe","","","[""https://pfotentechnik.de/_astro/hero.Bj6ZgdCp_1sEQrB.webp""]","{""@type"":""ItemList"",""itemListElement"":[{""@type"":""ListItem"",""position"":1,""name"":""Kein WLAN, Konto oder Hub erforderlich""},{""@type"":""ListItem"",""position"":2,""name"":""Bis zu 32 Tiere beziehungsweise Mikrochipnummern speicherbar""},{""@type"":""ListItem"",""position"":3,""name"":""Bis zu 12 Monate Batterielaufzeit laut Hersteller""},{""@type"":""ListItem"",""position"":4,""name"":""Manueller 4-Wege-Verschluss""},{""@type"":""ListItem"",""position"":5,""name"":""Einbau in Türen, Glas und Wände vorgesehen""}]}","{""@type"":""ItemList"",""itemListElement"":[{""@type"":""ListItem"",""position"":1,""name"":""Keine individuellen Ausgangsrechte je Tier""},{""@type"":""ListItem"",""position"":2,""name"":""Keine App, Fernverriegelung oder Aktivitätsprotokolle""},{""@type"":""ListItem"",""position"":3,""name"":""Vier AA-Batterien werden benötigt""},{""@type"":""ListItem"",""position"":4,""name"":""Glas- und Wandeinbau können Zubehör und Facharbeit erfordern""},{""@type"":""ListItem"",""position"":5,""name"":""Im Hersteller-Shop zum Prüfzeitpunkt nicht vorrätig""}]}","[]","[""Review body not an exact visible text match"",""Publisher slug emitted as sku; no manufacturer SKU provenance""]","[]"
"https://pfotentechnik.de/produkt/sureflap-mikrochip-katzenklappe-connect/","WARNING","true","1","1","0","1","79","true","true","{""@type"":""Brand"",""name"":""Sure Petcare""}","null","sureflap-mikrochip-katzenklappe-connect","","","[""https://pfotentechnik.de/_astro/hero.Mp8oDmgz_da7Tg.webp""]","{""@type"":""ItemList"",""itemListElement"":[{""@type"":""ListItem"",""position"":1,""name"":""Individuelle Ein- und Ausgangsrechte je Tier""},{""@type"":""ListItem"",""position"":2,""name"":""App-Benachrichtigungen und Aktivitätsprotokolle""},{""@type"":""ListItem"",""position"":3,""name"":""Fernverriegelung und zeitgesteuerte Sperren""},{""@type"":""ListItem"",""position"":4,""name"":""Lokale Mikrochip-Erkennung bleibt an der Klappe""},{""@type"":""ListItem"",""position"":5,""name"":""Für Mehrkatzenhaushalte geeignet""}]}","{""@type"":""ItemList"",""itemListElement"":[{""@type"":""ListItem"",""position"":1,""name"":""App-Funktionen benötigen einen Sure Petcare Hub""},{""@type"":""ListItem"",""position"":2,""name"":""Höhere System- und Gesamtkosten als bei lokalen Modellen""},{""@type"":""ListItem"",""position"":3,""name"":""Vier AA-Batterien erforderlich""},{""@type"":""ListItem"",""position"":4,""name"":""Netzwerk- und Cloudfunktionen schaffen zusätzliche Abhängigkeiten""},{""@type"":""ListItem"",""position"":5,""name"":""Durchgang kann für große Katzen zu knapp sein""}]}","[{""@type"":""Offer"",""price"":259.99,""priceCurrency"":""EUR"",""availability"":""https://schema.org/InStock"",""url"":""https://amzn.to/4fVWpPq"",""seller"":{""@type"":""Organization"",""name"":""Amazon""}}]","[""Review body not an exact visible text match"",""Publisher slug emitted as sku; no manufacturer SKU provenance""]","[]"
"https://pfotentechnik.de/produkt/tractive-cat-6-mini/","WARNING","true","1","1","0","1","91","true","true","{""@type"":""Brand"",""name"":""Tractive""}","null","tractive-cat-6-mini","","","[""https://pfotentechnik.de/_astro/hero.vAUYhZ3x_XgxV.webp""]","{""@type"":""ItemList"",""itemListElement"":[{""@type"":""ListItem"",""position"":1,""name"":""32 g inklusive Halsband""},{""@type"":""ListItem"",""position"":2,""name"":""Tracker direkt in das Halsband integriert""},{""@type"":""ListItem"",""position"":3,""name"":""Sicherheitsverschluss für Katzen""},{""@type"":""ListItem"",""position"":4,""name"":""bis zu sieben Tage Akku mit Energiesparzone""},{""@type"":""ListItem"",""position"":5,""name"":""bis zu vier Tage Akku ohne Energiesparzone""}]}","{""@type"":""ItemList"",""itemListElement"":[{""@type"":""ListItem"",""position"":1,""name"":""Abo zwingend erforderlich""},{""@type"":""ListItem"",""position"":2,""name"":""enger Gewichts- und Halsumfangsbereich""},{""@type"":""ListItem"",""position"":3,""name"":""Halsband nicht frei wählbar""},{""@type"":""ListItem"",""position"":4,""name"":""Akkulaufzeit sinkt bei häufiger Live-Ortung und schwacher Mobilfunkabdeckung""},{""@type"":""ListItem"",""position"":5,""name"":""Sicherheitsöffnung kann zum Verlust von Halsband und Tracker führen""}]}","[{""@type"":""Offer"",""price"":69,""priceCurrency"":""EUR"",""availability"":""https://schema.org/InStock"",""url"":""https://amzn.to/3Ts7OyY"",""seller"":{""@type"":""Organization"",""name"":""Amazon""}}]","[""Review body not an exact visible text match"",""Publisher slug emitted as sku; no manufacturer SKU provenance""]","[]"
"https://pfotentechnik.de/produkt/tractive-dog-6/","WARNING","true","1","1","0","1","92","true","true","{""@type"":""Brand"",""name"":""Tractive""}","null","tractive-dog-6","","","[""https://pfotentechnik.de/_astro/hero.BjYVAiTl_2kjWmm.webp""]","{""@type"":""ItemList"",""itemListElement"":[{""@type"":""ListItem"",""position"":1,""name"":""Rund 39 g leicht""},{""@type"":""ListItem"",""position"":2,""name"":""Live-Updates im Abstand von etwa 2 bis 3 Sekunden""},{""@type"":""ListItem"",""position"":3,""name"":""Bis zu zwei Wochen Herstellerlaufzeit mit Energiesparzonen""},{""@type"":""ListItem"",""position"":4,""name"":""IP68 und kompakte Bauform""},{""@type"":""ListItem"",""position"":5,""name"":""GPS, GLONASS und Galileo""}]}","{""@type"":""ItemList"",""itemListElement"":[{""@type"":""ListItem"",""position"":1,""name"":""Eigenes Abo pro Tracker zwingend""},{""@type"":""ListItem"",""position"":2,""name"":""Laufzeit stark von Live-Nutzung, Bewegung, Empfang und Energiesparzonen abhängig""},{""@type"":""ListItem"",""position"":3,""name"":""Familienfreigabe und weltweite Nutzung nur im Premium-Abo""},{""@type"":""ListItem"",""position"":4,""name"":""Keine verlässliche Ortung ohne Mobilfunkabdeckung""},{""@type"":""ListItem"",""position"":5,""name"":""Gesundheitswarnungen sind kein medizinisches Messgerät""}]}","[{""@type"":""Offer"",""price"":68.99,""priceCurrency"":""EUR"",""availability"":""https://schema.org/InStock"",""url"":""https://amzn.to/44NGoGb"",""seller"":{""@type"":""Organization"",""name"":""Amazon""}}]","[""Review body not an exact visible text match"",""Publisher slug emitted as sku; no manufacturer SKU provenance""]","[]"
"https://pfotentechnik.de/produkt/tractive-dog-6-xl/","WARNING","true","1","1","0","1","91","true","true","{""@type"":""Brand"",""name"":""Tractive""}","null","tractive-dog-6-xl","","","[""https://pfotentechnik.de/_astro/hero.CpenkRtU_1luLBC.webp""]","{""@type"":""ItemList"",""itemListElement"":[{""@type"":""ListItem"",""position"":1,""name"":""Bis zu 42 Tage Herstellerlaufzeit mit Energiesparzonen""},{""@type"":""ListItem"",""position"":2,""name"":""Bis zu 20 Tage laut Hersteller auch ohne Energiesparzonen""},{""@type"":""ListItem"",""position"":3,""name"":""Live-Updates etwa alle 2 bis 3 Sekunden""},{""@type"":""ListItem"",""position"":4,""name"":""IP68 und verstärktes Gehäuse""},{""@type"":""ListItem"",""position"":5,""name"":""GPS, GLONASS und Galileo""}]}","{""@type"":""ItemList"",""itemListElement"":[{""@type"":""ListItem"",""position"":1,""name"":""Rund 70 g und deutlich größeres Gehäuse""},{""@type"":""ListItem"",""position"":2,""name"":""Eigenes Abo pro Tracker zwingend""},{""@type"":""ListItem"",""position"":3,""name"":""Für Hunde unter 20 kg nicht empfohlen""},{""@type"":""ListItem"",""position"":4,""name"":""Familienfreigabe und weltweite Nutzung nur im Premium-Abo""},{""@type"":""ListItem"",""position"":5,""name"":""Keine verlässliche Fernortung ohne Mobilfunknetz""}]}","[{""@type"":""Offer"",""price"":79,""priceCurrency"":""EUR"",""availability"":""https://schema.org/InStock"",""url"":""https://amzn.to/4pKPmOg"",""seller"":{""@type"":""Organization"",""name"":""Amazon""}}]","[""Review body not an exact visible text match"",""Publisher slug emitted as sku; no manufacturer SKU provenance""]","[]"
"https://pfotentechnik.de/produkt/weenect-xs/","WARNING","true","1","1","0","1","92","true","true","{""@type"":""Brand"",""name"":""Weenect""}","null","weenect-xs","","","[""https://pfotentechnik.de/_astro/hero.D6GGf9mg_duEof.webp""]","{""@type"":""ItemList"",""itemListElement"":[{""@type"":""ListItem"",""position"":1,""name"":""nur 27 g Gerätegewicht""},{""@type"":""ListItem"",""position"":2,""name"":""für Katzen und kleine Hunde ab 3 kg""},{""@type"":""ListItem"",""position"":3,""name"":""GPS-Ortung ohne feste Distanzgrenze innerhalb der unterstützten Netzabdeckung""},{""@type"":""ListItem"",""position"":4,""name"":""Sekundenupdates im Superlive-Modus""},{""@type"":""ListItem"",""position"":5,""name"":""Sicherheits- und Gefahrenzonen""}]}","{""@type"":""ItemList"",""itemListElement"":[{""@type"":""ListItem"",""position"":1,""name"":""kostenpflichtiges Abo zwingend erforderlich""},{""@type"":""ListItem"",""position"":2,""name"":""laufende Kosten je nach Laufzeit aktuell von 90 € pro Jahr bis 250 € für fünf Jahre""},{""@type"":""ListItem"",""position"":3,""name"":""nur etwa zwei Tage bei durchgehender Ortung laut Hersteller""},{""@type"":""ListItem"",""position"":4,""name"":""Superlive im Standardumfang zeitlich begrenzt; längere Sitzungen nur mit Premium-Paket""},{""@type"":""ListItem"",""position"":5,""name"":""pro Tracker ein eigenes Abo""}]}","[{""@type"":""Offer"",""price"":44.99,""priceCurrency"":""EUR"",""availability"":""https://schema.org/InStock"",""url"":""https://amzn.to/4fCeKkD"",""seller"":{""@type"":""Organization"",""name"":""Amazon""}}]","[""Review body not an exact visible text match"",""Publisher slug emitted as sku; no manufacturer SKU provenance""]","[]"
"https://pfotentechnik.de/produkt/weenect-xt/","WARNING","true","1","1","0","1","90","true","true","{""@type"":""Brand"",""name"":""Weenect""}","null","weenect-xt","","","[""https://pfotentechnik.de/_astro/hero.CpenkRtU_1luLBC.webp""]","{""@type"":""ItemList"",""itemListElement"":[{""@type"":""ListItem"",""position"":1,""name"":""bis zu drei Wochen Herstellerlaufzeit mit Energiesparzone""},{""@type"":""ListItem"",""position"":2,""name"":""laut Hersteller ungefähr eine Woche bei kontinuierlichem Tracking""},{""@type"":""ListItem"",""position"":3,""name"":""1.250-mAh-Akku""},{""@type"":""ListItem"",""position"":4,""name"":""Superlive mit Positionsupdates bis zu einmal pro Sekunde""},{""@type"":""ListItem"",""position"":5,""name"":""Multi-Netz-SIM ohne feste Distanzgrenze innerhalb unterstützter Abdeckung""}]}","{""@type"":""ItemList"",""itemListElement"":[{""@type"":""ListItem"",""position"":1,""name"":""kostenpflichtiges Abo zwingend erforderlich""},{""@type"":""ListItem"",""position"":2,""name"":""54,2 g Gerätegewicht""},{""@type"":""ListItem"",""position"":3,""name"":""82 × 35 × 22 mm großes Gehäuse""},{""@type"":""ListItem"",""position"":4,""name"":""für sehr kleine Hunde unnötig groß und schwer""},{""@type"":""ListItem"",""position"":5,""name"":""pro Tracker ein eigenes Abo""}]}","[{""@type"":""Offer"",""price"":49.99,""priceCurrency"":""EUR"",""availability"":""https://schema.org/InStock"",""url"":""https://amzn.to/4x1VEey"",""seller"":{""@type"":""Organization"",""name"":""Amazon""}}]","[""Review body not an exact visible text match"",""Publisher slug emitted as sku; no manufacturer SKU provenance""]","[]"
"https://pfotentechnik.de/produkt/wopet-cube-air-ca10/","WARNING","true","1","1","0","0","79","true","true","{""@type"":""Brand"",""name"":""WOPET""}","null","wopet-cube-air-ca10","","","[""https://pfotentechnik.de/_astro/comparison.p9OBEfff_31CQ5.webp""]","{""@type"":""ItemList"",""itemListElement"":[{""@type"":""ListItem"",""position"":1,""name"":""Unterstützt 2,4 und 5 GHz WLAN""},{""@type"":""ListItem"",""position"":2,""name"":""App mit Fütterungsprotokoll und Statusmeldungen""},{""@type"":""ListItem"",""position"":3,""name"":""Herausnehmbarer Edelstahlnapf""}]}","{""@type"":""ItemList"",""itemListElement"":[{""@type"":""ListItem"",""position"":1,""name"":""Nur für Trockenfutter geeignet""},{""@type"":""ListItem"",""position"":2,""name"":""Batterien dienen nur als Notstromversorgung""},{""@type"":""ListItem"",""position"":3,""name"":""Keine Kamera integriert""}]}","[]","[""Review body not an exact visible text match"",""negativeNotes item not an exact visible text match: Keine Kamera integriert"",""Publisher slug emitted as sku; no manufacturer SKU provenance""]","[]"
"https://pfotentechnik.de/produkt/wopet-heritage-view-camera-feeder/","WARNING","true","1","1","0","0","72","true","true","{""@type"":""Brand"",""name"":""WOPET""}","null","wopet-heritage-view-camera-feeder","","","[""https://pfotentechnik.de/_astro/comparison.lmX5G4g7_1TlKhJ.webp""]","{""@type"":""ItemList"",""itemListElement"":[{""@type"":""ListItem"",""position"":1,""name"":""Video und Fütterungsplan kombiniert""},{""@type"":""ListItem"",""position"":2,""name"":""Für Katzen und kleinere Hunde""},{""@type"":""ListItem"",""position"":3,""name"":""Zwei-Wege-Audio""}]}","{""@type"":""ItemList"",""itemListElement"":[{""@type"":""ListItem"",""position"":1,""name"":""Nur Trockenfutter""},{""@type"":""ListItem"",""position"":2,""name"":""Datenschutz und App-Abhängigkeit beachten""},{""@type"":""ListItem"",""position"":3,""name"":""Regionale Verfügbarkeit schwankt""}]}","[]","[""Review body not an exact visible text match"",""negativeNotes item not an exact visible text match: Regionale Verfügbarkeit schwankt"",""Publisher slug emitted as sku; no manufacturer SKU provenance""]","[]"
"https://pfotentechnik.de/produkt/wopet-patrol-f07-pro/","WARNING","true","1","1","0","0","75","true","true","{""@type"":""Brand"",""name"":""WOPET""}","null","wopet-patrol-f07-pro","","","[""https://pfotentechnik.de/_astro/hero.BmEoAZ69_1Se31V.webp""]","{""@type"":""ItemList"",""itemListElement"":[{""@type"":""ListItem"",""position"":1,""name"":""6 Liter Kapazität""},{""@type"":""ListItem"",""position"":2,""name"":""bis zu 15 Mahlzeiten täglich""},{""@type"":""ListItem"",""position"":3,""name"":""1 bis 50 Portionen pro Mahlzeit""},{""@type"":""ListItem"",""position"":4,""name"":""etwa 5 g je Portion laut Hersteller""},{""@type"":""ListItem"",""position"":5,""name"":""10-Sekunden-Sprachaufnahme""}]}","{""@type"":""ItemList"",""itemListElement"":[{""@type"":""ListItem"",""position"":1,""name"":""nur 2,4-GHz-WLAN""},{""@type"":""ListItem"",""position"":2,""name"":""keine Kamera oder Tiererkennung""},{""@type"":""ListItem"",""position"":3,""name"":""App-Funktionen nur bei Netzbetrieb""},{""@type"":""ListItem"",""position"":4,""name"":""offizielle Angaben zur minimalen Krokettengröße widersprechen sich""}]}","[]","[""Review body not an exact visible text match"",""Publisher slug emitted as sku; no manufacturer SKU provenance""]","[]"
"https://pfotentechnik.de/produkt/wopet-pioneer-f01-plus/","WARNING","true","1","1","0","0","71","true","true","{""@type"":""Brand"",""name"":""WOPET""}","null","wopet-pioneer-f01-plus","","","[""https://pfotentechnik.de/_astro/comparison.DluEXvmh_Z2s7LSY.webp""]","{""@type"":""ItemList"",""itemListElement"":[{""@type"":""ListItem"",""position"":1,""name"":""Großer Vorrat für längere Nachfüllintervalle""},{""@type"":""ListItem"",""position"":2,""name"":""Fütterungsplan funktioniert ohne WLAN oder App""},{""@type"":""ListItem"",""position"":3,""name"":""Batterie-Backup schützt die Fütterung bei Stromausfällen""}]}","{""@type"":""ItemList"",""itemListElement"":[{""@type"":""ListItem"",""position"":1,""name"":""Nur für Trockenfutter geeignet""},{""@type"":""ListItem"",""position"":2,""name"":""Keine Fernsteuerung per App""},{""@type"":""ListItem"",""position"":3,""name"":""Benötigt deutlich mehr Stellfläche als kompakte Modelle""}]}","[]","[""Review body not an exact visible text match"",""negativeNotes item not an exact visible text match: Benötigt deutlich mehr Stellfläche als kompakte Modelle"",""Publisher slug emitted as sku; no manufacturer SKU provenance""]","[]"
"https://pfotentechnik.de/produkt/xiaomi-smart-pet-food-feeder-2/","WARNING","true","1","1","0","1","92","true","true","{""@type"":""Brand"",""name"":""Xiaomi""}","null","xiaomi-smart-pet-food-feeder-2","","","[""https://pfotentechnik.de/_astro/hero.DUsyiD1C_p5No7.webp""]","{""@type"":""ItemList"",""itemListElement"":[{""@type"":""ListItem"",""position"":1,""name"":""5 Liter beziehungsweise etwa 2,5 kg Futter""},{""@type"":""ListItem"",""position"":2,""name"":""Wiegenapf mit Herstellerabweichung bis 1 g""},{""@type"":""ListItem"",""position"":3,""name"":""automatische Entblockung""},{""@type"":""ListItem"",""position"":4,""name"":""Füllstandssensor und App-Warnungen""},{""@type"":""ListItem"",""position"":5,""name"":""Edelstahl-Napf 304""}]}","{""@type"":""ItemList"",""itemListElement"":[{""@type"":""ListItem"",""position"":1,""name"":""nur 2,4-GHz-WLAN""},{""@type"":""ListItem"",""position"":2,""name"":""keine Kamera oder Tiererkennung""},{""@type"":""ListItem"",""position"":3,""name"":""reines Freeze-dried-Futter ungeeignet""},{""@type"":""ListItem"",""position"":4,""name"":""Trockenmittelkartusche soll monatlich ersetzt werden""}]}","[{""@type"":""Offer"",""price"":97.99,""priceCurrency"":""EUR"",""availability"":""https://schema.org/InStock"",""url"":""https://amzn.to/4wofqBc"",""seller"":{""@type"":""Organization"",""name"":""Amazon""}}]","[""Review body not an exact visible text match"",""Publisher slug emitted as sku; no manufacturer SKU provenance""]","[]"
"https://pfotentechnik.de/produkt/xiaomi-smart-pet-fountain-2/","WARNING","true","1","1","0","1","93","true","true","{""@type"":""Brand"",""name"":""Xiaomi""}","null","xiaomi-smart-pet-fountain-2","","","[""https://pfotentechnik.de/_astro/hero.BsLVusD9_Zg0OQA.webp""]","{""@type"":""ItemList"",""itemListElement"":[{""@type"":""ListItem"",""position"":1,""name"":""3 Liter Kapazität""},{""@type"":""ListItem"",""position"":2,""name"":""4000-mAh-Akku für kabellosen Betrieb""},{""@type"":""ListItem"",""position"":3,""name"":""Sensor-, Intervall- und Dauerbetrieb""},{""@type"":""ListItem"",""position"":4,""name"":""vierstufige Filterung""},{""@type"":""ListItem"",""position"":5,""name"":""App-Hinweise zu Wasserstand, Filter und Akku""}]}","{""@type"":""ItemList"",""itemListElement"":[{""@type"":""ListItem"",""position"":1,""name"":""Akkulaufzeit stark von Modus und Nutzung abhängig""},{""@type"":""ListItem"",""position"":2,""name"":""nur 2,4-GHz-WLAN""},{""@type"":""ListItem"",""position"":3,""name"":""proprietäres Xiaomi-Home-Ökosystem""},{""@type"":""ListItem"",""position"":4,""name"":""monatliche Filterwechsel verursachen Folgekosten""}]}","[{""@type"":""Offer"",""price"":54.99,""priceCurrency"":""EUR"",""availability"":""https://schema.org/InStock"",""url"":""https://amzn.to/4w6sFpn"",""seller"":{""@type"":""Organization"",""name"":""Amazon""}}]","[""Review body not an exact visible text match"",""Publisher slug emitted as sku; no manufacturer SKU provenance""]","[]"
"https://pfotentechnik.de/produkt/zeromouse-2-0/","WARNING","true","1","1","0","1","83","true","true","{""@type"":""Brand"",""name"":""ZeroMOUSE""}","null","zeromouse-2-0","","","[""https://pfotentechnik.de/_astro/hero.D8dCz_0j_Z2p20S0.webp""]","{""@type"":""ItemList"",""itemListElement"":[{""@type"":""ListItem"",""position"":1,""name"":""echter Zusatznutzen gegenüber einer gewöhnlichen Mikrochip-Katzenklappe""},{""@type"":""ListItem"",""position"":2,""name"":""Nachrüstung statt vollständigem Austausch der Klappe""},{""@type"":""ListItem"",""position"":3,""name"":""integrierte Nachtsicht und wetterfeste Auslegung laut Hersteller""},{""@type"":""ListItem"",""position"":4,""name"":""App mit Ereignisbildern und Feedbackmöglichkeit""},{""@type"":""ListItem"",""position"":5,""name"":""direkte Installation bei vielen Klappen von SURE Petcare und Closer Pets""}]}","{""@type"":""ItemList"",""itemListElement"":[{""@type"":""ListItem"",""position"":1,""name"":""keine Funktion ohne stabile WLAN-Verbindung""},{""@type"":""ListItem"",""position"":2,""name"":""bei Stromausfall arbeitet die vorhandene Klappe ohne Beutesperre weiter""},{""@type"":""ListItem"",""position"":3,""name"":""nicht jede Klappenform ist kompatibel""},{""@type"":""ListItem"",""position"":4,""name"":""ungeklärte Fälle können laut Support zum Eintritt führen""},{""@type"":""ListItem"",""position"":5,""name"":""ungewöhnlich hoher Preis für ein spezialisiertes Add-on""}]}","[{""@type"":""Offer"",""price"":199,""priceCurrency"":""EUR"",""availability"":""https://schema.org/InStock"",""url"":""https://zeromouse.com/de/products/zeromouse-2"",""seller"":{""@type"":""Organization"",""name"":""zeromouse.com""}}]","[""Review body not an exact visible text match"",""Publisher slug emitted as sku; no manufacturer SKU provenance""]","[]"
