url,measuredUrl,classification,pageType,cluster,httpStatus,finalStatus,redirectHops,canonical,liveCanonical,robots,xRobotsTag,sitemapMembership,lastmod,h1,title,schemaUrls,schemaUrlExceptions,incomingLinks,incomingSources,outgoingLinks,clickDepth,mainWords,initialContent,liveMainWords,liveLocalContentEqual,sourceFile
"https://pfotentechnik.de/404/","https://pfotentechnik.de/404.html","E_INTENTIONAL_404","editorial-page","smarte-haustiertechnik","308","200","1","[""https://pfotentechnik.de/404/""]","[""https://pfotentechnik.de/404/""]","[{""agent"":""robots"",""value"":""noindex,follow,max-image-preview:large""}]","","false","","[""Seite nicht gefunden""]","Seite nicht gefunden","[""https://pfotentechnik.de"",""https://pfotentechnik.de/404/""]","[""https://pfotentechnik.de/404/""]","0","0","0","null","30","true","30","true","apps/pfotentechnik/dist/404.html"
"https://pfotentechnik.de/admin/seo/advisor/","https://pfotentechnik.de/admin/seo/advisor/","C_NOINDEX","technical","smarte-haustiertechnik","200","200","0","[]","[]","[{""agent"":""robots"",""value"":""noindex,nofollow""}]","","false","","[""Findings""]","Findings | PfotenTechnik SEO","[]","[]","0","0","0","null","170","true","169","false","apps/pfotentechnik/dist/admin/seo/advisor/index.html"
"https://pfotentechnik.de/admin/seo/cockpit/","https://pfotentechnik.de/admin/seo/cockpit/","C_NOINDEX","technical","smarte-haustiertechnik","200","200","0","[]","[]","[{""agent"":""robots"",""value"":""noindex,nofollow""}]","","false","","[""Search Cockpit""]","Search Cockpit | PfotenTechnik SEO","[]","[]","0","0","0","null","166","true","166","false","apps/pfotentechnik/dist/admin/seo/cockpit/index.html"
"https://pfotentechnik.de/admin/seo/history/","https://pfotentechnik.de/admin/seo/history/","C_NOINDEX","technical","smarte-haustiertechnik","200","200","0","[]","[]","[{""agent"":""robots"",""value"":""noindex,nofollow""}]","","false","","[""Systemhistorie""]","Systemhistorie | PfotenTechnik SEO","[]","[]","0","0","0","null","1445","true","58","false","apps/pfotentechnik/dist/admin/seo/history/index.html"
"https://pfotentechnik.de/admin/seo/","https://pfotentechnik.de/admin/seo/","C_NOINDEX","technical","smarte-haustiertechnik","200","200","0","[]","[]","[{""agent"":""robots"",""value"":""noindex,nofollow""}]","","false","","[""SEO-Arbeitsübersicht""]","SEO-Arbeitsübersicht | PfotenTechnik SEO","[]","[]","0","0","0","null","324","true","324","false","apps/pfotentechnik/dist/admin/seo/index.html"
"https://pfotentechnik.de/admin/seo/media/","https://pfotentechnik.de/admin/seo/media/","C_NOINDEX","technical","smarte-haustiertechnik","200","200","0","[]","[]","[{""agent"":""robots"",""value"":""noindex,nofollow""}]","","false","","[""Media Center""]","Media Center | PfotenTechnik SEO","[]","[]","0","0","0","null","166","true","166","true","apps/pfotentechnik/dist/admin/seo/media/index.html"
"https://pfotentechnik.de/admin/seo/prices/","https://pfotentechnik.de/admin/seo/prices/","C_NOINDEX","technical","smarte-haustiertechnik","200","200","0","[]","[]","[{""agent"":""robots"",""value"":""noindex,nofollow""}]","","false","","[""Produktpflege""]","Produktpflege | PfotenTechnik SEO","[]","[]","0","0","0","null","18848","true","18741","false","apps/pfotentechnik/dist/admin/seo/prices/index.html"
"https://pfotentechnik.de/admin/seo/products/aqara-smart-pet-feeder-c1/","https://pfotentechnik.de/admin/seo/products/aqara-smart-pet-feeder-c1/","C_NOINDEX","technical","smarte-haustiertechnik","200","200","0","[]","[]","[{""agent"":""robots"",""value"":""noindex,nofollow""}]","","false","","[""Aqara Smart Pet Feeder C1""]","Aqara Smart Pet Feeder C1 | PfotenTechnik SEO","[]","[]","0","0","0","null","183","true","183","true","apps/pfotentechnik/dist/admin/seo/products/aqara-smart-pet-feeder-c1/index.html"
"https://pfotentechnik.de/admin/seo/products/cat-mate-335-pet-fountain/","https://pfotentechnik.de/admin/seo/products/cat-mate-335-pet-fountain/","C_NOINDEX","technical","smarte-haustiertechnik","200","200","0","[]","[]","[{""agent"":""robots"",""value"":""noindex,nofollow""}]","","false","","[""Cat Mate Pet Fountain 335""]","Cat Mate Pet Fountain 335 | PfotenTechnik SEO","[]","[]","0","0","0","null","185","true","185","true","apps/pfotentechnik/dist/admin/seo/products/cat-mate-335-pet-fountain/index.html"
"https://pfotentechnik.de/admin/seo/products/cat-mate-c200/","https://pfotentechnik.de/admin/seo/products/cat-mate-c200/","C_NOINDEX","technical","smarte-haustiertechnik","200","200","0","[]","[]","[{""agent"":""robots"",""value"":""noindex,nofollow""}]","","false","","[""Cat Mate C200""]","Cat Mate C200 | PfotenTechnik SEO","[]","[]","0","0","0","null","180","true","180","true","apps/pfotentechnik/dist/admin/seo/products/cat-mate-c200/index.html"
"https://pfotentechnik.de/admin/seo/products/cat-mate-c300/","https://pfotentechnik.de/admin/seo/products/cat-mate-c300/","C_NOINDEX","technical","smarte-haustiertechnik","200","200","0","[]","[]","[{""agent"":""robots"",""value"":""noindex,nofollow""}]","","false","","[""Cat Mate C300""]","Cat Mate C300 | PfotenTechnik SEO","[]","[]","0","0","0","null","180","true","180","true","apps/pfotentechnik/dist/admin/seo/products/cat-mate-c300/index.html"
"https://pfotentechnik.de/admin/seo/products/cat-mate-c500/","https://pfotentechnik.de/admin/seo/products/cat-mate-c500/","C_NOINDEX","technical","smarte-haustiertechnik","200","200","0","[]","[]","[{""agent"":""robots"",""value"":""noindex,nofollow""}]","","false","","[""Cat Mate C500""]","Cat Mate C500 | PfotenTechnik SEO","[]","[]","0","0","0","null","180","true","180","true","apps/pfotentechnik/dist/admin/seo/products/cat-mate-c500/index.html"
"https://pfotentechnik.de/admin/seo/products/cat-mate-elite-355w/","https://pfotentechnik.de/admin/seo/products/cat-mate-elite-355w/","C_NOINDEX","technical","smarte-haustiertechnik","200","200","0","[]","[]","[{""agent"":""robots"",""value"":""noindex,nofollow""}]","","false","","[""Cat Mate Elite 355W Mikrochip-Katzenklappe mit Timer""]","Cat Mate Elite 355W Mikrochip-Katzenklappe mit Timer | PfotenTechnik SEO","[]","[]","0","0","0","null","195","true","195","true","apps/pfotentechnik/dist/admin/seo/products/cat-mate-elite-355w/index.html"
"https://pfotentechnik.de/admin/seo/products/cat-mate-shell-fountain/","https://pfotentechnik.de/admin/seo/products/cat-mate-shell-fountain/","C_NOINDEX","technical","smarte-haustiertechnik","200","200","0","[]","[]","[{""agent"":""robots"",""value"":""noindex,nofollow""}]","","false","","[""Cat Mate Shell Pet Fountain""]","Cat Mate Shell Pet Fountain | PfotenTechnik SEO","[]","[]","0","0","0","null","184","true","184","true","apps/pfotentechnik/dist/admin/seo/products/cat-mate-shell-fountain/index.html"
"https://pfotentechnik.de/admin/seo/products/catit-pixi-smart-6-meal-feeder/","https://pfotentechnik.de/admin/seo/products/catit-pixi-smart-6-meal-feeder/","C_NOINDEX","technical","smarte-haustiertechnik","200","200","0","[]","[]","[{""agent"":""robots"",""value"":""noindex,nofollow""}]","","false","","[""Catit PIXI Smart 6-Meal Feeder""]","Catit PIXI Smart 6-Meal Feeder | PfotenTechnik SEO","[]","[]","0","0","0","null","186","true","186","true","apps/pfotentechnik/dist/admin/seo/products/catit-pixi-smart-6-meal-feeder/index.html"
"https://pfotentechnik.de/admin/seo/products/catit-pixi-smart-trinkbrunnen/","https://pfotentechnik.de/admin/seo/products/catit-pixi-smart-trinkbrunnen/","C_NOINDEX","technical","trinkbrunnen","200","200","0","[]","[]","[{""agent"":""robots"",""value"":""noindex,nofollow""}]","","false","","[""Catit PIXI Smart-Trinkbrunnen""]","Catit PIXI Smart-Trinkbrunnen | PfotenTechnik SEO","[]","[]","0","0","0","null","177","true","177","true","apps/pfotentechnik/dist/admin/seo/products/catit-pixi-smart-trinkbrunnen/index.html"
"https://pfotentechnik.de/admin/seo/products/catit-pixi-vision-smart-feeder/","https://pfotentechnik.de/admin/seo/products/catit-pixi-vision-smart-feeder/","C_NOINDEX","technical","smarte-haustiertechnik","200","200","0","[]","[]","[{""agent"":""robots"",""value"":""noindex,nofollow""}]","","false","","[""Catit PIXI Vision Smart Feeder""]","Catit PIXI Vision Smart Feeder | PfotenTechnik SEO","[]","[]","0","0","0","null","181","true","181","true","apps/pfotentechnik/dist/admin/seo/products/catit-pixi-vision-smart-feeder/index.html"
"https://pfotentechnik.de/admin/seo/products/devoko-90l-automatisches-katzenklo/","https://pfotentechnik.de/admin/seo/products/devoko-90l-automatisches-katzenklo/","C_NOINDEX","technical","smarte-haustiertechnik","200","200","0","[]","[]","[{""agent"":""robots"",""value"":""noindex,nofollow""}]","","false","","[""Devoko 90L Automatisches Katzenklo""]","Devoko 90L Automatisches Katzenklo | PfotenTechnik SEO","[]","[]","0","0","0","null","185","true","185","true","apps/pfotentechnik/dist/admin/seo/products/devoko-90l-automatisches-katzenklo/index.html"
"https://pfotentechnik.de/admin/seo/products/enabot-ebo-air-2/","https://pfotentechnik.de/admin/seo/products/enabot-ebo-air-2/","C_NOINDEX","technical","smarte-haustiertechnik","200","200","0","[]","[]","[{""agent"":""robots"",""value"":""noindex,nofollow""}]","","false","","[""Enabot EBO Air 2""]","Enabot EBO Air 2 | PfotenTechnik SEO","[]","[]","0","0","0","null","171","true","170","false","apps/pfotentechnik/dist/admin/seo/products/enabot-ebo-air-2/index.html"
"https://pfotentechnik.de/admin/seo/products/enabot-rola-mini/","https://pfotentechnik.de/admin/seo/products/enabot-rola-mini/","C_NOINDEX","technical","smarte-haustiertechnik","200","200","0","[]","[]","[{""agent"":""robots"",""value"":""noindex,nofollow""}]","","false","","[""Enabot ROLA Mini""]","Enabot ROLA Mini | PfotenTechnik SEO","[]","[]","0","0","0","null","176","true","176","true","apps/pfotentechnik/dist/admin/seo/products/enabot-rola-mini/index.html"
"https://pfotentechnik.de/admin/seo/products/enabot-rola-pettracker/","https://pfotentechnik.de/admin/seo/products/enabot-rola-pettracker/","C_NOINDEX","technical","gps-tracker","200","200","0","[]","[]","[{""agent"":""robots"",""value"":""noindex,nofollow""}]","","false","","[""Enabot ROLA PetTracker""]","Enabot ROLA PetTracker | PfotenTechnik SEO","[]","[]","0","0","0","null","184","true","184","true","apps/pfotentechnik/dist/admin/seo/products/enabot-rola-pettracker/index.html"
"https://pfotentechnik.de/admin/seo/products/feelneedy-fn-w18-8l-katzenbrunnen/","https://pfotentechnik.de/admin/seo/products/feelneedy-fn-w18-8l-katzenbrunnen/","C_NOINDEX","technical","trinkbrunnen","200","200","0","[]","[]","[{""agent"":""robots"",""value"":""noindex,nofollow""}]","","false","","[""FEELNEEDY FN-W18 8L Katzenbrunnen""]","FEELNEEDY FN-W18 8L Katzenbrunnen | PfotenTechnik SEO","[]","[]","0","0","0","null","183","true","182","false","apps/pfotentechnik/dist/admin/seo/products/feelneedy-fn-w18-8l-katzenbrunnen/index.html"
"https://pfotentechnik.de/admin/seo/products/flappie/","https://pfotentechnik.de/admin/seo/products/flappie/","C_NOINDEX","technical","smarte-haustiertechnik","200","200","0","[]","[]","[{""agent"":""robots"",""value"":""noindex,nofollow""}]","","false","","[""Flappie""]","Flappie | PfotenTechnik SEO","[]","[]","0","0","0","null","175","true","175","true","apps/pfotentechnik/dist/admin/seo/products/flappie/index.html"
"https://pfotentechnik.de/admin/seo/products/furbo-360-hundekamera/","https://pfotentechnik.de/admin/seo/products/furbo-360-hundekamera/","C_NOINDEX","technical","smarte-haustiertechnik","200","200","0","[]","[]","[{""agent"":""robots"",""value"":""noindex,nofollow""}]","","false","","[""Furbo 360° Hundekamera""]","Furbo 360° Hundekamera | PfotenTechnik SEO","[]","[]","0","0","0","null","177","true","176","false","apps/pfotentechnik/dist/admin/seo/products/furbo-360-hundekamera/index.html"
"https://pfotentechnik.de/admin/seo/products/furbo-360-katzenkamera/","https://pfotentechnik.de/admin/seo/products/furbo-360-katzenkamera/","C_NOINDEX","technical","smarte-haustiertechnik","200","200","0","[]","[]","[{""agent"":""robots"",""value"":""noindex,nofollow""}]","","false","","[""Furbo 360° Katzenkamera""]","Furbo 360° Katzenkamera | PfotenTechnik SEO","[]","[]","0","0","0","null","178","true","178","true","apps/pfotentechnik/dist/admin/seo/products/furbo-360-katzenkamera/index.html"
"https://pfotentechnik.de/admin/seo/products/furbo-mini-360/","https://pfotentechnik.de/admin/seo/products/furbo-mini-360/","C_NOINDEX","technical","smarte-haustiertechnik","200","200","0","[]","[]","[{""agent"":""robots"",""value"":""noindex,nofollow""}]","","false","","[""Furbo Mini 360""]","Furbo Mini 360 | PfotenTechnik SEO","[]","[]","0","0","0","null","175","true","175","true","apps/pfotentechnik/dist/admin/seo/products/furbo-mini-360/index.html"
"https://pfotentechnik.de/admin/seo/products/garmin-alpha-t-20/","https://pfotentechnik.de/admin/seo/products/garmin-alpha-t-20/","C_NOINDEX","technical","smarte-haustiertechnik","200","200","0","[]","[]","[{""agent"":""robots"",""value"":""noindex,nofollow""}]","","false","","[""Garmin Alpha T 20""]","Garmin Alpha T 20 | PfotenTechnik SEO","[]","[]","0","0","0","null","175","true","175","true","apps/pfotentechnik/dist/admin/seo/products/garmin-alpha-t-20/index.html"
"https://pfotentechnik.de/admin/seo/products/garmin-alpha-tt-25/","https://pfotentechnik.de/admin/seo/products/garmin-alpha-tt-25/","C_NOINDEX","technical","smarte-haustiertechnik","200","200","0","[]","[]","[{""agent"":""robots"",""value"":""noindex,nofollow""}]","","false","","[""Garmin Alpha TT 25""]","Garmin Alpha TT 25 | PfotenTechnik SEO","[]","[]","0","0","0","null","178","true","178","true","apps/pfotentechnik/dist/admin/seo/products/garmin-alpha-tt-25/index.html"
"https://pfotentechnik.de/admin/seo/products/honeyguardian-a305d/","https://pfotentechnik.de/admin/seo/products/honeyguardian-a305d/","C_NOINDEX","technical","smarte-haustiertechnik","200","200","0","[]","[]","[{""agent"":""robots"",""value"":""noindex,nofollow""}]","","false","","[""HoneyGuardian A305D""]","HoneyGuardian A305D | PfotenTechnik SEO","[]","[]","0","0","0","null","178","true","178","true","apps/pfotentechnik/dist/admin/seo/products/honeyguardian-a305d/index.html"
"https://pfotentechnik.de/admin/seo/products/honeyguardian-a68/","https://pfotentechnik.de/admin/seo/products/honeyguardian-a68/","C_NOINDEX","technical","smarte-haustiertechnik","200","200","0","[]","[]","[{""agent"":""robots"",""value"":""noindex,nofollow""}]","","false","","[""HoneyGuardian A68 Smart Pet Feeder""]","HoneyGuardian A68 Smart Pet Feeder | PfotenTechnik SEO","[]","[]","0","0","0","null","191","true","191","true","apps/pfotentechnik/dist/admin/seo/products/honeyguardian-a68/index.html"
"https://pfotentechnik.de/admin/seo/products/honeyguardian-smart-pet-feeder-s305d/","https://pfotentechnik.de/admin/seo/products/honeyguardian-smart-pet-feeder-s305d/","C_NOINDEX","technical","smarte-haustiertechnik","200","200","0","[]","[]","[{""agent"":""robots"",""value"":""noindex,nofollow""}]","","false","","[""HoneyGuardian Smart Pet Feeder S305D""]","HoneyGuardian Smart Pet Feeder S305D | PfotenTechnik SEO","[]","[]","0","0","0","null","180","true","180","true","apps/pfotentechnik/dist/admin/seo/products/honeyguardian-smart-pet-feeder-s305d/index.html"
"https://pfotentechnik.de/admin/seo/products/imipaw-3l-automatic-cat-feeder/","https://pfotentechnik.de/admin/seo/products/imipaw-3l-automatic-cat-feeder/","C_NOINDEX","technical","smarte-haustiertechnik","200","200","0","[]","[]","[{""agent"":""robots"",""value"":""noindex,nofollow""}]","","false","","[""IMIPAW 3L Automatic Cat Feeder""]","IMIPAW 3L Automatic Cat Feeder | PfotenTechnik SEO","[]","[]","0","0","0","null","187","true","187","true","apps/pfotentechnik/dist/admin/seo/products/imipaw-3l-automatic-cat-feeder/index.html"
"https://pfotentechnik.de/admin/seo/products/","https://pfotentechnik.de/admin/seo/products/","C_NOINDEX","technical","smarte-haustiertechnik","200","200","0","[]","[]","[{""agent"":""robots"",""value"":""noindex,nofollow""}]","","false","","[""Seiten-Workspaces""]","Seiten-Workspaces | PfotenTechnik SEO","[]","[]","0","0","0","null","68","true","68","false","apps/pfotentechnik/dist/admin/seo/products/index.html"
"https://pfotentechnik.de/admin/seo/products/invoxia-biotracker-2026/","https://pfotentechnik.de/admin/seo/products/invoxia-biotracker-2026/","C_NOINDEX","technical","gps-tracker","200","200","0","[]","[]","[{""agent"":""robots"",""value"":""noindex,nofollow""}]","","false","","[""Invoxia Biotracker Edition 2026""]","Invoxia Biotracker Edition 2026 | PfotenTechnik SEO","[]","[]","0","0","0","null","183","true","183","true","apps/pfotentechnik/dist/admin/seo/products/invoxia-biotracker-2026/index.html"
"https://pfotentechnik.de/admin/seo/products/litter-robot-4/","https://pfotentechnik.de/admin/seo/products/litter-robot-4/","C_NOINDEX","technical","smarte-haustiertechnik","200","200","0","[]","[]","[{""agent"":""robots"",""value"":""noindex,nofollow""}]","","false","","[""Litter-Robot 4""]","Litter-Robot 4 | PfotenTechnik SEO","[]","[]","0","0","0","null","188","true","188","true","apps/pfotentechnik/dist/admin/seo/products/litter-robot-4/index.html"
"https://pfotentechnik.de/admin/seo/products/litter-robot-5-pro/","https://pfotentechnik.de/admin/seo/products/litter-robot-5-pro/","C_NOINDEX","technical","smarte-haustiertechnik","200","200","0","[]","[]","[{""agent"":""robots"",""value"":""noindex,nofollow""}]","","false","","[""Litter-Robot 5 Pro""]","Litter-Robot 5 Pro | PfotenTechnik SEO","[]","[]","0","0","0","null","169","true","169","true","apps/pfotentechnik/dist/admin/seo/products/litter-robot-5-pro/index.html"
"https://pfotentechnik.de/admin/seo/products/neakasa-m1-lite/","https://pfotentechnik.de/admin/seo/products/neakasa-m1-lite/","C_NOINDEX","technical","smarte-haustiertechnik","200","200","0","[]","[]","[{""agent"":""robots"",""value"":""noindex,nofollow""}]","","false","","[""Neakasa M1 Plus Lite""]","Neakasa M1 Plus Lite | PfotenTechnik SEO","[]","[]","0","0","0","null","187","true","187","true","apps/pfotentechnik/dist/admin/seo/products/neakasa-m1-lite/index.html"
"https://pfotentechnik.de/admin/seo/products/neakasa-m1-plus/","https://pfotentechnik.de/admin/seo/products/neakasa-m1-plus/","C_NOINDEX","technical","smarte-haustiertechnik","200","200","0","[]","[]","[{""agent"":""robots"",""value"":""noindex,nofollow""}]","","false","","[""Neakasa M1 Plus""]","Neakasa M1 Plus | PfotenTechnik SEO","[]","[]","0","0","0","null","170","true","169","false","apps/pfotentechnik/dist/admin/seo/products/neakasa-m1-plus/index.html"
"https://pfotentechnik.de/admin/seo/products/neakasa-riko/","https://pfotentechnik.de/admin/seo/products/neakasa-riko/","C_NOINDEX","technical","smarte-haustiertechnik","200","200","0","[]","[]","[{""agent"":""robots"",""value"":""noindex,nofollow""}]","","false","","[""Neakasa Riko""]","Neakasa Riko | PfotenTechnik SEO","[]","[]","0","0","0","null","184","true","184","true","apps/pfotentechnik/dist/admin/seo/products/neakasa-riko/index.html"
"https://pfotentechnik.de/admin/seo/products/oneisall-2-2l-cordless-fountain/","https://pfotentechnik.de/admin/seo/products/oneisall-2-2l-cordless-fountain/","C_NOINDEX","technical","smarte-haustiertechnik","200","200","0","[]","[]","[{""agent"":""robots"",""value"":""noindex,nofollow""}]","","false","","[""oneisall 2,2L Cordless Cat Fountain""]","oneisall 2,2L Cordless Cat Fountain | PfotenTechnik SEO","[]","[]","0","0","0","null","182","true","182","true","apps/pfotentechnik/dist/admin/seo/products/oneisall-2-2l-cordless-fountain/index.html"
"https://pfotentechnik.de/admin/seo/products/oneisall-2-in-1-feeder-water/","https://pfotentechnik.de/admin/seo/products/oneisall-2-in-1-feeder-water/","C_NOINDEX","technical","smarte-haustiertechnik","200","200","0","[]","[]","[{""agent"":""robots"",""value"":""noindex,nofollow""}]","","false","","[""Oneisall 2-in-1 Automatic Cat Feeder and Water Dispenser""]","Oneisall 2-in-1 Automatic Cat Feeder and Water Dispenser | PfotenTechnik SEO","[]","[]","0","0","0","null","183","true","183","true","apps/pfotentechnik/dist/admin/seo/products/oneisall-2-in-1-feeder-water/index.html"
"https://pfotentechnik.de/admin/seo/products/oneisall-3-2l-cordless-fountain/","https://pfotentechnik.de/admin/seo/products/oneisall-3-2l-cordless-fountain/","C_NOINDEX","technical","smarte-haustiertechnik","200","200","0","[]","[]","[{""agent"":""robots"",""value"":""noindex,nofollow""}]","","false","","[""oneisall 3,2L Cordless Cat Fountain""]","oneisall 3,2L Cordless Cat Fountain | PfotenTechnik SEO","[]","[]","0","0","0","null","181","true","181","true","apps/pfotentechnik/dist/admin/seo/products/oneisall-3-2l-cordless-fountain/index.html"
"https://pfotentechnik.de/admin/seo/products/oneisall-3-5l-cordless-fountain/","https://pfotentechnik.de/admin/seo/products/oneisall-3-5l-cordless-fountain/","C_NOINDEX","technical","smarte-haustiertechnik","200","200","0","[]","[]","[{""agent"":""robots"",""value"":""noindex,nofollow""}]","","false","","[""oneisall 3,5L Cordless Fountain""]","oneisall 3,5L Cordless Fountain | PfotenTechnik SEO","[]","[]","0","0","0","null","176","true","176","true","apps/pfotentechnik/dist/admin/seo/products/oneisall-3-5l-cordless-fountain/index.html"
"https://pfotentechnik.de/admin/seo/products/oneisall-5l-automatic-cat-feeder/","https://pfotentechnik.de/admin/seo/products/oneisall-5l-automatic-cat-feeder/","C_NOINDEX","technical","smarte-haustiertechnik","200","200","0","[]","[]","[{""agent"":""robots"",""value"":""noindex,nofollow""}]","","false","","[""oneisall 5L Automatic Cat Feeder""]","oneisall 5L Automatic Cat Feeder | PfotenTechnik SEO","[]","[]","0","0","0","null","185","true","185","true","apps/pfotentechnik/dist/admin/seo/products/oneisall-5l-automatic-cat-feeder/index.html"
"https://pfotentechnik.de/admin/seo/products/oneisall-7l-dog-water-fountain/","https://pfotentechnik.de/admin/seo/products/oneisall-7l-dog-water-fountain/","C_NOINDEX","technical","smarte-haustiertechnik","200","200","0","[]","[]","[{""agent"":""robots"",""value"":""noindex,nofollow""}]","","false","","[""oneisall 7L Dog Water Fountain""]","oneisall 7L Dog Water Fountain | PfotenTechnik SEO","[]","[]","0","0","0","null","181","true","181","true","apps/pfotentechnik/dist/admin/seo/products/oneisall-7l-dog-water-fountain/index.html"
"https://pfotentechnik.de/admin/seo/products/onlycat-mikrochip-katzenklappe/","https://pfotentechnik.de/admin/seo/products/onlycat-mikrochip-katzenklappe/","C_NOINDEX","technical","smarte-haustiertechnik","200","200","0","[]","[]","[{""agent"":""robots"",""value"":""noindex,nofollow""}]","","false","","[""OnlyCat Mikrochip Katzenklappe""]","OnlyCat Mikrochip Katzenklappe | PfotenTechnik SEO","[]","[]","0","0","0","null","177","true","177","true","apps/pfotentechnik/dist/admin/seo/products/onlycat-mikrochip-katzenklappe/index.html"
"https://pfotentechnik.de/admin/seo/products/paj-pet-finder-4g-mini/","https://pfotentechnik.de/admin/seo/products/paj-pet-finder-4g-mini/","C_NOINDEX","technical","smarte-haustiertechnik","200","200","0","[]","[]","[{""agent"":""robots"",""value"":""noindex,nofollow""}]","","false","","[""PAJ PET Finder 4G Mini""]","PAJ PET Finder 4G Mini | PfotenTechnik SEO","[]","[]","0","0","0","null","189","true","189","true","apps/pfotentechnik/dist/admin/seo/products/paj-pet-finder-4g-mini/index.html"
"https://pfotentechnik.de/admin/seo/products/pawbby-smart-pet-feeder/","https://pfotentechnik.de/admin/seo/products/pawbby-smart-pet-feeder/","C_NOINDEX","technical","smarte-haustiertechnik","200","200","0","[]","[]","[{""agent"":""robots"",""value"":""noindex,nofollow""}]","","false","","[""PAWBBY Smart Pet Feeder""]","PAWBBY Smart Pet Feeder | PfotenTechnik SEO","[]","[]","0","0","0","null","179","true","179","true","apps/pfotentechnik/dist/admin/seo/products/pawbby-smart-pet-feeder/index.html"
"https://pfotentechnik.de/admin/seo/products/pawfit-3/","https://pfotentechnik.de/admin/seo/products/pawfit-3/","C_NOINDEX","technical","smarte-haustiertechnik","200","200","0","[]","[]","[{""agent"":""robots"",""value"":""noindex,nofollow""}]","","false","","[""Pawfit 3""]","Pawfit 3 | PfotenTechnik SEO","[]","[]","0","0","0","null","184","true","184","true","apps/pfotentechnik/dist/admin/seo/products/pawfit-3/index.html"
"https://pfotentechnik.de/admin/seo/products/pawsync-smart-pet-feeder/","https://pfotentechnik.de/admin/seo/products/pawsync-smart-pet-feeder/","C_NOINDEX","technical","smarte-haustiertechnik","200","200","0","[]","[]","[{""agent"":""robots"",""value"":""noindex,nofollow""}]","","false","","[""PawSync Smart Pet Feeder""]","PawSync Smart Pet Feeder | PfotenTechnik SEO","[]","[]","0","0","0","null","175","true","175","true","apps/pfotentechnik/dist/admin/seo/products/pawsync-smart-pet-feeder/index.html"
"https://pfotentechnik.de/admin/seo/products/petkit-eversweet-3-pro-uvc/","https://pfotentechnik.de/admin/seo/products/petkit-eversweet-3-pro-uvc/","C_NOINDEX","technical","smarte-haustiertechnik","200","200","0","[]","[]","[{""agent"":""robots"",""value"":""noindex,nofollow""}]","","false","","[""PETKIT Eversweet 3 Pro UVC""]","PETKIT Eversweet 3 Pro UVC | PfotenTechnik SEO","[]","[]","0","0","0","null","183","true","183","true","apps/pfotentechnik/dist/admin/seo/products/petkit-eversweet-3-pro-uvc/index.html"
"https://pfotentechnik.de/admin/seo/products/petkit-eversweet-5-mini/","https://pfotentechnik.de/admin/seo/products/petkit-eversweet-5-mini/","C_NOINDEX","technical","smarte-haustiertechnik","200","200","0","[]","[]","[{""agent"":""robots"",""value"":""noindex,nofollow""}]","","false","","[""PETKIT Eversweet 5 Mini""]","PETKIT Eversweet 5 Mini | PfotenTechnik SEO","[]","[]","0","0","0","null","179","true","179","true","apps/pfotentechnik/dist/admin/seo/products/petkit-eversweet-5-mini/index.html"
"https://pfotentechnik.de/admin/seo/products/petkit-eversweet-max-2-uvc/","https://pfotentechnik.de/admin/seo/products/petkit-eversweet-max-2-uvc/","C_NOINDEX","technical","smarte-haustiertechnik","200","200","0","[]","[]","[{""agent"":""robots"",""value"":""noindex,nofollow""}]","","false","","[""PETKIT Eversweet Max 2 UVC""]","PETKIT Eversweet Max 2 UVC | PfotenTechnik SEO","[]","[]","0","0","0","null","183","true","183","true","apps/pfotentechnik/dist/admin/seo/products/petkit-eversweet-max-2-uvc/index.html"
"https://pfotentechnik.de/admin/seo/products/petkit-eversweet-max-cordless/","https://pfotentechnik.de/admin/seo/products/petkit-eversweet-max-cordless/","C_NOINDEX","technical","smarte-haustiertechnik","200","200","0","[]","[]","[{""agent"":""robots"",""value"":""noindex,nofollow""}]","","false","","[""PETKIT Eversweet Max Cordless""]","PETKIT Eversweet Max Cordless | PfotenTechnik SEO","[]","[]","0","0","0","null","178","true","178","true","apps/pfotentechnik/dist/admin/seo/products/petkit-eversweet-max-cordless/index.html"
"https://pfotentechnik.de/admin/seo/products/petkit-eversweet-solo-2-fountain/","https://pfotentechnik.de/admin/seo/products/petkit-eversweet-solo-2-fountain/","C_NOINDEX","technical","smarte-haustiertechnik","200","200","0","[]","[]","[{""agent"":""robots"",""value"":""noindex,nofollow""}]","","false","","[""PETKIT Eversweet Solo 2""]","PETKIT Eversweet Solo 2 | PfotenTechnik SEO","[]","[]","0","0","0","null","183","true","183","true","apps/pfotentechnik/dist/admin/seo/products/petkit-eversweet-solo-2-fountain/index.html"
"https://pfotentechnik.de/admin/seo/products/petkit-eversweet-solo-se/","https://pfotentechnik.de/admin/seo/products/petkit-eversweet-solo-se/","C_NOINDEX","technical","smarte-haustiertechnik","200","200","0","[]","[]","[{""agent"":""robots"",""value"":""noindex,nofollow""}]","","false","","[""PETKIT Eversweet Solo SE""]","PETKIT Eversweet Solo SE | PfotenTechnik SEO","[]","[]","0","0","0","null","179","true","179","true","apps/pfotentechnik/dist/admin/seo/products/petkit-eversweet-solo-se/index.html"
"https://pfotentechnik.de/admin/seo/products/petkit-eversweet-ultra/","https://pfotentechnik.de/admin/seo/products/petkit-eversweet-ultra/","C_NOINDEX","technical","smarte-haustiertechnik","200","200","0","[]","[]","[{""agent"":""robots"",""value"":""noindex,nofollow""}]","","false","","[""PETKIT Eversweet Ultra""]","PETKIT Eversweet Ultra | PfotenTechnik SEO","[]","[]","0","0","0","null","179","true","179","true","apps/pfotentechnik/dist/admin/seo/products/petkit-eversweet-ultra/index.html"
"https://pfotentechnik.de/admin/seo/products/petkit-fresh-element-infinity/","https://pfotentechnik.de/admin/seo/products/petkit-fresh-element-infinity/","C_NOINDEX","technical","smarte-haustiertechnik","200","200","0","[]","[]","[{""agent"":""robots"",""value"":""noindex,nofollow""}]","","false","","[""PETKIT Fresh Element Infinity""]","PETKIT Fresh Element Infinity | PfotenTechnik SEO","[]","[]","0","0","0","null","192","true","192","true","apps/pfotentechnik/dist/admin/seo/products/petkit-fresh-element-infinity/index.html"
"https://pfotentechnik.de/admin/seo/products/petkit-fresh-element-solo/","https://pfotentechnik.de/admin/seo/products/petkit-fresh-element-solo/","C_NOINDEX","technical","smarte-haustiertechnik","200","200","0","[]","[]","[{""agent"":""robots"",""value"":""noindex,nofollow""}]","","false","","[""PETKIT Fresh Element Solo""]","PETKIT Fresh Element Solo | PfotenTechnik SEO","[]","[]","0","0","0","null","183","true","183","true","apps/pfotentechnik/dist/admin/seo/products/petkit-fresh-element-solo/index.html"
"https://pfotentechnik.de/admin/seo/products/petkit-puramax-2/","https://pfotentechnik.de/admin/seo/products/petkit-puramax-2/","C_NOINDEX","technical","smarte-haustiertechnik","200","200","0","[]","[]","[{""agent"":""robots"",""value"":""noindex,nofollow""}]","","false","","[""PETKIT PuraMax 2""]","PETKIT PuraMax 2 | PfotenTechnik SEO","[]","[]","0","0","0","null","184","true","184","true","apps/pfotentechnik/dist/admin/seo/products/petkit-puramax-2/index.html"
"https://pfotentechnik.de/admin/seo/products/petkit-purobot-crystal-duo/","https://pfotentechnik.de/admin/seo/products/petkit-purobot-crystal-duo/","C_NOINDEX","technical","smarte-haustiertechnik","200","200","0","[]","[]","[{""agent"":""robots"",""value"":""noindex,nofollow""}]","","false","","[""PETKIT PUROBOT CRYSTAL DUO""]","PETKIT PUROBOT CRYSTAL DUO | PfotenTechnik SEO","[]","[]","0","0","0","null","181","true","181","true","apps/pfotentechnik/dist/admin/seo/products/petkit-purobot-crystal-duo/index.html"
"https://pfotentechnik.de/admin/seo/products/petkit-purobot-max-3/","https://pfotentechnik.de/admin/seo/products/petkit-purobot-max-3/","C_NOINDEX","technical","smarte-haustiertechnik","200","200","0","[]","[]","[{""agent"":""robots"",""value"":""noindex,nofollow""}]","","false","","[""PETKIT PUROBOT MAX 3""]","PETKIT PUROBOT MAX 3 | PfotenTechnik SEO","[]","[]","0","0","0","null","186","true","186","true","apps/pfotentechnik/dist/admin/seo/products/petkit-purobot-max-3/index.html"
"https://pfotentechnik.de/admin/seo/products/petkit-purobot-max-pro-2/","https://pfotentechnik.de/admin/seo/products/petkit-purobot-max-pro-2/","C_NOINDEX","technical","smarte-haustiertechnik","200","200","0","[]","[]","[{""agent"":""robots"",""value"":""noindex,nofollow""}]","","false","","[""PETKIT PUROBOT MAX PRO 2""]","PETKIT PUROBOT MAX PRO 2 | PfotenTechnik SEO","[]","[]","0","0","0","null","174","true","174","true","apps/pfotentechnik/dist/admin/seo/products/petkit-purobot-max-pro-2/index.html"
"https://pfotentechnik.de/admin/seo/products/petkit-yumshare-dual-hopper/","https://pfotentechnik.de/admin/seo/products/petkit-yumshare-dual-hopper/","C_NOINDEX","technical","smarte-haustiertechnik","200","200","0","[]","[]","[{""agent"":""robots"",""value"":""noindex,nofollow""}]","","false","","[""PETKIT YumShare Dual-Hopper 2""]","PETKIT YumShare Dual-Hopper 2 | PfotenTechnik SEO","[]","[]","0","0","0","null","182","true","182","true","apps/pfotentechnik/dist/admin/seo/products/petkit-yumshare-dual-hopper/index.html"
"https://pfotentechnik.de/admin/seo/products/petkit-yumshare-solo-2/","https://pfotentechnik.de/admin/seo/products/petkit-yumshare-solo-2/","C_NOINDEX","technical","smarte-haustiertechnik","200","200","0","[]","[]","[{""agent"":""robots"",""value"":""noindex,nofollow""}]","","false","","[""PETKIT YumShare Solo 2""]","PETKIT YumShare Solo 2 | PfotenTechnik SEO","[]","[]","0","0","0","null","181","true","181","true","apps/pfotentechnik/dist/admin/seo/products/petkit-yumshare-solo-2/index.html"
"https://pfotentechnik.de/admin/seo/products/petlibro-air-automatic-feeder/","https://pfotentechnik.de/admin/seo/products/petlibro-air-automatic-feeder/","C_NOINDEX","technical","smarte-haustiertechnik","200","200","0","[]","[]","[{""agent"":""robots"",""value"":""noindex,nofollow""}]","","false","","[""PETLIBRO Air Automatic Feeder""]","PETLIBRO Air Automatic Feeder | PfotenTechnik SEO","[]","[]","0","0","0","null","186","true","186","true","apps/pfotentechnik/dist/admin/seo/products/petlibro-air-automatic-feeder/index.html"
"https://pfotentechnik.de/admin/seo/products/petlibro-air-wifi-feeder/","https://pfotentechnik.de/admin/seo/products/petlibro-air-wifi-feeder/","C_NOINDEX","technical","smarte-haustiertechnik","200","200","0","[]","[]","[{""agent"":""robots"",""value"":""noindex,nofollow""}]","","false","","[""PETLIBRO Air WiFi Feeder""]","PETLIBRO Air WiFi Feeder | PfotenTechnik SEO","[]","[]","0","0","0","null","182","true","182","true","apps/pfotentechnik/dist/admin/seo/products/petlibro-air-wifi-feeder/index.html"
"https://pfotentechnik.de/admin/seo/products/petlibro-capsule-dog-fountain/","https://pfotentechnik.de/admin/seo/products/petlibro-capsule-dog-fountain/","C_NOINDEX","technical","smarte-haustiertechnik","200","200","0","[]","[]","[{""agent"":""robots"",""value"":""noindex,nofollow""}]","","false","","[""PETLIBRO Capsule Dog Fountain""]","PETLIBRO Capsule Dog Fountain | PfotenTechnik SEO","[]","[]","0","0","0","null","184","true","184","true","apps/pfotentechnik/dist/admin/seo/products/petlibro-capsule-dog-fountain/index.html"
"https://pfotentechnik.de/admin/seo/products/petlibro-dockstream-2-smart/","https://pfotentechnik.de/admin/seo/products/petlibro-dockstream-2-smart/","C_NOINDEX","technical","smarte-haustiertechnik","200","200","0","[]","[]","[{""agent"":""robots"",""value"":""noindex,nofollow""}]","","false","","[""PETLIBRO Dockstream 2 Smart""]","PETLIBRO Dockstream 2 Smart | PfotenTechnik SEO","[]","[]","0","0","0","null","181","true","181","true","apps/pfotentechnik/dist/admin/seo/products/petlibro-dockstream-2-smart/index.html"
"https://pfotentechnik.de/admin/seo/products/petlibro-dockstream-2-smart-cordless/","https://pfotentechnik.de/admin/seo/products/petlibro-dockstream-2-smart-cordless/","C_NOINDEX","technical","smarte-haustiertechnik","200","200","0","[]","[]","[{""agent"":""robots"",""value"":""noindex,nofollow""}]","","false","","[""PETLIBRO Dockstream 2 Smart Cordless""]","PETLIBRO Dockstream 2 Smart Cordless | PfotenTechnik SEO","[]","[]","0","0","0","null","181","true","181","true","apps/pfotentechnik/dist/admin/seo/products/petlibro-dockstream-2-smart-cordless/index.html"
"https://pfotentechnik.de/admin/seo/products/petlibro-dockstream-cordless/","https://pfotentechnik.de/admin/seo/products/petlibro-dockstream-cordless/","C_NOINDEX","technical","smarte-haustiertechnik","200","200","0","[]","[]","[{""agent"":""robots"",""value"":""noindex,nofollow""}]","","false","","[""PETLIBRO Dockstream Cordless""]","PETLIBRO Dockstream Cordless | PfotenTechnik SEO","[]","[]","0","0","0","null","178","true","178","true","apps/pfotentechnik/dist/admin/seo/products/petlibro-dockstream-cordless/index.html"
"https://pfotentechnik.de/admin/seo/products/petlibro-dockstream-rfid-smart/","https://pfotentechnik.de/admin/seo/products/petlibro-dockstream-rfid-smart/","C_NOINDEX","technical","smarte-haustiertechnik","200","200","0","[]","[]","[{""agent"":""robots"",""value"":""noindex,nofollow""}]","","false","","[""PETLIBRO Dockstream RFID Smart""]","PETLIBRO Dockstream RFID Smart | PfotenTechnik SEO","[]","[]","0","0","0","null","177","true","177","true","apps/pfotentechnik/dist/admin/seo/products/petlibro-dockstream-rfid-smart/index.html"
"https://pfotentechnik.de/admin/seo/products/petlibro-glacier-ultrafiltration/","https://pfotentechnik.de/admin/seo/products/petlibro-glacier-ultrafiltration/","C_NOINDEX","technical","smarte-haustiertechnik","200","200","0","[]","[]","[{""agent"":""robots"",""value"":""noindex,nofollow""}]","","false","","[""PETLIBRO Glacier Ultrafiltration Fountain""]","PETLIBRO Glacier Ultrafiltration Fountain | PfotenTechnik SEO","[]","[]","0","0","0","null","180","true","180","true","apps/pfotentechnik/dist/admin/seo/products/petlibro-glacier-ultrafiltration/index.html"
"https://pfotentechnik.de/admin/seo/products/petlibro-granary-2-vision/","https://pfotentechnik.de/admin/seo/products/petlibro-granary-2-vision/","C_NOINDEX","technical","smarte-haustiertechnik","200","200","0","[]","[]","[{""agent"":""robots"",""value"":""noindex,nofollow""}]","","false","","[""PETLIBRO Granary 2 Vision""]","PETLIBRO Granary 2 Vision | PfotenTechnik SEO","[]","[]","0","0","0","null","181","true","181","true","apps/pfotentechnik/dist/admin/seo/products/petlibro-granary-2-vision/index.html"
"https://pfotentechnik.de/admin/seo/products/petlibro-granary-camera-feeder/","https://pfotentechnik.de/admin/seo/products/petlibro-granary-camera-feeder/","C_NOINDEX","technical","smarte-haustiertechnik","200","200","0","[]","[]","[{""agent"":""robots"",""value"":""noindex,nofollow""}]","","false","","[""PETLIBRO Granary Camera Feeder""]","PETLIBRO Granary Camera Feeder | PfotenTechnik SEO","[]","[]","0","0","0","null","170","true","170","true","apps/pfotentechnik/dist/admin/seo/products/petlibro-granary-camera-feeder/index.html"
"https://pfotentechnik.de/admin/seo/products/petlibro-granary-dual-feeder/","https://pfotentechnik.de/admin/seo/products/petlibro-granary-dual-feeder/","C_NOINDEX","technical","smarte-haustiertechnik","200","200","0","[]","[]","[{""agent"":""robots"",""value"":""noindex,nofollow""}]","","false","","[""PETLIBRO Granary WiFi Dual Food Tray Feeder""]","PETLIBRO Granary WiFi Dual Food Tray Feeder | PfotenTechnik SEO","[]","[]","0","0","0","null","187","true","187","true","apps/pfotentechnik/dist/admin/seo/products/petlibro-granary-dual-feeder/index.html"
"https://pfotentechnik.de/admin/seo/products/petlibro-granary-wifi-feeder/","https://pfotentechnik.de/admin/seo/products/petlibro-granary-wifi-feeder/","C_NOINDEX","technical","smarte-haustiertechnik","200","200","0","[]","[]","[{""agent"":""robots"",""value"":""noindex,nofollow""}]","","false","","[""PETLIBRO Granary WiFi Feeder""]","PETLIBRO Granary WiFi Feeder | PfotenTechnik SEO","[]","[]","0","0","0","null","182","true","182","true","apps/pfotentechnik/dist/admin/seo/products/petlibro-granary-wifi-feeder/index.html"
"https://pfotentechnik.de/admin/seo/products/petlibro-luma-smart-litter-box/","https://pfotentechnik.de/admin/seo/products/petlibro-luma-smart-litter-box/","C_NOINDEX","technical","smarte-haustiertechnik","200","200","0","[]","[]","[{""agent"":""robots"",""value"":""noindex,nofollow""}]","","false","","[""PETLIBRO Luma Smart Self-Cleaning Litter Box""]","PETLIBRO Luma Smart Self-Cleaning Litter Box | PfotenTechnik SEO","[]","[]","0","0","0","null","189","true","189","true","apps/pfotentechnik/dist/admin/seo/products/petlibro-luma-smart-litter-box/index.html"
"https://pfotentechnik.de/admin/seo/products/petlibro-one-rfid-smart-feeder/","https://pfotentechnik.de/admin/seo/products/petlibro-one-rfid-smart-feeder/","C_NOINDEX","technical","smarte-haustiertechnik","200","200","0","[]","[]","[{""agent"":""robots"",""value"":""noindex,nofollow""}]","","false","","[""PETLIBRO One RFID Smart Feeder""]","PETLIBRO One RFID Smart Feeder | PfotenTechnik SEO","[]","[]","0","0","0","null","190","true","190","true","apps/pfotentechnik/dist/admin/seo/products/petlibro-one-rfid-smart-feeder/index.html"
"https://pfotentechnik.de/admin/seo/products/petlibro-polar-wet-food-feeder/","https://pfotentechnik.de/admin/seo/products/petlibro-polar-wet-food-feeder/","C_NOINDEX","technical","smarte-haustiertechnik","200","200","0","[]","[]","[{""agent"":""robots"",""value"":""noindex,nofollow""}]","","false","","[""PETLIBRO Polar Wet Food Feeder""]","PETLIBRO Polar Wet Food Feeder | PfotenTechnik SEO","[]","[]","0","0","0","null","183","true","183","true","apps/pfotentechnik/dist/admin/seo/products/petlibro-polar-wet-food-feeder/index.html"
"https://pfotentechnik.de/admin/seo/products/petlibro-scout-smart-camera/","https://pfotentechnik.de/admin/seo/products/petlibro-scout-smart-camera/","C_NOINDEX","technical","smarte-haustiertechnik","200","200","0","[]","[]","[{""agent"":""robots"",""value"":""noindex,nofollow""}]","","false","","[""PETLIBRO Scout Smart Camera""]","PETLIBRO Scout Smart Camera | PfotenTechnik SEO","[]","[]","0","0","0","null","173","true","173","true","apps/pfotentechnik/dist/admin/seo/products/petlibro-scout-smart-camera/index.html"
"https://pfotentechnik.de/admin/seo/products/petlibro-space-smart-feeder/","https://pfotentechnik.de/admin/seo/products/petlibro-space-smart-feeder/","C_NOINDEX","technical","smarte-haustiertechnik","200","200","0","[]","[]","[{""agent"":""robots"",""value"":""noindex,nofollow""}]","","false","","[""PETLIBRO Space Smart Feeder""]","PETLIBRO Space Smart Feeder | PfotenTechnik SEO","[]","[]","0","0","0","null","185","true","185","true","apps/pfotentechnik/dist/admin/seo/products/petlibro-space-smart-feeder/index.html"
"https://pfotentechnik.de/admin/seo/products/petlibro-stainless-steel-fountain/","https://pfotentechnik.de/admin/seo/products/petlibro-stainless-steel-fountain/","C_NOINDEX","technical","smarte-haustiertechnik","200","200","0","[]","[]","[{""agent"":""robots"",""value"":""noindex,nofollow""}]","","false","","[""PETLIBRO Stainless Steel Fountain 3L""]","PETLIBRO Stainless Steel Fountain 3L | PfotenTechnik SEO","[]","[]","0","0","0","null","183","true","183","true","apps/pfotentechnik/dist/admin/seo/products/petlibro-stainless-steel-fountain/index.html"
"https://pfotentechnik.de/admin/seo/products/petsafe-freshfeed-refrigerated-feeder/","https://pfotentechnik.de/admin/seo/products/petsafe-freshfeed-refrigerated-feeder/","C_NOINDEX","technical","smarte-haustiertechnik","200","200","0","[]","[]","[{""agent"":""robots"",""value"":""noindex,nofollow""}]","","false","","[""PetSafe FreshFeed Refrigerated Pet Feeder""]","PetSafe FreshFeed Refrigerated Pet Feeder | PfotenTechnik SEO","[]","[]","0","0","0","null","180","true","180","true","apps/pfotentechnik/dist/admin/seo/products/petsafe-freshfeed-refrigerated-feeder/index.html"
"https://pfotentechnik.de/admin/seo/products/petsafe-healthy-pet-simply-feed/","https://pfotentechnik.de/admin/seo/products/petsafe-healthy-pet-simply-feed/","C_NOINDEX","technical","smarte-haustiertechnik","200","200","0","[]","[]","[{""agent"":""robots"",""value"":""noindex,nofollow""}]","","false","","[""PetSafe Healthy Pet Simply Feed""]","PetSafe Healthy Pet Simply Feed | PfotenTechnik SEO","[]","[]","0","0","0","null","177","true","177","true","apps/pfotentechnik/dist/admin/seo/products/petsafe-healthy-pet-simply-feed/index.html"
"https://pfotentechnik.de/admin/seo/products/petsafe-mikrochip-katzenklappe/","https://pfotentechnik.de/admin/seo/products/petsafe-mikrochip-katzenklappe/","C_NOINDEX","technical","smarte-haustiertechnik","200","200","0","[]","[]","[{""agent"":""robots"",""value"":""noindex,nofollow""}]","","false","","[""PetSafe Mikrochip Katzenklappe""]","PetSafe Mikrochip Katzenklappe | PfotenTechnik SEO","[]","[]","0","0","0","null","179","true","179","true","apps/pfotentechnik/dist/admin/seo/products/petsafe-mikrochip-katzenklappe/index.html"
"https://pfotentechnik.de/admin/seo/products/petsafe-petporte-smart-flap/","https://pfotentechnik.de/admin/seo/products/petsafe-petporte-smart-flap/","C_NOINDEX","technical","smarte-haustiertechnik","200","200","0","[]","[]","[{""agent"":""robots"",""value"":""noindex,nofollow""}]","","false","","[""PetSafe Petporte smart flap""]","PetSafe Petporte smart flap | PfotenTechnik SEO","[]","[]","0","0","0","null","192","true","192","true","apps/pfotentechnik/dist/admin/seo/products/petsafe-petporte-smart-flap/index.html"
"https://pfotentechnik.de/admin/seo/products/petsafe-smart-feed-2/","https://pfotentechnik.de/admin/seo/products/petsafe-smart-feed-2/","C_NOINDEX","technical","smarte-haustiertechnik","200","200","0","[]","[]","[{""agent"":""robots"",""value"":""noindex,nofollow""}]","","false","","[""PetSafe Smart Feed 2.0""]","PetSafe Smart Feed 2.0 | PfotenTechnik SEO","[]","[]","0","0","0","null","185","true","185","true","apps/pfotentechnik/dist/admin/seo/products/petsafe-smart-feed-2/index.html"
"https://pfotentechnik.de/admin/seo/products/petsafe-streamside-trinkbrunnen/","https://pfotentechnik.de/admin/seo/products/petsafe-streamside-trinkbrunnen/","C_NOINDEX","technical","trinkbrunnen","200","200","0","[]","[]","[{""agent"":""robots"",""value"":""noindex,nofollow""}]","","false","","[""PetSafe Keramik-Trinkbrunnen Streamside""]","PetSafe Keramik-Trinkbrunnen Streamside | PfotenTechnik SEO","[]","[]","0","0","0","null","184","true","184","true","apps/pfotentechnik/dist/admin/seo/products/petsafe-streamside-trinkbrunnen/index.html"
"https://pfotentechnik.de/admin/seo/products/petsnowy-snow-plus/","https://pfotentechnik.de/admin/seo/products/petsnowy-snow-plus/","C_NOINDEX","technical","smarte-haustiertechnik","200","200","0","[]","[]","[{""agent"":""robots"",""value"":""noindex,nofollow""}]","","false","","[""PetSnowy SNOW+ (SNOW)""]","PetSnowy SNOW+ (SNOW) | PfotenTechnik SEO","[]","[]","0","0","0","null","181","true","181","true","apps/pfotentechnik/dist/admin/seo/products/petsnowy-snow-plus/index.html"
"https://pfotentechnik.de/admin/seo/products/pettec-cam-360/","https://pfotentechnik.de/admin/seo/products/pettec-cam-360/","C_NOINDEX","technical","smarte-haustiertechnik","200","200","0","[]","[]","[{""agent"":""robots"",""value"":""noindex,nofollow""}]","","false","","[""PetTec Cam 360""]","PetTec Cam 360 | PfotenTechnik SEO","[]","[]","0","0","0","null","177","true","177","true","apps/pfotentechnik/dist/admin/seo/products/pettec-cam-360/index.html"
"https://pfotentechnik.de/admin/seo/products/petwalk-medium-tiertuer/","https://pfotentechnik.de/admin/seo/products/petwalk-medium-tiertuer/","C_NOINDEX","technical","smarte-haustiertechnik","200","200","0","[]","[]","[{""agent"":""robots"",""value"":""noindex,nofollow""}]","","false","","[""petWALK Medium Tiertür""]","petWALK Medium Tiertür | PfotenTechnik SEO","[]","[]","0","0","0","null","182","true","182","true","apps/pfotentechnik/dist/admin/seo/products/petwalk-medium-tiertuer/index.html"
"https://pfotentechnik.de/admin/seo/products/prothelis-area-pets/","https://pfotentechnik.de/admin/seo/products/prothelis-area-pets/","C_NOINDEX","technical","smarte-haustiertechnik","200","200","0","[]","[]","[{""agent"":""robots"",""value"":""noindex,nofollow""}]","","false","","[""Prothelis area Pets""]","Prothelis area Pets | PfotenTechnik SEO","[]","[]","0","0","0","null","176","true","176","true","apps/pfotentechnik/dist/admin/seo/products/prothelis-area-pets/index.html"
"https://pfotentechnik.de/admin/seo/products/reolink-e1-zoom/","https://pfotentechnik.de/admin/seo/products/reolink-e1-zoom/","C_NOINDEX","technical","smarte-haustiertechnik","200","200","0","[]","[]","[{""agent"":""robots"",""value"":""noindex,nofollow""}]","","false","","[""Reolink E1 Zoom (4K)""]","Reolink E1 Zoom (4K) | PfotenTechnik SEO","[]","[]","0","0","0","null","184","true","184","true","apps/pfotentechnik/dist/admin/seo/products/reolink-e1-zoom/index.html"
"https://pfotentechnik.de/admin/seo/products/surefeed-microchip-pet-feeder/","https://pfotentechnik.de/admin/seo/products/surefeed-microchip-pet-feeder/","C_NOINDEX","technical","smarte-haustiertechnik","200","200","0","[]","[]","[{""agent"":""robots"",""value"":""noindex,nofollow""}]","","false","","[""SureFeed Microchip Pet Feeder""]","SureFeed Microchip Pet Feeder | PfotenTechnik SEO","[]","[]","0","0","0","null","181","true","181","true","apps/pfotentechnik/dist/admin/seo/products/surefeed-microchip-pet-feeder/index.html"
"https://pfotentechnik.de/admin/seo/products/surefeed-microchip-pet-feeder-connect/","https://pfotentechnik.de/admin/seo/products/surefeed-microchip-pet-feeder-connect/","C_NOINDEX","technical","smarte-haustiertechnik","200","200","0","[]","[]","[{""agent"":""robots"",""value"":""noindex,nofollow""}]","","false","","[""SureFeed Microchip Pet Feeder Connect""]","SureFeed Microchip Pet Feeder Connect | PfotenTechnik SEO","[]","[]","0","0","0","null","180","true","180","true","apps/pfotentechnik/dist/admin/seo/products/surefeed-microchip-pet-feeder-connect/index.html"
"https://pfotentechnik.de/admin/seo/products/sureflap-dualscan-mikrochip-katzenklappe/","https://pfotentechnik.de/admin/seo/products/sureflap-dualscan-mikrochip-katzenklappe/","C_NOINDEX","technical","smarte-haustiertechnik","200","200","0","[]","[]","[{""agent"":""robots"",""value"":""noindex,nofollow""}]","","false","","[""SureFlap DualScan Mikrochip Katzenklappe""]","SureFlap DualScan Mikrochip Katzenklappe | PfotenTechnik SEO","[]","[]","0","0","0","null","191","true","191","true","apps/pfotentechnik/dist/admin/seo/products/sureflap-dualscan-mikrochip-katzenklappe/index.html"
"https://pfotentechnik.de/admin/seo/products/sureflap-mikrochip-katzenklappe/","https://pfotentechnik.de/admin/seo/products/sureflap-mikrochip-katzenklappe/","C_NOINDEX","technical","smarte-haustiertechnik","200","200","0","[]","[]","[{""agent"":""robots"",""value"":""noindex,nofollow""}]","","false","","[""SureFlap Mikrochip Katzenklappe""]","SureFlap Mikrochip Katzenklappe | PfotenTechnik SEO","[]","[]","0","0","0","null","190","true","190","true","apps/pfotentechnik/dist/admin/seo/products/sureflap-mikrochip-katzenklappe/index.html"
"https://pfotentechnik.de/admin/seo/products/sureflap-mikrochip-katzenklappe-connect/","https://pfotentechnik.de/admin/seo/products/sureflap-mikrochip-katzenklappe-connect/","C_NOINDEX","technical","smarte-haustiertechnik","200","200","0","[]","[]","[{""agent"":""robots"",""value"":""noindex,nofollow""}]","","false","","[""SureFlap Mikrochip Katzenklappe Connect""]","SureFlap Mikrochip Katzenklappe Connect | PfotenTechnik SEO","[]","[]","0","0","0","null","184","true","184","true","apps/pfotentechnik/dist/admin/seo/products/sureflap-mikrochip-katzenklappe-connect/index.html"
"https://pfotentechnik.de/admin/seo/products/tractive-cat-6-mini/","https://pfotentechnik.de/admin/seo/products/tractive-cat-6-mini/","C_NOINDEX","technical","smarte-haustiertechnik","200","200","0","[]","[]","[{""agent"":""robots"",""value"":""noindex,nofollow""}]","","false","","[""Tractive CAT 6 Mini""]","Tractive CAT 6 Mini | PfotenTechnik SEO","[]","[]","0","0","0","null","194","true","194","true","apps/pfotentechnik/dist/admin/seo/products/tractive-cat-6-mini/index.html"
"https://pfotentechnik.de/admin/seo/products/tractive-dog-6/","https://pfotentechnik.de/admin/seo/products/tractive-dog-6/","C_NOINDEX","technical","smarte-haustiertechnik","200","200","0","[]","[]","[{""agent"":""robots"",""value"":""noindex,nofollow""}]","","false","","[""Tractive DOG 6""]","Tractive DOG 6 | PfotenTechnik SEO","[]","[]","0","0","0","null","187","true","187","true","apps/pfotentechnik/dist/admin/seo/products/tractive-dog-6/index.html"
"https://pfotentechnik.de/admin/seo/products/tractive-dog-6-xl/","https://pfotentechnik.de/admin/seo/products/tractive-dog-6-xl/","C_NOINDEX","technical","smarte-haustiertechnik","200","200","0","[]","[]","[{""agent"":""robots"",""value"":""noindex,nofollow""}]","","false","","[""Tractive DOG 6 XL""]","Tractive DOG 6 XL | PfotenTechnik SEO","[]","[]","0","0","0","null","180","true","180","true","apps/pfotentechnik/dist/admin/seo/products/tractive-dog-6-xl/index.html"
"https://pfotentechnik.de/admin/seo/products/weenect-xs/","https://pfotentechnik.de/admin/seo/products/weenect-xs/","C_NOINDEX","technical","gps-tracker","200","200","0","[]","[]","[{""agent"":""robots"",""value"":""noindex,nofollow""}]","","false","","[""Weenect XS GPS-Tracker""]","Weenect XS GPS-Tracker | PfotenTechnik SEO","[]","[]","0","0","0","null","189","true","189","true","apps/pfotentechnik/dist/admin/seo/products/weenect-xs/index.html"
"https://pfotentechnik.de/admin/seo/products/weenect-xt/","https://pfotentechnik.de/admin/seo/products/weenect-xt/","C_NOINDEX","technical","gps-tracker","200","200","0","[]","[]","[{""agent"":""robots"",""value"":""noindex,nofollow""}]","","false","","[""Weenect XT GPS-Tracker""]","Weenect XT GPS-Tracker | PfotenTechnik SEO","[]","[]","0","0","0","null","180","true","180","true","apps/pfotentechnik/dist/admin/seo/products/weenect-xt/index.html"
"https://pfotentechnik.de/admin/seo/products/wopet-cube-air-ca10/","https://pfotentechnik.de/admin/seo/products/wopet-cube-air-ca10/","C_NOINDEX","technical","smarte-haustiertechnik","200","200","0","[]","[]","[{""agent"":""robots"",""value"":""noindex,nofollow""}]","","false","","[""WOPET Cube Air WiFi Pet Feeder CA10""]","WOPET Cube Air WiFi Pet Feeder CA10 | PfotenTechnik SEO","[]","[]","0","0","0","null","192","true","192","true","apps/pfotentechnik/dist/admin/seo/products/wopet-cube-air-ca10/index.html"
"https://pfotentechnik.de/admin/seo/products/wopet-heritage-view-camera-feeder/","https://pfotentechnik.de/admin/seo/products/wopet-heritage-view-camera-feeder/","C_NOINDEX","technical","smarte-haustiertechnik","200","200","0","[]","[]","[{""agent"":""robots"",""value"":""noindex,nofollow""}]","","false","","[""WOPET Heritage View Camera Feeder""]","WOPET Heritage View Camera Feeder | PfotenTechnik SEO","[]","[]","0","0","0","null","184","true","184","true","apps/pfotentechnik/dist/admin/seo/products/wopet-heritage-view-camera-feeder/index.html"
"https://pfotentechnik.de/admin/seo/products/wopet-patrol-f07-pro/","https://pfotentechnik.de/admin/seo/products/wopet-patrol-f07-pro/","C_NOINDEX","technical","smarte-haustiertechnik","200","200","0","[]","[]","[{""agent"":""robots"",""value"":""noindex,nofollow""}]","","false","","[""WOPET Patrol F07 Pro""]","WOPET Patrol F07 Pro | PfotenTechnik SEO","[]","[]","0","0","0","null","185","true","185","true","apps/pfotentechnik/dist/admin/seo/products/wopet-patrol-f07-pro/index.html"
"https://pfotentechnik.de/admin/seo/products/wopet-pioneer-f01-plus/","https://pfotentechnik.de/admin/seo/products/wopet-pioneer-f01-plus/","C_NOINDEX","technical","smarte-haustiertechnik","200","200","0","[]","[]","[{""agent"":""robots"",""value"":""noindex,nofollow""}]","","false","","[""WOPET Pioneer F01 Plus""]","WOPET Pioneer F01 Plus | PfotenTechnik SEO","[]","[]","0","0","0","null","184","true","184","true","apps/pfotentechnik/dist/admin/seo/products/wopet-pioneer-f01-plus/index.html"
"https://pfotentechnik.de/admin/seo/products/xiaomi-smart-pet-food-feeder-2/","https://pfotentechnik.de/admin/seo/products/xiaomi-smart-pet-food-feeder-2/","C_NOINDEX","technical","smarte-haustiertechnik","200","200","0","[]","[]","[{""agent"":""robots"",""value"":""noindex,nofollow""}]","","false","","[""Xiaomi Smart Pet Food Feeder 2""]","Xiaomi Smart Pet Food Feeder 2 | PfotenTechnik SEO","[]","[]","0","0","0","null","185","true","185","true","apps/pfotentechnik/dist/admin/seo/products/xiaomi-smart-pet-food-feeder-2/index.html"
"https://pfotentechnik.de/admin/seo/products/xiaomi-smart-pet-fountain-2/","https://pfotentechnik.de/admin/seo/products/xiaomi-smart-pet-fountain-2/","C_NOINDEX","technical","smarte-haustiertechnik","200","200","0","[]","[]","[{""agent"":""robots"",""value"":""noindex,nofollow""}]","","false","","[""Xiaomi Smart Pet Fountain 2""]","Xiaomi Smart Pet Fountain 2 | PfotenTechnik SEO","[]","[]","0","0","0","null","181","true","181","true","apps/pfotentechnik/dist/admin/seo/products/xiaomi-smart-pet-fountain-2/index.html"
"https://pfotentechnik.de/admin/seo/products/zeromouse-2-0/","https://pfotentechnik.de/admin/seo/products/zeromouse-2-0/","C_NOINDEX","technical","smarte-haustiertechnik","200","200","0","[]","[]","[{""agent"":""robots"",""value"":""noindex,nofollow""}]","","false","","[""ZeroMOUSE 2.0""]","ZeroMOUSE 2.0 | PfotenTechnik SEO","[]","[]","0","0","0","null","181","true","181","true","apps/pfotentechnik/dist/admin/seo/products/zeromouse-2-0/index.html"
"https://pfotentechnik.de/admin/seo/prompts/","https://pfotentechnik.de/admin/seo/prompts/","C_NOINDEX","technical","smarte-haustiertechnik","200","200","0","[]","[]","[{""agent"":""robots"",""value"":""noindex,nofollow""}]","","false","","[""Prompt Registry""]","Prompt Registry | PfotenTechnik SEO","[]","[]","0","0","0","null","1472","true","1472","true","apps/pfotentechnik/dist/admin/seo/prompts/index.html"
"https://pfotentechnik.de/admin/seo/tasks/","https://pfotentechnik.de/admin/seo/tasks/","C_NOINDEX","technical","smarte-haustiertechnik","200","200","0","[]","[]","[{""agent"":""robots"",""value"":""noindex,nofollow""}]","","false","","[""SEO-Aufgaben""]","SEO-Aufgaben | PfotenTechnik SEO","[]","[]","0","0","0","null","104","true","104","true","apps/pfotentechnik/dist/admin/seo/tasks/index.html"
"https://pfotentechnik.de/admin/seo/topical-authority/","https://pfotentechnik.de/admin/seo/topical-authority/","C_NOINDEX","technical","smarte-haustiertechnik","200","200","0","[]","[]","[{""agent"":""robots"",""value"":""noindex,nofollow""}]","","false","","[""Topical Authority"",""Topical Authority""]","Topical Authority | PfotenTechnik SEO","[]","[]","0","0","0","null","886","true","886","false","apps/pfotentechnik/dist/admin/seo/topical-authority/index.html"
"https://pfotentechnik.de/affiliate-hinweis/","https://pfotentechnik.de/affiliate-hinweis/","A_INDEXABLE_CANONICAL","legal","smarte-haustiertechnik","200","200","0","[""https://pfotentechnik.de/affiliate-hinweis/""]","[""https://pfotentechnik.de/affiliate-hinweis/""]","[{""agent"":""robots"",""value"":""index,follow,max-image-preview:large""}]","","true","","[""Affiliate-Hinweis""]","Affiliate-Hinweis | PfotenTechnik","[""https://pfotentechnik.de"",""https://pfotentechnik.de/affiliate-hinweis/""]","[]","420","259","40","1","369","true","369","true","apps/pfotentechnik/dist/affiliate-hinweis/index.html"
"https://pfotentechnik.de/automatische-katzentoiletten/","https://pfotentechnik.de/automatische-katzentoiletten/","A_INDEXABLE_CANONICAL","editorial-page","automatische-katzentoiletten","200","200","0","[""https://pfotentechnik.de/automatische-katzentoiletten/""]","[""https://pfotentechnik.de/automatische-katzentoiletten/""]","[{""agent"":""robots"",""value"":""index,follow,max-image-preview:large""}]","","true","2026-08-16T00:00:00.000Z","[""Automatische Katzentoiletten sicher auswählen""]","Automatische Katzentoiletten: Sicherheit & Kaufcheck","[""https://pfotentechnik.de"",""https://pfotentechnik.de/automatische-katzentoiletten/"",""https://pfotentechnik.de/favicon.svg"",""https://pfotentechnik.de/"",""https://pfotentechnik.de/wissen/""]","[]","832","259","54","1","951","true","951","true","apps/pfotentechnik/src/content/pages/automatische-katzentoiletten.md"
"https://pfotentechnik.de/berater/futterautomat/","https://pfotentechnik.de/berater/futterautomat/","A_INDEXABLE_CANONICAL","editorial-page","futterautomaten","200","200","0","[""https://pfotentechnik.de/berater/futterautomat/""]","[""https://pfotentechnik.de/berater/futterautomat/""]","[{""agent"":""robots"",""value"":""index,follow,max-image-preview:large""}]","","true","","[""Kaufberatung""]","Kaufberatung: passenden Gerätetyp finden","[""https://pfotentechnik.de"",""https://pfotentechnik.de/berater/futterautomat/"",""https://pfotentechnik.de/""]","[]","29","29","41","2","160","true","160","true","apps/pfotentechnik/dist/berater/futterautomat/index.html"
"https://pfotentechnik.de/biofilm-im-katzentrinkbrunnen/","https://pfotentechnik.de/biofilm-im-katzentrinkbrunnen/","A_INDEXABLE_CANONICAL","problem-solving-guide","trinkbrunnen","200","200","0","[""https://pfotentechnik.de/biofilm-im-katzentrinkbrunnen/""]","[""https://pfotentechnik.de/biofilm-im-katzentrinkbrunnen/""]","[{""agent"":""robots"",""value"":""index,follow,max-image-preview:large""}]","","true","2026-07-25T00:00:00.000Z","[""Schleim im Katzentrinkbrunnen: Biofilm entfernen""]","Schleim im Katzenbrunnen: Biofilm sicher entfernen","[""https://pfotentechnik.de"",""https://pfotentechnik.de/biofilm-im-katzentrinkbrunnen/"",""https://pfotentechnik.de/favicon.svg"",""https://pfotentechnik.de/"",""https://pfotentechnik.de/wissen/""]","[]","26","13","56","2","759","true","759","true","apps/pfotentechnik/src/content/pages/biofilm-im-katzentrinkbrunnen.md"
"https://pfotentechnik.de/datenschutz/","https://pfotentechnik.de/datenschutz/","A_INDEXABLE_CANONICAL","legal","smarte-haustiertechnik","200","200","0","[""https://pfotentechnik.de/datenschutz/""]","[""https://pfotentechnik.de/datenschutz/""]","[{""agent"":""robots"",""value"":""index,follow,max-image-preview:large""}]","","true","","[""Datenschutzerklärung""]","Datenschutzerklärung | PfotenTechnik","[""https://pfotentechnik.de"",""https://pfotentechnik.de/datenschutz/""]","[]","259","259","38","1","462","true","462","true","apps/pfotentechnik/dist/datenschutz/index.html"
"https://pfotentechnik.de/datenschutz-bei-gps-trackern/","https://pfotentechnik.de/datenschutz-bei-gps-trackern/","A_INDEXABLE_CANONICAL","guide","gps-tracker","200","200","0","[""https://pfotentechnik.de/datenschutz-bei-gps-trackern/""]","[""https://pfotentechnik.de/datenschutz-bei-gps-trackern/""]","[{""agent"":""robots"",""value"":""index,follow,max-image-preview:large""}]","","true","2026-07-20T00:00:00.000Z","[""Datenschutz bei GPS-Trackern""]","Datenschutz bei GPS-Trackern für Haustiere","[""https://pfotentechnik.de"",""https://pfotentechnik.de/datenschutz-bei-gps-trackern/"",""https://pfotentechnik.de/favicon.svg"",""https://pfotentechnik.de/"",""https://pfotentechnik.de/wissen/""]","[]","7","6","52","2","652","true","652","true","apps/pfotentechnik/src/content/pages/datenschutz-bei-gps-trackern.md"
"https://pfotentechnik.de/filter-im-katzentrinkbrunnen-wechseln/","https://pfotentechnik.de/filter-im-katzentrinkbrunnen-wechseln/","A_INDEXABLE_CANONICAL","medical-guide","trinkbrunnen","200","200","0","[""https://pfotentechnik.de/filter-im-katzentrinkbrunnen-wechseln/""]","[""https://pfotentechnik.de/filter-im-katzentrinkbrunnen-wechseln/""]","[{""agent"":""robots"",""value"":""index,follow,max-image-preview:large""}]","","true","2026-07-25T00:00:00.000Z","[""Katzenbrunnen-Filter wechseln: Intervalle und Warnzeichen""]","Katzenbrunnen-Filter wechseln: alle 2–4 Wochen?","[""https://pfotentechnik.de"",""https://pfotentechnik.de/filter-im-katzentrinkbrunnen-wechseln/"",""https://pfotentechnik.de/favicon.svg"",""https://pfotentechnik.de/"",""https://pfotentechnik.de/wissen/""]","[]","34","29","61","2","772","true","772","true","apps/pfotentechnik/src/content/pages/filter-im-katzentrinkbrunnen-wechseln.md"
"https://pfotentechnik.de/foundation/","https://pfotentechnik.de/foundation/","C_NOINDEX","editorial-page","smarte-haustiertechnik","200","200","0","[""https://pfotentechnik.de/foundation/""]","[""https://pfotentechnik.de/foundation/""]","[{""agent"":""robots"",""value"":""noindex,follow,max-image-preview:large""}]","","false","","[""Ruhige Entscheidungen für Haustiertechnik.""]","PfotenTechnik Foundation 33","[""https://pfotentechnik.de"",""https://pfotentechnik.de/foundation/""]","[""https://pfotentechnik.de/foundation/""]","0","0","0","null","279","true","279","true","apps/pfotentechnik/dist/foundation/index.html"
"https://pfotentechnik.de/fuetterungszeiten-nach-alter/","https://pfotentechnik.de/fuetterungszeiten-nach-alter/","A_INDEXABLE_CANONICAL","guide","tierernaehrung","200","200","0","[""https://pfotentechnik.de/fuetterungszeiten-nach-alter/""]","[""https://pfotentechnik.de/fuetterungszeiten-nach-alter/""]","[{""agent"":""robots"",""value"":""index,follow,max-image-preview:large""}]","","true","2026-07-28T00:00:00.000Z","[""Fütterungszeiten nach Alter: Katze und Hund richtig planen""]","Fütterungszeiten nach Alter: Katze und Hund","[""https://pfotentechnik.de"",""https://pfotentechnik.de/fuetterungszeiten-nach-alter/"",""https://pfotentechnik.de/favicon.svg"",""https://pfotentechnik.de/"",""https://pfotentechnik.de/wissen/""]","[]","5","4","62","2","2408","true","2408","true","apps/pfotentechnik/src/content/pages/fuetterungszeiten-nach-alter.md"
"https://pfotentechnik.de/futterautomat-bei-stromausfall/","https://pfotentechnik.de/futterautomat-bei-stromausfall/","A_INDEXABLE_CANONICAL","guide","futterautomaten","200","200","0","[""https://pfotentechnik.de/futterautomat-bei-stromausfall/""]","[""https://pfotentechnik.de/futterautomat-bei-stromausfall/""]","[{""agent"":""robots"",""value"":""index,follow,max-image-preview:large""}]","","true","2026-07-28T00:00:00.000Z","[""Futterautomat bei Stromausfall: Batterie, WLAN und Offline-Betrieb""]","Futterautomat bei Stromausfall: Läuft er weiter?","[""https://pfotentechnik.de"",""https://pfotentechnik.de/futterautomat-bei-stromausfall/"",""https://pfotentechnik.de/favicon.svg"",""https://pfotentechnik.de/"",""https://pfotentechnik.de/wissen/""]","[]","8","7","65","2","3780","true","3780","true","apps/pfotentechnik/src/content/pages/futterautomat-bei-stromausfall.md"
"https://pfotentechnik.de/futterautomat-bei-uebergewicht/","https://pfotentechnik.de/futterautomat-bei-uebergewicht/","A_INDEXABLE_CANONICAL","editorial-page","futterautomaten","200","200","0","[""https://pfotentechnik.de/futterautomat-bei-uebergewicht/""]","[""https://pfotentechnik.de/futterautomat-bei-uebergewicht/""]","[{""agent"":""robots"",""value"":""index,follow,max-image-preview:large""}]","","true","2026-07-25T00:00:00.000Z","[""Futterautomat bei Übergewicht""]","Futterautomat bei Übergewicht: Portionen sicher planen","[""https://pfotentechnik.de"",""https://pfotentechnik.de/futterautomat-bei-uebergewicht/"",""https://pfotentechnik.de/favicon.svg"",""https://pfotentechnik.de/"",""https://pfotentechnik.de/wissen/""]","[]","10","8","77","2","2975","true","2975","true","apps/pfotentechnik/src/content/pages/futterautomat-bei-uebergewicht.md"
"https://pfotentechnik.de/futterautomat-berater/","https://pfotentechnik.de/futterautomat-berater/","A_INDEXABLE_CANONICAL","editorial-page","futterautomaten","200","200","0","[""https://pfotentechnik.de/futterautomat-berater/""]","[""https://pfotentechnik.de/futterautomat-berater/""]","[{""agent"":""robots"",""value"":""index,follow,max-image-preview:large""}]","","true","","[""Welcher Futterautomat passt wirklich zu deinem Alltag?""]","Kaufberatung: Welches Modell passt? | PfotenTechnik","[""https://pfotentechnik.de"",""https://pfotentechnik.de/futterautomat-berater/""]","[]","1","1","39","2","288","true","288","true","apps/pfotentechnik/dist/futterautomat-berater/index.html"
"https://pfotentechnik.de/futterautomat-hund/","https://pfotentechnik.de/futterautomat-hund/","A_INDEXABLE_CANONICAL","editorial-page","futterautomaten","200","200","0","[""https://pfotentechnik.de/futterautomat-hund/""]","[""https://pfotentechnik.de/futterautomat-hund/""]","[{""agent"":""robots"",""value"":""index,follow,max-image-preview:large""}]","","true","2026-07-24T00:00:00.000Z","[""Futterautomaten für Hunde""]","Futterautomat für Hunde: Modelle nach Größe, Portion und Bedarf","[""https://pfotentechnik.de"",""https://pfotentechnik.de/futterautomat-hund/"",""https://pfotentechnik.de/favicon.svg"",""https://pfotentechnik.de/"",""https://pfotentechnik.de/wissen/""]","[]","50","37","68","2","2824","true","2824","true","apps/pfotentechnik/src/content/pages/futterautomat-hund.md"
"https://pfotentechnik.de/futterautomat-im-urlaub/","https://pfotentechnik.de/futterautomat-im-urlaub/","A_INDEXABLE_CANONICAL","editorial-page","futterautomaten","200","200","0","[""https://pfotentechnik.de/futterautomat-im-urlaub/""]","[""https://pfotentechnik.de/futterautomat-im-urlaub/""]","[{""agent"":""robots"",""value"":""index,follow,max-image-preview:large""}]","","true","2026-07-28T00:00:00.000Z","[""Futterautomat im Urlaub: Sicher planen statt allein lassen""]","Futterautomat im Urlaub: Sicher mit Betreuung planen","[""https://pfotentechnik.de"",""https://pfotentechnik.de/futterautomat-im-urlaub/"",""https://pfotentechnik.de/favicon.svg"",""https://pfotentechnik.de/"",""https://pfotentechnik.de/wissen/""]","[]","19","15","73","2","2863","true","2863","true","apps/pfotentechnik/src/content/pages/futterautomat-im-urlaub.md"
"https://pfotentechnik.de/futterautomat-katze/","https://pfotentechnik.de/futterautomat-katze/","A_INDEXABLE_CANONICAL","editorial-page","futterautomaten","200","200","0","[""https://pfotentechnik.de/futterautomat-katze/""]","[""https://pfotentechnik.de/futterautomat-katze/""]","[{""agent"":""robots"",""value"":""index,follow,max-image-preview:large""}]","","true","2026-08-24T00:00:00.000Z","[""Futterautomaten für Katzen""]","Futterautomat für Katzen: Futterart, Portion & Auswahl","[""https://pfotentechnik.de"",""https://pfotentechnik.de/futterautomat-katze/"",""https://pfotentechnik.de/favicon.svg"",""https://pfotentechnik.de/"",""https://pfotentechnik.de/wissen/""]","[]","31","26","66","2","1058","true","1058","true","apps/pfotentechnik/src/content/pages/futterautomat-katze.md"
"https://pfotentechnik.de/futterautomat-richtig-reinigen/","https://pfotentechnik.de/futterautomat-richtig-reinigen/","A_INDEXABLE_CANONICAL","problem-solving-guide","futterautomaten","200","200","0","[""https://pfotentechnik.de/futterautomat-richtig-reinigen/""]","[""https://pfotentechnik.de/futterautomat-richtig-reinigen/""]","[{""agent"":""robots"",""value"":""index,follow,max-image-preview:large""}]","","true","2026-07-19T00:00:00.000Z","[""Futterautomat richtig reinigen: Anleitung, Intervalle und Fehlerdiagnose""]","Futterautomat reinigen: Anleitung, Intervalle und Fehler","[""https://pfotentechnik.de"",""https://pfotentechnik.de/futterautomat-richtig-reinigen/"",""https://pfotentechnik.de/favicon.svg"",""https://pfotentechnik.de/"",""https://pfotentechnik.de/wissen/""]","[]","15","10","54","2","6151","true","6151","true","apps/pfotentechnik/src/content/pages/futterautomat-richtig-reinigen.md"
"https://pfotentechnik.de/futterautomat-und-ernaehrung/","https://pfotentechnik.de/futterautomat-und-ernaehrung/","A_INDEXABLE_CANONICAL","category-hub","futterautomaten","200","200","0","[""https://pfotentechnik.de/futterautomat-und-ernaehrung/""]","[""https://pfotentechnik.de/futterautomat-und-ernaehrung/""]","[{""agent"":""robots"",""value"":""index,follow,max-image-preview:large""}]","","true","2026-07-23T00:00:00.000Z","[""Futterautomat und Ernährung""]","Futterautomat und Ernährung: Portionen richtig planen","[""https://pfotentechnik.de"",""https://pfotentechnik.de/futterautomat-und-ernaehrung/"",""https://pfotentechnik.de/favicon.svg"",""https://pfotentechnik.de/"",""https://pfotentechnik.de/wissen/""]","[]","19","16","69","2","1705","true","1705","true","apps/pfotentechnik/src/content/pages/futterautomat-und-ernaehrung.md"
"https://pfotentechnik.de/futtermenge-hund/","https://pfotentechnik.de/futtermenge-hund/","A_INDEXABLE_CANONICAL","guide","futterautomaten","200","200","0","[""https://pfotentechnik.de/futtermenge-hund/""]","[""https://pfotentechnik.de/futtermenge-hund/""]","[{""agent"":""robots"",""value"":""index,follow,max-image-preview:large""}]","","true","2026-07-19T00:00:00.000Z","[""Futtermenge beim Hund richtig berechnen""]","Futtermenge Hund berechnen: Gramm statt Schätzen","[""https://pfotentechnik.de"",""https://pfotentechnik.de/futtermenge-hund/"",""https://pfotentechnik.de/favicon.svg"",""https://pfotentechnik.de/"",""https://pfotentechnik.de/wissen/""]","[]","5","4","51","2","1247","true","1247","true","apps/pfotentechnik/src/content/pages/futtermenge-hund.md"
"https://pfotentechnik.de/futtermenge-katze/","https://pfotentechnik.de/futtermenge-katze/","A_INDEXABLE_CANONICAL","guide","katzenernaehrung","200","200","0","[""https://pfotentechnik.de/futtermenge-katze/""]","[""https://pfotentechnik.de/futtermenge-katze/""]","[{""agent"":""robots"",""value"":""index,follow,max-image-preview:large""}]","","true","2026-07-28T00:00:00.000Z","[""Futtermenge bei Katzen berechnen: Tabelle, Formel und Beispiele""]","Futtermenge Katze: Tabelle für Nass-, Trocken- & Mischfutter","[""https://pfotentechnik.de"",""https://pfotentechnik.de/futtermenge-katze/"",""https://pfotentechnik.de/favicon.svg"",""https://pfotentechnik.de/"",""https://pfotentechnik.de/wissen/""]","[]","10","7","60","2","3390","true","3390","true","apps/pfotentechnik/src/content/pages/futtermenge-katze.md"
"https://pfotentechnik.de/glossar/","https://pfotentechnik.de/glossar/","A_INDEXABLE_CANONICAL","guide","smarte-haustiertechnik","200","200","0","[""https://pfotentechnik.de/glossar/""]","[""https://pfotentechnik.de/glossar/""]","[{""agent"":""robots"",""value"":""index,follow,max-image-preview:large""}]","","true","2026-09-03T00:00:00.000Z","[""Glossar für smarte Haustiertechnik""]","Glossar: GPS, RFID, UV-C & Futterautomaten","[""https://pfotentechnik.de"",""https://pfotentechnik.de/glossar/"",""https://pfotentechnik.de/favicon.svg"",""https://pfotentechnik.de/"",""https://pfotentechnik.de/wissen/""]","[]","13","13","76","2","1052","true","1052","true","apps/pfotentechnik/src/content/pages/glossar.md"
"https://pfotentechnik.de/gps-oder-bluetooth/","https://pfotentechnik.de/gps-oder-bluetooth/","A_INDEXABLE_CANONICAL","decision-guide","gps-tracker","200","200","0","[""https://pfotentechnik.de/gps-oder-bluetooth/""]","[""https://pfotentechnik.de/gps-oder-bluetooth/""]","[{""agent"":""robots"",""value"":""index,follow,max-image-preview:large""}]","","true","2026-07-20T00:00:00.000Z","[""GPS oder Bluetooth?""]","GPS oder Bluetooth für Hund und Katze?","[""https://pfotentechnik.de"",""https://pfotentechnik.de/gps-oder-bluetooth/"",""https://pfotentechnik.de/favicon.svg"",""https://pfotentechnik.de/"",""https://pfotentechnik.de/wissen/""]","[]","8","8","50","2","695","true","695","true","apps/pfotentechnik/src/content/pages/gps-oder-bluetooth.md"
"https://pfotentechnik.de/gps-tracker/","https://pfotentechnik.de/gps-tracker/","A_INDEXABLE_CANONICAL","category-hub","gps-tracker","200","200","0","[""https://pfotentechnik.de/gps-tracker/""]","[""https://pfotentechnik.de/gps-tracker/""]","[{""agent"":""robots"",""value"":""index,follow,max-image-preview:large""}]","","true","2026-08-15T00:00:00.000Z","[""GPS-Tracker für Hunde und Katzen""]","GPS-Tracker für Hunde & Katzen: der große Ratgeber","[""https://pfotentechnik.de"",""https://pfotentechnik.de/gps-tracker/"",""https://pfotentechnik.de/favicon.svg"",""https://pfotentechnik.de/"",""https://pfotentechnik.de/wissen/""]","[]","874","259","63","1","1003","true","1003","false","apps/pfotentechnik/src/content/pages/gps-tracker.md"
"https://pfotentechnik.de/gps-tracker-richtig-befestigen/","https://pfotentechnik.de/gps-tracker-richtig-befestigen/","A_INDEXABLE_CANONICAL","problem-solving-guide","gps-tracker","200","200","0","[""https://pfotentechnik.de/gps-tracker-richtig-befestigen/""]","[""https://pfotentechnik.de/gps-tracker-richtig-befestigen/""]","[{""agent"":""robots"",""value"":""index,follow,max-image-preview:large""}]","","true","2026-07-20T00:00:00.000Z","[""GPS-Tracker richtig befestigen""]","GPS-Tracker bei Hund & Katze richtig befestigen","[""https://pfotentechnik.de"",""https://pfotentechnik.de/gps-tracker-richtig-befestigen/"",""https://pfotentechnik.de/favicon.svg"",""https://pfotentechnik.de/"",""https://pfotentechnik.de/wissen/""]","[]","6","6","50","2","673","true","673","true","apps/pfotentechnik/src/content/pages/gps-tracker-richtig-befestigen.md"
"https://pfotentechnik.de/haustierkameras/","https://pfotentechnik.de/haustierkameras/","A_INDEXABLE_CANONICAL","editorial-page","haustierkameras","200","200","0","[""https://pfotentechnik.de/haustierkameras/""]","[""https://pfotentechnik.de/haustierkameras/""]","[{""agent"":""robots"",""value"":""index,follow,max-image-preview:large""}]","","true","2026-08-25T00:00:00.000Z","[""Haustierkameras auswählen: Blickbereich, Datenschutz und Kosten""]","Haustierkameras: Datenschutz, Abo & Kaufberatung","[""https://pfotentechnik.de"",""https://pfotentechnik.de/haustierkameras/"",""https://pfotentechnik.de/favicon.svg"",""https://pfotentechnik.de/"",""https://pfotentechnik.de/wissen/""]","[]","811","259","56","1","964","true","964","true","apps/pfotentechnik/src/content/pages/haustierkameras.md"
"https://pfotentechnik.de/hersteller/aqara/","https://pfotentechnik.de/hersteller/aqara/","A_INDEXABLE_CANONICAL","manufacturer","hersteller","200","200","0","[""https://pfotentechnik.de/hersteller/aqara/""]","[""https://pfotentechnik.de/hersteller/aqara/""]","[{""agent"":""robots"",""value"":""index,follow,max-image-preview:large""}]","","true","2026-07-26T00:00:00.000Z","[""Aqara""]","Aqara: Erfahrungen und Produkte","[""https://pfotentechnik.de"",""https://pfotentechnik.de/hersteller/aqara/"",""https://pfotentechnik.de/redaktion/"",""https://pfotentechnik.de/favicon.svg"",""https://pfotentechnik.de/"",""https://pfotentechnik.de/hersteller/""]","[]","4","2","53","2","518","true","518","true","apps/pfotentechnik/src/content/manufacturers/aqara.md"
"https://pfotentechnik.de/hersteller/cat-mate/","https://pfotentechnik.de/hersteller/cat-mate/","A_INDEXABLE_CANONICAL","manufacturer","hersteller","200","200","0","[""https://pfotentechnik.de/hersteller/cat-mate/""]","[""https://pfotentechnik.de/hersteller/cat-mate/""]","[{""agent"":""robots"",""value"":""index,follow,max-image-preview:large""}]","","true","2026-08-16T00:00:00.000Z","[""Cat Mate""]","Cat Mate Erfahrungen: Produkte, Bewertung und Empfehlungen","[""https://pfotentechnik.de"",""https://pfotentechnik.de/hersteller/cat-mate/"",""https://pfotentechnik.de/favicon.svg"",""https://pfotentechnik.de/"",""https://pfotentechnik.de/hersteller/""]","[]","42","24","78","2","1420","true","1420","true","apps/pfotentechnik/src/content/manufacturers/cat-mate.md"
"https://pfotentechnik.de/hersteller/catit/","https://pfotentechnik.de/hersteller/catit/","A_INDEXABLE_CANONICAL","manufacturer","trinkbrunnen","200","200","0","[""https://pfotentechnik.de/hersteller/catit/""]","[""https://pfotentechnik.de/hersteller/catit/""]","[{""agent"":""robots"",""value"":""index,follow,max-image-preview:large""}]","","true","2026-08-16T00:00:00.000Z","[""Catit""]","Catit Erfahrungen: Futterautomaten und Trinkbrunnen","[""https://pfotentechnik.de"",""https://pfotentechnik.de/hersteller/catit/"",""https://pfotentechnik.de/favicon.svg"",""https://pfotentechnik.de/"",""https://pfotentechnik.de/hersteller/""]","[]","13","7","65","2","870","true","870","false","apps/pfotentechnik/src/content/manufacturers/catit.md"
"https://pfotentechnik.de/hersteller/devoko/","https://pfotentechnik.de/hersteller/devoko/","A_INDEXABLE_CANONICAL","manufacturer","hersteller","200","200","0","[""https://pfotentechnik.de/hersteller/devoko/""]","[""https://pfotentechnik.de/hersteller/devoko/""]","[{""agent"":""robots"",""value"":""index,follow,max-image-preview:large""}]","","true","2026-08-07T00:00:00.000Z","[""Devoko""]","Devoko: Erfahrungen und Produkte","[""https://pfotentechnik.de"",""https://pfotentechnik.de/hersteller/devoko/"",""https://pfotentechnik.de/redaktion/"",""https://pfotentechnik.de/favicon.svg"",""https://pfotentechnik.de/"",""https://pfotentechnik.de/hersteller/""]","[]","4","2","55","2","651","true","651","false","apps/pfotentechnik/src/content/manufacturers/devoko.md"
"https://pfotentechnik.de/hersteller/enabot/","https://pfotentechnik.de/hersteller/enabot/","A_INDEXABLE_CANONICAL","manufacturer","hersteller","200","200","0","[""https://pfotentechnik.de/hersteller/enabot/""]","[""https://pfotentechnik.de/hersteller/enabot/""]","[{""agent"":""robots"",""value"":""index,follow,max-image-preview:large""}]","","true","2026-08-15T00:00:00.000Z","[""Enabot""]","Enabot: Erfahrungen und Produkte","[""https://pfotentechnik.de"",""https://pfotentechnik.de/hersteller/enabot/"",""https://pfotentechnik.de/redaktion/"",""https://pfotentechnik.de/favicon.svg"",""https://pfotentechnik.de/"",""https://pfotentechnik.de/hersteller/""]","[]","12","6","62","2","622","true","622","false","apps/pfotentechnik/src/content/manufacturers/enabot.md"
"https://pfotentechnik.de/hersteller/flappie/","https://pfotentechnik.de/hersteller/flappie/","A_INDEXABLE_CANONICAL","manufacturer","hersteller","200","200","0","[""https://pfotentechnik.de/hersteller/flappie/""]","[""https://pfotentechnik.de/hersteller/flappie/""]","[{""agent"":""robots"",""value"":""index,follow,max-image-preview:large""}]","","true","2026-09-07T00:00:00.000Z","[""Flappie Technologies""]","Flappie: KI-Katzenklappe mit Beuteerkennung","[""https://pfotentechnik.de"",""https://pfotentechnik.de/hersteller/flappie/"",""https://pfotentechnik.de/favicon.svg"",""https://pfotentechnik.de/"",""https://pfotentechnik.de/hersteller/""]","[]","188","188","55","2","666","true","666","true","apps/pfotentechnik/src/content/manufacturers/flappie.md"
"https://pfotentechnik.de/hersteller/furbo/","https://pfotentechnik.de/hersteller/furbo/","A_INDEXABLE_CANONICAL","manufacturer","hersteller","200","200","0","[""https://pfotentechnik.de/hersteller/furbo/""]","[""https://pfotentechnik.de/hersteller/furbo/""]","[{""agent"":""robots"",""value"":""index,follow,max-image-preview:large""}]","","true","2026-08-21T00:00:00.000Z","[""Furbo""]","Furbo: Erfahrungen und Produkte","[""https://pfotentechnik.de"",""https://pfotentechnik.de/hersteller/furbo/"",""https://pfotentechnik.de/redaktion/"",""https://pfotentechnik.de/favicon.svg"",""https://pfotentechnik.de/"",""https://pfotentechnik.de/hersteller/""]","[]","13","7","62","2","568","true","568","true","apps/pfotentechnik/src/content/manufacturers/furbo.md"
"https://pfotentechnik.de/hersteller/garmin/","https://pfotentechnik.de/hersteller/garmin/","A_INDEXABLE_CANONICAL","manufacturer","gps-tracker","200","200","0","[""https://pfotentechnik.de/hersteller/garmin/""]","[""https://pfotentechnik.de/hersteller/garmin/""]","[{""agent"":""robots"",""value"":""index,follow,max-image-preview:large""}]","","true","2026-07-20T00:00:00.000Z","[""Garmin""]","Garmin Alpha: Hunde-GPS ohne Abo erklärt","[""https://pfotentechnik.de"",""https://pfotentechnik.de/hersteller/garmin/"",""https://pfotentechnik.de/favicon.svg"",""https://pfotentechnik.de/"",""https://pfotentechnik.de/hersteller/""]","[]","15","10","61","2","1030","true","1030","false","apps/pfotentechnik/src/content/manufacturers/garmin.md"
"https://pfotentechnik.de/hersteller/honeyguardian/","https://pfotentechnik.de/hersteller/honeyguardian/","A_INDEXABLE_CANONICAL","manufacturer","hersteller","200","200","0","[""https://pfotentechnik.de/hersteller/honeyguardian/""]","[""https://pfotentechnik.de/hersteller/honeyguardian/""]","[{""agent"":""robots"",""value"":""index,follow,max-image-preview:large""}]","","true","2026-07-19T00:00:00.000Z","[""HoneyGuardian""]","HoneyGuardian Erfahrungen: Produkte, Bewertung und Empfehlungen","[""https://pfotentechnik.de"",""https://pfotentechnik.de/hersteller/honeyguardian/"",""https://pfotentechnik.de/favicon.svg"",""https://pfotentechnik.de/"",""https://pfotentechnik.de/hersteller/""]","[]","12","8","65","2","1082","true","1082","false","apps/pfotentechnik/src/content/manufacturers/honeyguardian.md"
"https://pfotentechnik.de/hersteller/imipaw/","https://pfotentechnik.de/hersteller/imipaw/","A_INDEXABLE_CANONICAL","manufacturer","hersteller","200","200","0","[""https://pfotentechnik.de/hersteller/imipaw/""]","[""https://pfotentechnik.de/hersteller/imipaw/""]","[{""agent"":""robots"",""value"":""index,follow,max-image-preview:large""}]","","true","2026-07-19T00:00:00.000Z","[""IMIPAW""]","IMIPAW Erfahrungen: Produkte, Bewertung und Empfehlungen","[""https://pfotentechnik.de"",""https://pfotentechnik.de/hersteller/imipaw/"",""https://pfotentechnik.de/favicon.svg"",""https://pfotentechnik.de/"",""https://pfotentechnik.de/hersteller/""]","[]","6","4","56","2","863","true","863","true","apps/pfotentechnik/src/content/manufacturers/imipaw.md"
"https://pfotentechnik.de/hersteller/","https://pfotentechnik.de/hersteller/","A_INDEXABLE_CANONICAL","manufacturer-index","hersteller","200","200","0","[""https://pfotentechnik.de/hersteller/""]","[""https://pfotentechnik.de/hersteller/""]","[{""agent"":""robots"",""value"":""index,follow,max-image-preview:large""}]","","true","","[""Welcher Hersteller passt zu dir?""]","Hersteller im Überblick","[""https://pfotentechnik.de"",""https://pfotentechnik.de/hersteller/""]","[]","813","259","62","1","389","true","389","true","apps/pfotentechnik/dist/hersteller/index.html"
"https://pfotentechnik.de/hersteller/invoxia/","https://pfotentechnik.de/hersteller/invoxia/","A_INDEXABLE_CANONICAL","manufacturer","gps-tracker","200","200","0","[""https://pfotentechnik.de/hersteller/invoxia/""]","[""https://pfotentechnik.de/hersteller/invoxia/""]","[{""agent"":""robots"",""value"":""index,follow,max-image-preview:large""}]","","true","2026-08-16T00:00:00.000Z","[""Invoxia""]","Invoxia Petcare: Biotracker, GPS und Tarife","[""https://pfotentechnik.de"",""https://pfotentechnik.de/hersteller/invoxia/"",""https://pfotentechnik.de/favicon.svg"",""https://pfotentechnik.de/"",""https://pfotentechnik.de/hersteller/""]","[]","7","5","55","2","536","true","536","true","apps/pfotentechnik/src/content/manufacturers/invoxia.md"
"https://pfotentechnik.de/hersteller/neakasa/","https://pfotentechnik.de/hersteller/neakasa/","A_INDEXABLE_CANONICAL","manufacturer","hersteller","200","200","0","[""https://pfotentechnik.de/hersteller/neakasa/""]","[""https://pfotentechnik.de/hersteller/neakasa/""]","[{""agent"":""robots"",""value"":""index,follow,max-image-preview:large""}]","","true","2026-09-15T00:00:00.000Z","[""Neakasa""]","Neakasa: Erfahrungen und Produkte","[""https://pfotentechnik.de"",""https://pfotentechnik.de/hersteller/neakasa/"",""https://pfotentechnik.de/redaktion/"",""https://pfotentechnik.de/favicon.svg"",""https://pfotentechnik.de/"",""https://pfotentechnik.de/hersteller/""]","[]","16","9","64","2","691","true","691","false","apps/pfotentechnik/src/content/manufacturers/neakasa.md"
"https://pfotentechnik.de/hersteller/oneisall/","https://pfotentechnik.de/hersteller/oneisall/","A_INDEXABLE_CANONICAL","manufacturer","trinkbrunnen","200","200","0","[""https://pfotentechnik.de/hersteller/oneisall/""]","[""https://pfotentechnik.de/hersteller/oneisall/""]","[{""agent"":""robots"",""value"":""index,follow,max-image-preview:large""}]","","true","2026-08-19T00:00:00.000Z","[""oneisall""]","oneisall 2026: Futterautomaten & Trinkbrunnen im Vergleich","[""https://pfotentechnik.de"",""https://pfotentechnik.de/hersteller/oneisall/"",""https://pfotentechnik.de/favicon.svg"",""https://pfotentechnik.de/"",""https://pfotentechnik.de/hersteller/""]","[]","25","13","76","2","1452","true","1452","false","apps/pfotentechnik/src/content/manufacturers/oneisall.md"
"https://pfotentechnik.de/hersteller/onlycat/","https://pfotentechnik.de/hersteller/onlycat/","A_INDEXABLE_CANONICAL","manufacturer","hersteller","200","200","0","[""https://pfotentechnik.de/hersteller/onlycat/""]","[""https://pfotentechnik.de/hersteller/onlycat/""]","[{""agent"":""robots"",""value"":""index,follow,max-image-preview:large""}]","","true","2026-08-04T00:00:00.000Z","[""OnlyCat""]","OnlyCat: App-Katzenklappe & Beuteerkennung","[""https://pfotentechnik.de"",""https://pfotentechnik.de/hersteller/onlycat/"",""https://pfotentechnik.de/favicon.svg"",""https://pfotentechnik.de/"",""https://pfotentechnik.de/hersteller/""]","[]","12","8","55","2","531","true","531","true","apps/pfotentechnik/src/content/manufacturers/onlycat.md"
"https://pfotentechnik.de/hersteller/paj-gps/","https://pfotentechnik.de/hersteller/paj-gps/","A_INDEXABLE_CANONICAL","manufacturer","gps-tracker","200","200","0","[""https://pfotentechnik.de/hersteller/paj-gps/""]","[""https://pfotentechnik.de/hersteller/paj-gps/""]","[{""agent"":""robots"",""value"":""index,follow,max-image-preview:large""}]","","true","2026-07-20T00:00:00.000Z","[""PAJ GPS""]","PAJ GPS: PET Finder, App, Kosten & Datenschutz","[""https://pfotentechnik.de"",""https://pfotentechnik.de/hersteller/paj-gps/"",""https://pfotentechnik.de/favicon.svg"",""https://pfotentechnik.de/"",""https://pfotentechnik.de/hersteller/""]","[]","10","8","57","2","970","true","970","true","apps/pfotentechnik/src/content/manufacturers/paj-gps.md"
"https://pfotentechnik.de/hersteller/pawbby/","https://pfotentechnik.de/hersteller/pawbby/","A_INDEXABLE_CANONICAL","manufacturer","hersteller","200","200","0","[""https://pfotentechnik.de/hersteller/pawbby/""]","[""https://pfotentechnik.de/hersteller/pawbby/""]","[{""agent"":""robots"",""value"":""index,follow,max-image-preview:large""}]","","true","2026-07-19T00:00:00.000Z","[""PAWBBY""]","PAWBBY Erfahrungen: Produkte, Bewertung und Empfehlungen","[""https://pfotentechnik.de"",""https://pfotentechnik.de/hersteller/pawbby/"",""https://pfotentechnik.de/favicon.svg"",""https://pfotentechnik.de/"",""https://pfotentechnik.de/hersteller/""]","[]","5","4","54","2","739","true","739","true","apps/pfotentechnik/src/content/manufacturers/pawbby.md"
"https://pfotentechnik.de/hersteller/pawfit/","https://pfotentechnik.de/hersteller/pawfit/","A_INDEXABLE_CANONICAL","manufacturer","gps-tracker","200","200","0","[""https://pfotentechnik.de/hersteller/pawfit/""]","[""https://pfotentechnik.de/hersteller/pawfit/""]","[{""agent"":""robots"",""value"":""index,follow,max-image-preview:large""}]","","true","2026-08-16T00:00:00.000Z","[""Pawfit""]","Pawfit: GPS, Audio-ID und Abo","[""https://pfotentechnik.de"",""https://pfotentechnik.de/hersteller/pawfit/"",""https://pfotentechnik.de/favicon.svg"",""https://pfotentechnik.de/"",""https://pfotentechnik.de/hersteller/""]","[]","9","5","55","2","515","true","515","true","apps/pfotentechnik/src/content/manufacturers/pawfit.md"
"https://pfotentechnik.de/hersteller/pawsync/","https://pfotentechnik.de/hersteller/pawsync/","A_INDEXABLE_CANONICAL","manufacturer","hersteller","200","200","0","[""https://pfotentechnik.de/hersteller/pawsync/""]","[""https://pfotentechnik.de/hersteller/pawsync/""]","[{""agent"":""robots"",""value"":""index,follow,max-image-preview:large""}]","","true","2026-07-26T00:00:00.000Z","[""PawSync""]","PawSync: Erfahrungen und Produkte","[""https://pfotentechnik.de"",""https://pfotentechnik.de/hersteller/pawsync/"",""https://pfotentechnik.de/redaktion/"",""https://pfotentechnik.de/favicon.svg"",""https://pfotentechnik.de/"",""https://pfotentechnik.de/hersteller/""]","[]","4","2","53","2","515","true","515","true","apps/pfotentechnik/src/content/manufacturers/pawsync.md"
"https://pfotentechnik.de/hersteller/petkit/","https://pfotentechnik.de/hersteller/petkit/","A_INDEXABLE_CANONICAL","manufacturer","hersteller","200","200","0","[""https://pfotentechnik.de/hersteller/petkit/""]","[""https://pfotentechnik.de/hersteller/petkit/""]","[{""agent"":""robots"",""value"":""index,follow,max-image-preview:large""}]","","true","2026-08-21T00:00:00.000Z","[""PETKIT""]","PETKIT Erfahrungen: Produkte, Bewertung und Empfehlungen","[""https://pfotentechnik.de"",""https://pfotentechnik.de/hersteller/petkit/"",""https://pfotentechnik.de/favicon.svg"",""https://pfotentechnik.de/"",""https://pfotentechnik.de/hersteller/""]","[]","63","34","87","2","1554","true","1554","true","apps/pfotentechnik/src/content/manufacturers/petkit.md"
"https://pfotentechnik.de/hersteller/petlibro/","https://pfotentechnik.de/hersteller/petlibro/","A_INDEXABLE_CANONICAL","manufacturer","hersteller","200","200","0","[""https://pfotentechnik.de/hersteller/petlibro/""]","[""https://pfotentechnik.de/hersteller/petlibro/""]","[{""agent"":""robots"",""value"":""index,follow,max-image-preview:large""}]","","true","2026-08-19T00:00:00.000Z","[""PETLIBRO""]","PETLIBRO 2026: Modelle, Unterschiede & beste Optionen","[""https://pfotentechnik.de"",""https://pfotentechnik.de/hersteller/petlibro/"",""https://pfotentechnik.de/favicon.svg"",""https://pfotentechnik.de/"",""https://pfotentechnik.de/hersteller/""]","[]","85","50","92","2","2365","true","2365","false","apps/pfotentechnik/src/content/manufacturers/petlibro.md"
"https://pfotentechnik.de/hersteller/petsafe/","https://pfotentechnik.de/hersteller/petsafe/","A_INDEXABLE_CANONICAL","manufacturer","hersteller","200","200","0","[""https://pfotentechnik.de/hersteller/petsafe/""]","[""https://pfotentechnik.de/hersteller/petsafe/""]","[{""agent"":""robots"",""value"":""index,follow,max-image-preview:large""}]","","true","2026-08-16T00:00:00.000Z","[""PetSafe""]","PetSafe Erfahrungen: Modelle, Funktionen und Unterschiede","[""https://pfotentechnik.de"",""https://pfotentechnik.de/hersteller/petsafe/"",""https://pfotentechnik.de/favicon.svg"",""https://pfotentechnik.de/"",""https://pfotentechnik.de/hersteller/""]","[]","27","15","77","2","1131","true","1131","true","apps/pfotentechnik/src/content/manufacturers/petsafe.md"
"https://pfotentechnik.de/hersteller/petsnowy/","https://pfotentechnik.de/hersteller/petsnowy/","A_INDEXABLE_CANONICAL","manufacturer","hersteller","200","200","0","[""https://pfotentechnik.de/hersteller/petsnowy/""]","[""https://pfotentechnik.de/hersteller/petsnowy/""]","[{""agent"":""robots"",""value"":""index,follow,max-image-preview:large""}]","","true","2026-08-15T00:00:00.000Z","[""PetSnowy""]","PetSnowy: Produkte und Einordnung","[""https://pfotentechnik.de"",""https://pfotentechnik.de/hersteller/petsnowy/"",""https://pfotentechnik.de/favicon.svg"",""https://pfotentechnik.de/"",""https://pfotentechnik.de/hersteller/""]","[]","5","4","54","2","512","true","512","true","apps/pfotentechnik/src/content/manufacturers/petsnowy.md"
"https://pfotentechnik.de/hersteller/pettec/","https://pfotentechnik.de/hersteller/pettec/","A_INDEXABLE_CANONICAL","manufacturer","hersteller","200","200","0","[""https://pfotentechnik.de/hersteller/pettec/""]","[""https://pfotentechnik.de/hersteller/pettec/""]","[{""agent"":""robots"",""value"":""index,follow,max-image-preview:large""}]","","true","2026-08-15T00:00:00.000Z","[""PetTec""]","PetTec: Haustierkameras und Speicherung","[""https://pfotentechnik.de"",""https://pfotentechnik.de/hersteller/pettec/"",""https://pfotentechnik.de/favicon.svg"",""https://pfotentechnik.de/"",""https://pfotentechnik.de/hersteller/""]","[]","9","6","55","2","517","true","517","true","apps/pfotentechnik/src/content/manufacturers/pettec.md"
"https://pfotentechnik.de/hersteller/petwalk/","https://pfotentechnik.de/hersteller/petwalk/","A_INDEXABLE_CANONICAL","manufacturer","hersteller","200","200","0","[""https://pfotentechnik.de/hersteller/petwalk/""]","[""https://pfotentechnik.de/hersteller/petwalk/""]","[{""agent"":""robots"",""value"":""index,follow,max-image-preview:large""}]","","true","2026-08-04T00:00:00.000Z","[""petWALK""]","petWALK Tiertüren: Hersteller & Einordnung","[""https://pfotentechnik.de"",""https://pfotentechnik.de/hersteller/petwalk/"",""https://pfotentechnik.de/favicon.svg"",""https://pfotentechnik.de/"",""https://pfotentechnik.de/hersteller/""]","[]","5","3","55","2","537","true","537","true","apps/pfotentechnik/src/content/manufacturers/petwalk.md"
"https://pfotentechnik.de/hersteller/prothelis/","https://pfotentechnik.de/hersteller/prothelis/","A_INDEXABLE_CANONICAL","manufacturer","hersteller","200","200","0","[""https://pfotentechnik.de/hersteller/prothelis/""]","[""https://pfotentechnik.de/hersteller/prothelis/""]","[{""agent"":""robots"",""value"":""index,follow,max-image-preview:large""}]","","true","2026-08-16T00:00:00.000Z","[""Prothelis""]","Prothelis area Pets: System und Mobilfunk","[""https://pfotentechnik.de"",""https://pfotentechnik.de/hersteller/prothelis/"",""https://pfotentechnik.de/favicon.svg"",""https://pfotentechnik.de/"",""https://pfotentechnik.de/hersteller/""]","[]","6","4","55","2","518","true","518","true","apps/pfotentechnik/src/content/manufacturers/prothelis.md"
"https://pfotentechnik.de/hersteller/reolink/","https://pfotentechnik.de/hersteller/reolink/","A_INDEXABLE_CANONICAL","manufacturer","hersteller","200","200","0","[""https://pfotentechnik.de/hersteller/reolink/""]","[""https://pfotentechnik.de/hersteller/reolink/""]","[{""agent"":""robots"",""value"":""index,follow,max-image-preview:large""}]","","true","2026-08-16T00:00:00.000Z","[""Reolink""]","Reolink als Haustierkamera: lokal speichern","[""https://pfotentechnik.de"",""https://pfotentechnik.de/hersteller/reolink/"",""https://pfotentechnik.de/favicon.svg"",""https://pfotentechnik.de/"",""https://pfotentechnik.de/hersteller/""]","[]","7","5","55","2","540","true","540","true","apps/pfotentechnik/src/content/manufacturers/reolink.md"
"https://pfotentechnik.de/hersteller/surefeed/","https://pfotentechnik.de/hersteller/surefeed/","A_INDEXABLE_CANONICAL","manufacturer","hersteller","200","200","0","[""https://pfotentechnik.de/hersteller/surefeed/""]","[""https://pfotentechnik.de/hersteller/surefeed/""]","[{""agent"":""robots"",""value"":""index,follow,max-image-preview:large""}]","","true","2026-07-19T00:00:00.000Z","[""SureFeed""]","SureFeed Erfahrungen: Produkte, Bewertung und Empfehlungen","[""https://pfotentechnik.de"",""https://pfotentechnik.de/hersteller/surefeed/"",""https://pfotentechnik.de/favicon.svg"",""https://pfotentechnik.de/"",""https://pfotentechnik.de/hersteller/""]","[]","28","20","75","2","1304","true","1304","false","apps/pfotentechnik/src/content/manufacturers/surefeed.md"
"https://pfotentechnik.de/hersteller/tractive/","https://pfotentechnik.de/hersteller/tractive/","A_INDEXABLE_CANONICAL","manufacturer","katzen-und-hundespezifische-hardware","200","200","0","[""https://pfotentechnik.de/hersteller/tractive/""]","[""https://pfotentechnik.de/hersteller/tractive/""]","[{""agent"":""robots"",""value"":""index,follow,max-image-preview:large""}]","","true","2026-08-21T00:00:00.000Z","[""Tractive""]","Tractive: GPS-Tracker, App, Abo & Garantie","[""https://pfotentechnik.de"",""https://pfotentechnik.de/hersteller/tractive/"",""https://pfotentechnik.de/favicon.svg"",""https://pfotentechnik.de/"",""https://pfotentechnik.de/hersteller/""]","[]","27","19","65","2","1165","true","1165","true","apps/pfotentechnik/src/content/manufacturers/tractive.md"
"https://pfotentechnik.de/hersteller/weenect/","https://pfotentechnik.de/hersteller/weenect/","A_INDEXABLE_CANONICAL","manufacturer","gps-tracker","200","200","0","[""https://pfotentechnik.de/hersteller/weenect/""]","[""https://pfotentechnik.de/hersteller/weenect/""]","[{""agent"":""robots"",""value"":""index,follow,max-image-preview:large""}]","","true","2026-08-06T00:00:00.000Z","[""Weenect""]","Weenect: GPS-Tracker, Abo, App & Garantie","[""https://pfotentechnik.de"",""https://pfotentechnik.de/hersteller/weenect/"",""https://pfotentechnik.de/favicon.svg"",""https://pfotentechnik.de/"",""https://pfotentechnik.de/hersteller/""]","[]","24","17","61","2","1106","true","1106","true","apps/pfotentechnik/src/content/manufacturers/weenect.md"
"https://pfotentechnik.de/hersteller/whisker/","https://pfotentechnik.de/hersteller/whisker/","A_INDEXABLE_CANONICAL","manufacturer","hersteller","200","200","0","[""https://pfotentechnik.de/hersteller/whisker/""]","[""https://pfotentechnik.de/hersteller/whisker/""]","[{""agent"":""robots"",""value"":""index,follow,max-image-preview:large""}]","","true","2026-08-16T00:00:00.000Z","[""Whisker""]","Whisker: Erfahrungen und Produkte","[""https://pfotentechnik.de"",""https://pfotentechnik.de/hersteller/whisker/"",""https://pfotentechnik.de/redaktion/"",""https://pfotentechnik.de/favicon.svg"",""https://pfotentechnik.de/"",""https://pfotentechnik.de/hersteller/""]","[]","12","6","58","2","607","true","607","true","apps/pfotentechnik/src/content/manufacturers/whisker.md"
"https://pfotentechnik.de/hersteller/wopet/","https://pfotentechnik.de/hersteller/wopet/","A_INDEXABLE_CANONICAL","manufacturer","hersteller","200","200","0","[""https://pfotentechnik.de/hersteller/wopet/""]","[""https://pfotentechnik.de/hersteller/wopet/""]","[{""agent"":""robots"",""value"":""index,follow,max-image-preview:large""}]","","true","2026-07-19T00:00:00.000Z","[""WOPET""]","WOPET Erfahrungen: Produkte, Bewertung und Empfehlungen","[""https://pfotentechnik.de"",""https://pfotentechnik.de/hersteller/wopet/"",""https://pfotentechnik.de/favicon.svg"",""https://pfotentechnik.de/"",""https://pfotentechnik.de/hersteller/""]","[]","20","12","67","2","1203","true","1203","true","apps/pfotentechnik/src/content/manufacturers/wopet.md"
"https://pfotentechnik.de/hersteller/xiaomi/","https://pfotentechnik.de/hersteller/xiaomi/","A_INDEXABLE_CANONICAL","manufacturer","hersteller","200","200","0","[""https://pfotentechnik.de/hersteller/xiaomi/""]","[""https://pfotentechnik.de/hersteller/xiaomi/""]","[{""agent"":""robots"",""value"":""index,follow,max-image-preview:large""}]","","true","2026-07-19T00:00:00.000Z","[""Xiaomi""]","Xiaomi Erfahrungen: Produkte, Bewertung und Empfehlungen","[""https://pfotentechnik.de"",""https://pfotentechnik.de/hersteller/xiaomi/"",""https://pfotentechnik.de/favicon.svg"",""https://pfotentechnik.de/"",""https://pfotentechnik.de/hersteller/""]","[]","20","15","63","2","1104","true","1104","true","apps/pfotentechnik/src/content/manufacturers/xiaomi.md"
"https://pfotentechnik.de/hersteller/zeromouse/","https://pfotentechnik.de/hersteller/zeromouse/","A_INDEXABLE_CANONICAL","manufacturer","hersteller","200","200","0","[""https://pfotentechnik.de/hersteller/zeromouse/""]","[""https://pfotentechnik.de/hersteller/zeromouse/""]","[{""agent"":""robots"",""value"":""index,follow,max-image-preview:large""}]","","true","2026-07-27T00:00:00.000Z","[""ZeroMOUSE""]","ZeroMOUSE: KI-Beuteerkennung für Katzenklappen","[""https://pfotentechnik.de"",""https://pfotentechnik.de/hersteller/zeromouse/"",""https://pfotentechnik.de/favicon.svg"",""https://pfotentechnik.de/"",""https://pfotentechnik.de/hersteller/""]","[]","11","7","54","2","807","true","807","true","apps/pfotentechnik/src/content/manufacturers/zeromouse.md"
"https://pfotentechnik.de/hund-entlaufen-gps-sinnvoll/","https://pfotentechnik.de/hund-entlaufen-gps-sinnvoll/","A_INDEXABLE_CANONICAL","decision-guide","gps-tracker","200","200","0","[""https://pfotentechnik.de/hund-entlaufen-gps-sinnvoll/""]","[""https://pfotentechnik.de/hund-entlaufen-gps-sinnvoll/""]","[{""agent"":""robots"",""value"":""index,follow,max-image-preview:large""}]","","true","2026-07-20T00:00:00.000Z","[""Hund entlaufen – GPS sinnvoll?""]","Hund entlaufen: Wie GPS jetzt sinnvoll hilft","[""https://pfotentechnik.de"",""https://pfotentechnik.de/hund-entlaufen-gps-sinnvoll/"",""https://pfotentechnik.de/favicon.svg"",""https://pfotentechnik.de/"",""https://pfotentechnik.de/wissen/""]","[]","6","5","50","2","672","true","672","true","apps/pfotentechnik/src/content/pages/hund-entlaufen-gps-sinnvoll.md"
"https://pfotentechnik.de/hund-frisst-nicht/","https://pfotentechnik.de/hund-frisst-nicht/","A_INDEXABLE_CANONICAL","medical-guide","futterautomaten","200","200","0","[""https://pfotentechnik.de/hund-frisst-nicht/""]","[""https://pfotentechnik.de/hund-frisst-nicht/""]","[{""agent"":""robots"",""value"":""index,follow,max-image-preview:large""}]","","true","2026-07-16T00:00:00.000Z","[""Hund frisst nicht: Ursachen, Warnzeichen und richtiges Vorgehen""]","Hund frisst nicht: Ursachen und Warnzeichen","[""https://pfotentechnik.de"",""https://pfotentechnik.de/hund-frisst-nicht/"",""https://pfotentechnik.de/favicon.svg"",""https://pfotentechnik.de/"",""https://pfotentechnik.de/wissen/""]","[]","15","9","52","2","5551","true","5551","true","apps/pfotentechnik/src/content/pages/hund-frisst-nicht.md"
"https://pfotentechnik.de/hund-frisst-zu-schnell/","https://pfotentechnik.de/hund-frisst-zu-schnell/","A_INDEXABLE_CANONICAL","editorial-page","futterautomaten","200","200","0","[""https://pfotentechnik.de/hund-frisst-zu-schnell/""]","[""https://pfotentechnik.de/hund-frisst-zu-schnell/""]","[{""agent"":""robots"",""value"":""index,follow,max-image-preview:large""}]","","true","2026-07-29T00:00:00.000Z","[""Hund frisst zu schnell – Ursachen, Risiken und wirksame Lösungen""]","Hund frisst zu schnell: Ursachen & Tipps gegen Schlingen","[""https://pfotentechnik.de"",""https://pfotentechnik.de/hund-frisst-zu-schnell/"",""https://pfotentechnik.de/favicon.svg"",""https://pfotentechnik.de/"",""https://pfotentechnik.de/wissen/""]","[]","6","5","52","3","1042","true","1042","true","apps/pfotentechnik/src/content/pages/hund-frisst-zu-schnell.md"
"https://pfotentechnik.de/hund-hat-durchfall/","https://pfotentechnik.de/hund-hat-durchfall/","A_INDEXABLE_CANONICAL","medical-guide","hundegesundheit","200","200","0","[""https://pfotentechnik.de/hund-hat-durchfall/""]","[""https://pfotentechnik.de/hund-hat-durchfall/""]","[{""agent"":""robots"",""value"":""index,follow,max-image-preview:large""}]","","true","2026-07-19T00:00:00.000Z","[""Hund hat Durchfall: Ursachen, Warnzeichen und richtiges Vorgehen""]","Hund hat Durchfall: Ursachen, Warnzeichen und Tierarzt","[""https://pfotentechnik.de"",""https://pfotentechnik.de/hund-hat-durchfall/"",""https://pfotentechnik.de/favicon.svg"",""https://pfotentechnik.de/"",""https://pfotentechnik.de/wissen/""]","[]","4","4","49","2","1907","true","1907","true","apps/pfotentechnik/src/content/pages/hund-hat-durchfall.md"
"https://pfotentechnik.de/hund-ist-muede/","https://pfotentechnik.de/hund-ist-muede/","A_INDEXABLE_CANONICAL","medical-guide","hundegesundheit","200","200","0","[""https://pfotentechnik.de/hund-ist-muede/""]","[""https://pfotentechnik.de/hund-ist-muede/""]","[{""agent"":""robots"",""value"":""index,follow,max-image-preview:large""}]","","true","2026-07-19T00:00:00.000Z","[""Hund ist müde: Wann Müdigkeit normal ist und wann sie krankhaft wird""]","Hund ist müde: Ursachen, Warnzeichen und Tierarzt","[""https://pfotentechnik.de"",""https://pfotentechnik.de/hund-ist-muede/"",""https://pfotentechnik.de/favicon.svg"",""https://pfotentechnik.de/"",""https://pfotentechnik.de/wissen/""]","[]","3","3","50","2","3046","true","3046","true","apps/pfotentechnik/src/content/pages/hund-ist-muede.md"
"https://pfotentechnik.de/hund-trinkt-ploetzlich-viel/","https://pfotentechnik.de/hund-trinkt-ploetzlich-viel/","A_INDEXABLE_CANONICAL","editorial-page","smarte-haustiertechnik","200","200","0","[""https://pfotentechnik.de/hund-trinkt-ploetzlich-viel/""]","[""https://pfotentechnik.de/hund-trinkt-ploetzlich-viel/""]","[{""agent"":""robots"",""value"":""index,follow,max-image-preview:large""}]","","true","2026-07-29T00:00:00.000Z","[""Hund trinkt plötzlich viel – Ursachen, Warnzeichen und was jetzt zu tun ist""]","Hund trinkt plötzlich viel: Ursachen und Hilfe","[""https://pfotentechnik.de"",""https://pfotentechnik.de/hund-trinkt-ploetzlich-viel/"",""https://pfotentechnik.de/favicon.svg"",""https://pfotentechnik.de/"",""https://pfotentechnik.de/wissen/""]","[]","8","6","51","3","976","true","976","true","apps/pfotentechnik/src/content/pages/hund-trinkt-ploetzlich-viel.md"
"https://pfotentechnik.de/hund-trinkt-viel/","https://pfotentechnik.de/hund-trinkt-viel/","A_INDEXABLE_CANONICAL","medical-guide","hundegesundheit","200","200","0","[""https://pfotentechnik.de/hund-trinkt-viel/""]","[""https://pfotentechnik.de/hund-trinkt-viel/""]","[{""agent"":""robots"",""value"":""index,follow,max-image-preview:large""}]","","true","2026-07-19T00:00:00.000Z","[""Hund trinkt viel: Ursachen und Warnzeichen""]","Hund trinkt viel: Ursachen, Messung, Tierarzt","[""https://pfotentechnik.de"",""https://pfotentechnik.de/hund-trinkt-viel/"",""https://pfotentechnik.de/favicon.svg"",""https://pfotentechnik.de/"",""https://pfotentechnik.de/wissen/""]","[]","9","6","53","2","1348","true","1348","true","apps/pfotentechnik/src/content/pages/hund-trinkt-viel.md"
"https://pfotentechnik.de/hund-trinkt-zu-wenig/","https://pfotentechnik.de/hund-trinkt-zu-wenig/","A_INDEXABLE_CANONICAL","medical-guide","trinkbrunnen","200","200","0","[""https://pfotentechnik.de/hund-trinkt-zu-wenig/""]","[""https://pfotentechnik.de/hund-trinkt-zu-wenig/""]","[{""agent"":""robots"",""value"":""index,follow,max-image-preview:large""}]","","true","2026-07-19T00:00:00.000Z","[""Hund trinkt zu wenig: Anzeichen, Ursachen und richtiges Vorgehen""]","Hund trinkt zu wenig: Anzeichen und Warnsignale","[""https://pfotentechnik.de"",""https://pfotentechnik.de/hund-trinkt-zu-wenig/"",""https://pfotentechnik.de/favicon.svg"",""https://pfotentechnik.de/"",""https://pfotentechnik.de/wissen/""]","[]","14","9","54","2","4726","true","4726","true","apps/pfotentechnik/src/content/pages/hund-trinkt-zu-wenig.md"
"https://pfotentechnik.de/ifa-2026-haustiertechnik/","https://pfotentechnik.de/ifa-2026-haustiertechnik/","A_INDEXABLE_CANONICAL","guide","smarte-haustiertechnik","200","200","0","[""https://pfotentechnik.de/ifa-2026-haustiertechnik/""]","[""https://pfotentechnik.de/ifa-2026-haustiertechnik/""]","[{""agent"":""robots"",""value"":""index,follow,max-image-preview:large""}]","","true","2026-09-14T00:00:00.000Z","[""Haustiertechnik auf der IFA 2026: Diese Neuheiten sind interessant""]","IFA 2026: PetTech-Neuheiten von Riko bis M9 eingeordnet","[""https://pfotentechnik.de"",""https://pfotentechnik.de/ifa-2026-haustiertechnik/"",""https://pfotentechnik.de/favicon.svg"",""https://pfotentechnik.de/"",""https://pfotentechnik.de/wissen/""]","[]","2","2","58","2","1986","true","1986","true","apps/pfotentechnik/src/content/pages/ifa-2026-haustiertechnik.md"
"https://pfotentechnik.de/impressum/","https://pfotentechnik.de/impressum/","A_INDEXABLE_CANONICAL","legal","smarte-haustiertechnik","200","200","0","[""https://pfotentechnik.de/impressum/""]","[""https://pfotentechnik.de/impressum/""]","[{""agent"":""robots"",""value"":""index,follow,max-image-preview:large""}]","","true","","[""Impressum""]","Impressum | PfotenTechnik","[""https://pfotentechnik.de"",""https://pfotentechnik.de/impressum/""]","[]","260","259","38","1","134","true","134","true","apps/pfotentechnik/dist/impressum/index.html"
"https://pfotentechnik.de/","https://pfotentechnik.de/","A_INDEXABLE_CANONICAL","homepage","smarte-haustiertechnik","200","200","0","[""https://pfotentechnik.de/""]","[""https://pfotentechnik.de/""]","[{""agent"":""robots"",""value"":""index,follow,max-image-preview:large""}]","","true","","[""Unabhängige Orientierung für smarte Haustiertechnik""]","Smarte Haustier-Technik im Vergleich | PfotenTechnik","[""https://pfotentechnik.de"",""https://pfotentechnik.de/favicon.svg""]","[]","636","259","65","0","673","true","673","true","apps/pfotentechnik/dist/index.html"
"https://pfotentechnik.de/kalk-katzentrinkbrunnen-entfernen/","https://pfotentechnik.de/kalk-katzentrinkbrunnen-entfernen/","A_INDEXABLE_CANONICAL","problem-solving-guide","trinkbrunnen","200","200","0","[""https://pfotentechnik.de/kalk-katzentrinkbrunnen-entfernen/""]","[""https://pfotentechnik.de/kalk-katzentrinkbrunnen-entfernen/""]","[{""agent"":""robots"",""value"":""index,follow,max-image-preview:large""}]","","true","2026-07-25T00:00:00.000Z","[""Katzenbrunnen entkalken: Kalk sicher entfernen""]","Katzenbrunnen entkalken: Kalk sicher entfernen","[""https://pfotentechnik.de"",""https://pfotentechnik.de/kalk-katzentrinkbrunnen-entfernen/"",""https://pfotentechnik.de/favicon.svg"",""https://pfotentechnik.de/"",""https://pfotentechnik.de/wissen/""]","[]","20","11","57","2","819","true","819","true","apps/pfotentechnik/src/content/pages/kalk-katzentrinkbrunnen-entfernen.md"
"https://pfotentechnik.de/katze-an-katzenklappe-gewoehnen/","https://pfotentechnik.de/katze-an-katzenklappe-gewoehnen/","A_INDEXABLE_CANONICAL","problem-solving-guide","katzenklappen","200","200","0","[""https://pfotentechnik.de/katze-an-katzenklappe-gewoehnen/""]","[""https://pfotentechnik.de/katze-an-katzenklappe-gewoehnen/""]","[{""agent"":""robots"",""value"":""index,follow,max-image-preview:large""}]","","true","2026-08-04T00:00:00.000Z","[""Katze an die Katzenklappe gewöhnen""]","Katze an Katzenklappe gewöhnen: Schritt für Schritt","[""https://pfotentechnik.de"",""https://pfotentechnik.de/katze-an-katzenklappe-gewoehnen/"",""https://pfotentechnik.de/favicon.svg"",""https://pfotentechnik.de/"",""https://pfotentechnik.de/wissen/""]","[]","4","4","48","2","345","true","345","true","apps/pfotentechnik/src/content/pages/katze-an-katzenklappe-gewoehnen.md"
"https://pfotentechnik.de/katze-an-trinkbrunnen-gewoehnen/","https://pfotentechnik.de/katze-an-trinkbrunnen-gewoehnen/","A_INDEXABLE_CANONICAL","problem-solving-guide","katzenverhalten","200","200","0","[""https://pfotentechnik.de/katze-an-trinkbrunnen-gewoehnen/""]","[""https://pfotentechnik.de/katze-an-trinkbrunnen-gewoehnen/""]","[{""agent"":""robots"",""value"":""index,follow,max-image-preview:large""}]","","true","2026-07-19T00:00:00.000Z","[""Katze an einen Trinkbrunnen gewöhnen: ohne Druck und ohne Durststrecke""]","Katze an Trinkbrunnen gewöhnen","[""https://pfotentechnik.de"",""https://pfotentechnik.de/katze-an-trinkbrunnen-gewoehnen/"",""https://pfotentechnik.de/favicon.svg"",""https://pfotentechnik.de/"",""https://pfotentechnik.de/wissen/""]","[]","8","7","51","2","723","true","723","true","apps/pfotentechnik/src/content/pages/katze-an-trinkbrunnen-gewoehnen.md"
"https://pfotentechnik.de/katze-entlaufen-gps-sinnvoll/","https://pfotentechnik.de/katze-entlaufen-gps-sinnvoll/","A_INDEXABLE_CANONICAL","guide","gps-tracker","200","200","0","[""https://pfotentechnik.de/katze-entlaufen-gps-sinnvoll/""]","[""https://pfotentechnik.de/katze-entlaufen-gps-sinnvoll/""]","[{""agent"":""robots"",""value"":""index,follow,max-image-preview:large""}]","","true","2026-07-20T00:00:00.000Z","[""Katze entlaufen – GPS sinnvoll?""]","Katze entlaufen: Wie GPS bei der Suche hilft","[""https://pfotentechnik.de"",""https://pfotentechnik.de/katze-entlaufen-gps-sinnvoll/"",""https://pfotentechnik.de/favicon.svg"",""https://pfotentechnik.de/"",""https://pfotentechnik.de/wissen/""]","[]","6","5","50","2","672","true","672","true","apps/pfotentechnik/src/content/pages/katze-entlaufen-gps-sinnvoll.md"
"https://pfotentechnik.de/katze-frisst-nicht/","https://pfotentechnik.de/katze-frisst-nicht/","A_INDEXABLE_CANONICAL","medical-guide","futterautomaten","200","200","0","[""https://pfotentechnik.de/katze-frisst-nicht/""]","[""https://pfotentechnik.de/katze-frisst-nicht/""]","[{""agent"":""robots"",""value"":""index,follow,max-image-preview:large""}]","","true","2026-07-15T00:00:00.000Z","[""Katze frisst nicht: Ursachen, Warnzeichen und richtiges Vorgehen""]","Katze frisst nicht: Wann zum Tierarzt?","[""https://pfotentechnik.de"",""https://pfotentechnik.de/katze-frisst-nicht/"",""https://pfotentechnik.de/favicon.svg"",""https://pfotentechnik.de/"",""https://pfotentechnik.de/wissen/""]","[]","5","4","52","2","5619","true","5619","true","apps/pfotentechnik/src/content/pages/katze-frisst-nicht.md"
"https://pfotentechnik.de/katze-trinkt-viel/","https://pfotentechnik.de/katze-trinkt-viel/","A_INDEXABLE_CANONICAL","medical-guide","trinkbrunnen","200","200","0","[""https://pfotentechnik.de/katze-trinkt-viel/""]","[""https://pfotentechnik.de/katze-trinkt-viel/""]","[{""agent"":""robots"",""value"":""index,follow,max-image-preview:large""}]","","true","2026-07-19T00:00:00.000Z","[""Katze trinkt viel: Ursachen, Warnzeichen und richtige Beobachtung""]","Katze trinkt viel: Ursachen und Warnzeichen","[""https://pfotentechnik.de"",""https://pfotentechnik.de/katze-trinkt-viel/"",""https://pfotentechnik.de/favicon.svg"",""https://pfotentechnik.de/"",""https://pfotentechnik.de/wissen/""]","[]","3","3","55","2","3820","true","3820","true","apps/pfotentechnik/src/content/pages/katze-trinkt-viel.md"
"https://pfotentechnik.de/katzenklappe-einbauen/","https://pfotentechnik.de/katzenklappe-einbauen/","A_INDEXABLE_CANONICAL","problem-solving-guide","smarte-haustiertechnik","200","200","0","[""https://pfotentechnik.de/katzenklappe-einbauen/""]","[""https://pfotentechnik.de/katzenklappe-einbauen/""]","[{""agent"":""robots"",""value"":""index,follow,max-image-preview:large""}]","","true","2026-08-06T00:00:00.000Z","[""Katzenklappe einbauen: Tür, Glas und Wand richtig planen""]","Katzenklappe einbauen: Tür, Glas und Wand richtig planen","[""https://pfotentechnik.de"",""https://pfotentechnik.de/katzenklappe-einbauen/"",""https://pfotentechnik.de/redaktion/"",""https://pfotentechnik.de/favicon.svg"",""https://pfotentechnik.de/"",""https://pfotentechnik.de/wissen/""]","[]","6","4","56","2","1071","true","1071","true","apps/pfotentechnik/src/content/pages/katzenklappe-einbauen.md"
"https://pfotentechnik.de/katzenklappe-fuer-mehrere-katzen/","https://pfotentechnik.de/katzenklappe-fuer-mehrere-katzen/","A_INDEXABLE_CANONICAL","problem-solving-guide","smarte-haustiertechnik","200","200","0","[""https://pfotentechnik.de/katzenklappe-fuer-mehrere-katzen/""]","[""https://pfotentechnik.de/katzenklappe-fuer-mehrere-katzen/""]","[{""agent"":""robots"",""value"":""index,follow,max-image-preview:large""}]","","true","2026-08-06T00:00:00.000Z","[""Katzenklappe für mehrere Katzen: Rechte richtig planen""]","Katzenklappe für mehrere Katzen: Rechte richtig planen","[""https://pfotentechnik.de"",""https://pfotentechnik.de/katzenklappe-fuer-mehrere-katzen/"",""https://pfotentechnik.de/redaktion/"",""https://pfotentechnik.de/favicon.svg"",""https://pfotentechnik.de/"",""https://pfotentechnik.de/wissen/""]","[]","3","2","50","2","697","true","697","true","apps/pfotentechnik/src/content/pages/katzenklappe-fuer-mehrere-katzen.md"
"https://pfotentechnik.de/katzenklappe-zugluft-und-waermedaemmung/","https://pfotentechnik.de/katzenklappe-zugluft-und-waermedaemmung/","A_INDEXABLE_CANONICAL","guide","katzenklappen","200","200","0","[""https://pfotentechnik.de/katzenklappe-zugluft-und-waermedaemmung/""]","[""https://pfotentechnik.de/katzenklappe-zugluft-und-waermedaemmung/""]","[{""agent"":""robots"",""value"":""index,follow,max-image-preview:large""}]","","true","2026-08-04T00:00:00.000Z","[""Katzenklappe: Zugluft und Wärmedämmung richtig bewerten""]","Katzenklappe: Zugluft & Wärmedämmung prüfen","[""https://pfotentechnik.de"",""https://pfotentechnik.de/katzenklappe-zugluft-und-waermedaemmung/"",""https://pfotentechnik.de/favicon.svg"",""https://pfotentechnik.de/"",""https://pfotentechnik.de/wissen/""]","[]","4","4","49","2","360","true","360","true","apps/pfotentechnik/src/content/pages/katzenklappe-zugluft-und-waermedaemmung.md"
"https://pfotentechnik.de/katzenklappen/","https://pfotentechnik.de/katzenklappen/","A_INDEXABLE_CANONICAL","editorial-page","katzenklappen","200","200","0","[""https://pfotentechnik.de/katzenklappen/""]","[""https://pfotentechnik.de/katzenklappen/""]","[{""agent"":""robots"",""value"":""index,follow,max-image-preview:large""}]","","true","2026-08-25T00:00:00.000Z","[""Katzenklappen auswählen: Zugang, Einbau und smarte Funktionen""]","Katzenklappen: Mikrochip, App & Einbau auswählen","[""https://pfotentechnik.de"",""https://pfotentechnik.de/katzenklappen/"",""https://pfotentechnik.de/favicon.svg"",""https://pfotentechnik.de/"",""https://pfotentechnik.de/wissen/""]","[]","838","259","61","1","1006","true","1006","true","apps/pfotentechnik/src/content/pages/katzenklappen.md"
"https://pfotentechnik.de/katzentrinkbrunnen-dauerbetrieb-urlaub/","https://pfotentechnik.de/katzentrinkbrunnen-dauerbetrieb-urlaub/","A_INDEXABLE_CANONICAL","guide","trinkbrunnen","200","200","0","[""https://pfotentechnik.de/katzentrinkbrunnen-dauerbetrieb-urlaub/""]","[""https://pfotentechnik.de/katzentrinkbrunnen-dauerbetrieb-urlaub/""]","[{""agent"":""robots"",""value"":""index,follow,max-image-preview:large""}]","","true","2026-07-13T00:00:00.000Z","[""Katzentrinkbrunnen im Dauerbetrieb und im Urlaub""]","Katzenbrunnen im Dauerbetrieb und Urlaub","[""https://pfotentechnik.de"",""https://pfotentechnik.de/katzentrinkbrunnen-dauerbetrieb-urlaub/"",""https://pfotentechnik.de/favicon.svg"",""https://pfotentechnik.de/"",""https://pfotentechnik.de/wissen/""]","[]","4","4","59","2","840","true","840","true","apps/pfotentechnik/src/content/pages/katzentrinkbrunnen-dauerbetrieb-urlaub.md"
"https://pfotentechnik.de/katzentrinkbrunnen-laut-pumpe/","https://pfotentechnik.de/katzentrinkbrunnen-laut-pumpe/","A_INDEXABLE_CANONICAL","guide","trinkbrunnen","200","200","0","[""https://pfotentechnik.de/katzentrinkbrunnen-laut-pumpe/""]","[""https://pfotentechnik.de/katzentrinkbrunnen-laut-pumpe/""]","[{""agent"":""robots"",""value"":""index,follow,max-image-preview:large""}]","","true","2026-08-19T00:00:00.000Z","[""Katzenbrunnen laut? Pumpe in 6 Schritten prüfen""]","Katzenbrunnen laut? Pumpe in 6 Schritten prüfen","[""https://pfotentechnik.de"",""https://pfotentechnik.de/katzentrinkbrunnen-laut-pumpe/"",""https://pfotentechnik.de/favicon.svg"",""https://pfotentechnik.de/"",""https://pfotentechnik.de/wissen/""]","[]","9","7","65","2","1087","true","1087","true","apps/pfotentechnik/src/content/pages/katzentrinkbrunnen-laut-pumpe.md"
"https://pfotentechnik.de/katzentrinkbrunnen-material-edelstahl-keramik-kunststoff/","https://pfotentechnik.de/katzentrinkbrunnen-material-edelstahl-keramik-kunststoff/","A_INDEXABLE_CANONICAL","decision-guide","trinkbrunnen","200","200","0","[""https://pfotentechnik.de/katzentrinkbrunnen-material-edelstahl-keramik-kunststoff/""]","[""https://pfotentechnik.de/katzentrinkbrunnen-material-edelstahl-keramik-kunststoff/""]","[{""agent"":""robots"",""value"":""index,follow,max-image-preview:large""}]","","true","2026-08-19T00:00:00.000Z","[""Katzenbrunnen: Edelstahl, Keramik oder Kunststoff?""]","Katzenbrunnen: Edelstahl, Keramik oder Kunststoff?","[""https://pfotentechnik.de"",""https://pfotentechnik.de/katzentrinkbrunnen-material-edelstahl-keramik-kunststoff/"",""https://pfotentechnik.de/favicon.svg"",""https://pfotentechnik.de/"",""https://pfotentechnik.de/wissen/""]","[]","24","22","51","2","837","true","837","true","apps/pfotentechnik/src/content/pages/katzentrinkbrunnen-material-edelstahl-keramik-kunststoff.md"
"https://pfotentechnik.de/katzentrinkbrunnen-ohne-filter/","https://pfotentechnik.de/katzentrinkbrunnen-ohne-filter/","A_INDEXABLE_CANONICAL","guide","trinkbrunnen","200","200","0","[""https://pfotentechnik.de/katzentrinkbrunnen-ohne-filter/""]","[""https://pfotentechnik.de/katzentrinkbrunnen-ohne-filter/""]","[{""agent"":""robots"",""value"":""index,follow,max-image-preview:large""}]","","true","2026-07-23T00:00:00.000Z","[""Katzentrinkbrunnen ohne Filter: sinnvoll oder unhygienisch?""]","Katzentrinkbrunnen ohne Filter: Vor- und Nachteile","[""https://pfotentechnik.de"",""https://pfotentechnik.de/katzentrinkbrunnen-ohne-filter/"",""https://pfotentechnik.de/favicon.svg"",""https://pfotentechnik.de/"",""https://pfotentechnik.de/wissen/""]","[]","13","11","49","2","754","true","754","true","apps/pfotentechnik/src/content/pages/katzentrinkbrunnen-ohne-filter.md"
"https://pfotentechnik.de/katzentrinkbrunnen-richtig-reinigen/","https://pfotentechnik.de/katzentrinkbrunnen-richtig-reinigen/","A_INDEXABLE_CANONICAL","problem-solving-guide","trinkbrunnen","200","200","0","[""https://pfotentechnik.de/katzentrinkbrunnen-richtig-reinigen/""]","[""https://pfotentechnik.de/katzentrinkbrunnen-richtig-reinigen/""]","[{""agent"":""robots"",""value"":""index,follow,max-image-preview:large""}]","","true","2026-08-24T00:00:00.000Z","[""Katzentrinkbrunnen reinigen: Pumpe, Tank und Filter""]","Katzentrinkbrunnen reinigen: 7 Schritte für Pumpe & Tank","[""https://pfotentechnik.de"",""https://pfotentechnik.de/katzentrinkbrunnen-richtig-reinigen/"",""https://pfotentechnik.de/favicon.svg"",""https://pfotentechnik.de/"",""https://pfotentechnik.de/wissen/""]","[]","24","14","71","2","2333","true","2333","true","apps/pfotentechnik/src/content/pages/katzentrinkbrunnen-richtig-reinigen.md"
"https://pfotentechnik.de/katzenwasser-taeglich-wechseln/","https://pfotentechnik.de/katzenwasser-taeglich-wechseln/","A_INDEXABLE_CANONICAL","problem-solving-guide","trinkbrunnen","200","200","0","[""https://pfotentechnik.de/katzenwasser-taeglich-wechseln/""]","[""https://pfotentechnik.de/katzenwasser-taeglich-wechseln/""]","[{""agent"":""robots"",""value"":""index,follow,max-image-preview:large""}]","","true","2026-08-19T00:00:00.000Z","[""Wie oft sollte man Katzenwasser wechseln?""]","Katzenwasser wechseln: Wie oft ist richtig?","[""https://pfotentechnik.de"",""https://pfotentechnik.de/katzenwasser-taeglich-wechseln/"",""https://pfotentechnik.de/favicon.svg"",""https://pfotentechnik.de/"",""https://pfotentechnik.de/wissen/""]","[]","10","10","57","2","922","true","922","true","apps/pfotentechnik/src/content/pages/katzenwasser-taeglich-wechseln.md"
"https://pfotentechnik.de/kaufberatung/","https://pfotentechnik.de/kaufberatung/","A_INDEXABLE_CANONICAL","editorial-page","smarte-haustiertechnik","200","200","0","[""https://pfotentechnik.de/kaufberatung/""]","[""https://pfotentechnik.de/kaufberatung/""]","[{""agent"":""robots"",""value"":""index,follow,max-image-preview:large""}]","","true","","[""Welche Haustiertechnik passt wirklich zu dir?""]","Kaufberatung für Haustiertechnik | PfotenTechnik","[""https://pfotentechnik.de"",""https://pfotentechnik.de/kaufberatung/""]","[]","777","259","43","1","167","true","167","true","apps/pfotentechnik/dist/kaufberatung/index.html"
"https://pfotentechnik.de/kontakt/","https://pfotentechnik.de/kontakt/","A_INDEXABLE_CANONICAL","legal","smarte-haustiertechnik","200","200","0","[""https://pfotentechnik.de/kontakt/""]","[""https://pfotentechnik.de/kontakt/""]","[{""agent"":""robots"",""value"":""index,follow,max-image-preview:large""}]","","true","","[""Kontakt""]","Kontakt | PfotenTechnik","[""https://pfotentechnik.de"",""https://pfotentechnik.de/kontakt/""]","[]","392","259","38","1","174","true","174","true","apps/pfotentechnik/dist/kontakt/index.html"
"https://pfotentechnik.de/nierenkranke-katze-trinken/","https://pfotentechnik.de/nierenkranke-katze-trinken/","A_INDEXABLE_CANONICAL","guide","trinkbrunnen","200","200","0","[""https://pfotentechnik.de/nierenkranke-katze-trinken/""]","[""https://pfotentechnik.de/nierenkranke-katze-trinken/""]","[{""agent"":""robots"",""value"":""index,follow,max-image-preview:large""}]","","true","2026-07-13T00:00:00.000Z","[""Nierenkranke Katze zum Trinken animieren""]","Nierenkranke Katze trinkt wenig: Was hilft?","[""https://pfotentechnik.de"",""https://pfotentechnik.de/nierenkranke-katze-trinken/"",""https://pfotentechnik.de/favicon.svg"",""https://pfotentechnik.de/"",""https://pfotentechnik.de/wissen/""]","[]","11","9","51","2","750","true","750","true","apps/pfotentechnik/src/content/pages/nierenkranke-katze-trinken.md"
"https://pfotentechnik.de/produkt/aqara-smart-pet-feeder-c1/","https://pfotentechnik.de/produkt/aqara-smart-pet-feeder-c1/","A_INDEXABLE_CANONICAL","product","futterautomaten","200","200","0","[""https://pfotentechnik.de/produkt/aqara-smart-pet-feeder-c1/""]","[""https://pfotentechnik.de/produkt/aqara-smart-pet-feeder-c1/""]","[{""agent"":""robots"",""value"":""index,follow,max-image-preview:large""}]","","true","2026-07-12T00:00:00.000Z","[""Aqara Smart Pet Feeder C1""]","Aqara Smart Pet Feeder C1 Test","[""https://pfotentechnik.de"",""https://pfotentechnik.de/produkt/aqara-smart-pet-feeder-c1/"",""https://pfotentechnik.de/"",""https://pfotentechnik.de/smarte-futterautomaten/"",""https://pfotentechnik.de/hersteller/aqara/""]","[]","11","4","55","2","1089","true","1089","false","apps/pfotentechnik/src/content/products/aqara-smart-pet-feeder-c1.md"
"https://pfotentechnik.de/produkt/cat-mate-335-pet-fountain/","https://pfotentechnik.de/produkt/cat-mate-335-pet-fountain/","A_INDEXABLE_CANONICAL","product","trinkbrunnen","200","200","0","[""https://pfotentechnik.de/produkt/cat-mate-335-pet-fountain/""]","[""https://pfotentechnik.de/produkt/cat-mate-335-pet-fountain/""]","[{""agent"":""robots"",""value"":""index,follow,max-image-preview:large""}]","","true","2026-07-23T00:00:00.000Z","[""Cat Mate Pet Fountain 335""]","Cat Mate Pet Fountain 335 im Check","[""https://pfotentechnik.de"",""https://pfotentechnik.de/produkt/cat-mate-335-pet-fountain/"",""https://pfotentechnik.de/"",""https://pfotentechnik.de/trinkbrunnen/"",""https://pfotentechnik.de/hersteller/cat-mate/""]","[]","9","5","58","3","1494","true","1494","false","apps/pfotentechnik/src/content/products/cat-mate-335-pet-fountain.md"
"https://pfotentechnik.de/produkt/cat-mate-c200/","https://pfotentechnik.de/produkt/cat-mate-c200/","A_INDEXABLE_CANONICAL","product","futterautomaten","200","200","0","[""https://pfotentechnik.de/produkt/cat-mate-c200/""]","[""https://pfotentechnik.de/produkt/cat-mate-c200/""]","[{""agent"":""robots"",""value"":""index,follow,max-image-preview:large""}]","","true","2026-07-16T00:00:00.000Z","[""Cat Mate C200""]","Cat Mate C200 im Check","[""https://pfotentechnik.de"",""https://pfotentechnik.de/produkt/cat-mate-c200/"",""https://pfotentechnik.de/"",""https://pfotentechnik.de/smarte-futterautomaten/"",""https://pfotentechnik.de/hersteller/cat-mate/""]","[]","6","3","54","2","1056","true","1056","false","apps/pfotentechnik/src/content/products/cat-mate-c200.md"
"https://pfotentechnik.de/produkt/cat-mate-c300/","https://pfotentechnik.de/produkt/cat-mate-c300/","A_INDEXABLE_CANONICAL","product","futterautomaten","200","200","0","[""https://pfotentechnik.de/produkt/cat-mate-c300/""]","[""https://pfotentechnik.de/produkt/cat-mate-c300/""]","[{""agent"":""robots"",""value"":""index,follow,max-image-preview:large""}]","","true","2026-07-16T00:00:00.000Z","[""Cat Mate C300""]","Cat Mate C300 im Check","[""https://pfotentechnik.de"",""https://pfotentechnik.de/produkt/cat-mate-c300/"",""https://pfotentechnik.de/"",""https://pfotentechnik.de/smarte-futterautomaten/"",""https://pfotentechnik.de/hersteller/cat-mate/""]","[]","5","2","55","2","1065","true","1065","false","apps/pfotentechnik/src/content/products/cat-mate-c300.md"
"https://pfotentechnik.de/produkt/cat-mate-c500/","https://pfotentechnik.de/produkt/cat-mate-c500/","A_INDEXABLE_CANONICAL","product","futterautomaten","200","200","0","[""https://pfotentechnik.de/produkt/cat-mate-c500/""]","[""https://pfotentechnik.de/produkt/cat-mate-c500/""]","[{""agent"":""robots"",""value"":""index,follow,max-image-preview:large""}]","","true","2026-07-16T00:00:00.000Z","[""Cat Mate C500""]","Cat Mate C500 im Check","[""https://pfotentechnik.de"",""https://pfotentechnik.de/produkt/cat-mate-c500/"",""https://pfotentechnik.de/"",""https://pfotentechnik.de/smarte-futterautomaten/"",""https://pfotentechnik.de/hersteller/cat-mate/""]","[]","34","11","55","2","1205","true","1205","false","apps/pfotentechnik/src/content/products/cat-mate-c500.md"
"https://pfotentechnik.de/produkt/cat-mate-elite-355w/","https://pfotentechnik.de/produkt/cat-mate-elite-355w/","A_INDEXABLE_CANONICAL","product","katzenklappen","200","200","0","[""https://pfotentechnik.de/produkt/cat-mate-elite-355w/""]","[""https://pfotentechnik.de/produkt/cat-mate-elite-355w/""]","[{""agent"":""robots"",""value"":""index,follow,max-image-preview:large""}]","","true","2026-08-16T00:00:00.000Z","[""Cat Mate Elite 355W Mikrochip-Katzenklappe mit Timer""]","Cat Mate Elite 355W: Timer und Chiprechte","[""https://pfotentechnik.de"",""https://pfotentechnik.de/produkt/cat-mate-elite-355w/"",""https://pfotentechnik.de/"",""https://pfotentechnik.de/katzenklappen/"",""https://pfotentechnik.de/hersteller/cat-mate/""]","[]","9","3","56","2","1032","true","1032","true","apps/pfotentechnik/src/content/products/cat-mate-elite-355w.md"
"https://pfotentechnik.de/produkt/cat-mate-shell-fountain/","https://pfotentechnik.de/produkt/cat-mate-shell-fountain/","A_INDEXABLE_CANONICAL","product","trinkbrunnen","200","200","0","[""https://pfotentechnik.de/produkt/cat-mate-shell-fountain/""]","[""https://pfotentechnik.de/produkt/cat-mate-shell-fountain/""]","[{""agent"":""robots"",""value"":""index,follow,max-image-preview:large""}]","","true","2026-07-16T00:00:00.000Z","[""Cat Mate Shell Pet Fountain""]","Cat Mate Shell Pet Fountain im Check","[""https://pfotentechnik.de"",""https://pfotentechnik.de/produkt/cat-mate-shell-fountain/"",""https://pfotentechnik.de/"",""https://pfotentechnik.de/trinkbrunnen/"",""https://pfotentechnik.de/hersteller/cat-mate/""]","[]","2","2","58","3","1024","true","1024","false","apps/pfotentechnik/src/content/products/cat-mate-shell-fountain.md"
"https://pfotentechnik.de/produkt/catit-pixi-smart-6-meal-feeder/","https://pfotentechnik.de/produkt/catit-pixi-smart-6-meal-feeder/","A_INDEXABLE_CANONICAL","product","futterautomaten","200","200","0","[""https://pfotentechnik.de/produkt/catit-pixi-smart-6-meal-feeder/""]","[""https://pfotentechnik.de/produkt/catit-pixi-smart-6-meal-feeder/""]","[{""agent"":""robots"",""value"":""index,follow,max-image-preview:large""}]","","true","2026-07-23T00:00:00.000Z","[""Catit PIXI Smart 6-Meal Feeder""]","Catit PIXI Smart 6-Meal Feeder im Check","[""https://pfotentechnik.de"",""https://pfotentechnik.de/produkt/catit-pixi-smart-6-meal-feeder/"",""https://pfotentechnik.de/"",""https://pfotentechnik.de/smarte-futterautomaten/"",""https://pfotentechnik.de/hersteller/catit/""]","[]","9","3","58","2","1409","true","1409","false","apps/pfotentechnik/src/content/products/catit-pixi-smart-6-meal-feeder.md"
"https://pfotentechnik.de/produkt/catit-pixi-smart-trinkbrunnen/","https://pfotentechnik.de/produkt/catit-pixi-smart-trinkbrunnen/","A_INDEXABLE_CANONICAL","product","trinkbrunnen","200","200","0","[""https://pfotentechnik.de/produkt/catit-pixi-smart-trinkbrunnen/""]","[""https://pfotentechnik.de/produkt/catit-pixi-smart-trinkbrunnen/""]","[{""agent"":""robots"",""value"":""index,follow,max-image-preview:large""}]","","true","2026-08-16T00:00:00.000Z","[""Catit PIXI Smart-Trinkbrunnen""]","Catit PIXI Smart-Trinkbrunnen: App, UVC und Pflege","[""https://pfotentechnik.de"",""https://pfotentechnik.de/produkt/catit-pixi-smart-trinkbrunnen/"",""https://pfotentechnik.de/"",""https://pfotentechnik.de/trinkbrunnen/"",""https://pfotentechnik.de/hersteller/catit/""]","[]","9","3","58","2","1074","true","1074","true","apps/pfotentechnik/src/content/products/catit-pixi-smart-trinkbrunnen.md"
"https://pfotentechnik.de/produkt/catit-pixi-vision-smart-feeder/","https://pfotentechnik.de/produkt/catit-pixi-vision-smart-feeder/","A_INDEXABLE_CANONICAL","product","futterautomaten","200","200","0","[""https://pfotentechnik.de/produkt/catit-pixi-vision-smart-feeder/""]","[""https://pfotentechnik.de/produkt/catit-pixi-vision-smart-feeder/""]","[{""agent"":""robots"",""value"":""index,follow,max-image-preview:large""}]","","true","2026-08-10T00:00:00.000Z","[""Catit PIXI Vision Smart Feeder""]","Catit PIXI Vision Smart Feeder Test","[""https://pfotentechnik.de"",""https://pfotentechnik.de/produkt/catit-pixi-vision-smart-feeder/"",""https://pfotentechnik.de/"",""https://pfotentechnik.de/smarte-futterautomaten/"",""https://pfotentechnik.de/hersteller/catit/""]","[]","8","3","57","2","1072","true","1072","false","apps/pfotentechnik/src/content/products/catit-pixi-vision-smart-feeder.md"
"https://pfotentechnik.de/produkt/devoko-90l-automatisches-katzenklo/","https://pfotentechnik.de/produkt/devoko-90l-automatisches-katzenklo/","A_INDEXABLE_CANONICAL","product","automatische-katzentoiletten","200","200","0","[""https://pfotentechnik.de/produkt/devoko-90l-automatisches-katzenklo/""]","[""https://pfotentechnik.de/produkt/devoko-90l-automatisches-katzenklo/""]","[{""agent"":""robots"",""value"":""index,follow,max-image-preview:large""}]","","true","2026-08-07T00:00:00.000Z","[""Devoko 90L Automatisches Katzenklo""]","Devoko 90L Automatisches Katzenklo im Check","[""https://pfotentechnik.de"",""https://pfotentechnik.de/produkt/devoko-90l-automatisches-katzenklo/"",""https://pfotentechnik.de/"",""https://pfotentechnik.de/automatische-katzentoiletten/"",""https://pfotentechnik.de/hersteller/devoko/""]","[]","20","12","57","3","1727","true","1727","false","apps/pfotentechnik/src/content/products/devoko-90l-automatisches-katzenklo.md"
"https://pfotentechnik.de/produkt/enabot-ebo-air-2/","https://pfotentechnik.de/produkt/enabot-ebo-air-2/","A_INDEXABLE_CANONICAL","product","haustierkameras","200","200","0","[""https://pfotentechnik.de/produkt/enabot-ebo-air-2/""]","[""https://pfotentechnik.de/produkt/enabot-ebo-air-2/""]","[{""agent"":""robots"",""value"":""index,follow,max-image-preview:large""}]","","true","2026-08-06T00:00:00.000Z","[""Enabot EBO Air 2""]","Enabot EBO Air 2 im Check","[""https://pfotentechnik.de"",""https://pfotentechnik.de/produkt/enabot-ebo-air-2/"",""https://pfotentechnik.de/"",""https://pfotentechnik.de/haustierkameras/"",""https://pfotentechnik.de/hersteller/enabot/""]","[]","9","5","55","3","806","true","806","false","apps/pfotentechnik/src/content/products/enabot-ebo-air-2.md"
"https://pfotentechnik.de/produkt/enabot-rola-mini/","https://pfotentechnik.de/produkt/enabot-rola-mini/","A_INDEXABLE_CANONICAL","product","haustierkameras","200","200","0","[""https://pfotentechnik.de/produkt/enabot-rola-mini/""]","[""https://pfotentechnik.de/produkt/enabot-rola-mini/""]","[{""agent"":""robots"",""value"":""index,follow,max-image-preview:large""}]","","true","2026-08-15T00:00:00.000Z","[""Enabot ROLA Mini""]","Enabot ROLA Mini im Datencheck","[""https://pfotentechnik.de"",""https://pfotentechnik.de/produkt/enabot-rola-mini/"",""https://pfotentechnik.de/"",""https://pfotentechnik.de/haustierkameras/"",""https://pfotentechnik.de/hersteller/enabot/""]","[]","17","10","55","2","905","true","905","false","apps/pfotentechnik/src/content/products/enabot-rola-mini.md"
"https://pfotentechnik.de/produkt/enabot-rola-pettracker/","https://pfotentechnik.de/produkt/enabot-rola-pettracker/","A_INDEXABLE_CANONICAL","product","gps-tracker","200","200","0","[""https://pfotentechnik.de/produkt/enabot-rola-pettracker/""]","[""https://pfotentechnik.de/produkt/enabot-rola-pettracker/""]","[{""agent"":""robots"",""value"":""index,follow,max-image-preview:large""}]","","true","2026-08-16T00:00:00.000Z","[""Enabot ROLA PetTracker""]","Enabot ROLA PetTracker: GPS plus Kamera","[""https://pfotentechnik.de"",""https://pfotentechnik.de/produkt/enabot-rola-pettracker/"",""https://pfotentechnik.de/"",""https://pfotentechnik.de/gps-tracker/"",""https://pfotentechnik.de/hersteller/enabot/""]","[]","5","3","57","2","1303","true","1303","true","apps/pfotentechnik/src/content/products/enabot-rola-pettracker.md"
"https://pfotentechnik.de/produkt/feelneedy-fn-w18-8l-katzenbrunnen/","https://pfotentechnik.de/produkt/feelneedy-fn-w18-8l-katzenbrunnen/","A_INDEXABLE_CANONICAL","product","trinkbrunnen","200","200","0","[""https://pfotentechnik.de/produkt/feelneedy-fn-w18-8l-katzenbrunnen/""]","[""https://pfotentechnik.de/produkt/feelneedy-fn-w18-8l-katzenbrunnen/""]","[{""agent"":""robots"",""value"":""index,follow,max-image-preview:large""}]","","true","2026-08-17T00:00:00.000Z","[""FEELNEEDY FN-W18 8L Katzenbrunnen""]","FEELNEEDY FN-W18 8L im Datencheck","[""https://pfotentechnik.de"",""https://pfotentechnik.de/produkt/feelneedy-fn-w18-8l-katzenbrunnen/"",""https://pfotentechnik.de/"",""https://pfotentechnik.de/trinkbrunnen/"",""https://pfotentechnik.de/hersteller/""]","[]","5","4","57","2","1497","true","1497","false","apps/pfotentechnik/src/content/products/feelneedy-fn-w18-8l-katzenbrunnen.md"
"https://pfotentechnik.de/produkt/flappie/","https://pfotentechnik.de/produkt/flappie/","A_INDEXABLE_CANONICAL","product","katzenklappen","200","200","0","[""https://pfotentechnik.de/produkt/flappie/""]","[""https://pfotentechnik.de/produkt/flappie/""]","[{""agent"":""robots"",""value"":""index,follow,max-image-preview:large""}]","","true","2026-09-07T00:00:00.000Z","[""Flappie""]","Flappie Katzenklappe im Datencheck","[""https://pfotentechnik.de"",""https://pfotentechnik.de/produkt/flappie/"",""https://pfotentechnik.de/"",""https://pfotentechnik.de/katzenklappen/"",""https://pfotentechnik.de/hersteller/flappie/""]","[]","15","8","54","2","1366","true","1366","true","apps/pfotentechnik/src/content/products/flappie.md"
"https://pfotentechnik.de/produkt/furbo-360-hundekamera/","https://pfotentechnik.de/produkt/furbo-360-hundekamera/","A_INDEXABLE_CANONICAL","product","haustierkameras","200","200","0","[""https://pfotentechnik.de/produkt/furbo-360-hundekamera/""]","[""https://pfotentechnik.de/produkt/furbo-360-hundekamera/""]","[{""agent"":""robots"",""value"":""index,follow,max-image-preview:large""}]","","true","2026-08-06T00:00:00.000Z","[""Furbo 360° Hundekamera""]","Furbo 360° Hundekamera im Check","[""https://pfotentechnik.de"",""https://pfotentechnik.de/produkt/furbo-360-hundekamera/"",""https://pfotentechnik.de/"",""https://pfotentechnik.de/haustierkameras/"",""https://pfotentechnik.de/hersteller/furbo/""]","[]","9","5","56","3","889","true","889","false","apps/pfotentechnik/src/content/products/furbo-360-hundekamera.md"
"https://pfotentechnik.de/produkt/furbo-360-katzenkamera/","https://pfotentechnik.de/produkt/furbo-360-katzenkamera/","A_INDEXABLE_CANONICAL","product","haustierkameras","200","200","0","[""https://pfotentechnik.de/produkt/furbo-360-katzenkamera/""]","[""https://pfotentechnik.de/produkt/furbo-360-katzenkamera/""]","[{""agent"":""robots"",""value"":""index,follow,max-image-preview:large""}]","","true","2026-08-21T00:00:00.000Z","[""Furbo 360° Katzenkamera""]","Furbo 360° Katzenkamera: Abo & Funktionen","[""https://pfotentechnik.de"",""https://pfotentechnik.de/produkt/furbo-360-katzenkamera/"",""https://pfotentechnik.de/"",""https://pfotentechnik.de/haustierkameras/"",""https://pfotentechnik.de/hersteller/furbo/""]","[]","14","5","56","3","838","true","838","true","apps/pfotentechnik/src/content/products/furbo-360-katzenkamera.md"
"https://pfotentechnik.de/produkt/furbo-mini-360/","https://pfotentechnik.de/produkt/furbo-mini-360/","A_INDEXABLE_CANONICAL","product","haustierkameras","200","200","0","[""https://pfotentechnik.de/produkt/furbo-mini-360/""]","[""https://pfotentechnik.de/produkt/furbo-mini-360/""]","[{""agent"":""robots"",""value"":""index,follow,max-image-preview:large""}]","","true","2026-08-15T00:00:00.000Z","[""Furbo Mini 360""]","Furbo Mini 360 im Datencheck","[""https://pfotentechnik.de"",""https://pfotentechnik.de/produkt/furbo-mini-360/"",""https://pfotentechnik.de/"",""https://pfotentechnik.de/haustierkameras/"",""https://pfotentechnik.de/hersteller/furbo/""]","[]","16","10","55","2","920","true","920","false","apps/pfotentechnik/src/content/products/furbo-mini-360.md"
"https://pfotentechnik.de/produkt/garmin-alpha-t-20/","https://pfotentechnik.de/produkt/garmin-alpha-t-20/","A_INDEXABLE_CANONICAL","product","gps-tracker","200","200","0","[""https://pfotentechnik.de/produkt/garmin-alpha-t-20/""]","[""https://pfotentechnik.de/produkt/garmin-alpha-t-20/""]","[{""agent"":""robots"",""value"":""index,follow,max-image-preview:large""}]","","true","2026-07-23T00:00:00.000Z","[""Garmin Alpha T 20""]","Garmin Alpha T 20 im Check: Akku, Reichweite, Zulassung","[""https://pfotentechnik.de"",""https://pfotentechnik.de/produkt/garmin-alpha-t-20/"",""https://pfotentechnik.de/"",""https://pfotentechnik.de/gps-tracker/"",""https://pfotentechnik.de/hersteller/garmin/""]","[]","18","6","55","2","1715","true","1715","false","apps/pfotentechnik/src/content/products/garmin-alpha-t-20.md"
"https://pfotentechnik.de/produkt/garmin-alpha-tt-25/","https://pfotentechnik.de/produkt/garmin-alpha-tt-25/","A_INDEXABLE_CANONICAL","product","gps-tracker","200","200","0","[""https://pfotentechnik.de/produkt/garmin-alpha-tt-25/""]","[""https://pfotentechnik.de/produkt/garmin-alpha-tt-25/""]","[{""agent"":""robots"",""value"":""index,follow,max-image-preview:large""}]","","true","2026-07-20T00:00:00.000Z","[""Garmin Alpha TT 25""]","Garmin Alpha TT 25: ohne Abo, Akku & Reichweite","[""https://pfotentechnik.de"",""https://pfotentechnik.de/produkt/garmin-alpha-tt-25/"",""https://pfotentechnik.de/"",""https://pfotentechnik.de/gps-tracker/"",""https://pfotentechnik.de/hersteller/garmin/""]","[]","10","6","54","3","1010","true","1010","true","apps/pfotentechnik/src/content/products/garmin-alpha-tt-25.md"
"https://pfotentechnik.de/produkt/honeyguardian-a305d/","https://pfotentechnik.de/produkt/honeyguardian-a305d/","A_INDEXABLE_CANONICAL","product","futterautomaten","200","200","0","[""https://pfotentechnik.de/produkt/honeyguardian-a305d/""]","[""https://pfotentechnik.de/produkt/honeyguardian-a305d/""]","[{""agent"":""robots"",""value"":""index,follow,max-image-preview:large""}]","","true","2026-07-12T00:00:00.000Z","[""HoneyGuardian A305D""]","HoneyGuardian A305D Test","[""https://pfotentechnik.de"",""https://pfotentechnik.de/produkt/honeyguardian-a305d/"",""https://pfotentechnik.de/"",""https://pfotentechnik.de/smarte-futterautomaten/"",""https://pfotentechnik.de/hersteller/honeyguardian/""]","[]","7","2","56","3","821","true","821","false","apps/pfotentechnik/src/content/products/honeyguardian-a305d.md"
"https://pfotentechnik.de/produkt/honeyguardian-a68/","https://pfotentechnik.de/produkt/honeyguardian-a68/","A_INDEXABLE_CANONICAL","product","futterautomaten","200","200","0","[""https://pfotentechnik.de/produkt/honeyguardian-a68/""]","[""https://pfotentechnik.de/produkt/honeyguardian-a68/""]","[{""agent"":""robots"",""value"":""index,follow,max-image-preview:large""}]","","true","2026-07-23T00:00:00.000Z","[""HoneyGuardian A68 Smart Pet Feeder""]","HoneyGuardian A68 Smart Pet Feeder Test","[""https://pfotentechnik.de"",""https://pfotentechnik.de/produkt/honeyguardian-a68/"",""https://pfotentechnik.de/"",""https://pfotentechnik.de/smarte-futterautomaten/"",""https://pfotentechnik.de/hersteller/honeyguardian/""]","[]","14","9","56","3","758","true","758","false","apps/pfotentechnik/src/content/products/honeyguardian-a68.md"
"https://pfotentechnik.de/produkt/honeyguardian-smart-pet-feeder-s305d/","https://pfotentechnik.de/produkt/honeyguardian-smart-pet-feeder-s305d/","A_INDEXABLE_CANONICAL","product","futterautomaten","200","200","0","[""https://pfotentechnik.de/produkt/honeyguardian-smart-pet-feeder-s305d/""]","[""https://pfotentechnik.de/produkt/honeyguardian-smart-pet-feeder-s305d/""]","[{""agent"":""robots"",""value"":""index,follow,max-image-preview:large""}]","","true","2026-07-17T00:00:00.000Z","[""HoneyGuardian Smart Pet Feeder S305D""]","HoneyGuardian S305D im Check","[""https://pfotentechnik.de"",""https://pfotentechnik.de/produkt/honeyguardian-smart-pet-feeder-s305d/"",""https://pfotentechnik.de/"",""https://pfotentechnik.de/smarte-futterautomaten/"",""https://pfotentechnik.de/hersteller/honeyguardian/""]","[]","12","5","55","2","939","true","939","false","apps/pfotentechnik/src/content/products/honeyguardian-smart-pet-feeder-s305d.md"
"https://pfotentechnik.de/produkt/imipaw-3l-automatic-cat-feeder/","https://pfotentechnik.de/produkt/imipaw-3l-automatic-cat-feeder/","A_INDEXABLE_CANONICAL","product","futterautomaten","200","200","0","[""https://pfotentechnik.de/produkt/imipaw-3l-automatic-cat-feeder/""]","[""https://pfotentechnik.de/produkt/imipaw-3l-automatic-cat-feeder/""]","[{""agent"":""robots"",""value"":""index,follow,max-image-preview:large""}]","","true","2026-07-23T00:00:00.000Z","[""IMIPAW 3L Automatic Cat Feeder""]","IMIPAW 3L Futterautomat im Check","[""https://pfotentechnik.de"",""https://pfotentechnik.de/produkt/imipaw-3l-automatic-cat-feeder/"",""https://pfotentechnik.de/"",""https://pfotentechnik.de/smarte-futterautomaten/"",""https://pfotentechnik.de/hersteller/imipaw/""]","[]","19","11","58","2","1483","true","1483","false","apps/pfotentechnik/src/content/products/imipaw-3l-automatic-cat-feeder.md"
"https://pfotentechnik.de/produkt/invoxia-biotracker-2026/","https://pfotentechnik.de/produkt/invoxia-biotracker-2026/","A_INDEXABLE_CANONICAL","product","gps-tracker","200","200","0","[""https://pfotentechnik.de/produkt/invoxia-biotracker-2026/""]","[""https://pfotentechnik.de/produkt/invoxia-biotracker-2026/""]","[{""agent"":""robots"",""value"":""index,follow,max-image-preview:large""}]","","true","2026-08-16T00:00:00.000Z","[""Invoxia Biotracker Edition 2026""]","Invoxia Biotracker 2026: GPS, Akku und Tarife","[""https://pfotentechnik.de"",""https://pfotentechnik.de/produkt/invoxia-biotracker-2026/"",""https://pfotentechnik.de/"",""https://pfotentechnik.de/gps-tracker/"",""https://pfotentechnik.de/hersteller/invoxia/""]","[]","7","2","55","3","1166","true","1166","true","apps/pfotentechnik/src/content/products/invoxia-biotracker-2026.md"
"https://pfotentechnik.de/produkt/litter-robot-4/","https://pfotentechnik.de/produkt/litter-robot-4/","A_INDEXABLE_CANONICAL","product","automatische-katzentoiletten","200","200","0","[""https://pfotentechnik.de/produkt/litter-robot-4/""]","[""https://pfotentechnik.de/produkt/litter-robot-4/""]","[{""agent"":""robots"",""value"":""index,follow,max-image-preview:large""}]","","true","2026-08-26T00:00:00.000Z","[""Litter-Robot 4""]","Litter-Robot 4: Größe, Gewicht und App im Check","[""https://pfotentechnik.de"",""https://pfotentechnik.de/produkt/litter-robot-4/"",""https://pfotentechnik.de/"",""https://pfotentechnik.de/automatische-katzentoiletten/"",""https://pfotentechnik.de/hersteller/whisker/""]","[]","10","3","55","2","1150","true","1150","false","apps/pfotentechnik/src/content/products/litter-robot-4.md"
"https://pfotentechnik.de/produkt/litter-robot-5-pro/","https://pfotentechnik.de/produkt/litter-robot-5-pro/","A_INDEXABLE_CANONICAL","product","automatische-katzentoiletten","200","200","0","[""https://pfotentechnik.de/produkt/litter-robot-5-pro/""]","[""https://pfotentechnik.de/produkt/litter-robot-5-pro/""]","[{""agent"":""robots"",""value"":""index,follow,max-image-preview:large""}]","","true","2026-08-06T00:00:00.000Z","[""Litter-Robot 5 Pro""]","Litter-Robot 5 Pro im Check","[""https://pfotentechnik.de"",""https://pfotentechnik.de/produkt/litter-robot-5-pro/"",""https://pfotentechnik.de/"",""https://pfotentechnik.de/automatische-katzentoiletten/"",""https://pfotentechnik.de/hersteller/whisker/""]","[]","8","3","55","3","936","true","936","false","apps/pfotentechnik/src/content/products/litter-robot-5-pro.md"
"https://pfotentechnik.de/produkt/neakasa-m1-lite/","https://pfotentechnik.de/produkt/neakasa-m1-lite/","A_INDEXABLE_CANONICAL","product","automatische-katzentoiletten","200","200","0","[""https://pfotentechnik.de/produkt/neakasa-m1-lite/""]","[""https://pfotentechnik.de/produkt/neakasa-m1-lite/""]","[{""agent"":""robots"",""value"":""index,follow,max-image-preview:large""}]","","true","2026-08-15T00:00:00.000Z","[""Neakasa M1 Plus Lite""]","Neakasa M1 Plus Lite im Check","[""https://pfotentechnik.de"",""https://pfotentechnik.de/produkt/neakasa-m1-lite/"",""https://pfotentechnik.de/"",""https://pfotentechnik.de/automatische-katzentoiletten/"",""https://pfotentechnik.de/hersteller/neakasa/""]","[]","12","3","55","2","1198","true","1209","false","apps/pfotentechnik/src/content/products/neakasa-m1-lite.md"
"https://pfotentechnik.de/produkt/neakasa-m1-plus/","https://pfotentechnik.de/produkt/neakasa-m1-plus/","A_INDEXABLE_CANONICAL","product","automatische-katzentoiletten","200","200","0","[""https://pfotentechnik.de/produkt/neakasa-m1-plus/""]","[""https://pfotentechnik.de/produkt/neakasa-m1-plus/""]","[{""agent"":""robots"",""value"":""index,follow,max-image-preview:large""}]","","true","2026-08-06T00:00:00.000Z","[""Neakasa M1 Plus""]","Neakasa M1 Plus im Check","[""https://pfotentechnik.de"",""https://pfotentechnik.de/produkt/neakasa-m1-plus/"",""https://pfotentechnik.de/"",""https://pfotentechnik.de/automatische-katzentoiletten/"",""https://pfotentechnik.de/hersteller/neakasa/""]","[]","6","3","56","3","880","true","880","false","apps/pfotentechnik/src/content/products/neakasa-m1-plus.md"
"https://pfotentechnik.de/produkt/neakasa-riko/","https://pfotentechnik.de/produkt/neakasa-riko/","A_INDEXABLE_CANONICAL","product","futterautomaten","200","200","0","[""https://pfotentechnik.de/produkt/neakasa-riko/""]","[""https://pfotentechnik.de/produkt/neakasa-riko/""]","[{""agent"":""robots"",""value"":""index,follow,max-image-preview:large""}]","","true","2026-09-15T00:00:00.000Z","[""Neakasa Riko""]","Neakasa Riko: Futterautomat mit Wasser im Check","[""https://pfotentechnik.de"",""https://pfotentechnik.de/produkt/neakasa-riko/"",""https://pfotentechnik.de/"",""https://pfotentechnik.de/smarte-futterautomaten/"",""https://pfotentechnik.de/hersteller/neakasa/""]","[]","8","3","57","3","1087","true","1087","true","apps/pfotentechnik/src/content/products/neakasa-riko.md"
"https://pfotentechnik.de/produkt/oneisall-2-2l-cordless-fountain/","https://pfotentechnik.de/produkt/oneisall-2-2l-cordless-fountain/","A_INDEXABLE_CANONICAL","product","trinkbrunnen","200","200","0","[""https://pfotentechnik.de/produkt/oneisall-2-2l-cordless-fountain/""]","[""https://pfotentechnik.de/produkt/oneisall-2-2l-cordless-fountain/""]","[{""agent"":""robots"",""value"":""index,follow,max-image-preview:large""}]","","true","2026-07-16T00:00:00.000Z","[""oneisall 2,2L Cordless Cat Fountain""]","oneisall 2,2L Cordless Cat Fountain im Check","[""https://pfotentechnik.de"",""https://pfotentechnik.de/produkt/oneisall-2-2l-cordless-fountain/"",""https://pfotentechnik.de/"",""https://pfotentechnik.de/trinkbrunnen/"",""https://pfotentechnik.de/hersteller/oneisall/""]","[]","5","2","57","3","947","true","947","false","apps/pfotentechnik/src/content/products/oneisall-2-2l-cordless-fountain.md"
"https://pfotentechnik.de/produkt/oneisall-2-in-1-feeder-water/","https://pfotentechnik.de/produkt/oneisall-2-in-1-feeder-water/","A_INDEXABLE_CANONICAL","product","futterautomaten","200","200","0","[""https://pfotentechnik.de/produkt/oneisall-2-in-1-feeder-water/""]","[""https://pfotentechnik.de/produkt/oneisall-2-in-1-feeder-water/""]","[{""agent"":""robots"",""value"":""index,follow,max-image-preview:large""}]","","true","2026-07-23T00:00:00.000Z","[""Oneisall 2-in-1 Automatic Cat Feeder and Water Dispenser""]","Oneisall 2-in-1 Futterautomat & Wasserspender im Check","[""https://pfotentechnik.de"",""https://pfotentechnik.de/produkt/oneisall-2-in-1-feeder-water/"",""https://pfotentechnik.de/"",""https://pfotentechnik.de/smarte-futterautomaten/"",""https://pfotentechnik.de/hersteller/oneisall/""]","[]","6","2","58","2","1345","true","1345","true","apps/pfotentechnik/src/content/products/oneisall-2-in-1-feeder-water.md"
"https://pfotentechnik.de/produkt/oneisall-3-2l-cordless-fountain/","https://pfotentechnik.de/produkt/oneisall-3-2l-cordless-fountain/","A_INDEXABLE_CANONICAL","product","trinkbrunnen","200","200","0","[""https://pfotentechnik.de/produkt/oneisall-3-2l-cordless-fountain/""]","[""https://pfotentechnik.de/produkt/oneisall-3-2l-cordless-fountain/""]","[{""agent"":""robots"",""value"":""index,follow,max-image-preview:large""}]","","true","2026-07-23T00:00:00.000Z","[""oneisall 3,2L Cordless Cat Fountain""]","oneisall 3,2L PW14 im Check","[""https://pfotentechnik.de"",""https://pfotentechnik.de/produkt/oneisall-3-2l-cordless-fountain/"",""https://pfotentechnik.de/"",""https://pfotentechnik.de/trinkbrunnen/"",""https://pfotentechnik.de/hersteller/oneisall/""]","[]","27","12","58","3","1355","true","1359","false","apps/pfotentechnik/src/content/products/oneisall-3-2l-cordless-fountain.md"
"https://pfotentechnik.de/produkt/oneisall-3-5l-cordless-fountain/","https://pfotentechnik.de/produkt/oneisall-3-5l-cordless-fountain/","A_INDEXABLE_CANONICAL","product","trinkbrunnen","200","200","0","[""https://pfotentechnik.de/produkt/oneisall-3-5l-cordless-fountain/""]","[""https://pfotentechnik.de/produkt/oneisall-3-5l-cordless-fountain/""]","[{""agent"":""robots"",""value"":""index,follow,max-image-preview:large""}]","","true","2026-08-10T00:00:00.000Z","[""oneisall 3,5L Cordless Fountain""]","oneisall 3,5L Cordless Trinkbrunnen im Check","[""https://pfotentechnik.de"",""https://pfotentechnik.de/produkt/oneisall-3-5l-cordless-fountain/"",""https://pfotentechnik.de/"",""https://pfotentechnik.de/trinkbrunnen/"",""https://pfotentechnik.de/hersteller/oneisall/""]","[]","29","21","57","3","1050","true","1050","true","apps/pfotentechnik/src/content/products/oneisall-3-5l-cordless-fountain.md"
"https://pfotentechnik.de/produkt/oneisall-5l-automatic-cat-feeder/","https://pfotentechnik.de/produkt/oneisall-5l-automatic-cat-feeder/","A_INDEXABLE_CANONICAL","product","futterautomaten","200","200","0","[""https://pfotentechnik.de/produkt/oneisall-5l-automatic-cat-feeder/""]","[""https://pfotentechnik.de/produkt/oneisall-5l-automatic-cat-feeder/""]","[{""agent"":""robots"",""value"":""index,follow,max-image-preview:large""}]","","true","2026-07-17T00:00:00.000Z","[""oneisall 5L Automatic Cat Feeder""]","oneisall 5L Futterautomat für zwei Katzen im Check","[""https://pfotentechnik.de"",""https://pfotentechnik.de/produkt/oneisall-5l-automatic-cat-feeder/"",""https://pfotentechnik.de/"",""https://pfotentechnik.de/smarte-futterautomaten/"",""https://pfotentechnik.de/hersteller/oneisall/""]","[]","5","3","56","2","1000","true","1000","false","apps/pfotentechnik/src/content/products/oneisall-5l-automatic-cat-feeder.md"
"https://pfotentechnik.de/produkt/oneisall-7l-dog-water-fountain/","https://pfotentechnik.de/produkt/oneisall-7l-dog-water-fountain/","A_INDEXABLE_CANONICAL","product","trinkbrunnen","200","200","0","[""https://pfotentechnik.de/produkt/oneisall-7l-dog-water-fountain/""]","[""https://pfotentechnik.de/produkt/oneisall-7l-dog-water-fountain/""]","[{""agent"":""robots"",""value"":""index,follow,max-image-preview:large""}]","","true","2026-07-23T00:00:00.000Z","[""oneisall 7L Dog Water Fountain""]","oneisall 7L Hundetrinkbrunnen im Check","[""https://pfotentechnik.de"",""https://pfotentechnik.de/produkt/oneisall-7l-dog-water-fountain/"",""https://pfotentechnik.de/"",""https://pfotentechnik.de/trinkbrunnen/"",""https://pfotentechnik.de/hersteller/oneisall/""]","[]","32","24","58","3","1493","true","1493","false","apps/pfotentechnik/src/content/products/oneisall-7l-dog-water-fountain.md"
"https://pfotentechnik.de/produkt/onlycat-mikrochip-katzenklappe/","https://pfotentechnik.de/produkt/onlycat-mikrochip-katzenklappe/","A_INDEXABLE_CANONICAL","product","katzenklappen","200","200","0","[""https://pfotentechnik.de/produkt/onlycat-mikrochip-katzenklappe/""]","[""https://pfotentechnik.de/produkt/onlycat-mikrochip-katzenklappe/""]","[{""agent"":""robots"",""value"":""index,follow,max-image-preview:large""}]","","true","2026-08-05T00:00:00.000Z","[""OnlyCat Mikrochip Katzenklappe""]","OnlyCat Mikrochip Katzenklappe im Datencheck","[""https://pfotentechnik.de"",""https://pfotentechnik.de/produkt/onlycat-mikrochip-katzenklappe/"",""https://pfotentechnik.de/"",""https://pfotentechnik.de/katzenklappen/"",""https://pfotentechnik.de/hersteller/onlycat/""]","[]","15","6","56","2","997","true","997","true","apps/pfotentechnik/src/content/products/onlycat-mikrochip-katzenklappe.md"
"https://pfotentechnik.de/produkt/paj-pet-finder-4g-mini/","https://pfotentechnik.de/produkt/paj-pet-finder-4g-mini/","A_INDEXABLE_CANONICAL","product","gps-tracker","200","200","0","[""https://pfotentechnik.de/produkt/paj-pet-finder-4g-mini/""]","[""https://pfotentechnik.de/produkt/paj-pet-finder-4g-mini/""]","[{""agent"":""robots"",""value"":""index,follow,max-image-preview:large""}]","","true","2026-07-23T00:00:00.000Z","[""PAJ PET Finder 4G Mini""]","PAJ PET Finder 4G Mini im Check","[""https://pfotentechnik.de"",""https://pfotentechnik.de/produkt/paj-pet-finder-4g-mini/"",""https://pfotentechnik.de/"",""https://pfotentechnik.de/gps-tracker/"",""https://pfotentechnik.de/hersteller/paj-gps/""]","[]","22","7","56","2","1878","true","1878","true","apps/pfotentechnik/src/content/products/paj-pet-finder-4g-mini.md"
"https://pfotentechnik.de/produkt/pawbby-smart-pet-feeder/","https://pfotentechnik.de/produkt/pawbby-smart-pet-feeder/","A_INDEXABLE_CANONICAL","product","futterautomaten","200","200","0","[""https://pfotentechnik.de/produkt/pawbby-smart-pet-feeder/""]","[""https://pfotentechnik.de/produkt/pawbby-smart-pet-feeder/""]","[{""agent"":""robots"",""value"":""index,follow,max-image-preview:large""}]","","true","2026-07-12T00:00:00.000Z","[""PAWBBY Smart Pet Feeder""]","PAWBBY Smart Pet Feeder Test","[""https://pfotentechnik.de"",""https://pfotentechnik.de/produkt/pawbby-smart-pet-feeder/"",""https://pfotentechnik.de/"",""https://pfotentechnik.de/smarte-futterautomaten/"",""https://pfotentechnik.de/hersteller/pawbby/""]","[]","6","2","55","3","774","true","774","false","apps/pfotentechnik/src/content/products/pawbby-smart-pet-feeder.md"
"https://pfotentechnik.de/produkt/pawfit-3/","https://pfotentechnik.de/produkt/pawfit-3/","A_INDEXABLE_CANONICAL","product","gps-tracker","200","200","0","[""https://pfotentechnik.de/produkt/pawfit-3/""]","[""https://pfotentechnik.de/produkt/pawfit-3/""]","[{""agent"":""robots"",""value"":""index,follow,max-image-preview:large""}]","","true","2026-08-16T00:00:00.000Z","[""Pawfit 3""]","Pawfit 3: Gewicht, Akku, Abo und Audio-ID","[""https://pfotentechnik.de"",""https://pfotentechnik.de/produkt/pawfit-3/"",""https://pfotentechnik.de/"",""https://pfotentechnik.de/gps-tracker/"",""https://pfotentechnik.de/hersteller/pawfit/""]","[]","7","3","56","3","1215","true","1215","true","apps/pfotentechnik/src/content/products/pawfit-3.md"
"https://pfotentechnik.de/produkt/pawsync-smart-pet-feeder/","https://pfotentechnik.de/produkt/pawsync-smart-pet-feeder/","A_INDEXABLE_CANONICAL","product","futterautomaten","200","200","0","[""https://pfotentechnik.de/produkt/pawsync-smart-pet-feeder/""]","[""https://pfotentechnik.de/produkt/pawsync-smart-pet-feeder/""]","[{""agent"":""robots"",""value"":""index,follow,max-image-preview:large""}]","","true","2026-08-10T00:00:00.000Z","[""PawSync Smart Pet Feeder""]","PawSync Smart Pet Feeder Test","[""https://pfotentechnik.de"",""https://pfotentechnik.de/produkt/pawsync-smart-pet-feeder/"",""https://pfotentechnik.de/"",""https://pfotentechnik.de/smarte-futterautomaten/"",""https://pfotentechnik.de/hersteller/pawsync/""]","[]","13","7","55","2","1035","true","1035","false","apps/pfotentechnik/src/content/products/pawsync-smart-pet-feeder.md"
"https://pfotentechnik.de/produkt/petkit-eversweet-3-pro-uvc/","https://pfotentechnik.de/produkt/petkit-eversweet-3-pro-uvc/","A_INDEXABLE_CANONICAL","product","trinkbrunnen","200","200","0","[""https://pfotentechnik.de/produkt/petkit-eversweet-3-pro-uvc/""]","[""https://pfotentechnik.de/produkt/petkit-eversweet-3-pro-uvc/""]","[{""agent"":""robots"",""value"":""index,follow,max-image-preview:large""}]","","true","2026-07-23T00:00:00.000Z","[""PETKIT Eversweet 3 Pro UVC""]","PETKIT Eversweet 3 Pro UVC im Check","[""https://pfotentechnik.de"",""https://pfotentechnik.de/produkt/petkit-eversweet-3-pro-uvc/"",""https://pfotentechnik.de/"",""https://pfotentechnik.de/trinkbrunnen/"",""https://pfotentechnik.de/hersteller/petkit/""]","[]","9","4","58","3","1521","true","1521","false","apps/pfotentechnik/src/content/products/petkit-eversweet-3-pro-uvc.md"
"https://pfotentechnik.de/produkt/petkit-eversweet-5-mini/","https://pfotentechnik.de/produkt/petkit-eversweet-5-mini/","A_INDEXABLE_CANONICAL","product","trinkbrunnen","200","200","0","[""https://pfotentechnik.de/produkt/petkit-eversweet-5-mini/""]","[""https://pfotentechnik.de/produkt/petkit-eversweet-5-mini/""]","[{""agent"":""robots"",""value"":""index,follow,max-image-preview:large""}]","","true","2026-07-16T00:00:00.000Z","[""PETKIT Eversweet 5 Mini""]","PETKIT Eversweet 5 Mini im Check","[""https://pfotentechnik.de"",""https://pfotentechnik.de/produkt/petkit-eversweet-5-mini/"",""https://pfotentechnik.de/"",""https://pfotentechnik.de/trinkbrunnen/"",""https://pfotentechnik.de/hersteller/petkit/""]","[]","2","2","58","3","930","true","930","false","apps/pfotentechnik/src/content/products/petkit-eversweet-5-mini.md"
"https://pfotentechnik.de/produkt/petkit-eversweet-max-2-uvc/","https://pfotentechnik.de/produkt/petkit-eversweet-max-2-uvc/","A_INDEXABLE_CANONICAL","product","trinkbrunnen","200","200","0","[""https://pfotentechnik.de/produkt/petkit-eversweet-max-2-uvc/""]","[""https://pfotentechnik.de/produkt/petkit-eversweet-max-2-uvc/""]","[{""agent"":""robots"",""value"":""index,follow,max-image-preview:large""}]","","true","2026-07-16T00:00:00.000Z","[""PETKIT Eversweet Max 2 UVC""]","PETKIT Eversweet Max 2 UVC im Check","[""https://pfotentechnik.de"",""https://pfotentechnik.de/produkt/petkit-eversweet-max-2-uvc/"",""https://pfotentechnik.de/"",""https://pfotentechnik.de/trinkbrunnen/"",""https://pfotentechnik.de/hersteller/petkit/""]","[]","6","4","57","3","1107","true","1107","false","apps/pfotentechnik/src/content/products/petkit-eversweet-max-2-uvc.md"
"https://pfotentechnik.de/produkt/petkit-eversweet-max-cordless/","https://pfotentechnik.de/produkt/petkit-eversweet-max-cordless/","A_INDEXABLE_CANONICAL","product","trinkbrunnen","200","200","0","[""https://pfotentechnik.de/produkt/petkit-eversweet-max-cordless/""]","[""https://pfotentechnik.de/produkt/petkit-eversweet-max-cordless/""]","[{""agent"":""robots"",""value"":""index,follow,max-image-preview:large""}]","","true","2026-08-19T00:00:00.000Z","[""PETKIT Eversweet Max Cordless""]","PETKIT Eversweet Max Cordless: Akku, App & Schwächen","[""https://pfotentechnik.de"",""https://pfotentechnik.de/produkt/petkit-eversweet-max-cordless/"",""https://pfotentechnik.de/"",""https://pfotentechnik.de/trinkbrunnen/"",""https://pfotentechnik.de/hersteller/petkit/""]","[]","4","3","57","3","1173","true","1173","false","apps/pfotentechnik/src/content/products/petkit-eversweet-max-cordless.md"
"https://pfotentechnik.de/produkt/petkit-eversweet-solo-2-fountain/","https://pfotentechnik.de/produkt/petkit-eversweet-solo-2-fountain/","A_INDEXABLE_CANONICAL","product","trinkbrunnen","200","200","0","[""https://pfotentechnik.de/produkt/petkit-eversweet-solo-2-fountain/""]","[""https://pfotentechnik.de/produkt/petkit-eversweet-solo-2-fountain/""]","[{""agent"":""robots"",""value"":""index,follow,max-image-preview:large""}]","","true","2026-07-13T00:00:00.000Z","[""PETKIT Eversweet Solo 2""]","PETKIT Eversweet Solo 2 im Check","[""https://pfotentechnik.de"",""https://pfotentechnik.de/produkt/petkit-eversweet-solo-2-fountain/"",""https://pfotentechnik.de/"",""https://pfotentechnik.de/trinkbrunnen/"",""https://pfotentechnik.de/hersteller/petkit/""]","[]","15","6","56","2","958","true","958","false","apps/pfotentechnik/src/content/products/petkit-eversweet-solo-2-fountain.md"
"https://pfotentechnik.de/produkt/petkit-eversweet-solo-se/","https://pfotentechnik.de/produkt/petkit-eversweet-solo-se/","A_INDEXABLE_CANONICAL","product","trinkbrunnen","200","200","0","[""https://pfotentechnik.de/produkt/petkit-eversweet-solo-se/""]","[""https://pfotentechnik.de/produkt/petkit-eversweet-solo-se/""]","[{""agent"":""robots"",""value"":""index,follow,max-image-preview:large""}]","","true","2026-07-16T00:00:00.000Z","[""PETKIT Eversweet Solo SE""]","PETKIT Eversweet Solo SE im Check","[""https://pfotentechnik.de"",""https://pfotentechnik.de/produkt/petkit-eversweet-solo-se/"",""https://pfotentechnik.de/"",""https://pfotentechnik.de/trinkbrunnen/"",""https://pfotentechnik.de/hersteller/petkit/""]","[]","2","2","57","3","1017","true","1017","false","apps/pfotentechnik/src/content/products/petkit-eversweet-solo-se.md"
"https://pfotentechnik.de/produkt/petkit-eversweet-ultra/","https://pfotentechnik.de/produkt/petkit-eversweet-ultra/","A_INDEXABLE_CANONICAL","product","trinkbrunnen","200","200","0","[""https://pfotentechnik.de/produkt/petkit-eversweet-ultra/""]","[""https://pfotentechnik.de/produkt/petkit-eversweet-ultra/""]","[{""agent"":""robots"",""value"":""index,follow,max-image-preview:large""}]","","true","2026-08-10T00:00:00.000Z","[""PETKIT Eversweet Ultra""]","PETKIT Eversweet Ultra: Kamera, Reinigung & Folgekosten","[""https://pfotentechnik.de"",""https://pfotentechnik.de/produkt/petkit-eversweet-ultra/"",""https://pfotentechnik.de/"",""https://pfotentechnik.de/trinkbrunnen/"",""https://pfotentechnik.de/hersteller/petkit/""]","[]","9","4","57","3","1723","true","1723","false","apps/pfotentechnik/src/content/products/petkit-eversweet-ultra.md"
"https://pfotentechnik.de/produkt/petkit-fresh-element-infinity/","https://pfotentechnik.de/produkt/petkit-fresh-element-infinity/","A_INDEXABLE_CANONICAL","product","futterautomaten","200","200","0","[""https://pfotentechnik.de/produkt/petkit-fresh-element-infinity/""]","[""https://pfotentechnik.de/produkt/petkit-fresh-element-infinity/""]","[{""agent"":""robots"",""value"":""index,follow,max-image-preview:large""}]","","true","2026-07-12T00:00:00.000Z","[""PETKIT Fresh Element Infinity""]","PETKIT Fresh Element Infinity Test","[""https://pfotentechnik.de"",""https://pfotentechnik.de/produkt/petkit-fresh-element-infinity/"",""https://pfotentechnik.de/"",""https://pfotentechnik.de/smarte-futterautomaten/"",""https://pfotentechnik.de/hersteller/petkit/""]","[]","1","1","55","3","878","true","878","false","apps/pfotentechnik/src/content/products/petkit-fresh-element-infinity.md"
"https://pfotentechnik.de/produkt/petkit-fresh-element-solo/","https://pfotentechnik.de/produkt/petkit-fresh-element-solo/","A_INDEXABLE_CANONICAL","product","futterautomaten","200","200","0","[""https://pfotentechnik.de/produkt/petkit-fresh-element-solo/""]","[""https://pfotentechnik.de/produkt/petkit-fresh-element-solo/""]","[{""agent"":""robots"",""value"":""index,follow,max-image-preview:large""}]","","true","2026-07-23T00:00:00.000Z","[""PETKIT Fresh Element Solo""]","PETKIT Fresh Element Solo im Check","[""https://pfotentechnik.de"",""https://pfotentechnik.de/produkt/petkit-fresh-element-solo/"",""https://pfotentechnik.de/"",""https://pfotentechnik.de/smarte-futterautomaten/"",""https://pfotentechnik.de/hersteller/petkit/""]","[]","26","10","56","2","1523","true","1523","false","apps/pfotentechnik/src/content/products/petkit-fresh-element-solo.md"
"https://pfotentechnik.de/produkt/petkit-puramax-2/","https://pfotentechnik.de/produkt/petkit-puramax-2/","A_INDEXABLE_CANONICAL","product","automatische-katzentoiletten","200","200","0","[""https://pfotentechnik.de/produkt/petkit-puramax-2/""]","[""https://pfotentechnik.de/produkt/petkit-puramax-2/""]","[{""agent"":""robots"",""value"":""index,follow,max-image-preview:large""}]","","true","2026-08-16T00:00:00.000Z","[""PETKIT PuraMax 2""]","PETKIT PuraMax 2: Einstieg, Sensoren und Folgekosten","[""https://pfotentechnik.de"",""https://pfotentechnik.de/produkt/petkit-puramax-2/"",""https://pfotentechnik.de/"",""https://pfotentechnik.de/automatische-katzentoiletten/"",""https://pfotentechnik.de/hersteller/petkit/""]","[]","8","2","55","3","1077","true","1077","false","apps/pfotentechnik/src/content/products/petkit-puramax-2.md"
"https://pfotentechnik.de/produkt/petkit-purobot-crystal-duo/","https://pfotentechnik.de/produkt/petkit-purobot-crystal-duo/","A_INDEXABLE_CANONICAL","product","automatische-katzentoiletten","200","200","0","[""https://pfotentechnik.de/produkt/petkit-purobot-crystal-duo/""]","[""https://pfotentechnik.de/produkt/petkit-purobot-crystal-duo/""]","[{""agent"":""robots"",""value"":""index,follow,max-image-preview:large""}]","","true","2026-08-25T00:00:00.000Z","[""PETKIT PUROBOT CRYSTAL DUO""]","PETKIT PUROBOT CRYSTAL DUO im Datencheck","[""https://pfotentechnik.de"",""https://pfotentechnik.de/produkt/petkit-purobot-crystal-duo/"",""https://pfotentechnik.de/"",""https://pfotentechnik.de/automatische-katzentoiletten/"",""https://pfotentechnik.de/hersteller/petkit/""]","[]","12","9","55","3","1037","true","1037","false","apps/pfotentechnik/src/content/products/petkit-purobot-crystal-duo.md"
"https://pfotentechnik.de/produkt/petkit-purobot-max-3/","https://pfotentechnik.de/produkt/petkit-purobot-max-3/","A_INDEXABLE_CANONICAL","product","automatische-katzentoiletten","200","200","0","[""https://pfotentechnik.de/produkt/petkit-purobot-max-3/""]","[""https://pfotentechnik.de/produkt/petkit-purobot-max-3/""]","[{""agent"":""robots"",""value"":""index,follow,max-image-preview:large""}]","","true","2026-08-16T00:00:00.000Z","[""PETKIT PUROBOT MAX 3""]","PETKIT PUROBOT MAX 3 im Datencheck","[""https://pfotentechnik.de"",""https://pfotentechnik.de/produkt/petkit-purobot-max-3/"",""https://pfotentechnik.de/"",""https://pfotentechnik.de/automatische-katzentoiletten/"",""https://pfotentechnik.de/hersteller/petkit/""]","[]","16","12","56","2","1022","true","1022","false","apps/pfotentechnik/src/content/products/petkit-purobot-max-3.md"
"https://pfotentechnik.de/produkt/petkit-purobot-max-pro-2/","https://pfotentechnik.de/produkt/petkit-purobot-max-pro-2/","A_INDEXABLE_CANONICAL","product","automatische-katzentoiletten","200","200","0","[""https://pfotentechnik.de/produkt/petkit-purobot-max-pro-2/""]","[""https://pfotentechnik.de/produkt/petkit-purobot-max-pro-2/""]","[{""agent"":""robots"",""value"":""index,follow,max-image-preview:large""}]","","true","2026-08-15T00:00:00.000Z","[""PETKIT PUROBOT MAX PRO 2""]","PETKIT PUROBOT MAX PRO 2 im Check","[""https://pfotentechnik.de"",""https://pfotentechnik.de/produkt/petkit-purobot-max-pro-2/"",""https://pfotentechnik.de/"",""https://pfotentechnik.de/automatische-katzentoiletten/"",""https://pfotentechnik.de/hersteller/petkit/""]","[]","10","8","55","3","1017","true","1017","false","apps/pfotentechnik/src/content/products/petkit-purobot-max-pro-2.md"
"https://pfotentechnik.de/produkt/petkit-yumshare-dual-hopper/","https://pfotentechnik.de/produkt/petkit-yumshare-dual-hopper/","A_INDEXABLE_CANONICAL","product","futterautomaten","200","200","0","[""https://pfotentechnik.de/produkt/petkit-yumshare-dual-hopper/""]","[""https://pfotentechnik.de/produkt/petkit-yumshare-dual-hopper/""]","[{""agent"":""robots"",""value"":""index,follow,max-image-preview:large""}]","","true","2026-08-10T00:00:00.000Z","[""PETKIT YumShare Dual-Hopper 2""]","PETKIT YumShare Dual-Hopper 2 im Check","[""https://pfotentechnik.de"",""https://pfotentechnik.de/produkt/petkit-yumshare-dual-hopper/"",""https://pfotentechnik.de/"",""https://pfotentechnik.de/smarte-futterautomaten/"",""https://pfotentechnik.de/hersteller/petkit/""]","[]","96","57","58","2","1743","true","1743","false","apps/pfotentechnik/src/content/products/petkit-yumshare-dual-hopper.md"
"https://pfotentechnik.de/produkt/petkit-yumshare-solo-2/","https://pfotentechnik.de/produkt/petkit-yumshare-solo-2/","A_INDEXABLE_CANONICAL","product","futterautomaten","200","200","0","[""https://pfotentechnik.de/produkt/petkit-yumshare-solo-2/""]","[""https://pfotentechnik.de/produkt/petkit-yumshare-solo-2/""]","[{""agent"":""robots"",""value"":""index,follow,max-image-preview:large""}]","","true","2026-08-19T00:00:00.000Z","[""PETKIT YumShare Solo 2""]","PETKIT YumShare Solo 2: Kamera, AI & Schwächen im Check","[""https://pfotentechnik.de"",""https://pfotentechnik.de/produkt/petkit-yumshare-solo-2/"",""https://pfotentechnik.de/"",""https://pfotentechnik.de/smarte-futterautomaten/"",""https://pfotentechnik.de/hersteller/petkit/""]","[]","8","4","56","2","1471","true","1471","false","apps/pfotentechnik/src/content/products/petkit-yumshare-solo-2.md"
"https://pfotentechnik.de/produkt/petlibro-air-automatic-feeder/","https://pfotentechnik.de/produkt/petlibro-air-automatic-feeder/","A_INDEXABLE_CANONICAL","product","futterautomaten","200","200","0","[""https://pfotentechnik.de/produkt/petlibro-air-automatic-feeder/""]","[""https://pfotentechnik.de/produkt/petlibro-air-automatic-feeder/""]","[{""agent"":""robots"",""value"":""index,follow,max-image-preview:large""}]","","true","2026-07-12T00:00:00.000Z","[""PETLIBRO Air Automatic Feeder""]","PETLIBRO Air Automatic Feeder Test","[""https://pfotentechnik.de"",""https://pfotentechnik.de/produkt/petlibro-air-automatic-feeder/"",""https://pfotentechnik.de/"",""https://pfotentechnik.de/smarte-futterautomaten/"",""https://pfotentechnik.de/hersteller/petlibro/""]","[]","4","2","56","3","1007","true","1007","false","apps/pfotentechnik/src/content/products/petlibro-air-automatic-feeder.md"
"https://pfotentechnik.de/produkt/petlibro-air-wifi-feeder/","https://pfotentechnik.de/produkt/petlibro-air-wifi-feeder/","A_INDEXABLE_CANONICAL","product","futterautomaten","200","200","0","[""https://pfotentechnik.de/produkt/petlibro-air-wifi-feeder/""]","[""https://pfotentechnik.de/produkt/petlibro-air-wifi-feeder/""]","[{""agent"":""robots"",""value"":""index,follow,max-image-preview:large""}]","","true","2026-07-23T00:00:00.000Z","[""PETLIBRO Air WiFi Feeder""]","PETLIBRO Air WiFi Feeder im Check","[""https://pfotentechnik.de"",""https://pfotentechnik.de/produkt/petlibro-air-wifi-feeder/"",""https://pfotentechnik.de/"",""https://pfotentechnik.de/smarte-futterautomaten/"",""https://pfotentechnik.de/hersteller/petlibro/""]","[]","11","7","58","2","1506","true","1506","false","apps/pfotentechnik/src/content/products/petlibro-air-wifi-feeder.md"
"https://pfotentechnik.de/produkt/petlibro-capsule-dog-fountain/","https://pfotentechnik.de/produkt/petlibro-capsule-dog-fountain/","A_INDEXABLE_CANONICAL","product","trinkbrunnen","200","200","0","[""https://pfotentechnik.de/produkt/petlibro-capsule-dog-fountain/""]","[""https://pfotentechnik.de/produkt/petlibro-capsule-dog-fountain/""]","[{""agent"":""robots"",""value"":""index,follow,max-image-preview:large""}]","","true","2026-07-16T00:00:00.000Z","[""PETLIBRO Capsule Dog Fountain""]","PETLIBRO Capsule Dog Fountain im Check","[""https://pfotentechnik.de"",""https://pfotentechnik.de/produkt/petlibro-capsule-dog-fountain/"",""https://pfotentechnik.de/"",""https://pfotentechnik.de/trinkbrunnen/"",""https://pfotentechnik.de/hersteller/petlibro/""]","[]","3","2","59","3","1113","true","1113","false","apps/pfotentechnik/src/content/products/petlibro-capsule-dog-fountain.md"
"https://pfotentechnik.de/produkt/petlibro-dockstream-2-smart/","https://pfotentechnik.de/produkt/petlibro-dockstream-2-smart/","A_INDEXABLE_CANONICAL","product","trinkbrunnen","200","200","0","[""https://pfotentechnik.de/produkt/petlibro-dockstream-2-smart/""]","[""https://pfotentechnik.de/produkt/petlibro-dockstream-2-smart/""]","[{""agent"":""robots"",""value"":""index,follow,max-image-preview:large""}]","","true","2026-07-26T00:00:00.000Z","[""PETLIBRO Dockstream 2 Smart""]","PETLIBRO Dockstream 2 Smart PLWF106 im Check","[""https://pfotentechnik.de"",""https://pfotentechnik.de/produkt/petlibro-dockstream-2-smart/"",""https://pfotentechnik.de/"",""https://pfotentechnik.de/trinkbrunnen/"",""https://pfotentechnik.de/hersteller/petlibro/""]","[]","24","9","59","3","1315","true","1315","false","apps/pfotentechnik/src/content/products/petlibro-dockstream-2-smart.md"
"https://pfotentechnik.de/produkt/petlibro-dockstream-2-smart-cordless/","https://pfotentechnik.de/produkt/petlibro-dockstream-2-smart-cordless/","A_INDEXABLE_CANONICAL","product","trinkbrunnen","200","200","0","[""https://pfotentechnik.de/produkt/petlibro-dockstream-2-smart-cordless/""]","[""https://pfotentechnik.de/produkt/petlibro-dockstream-2-smart-cordless/""]","[{""agent"":""robots"",""value"":""index,follow,max-image-preview:large""}]","","true","2026-07-26T00:00:00.000Z","[""PETLIBRO Dockstream 2 Smart Cordless""]","PETLIBRO Dockstream 2 Smart Cordless im Check","[""https://pfotentechnik.de"",""https://pfotentechnik.de/produkt/petlibro-dockstream-2-smart-cordless/"",""https://pfotentechnik.de/"",""https://pfotentechnik.de/trinkbrunnen/"",""https://pfotentechnik.de/hersteller/petlibro/""]","[]","28","11","60","2","1505","true","1505","false","apps/pfotentechnik/src/content/products/petlibro-dockstream-2-smart-cordless.md"
"https://pfotentechnik.de/produkt/petlibro-dockstream-cordless/","https://pfotentechnik.de/produkt/petlibro-dockstream-cordless/","A_INDEXABLE_CANONICAL","product","trinkbrunnen","200","200","0","[""https://pfotentechnik.de/produkt/petlibro-dockstream-cordless/""]","[""https://pfotentechnik.de/produkt/petlibro-dockstream-cordless/""]","[{""agent"":""robots"",""value"":""index,follow,max-image-preview:large""}]","","true","2026-07-16T00:00:00.000Z","[""PETLIBRO Dockstream Cordless""]","PETLIBRO Dockstream Cordless im Check","[""https://pfotentechnik.de"",""https://pfotentechnik.de/produkt/petlibro-dockstream-cordless/"",""https://pfotentechnik.de/"",""https://pfotentechnik.de/trinkbrunnen/"",""https://pfotentechnik.de/hersteller/petlibro/""]","[]","2","2","58","3","1062","true","1062","false","apps/pfotentechnik/src/content/products/petlibro-dockstream-cordless.md"
"https://pfotentechnik.de/produkt/petlibro-dockstream-rfid-smart/","https://pfotentechnik.de/produkt/petlibro-dockstream-rfid-smart/","A_INDEXABLE_CANONICAL","product","trinkbrunnen","200","200","0","[""https://pfotentechnik.de/produkt/petlibro-dockstream-rfid-smart/""]","[""https://pfotentechnik.de/produkt/petlibro-dockstream-rfid-smart/""]","[{""agent"":""robots"",""value"":""index,follow,max-image-preview:large""}]","","true","2026-08-21T00:00:00.000Z","[""PETLIBRO Dockstream RFID Smart""]","PETLIBRO Dockstream RFID Smart: RFID-Trinktracking im Check","[""https://pfotentechnik.de"",""https://pfotentechnik.de/produkt/petlibro-dockstream-rfid-smart/"",""https://pfotentechnik.de/"",""https://pfotentechnik.de/trinkbrunnen/"",""https://pfotentechnik.de/hersteller/petlibro/""]","[]","4","3","58","3","1091","true","1091","false","apps/pfotentechnik/src/content/products/petlibro-dockstream-rfid-smart.md"
"https://pfotentechnik.de/produkt/petlibro-glacier-ultrafiltration/","https://pfotentechnik.de/produkt/petlibro-glacier-ultrafiltration/","A_INDEXABLE_CANONICAL","product","trinkbrunnen","200","200","0","[""https://pfotentechnik.de/produkt/petlibro-glacier-ultrafiltration/""]","[""https://pfotentechnik.de/produkt/petlibro-glacier-ultrafiltration/""]","[{""agent"":""robots"",""value"":""index,follow,max-image-preview:large""}]","","true","2026-07-16T00:00:00.000Z","[""PETLIBRO Glacier Ultrafiltration Fountain""]","PETLIBRO Glacier Ultrafiltration Fountain im Check","[""https://pfotentechnik.de"",""https://pfotentechnik.de/produkt/petlibro-glacier-ultrafiltration/"",""https://pfotentechnik.de/"",""https://pfotentechnik.de/trinkbrunnen/"",""https://pfotentechnik.de/hersteller/petlibro/""]","[]","2","2","58","3","972","true","972","false","apps/pfotentechnik/src/content/products/petlibro-glacier-ultrafiltration.md"
"https://pfotentechnik.de/produkt/petlibro-granary-2-vision/","https://pfotentechnik.de/produkt/petlibro-granary-2-vision/","A_INDEXABLE_CANONICAL","product","futterautomaten","200","200","0","[""https://pfotentechnik.de/produkt/petlibro-granary-2-vision/""]","[""https://pfotentechnik.de/produkt/petlibro-granary-2-vision/""]","[{""agent"":""robots"",""value"":""index,follow,max-image-preview:large""}]","","true","2026-07-26T00:00:00.000Z","[""PETLIBRO Granary 2 Vision""]","PETLIBRO Granary 2 Vision im Datencheck","[""https://pfotentechnik.de"",""https://pfotentechnik.de/produkt/petlibro-granary-2-vision/"",""https://pfotentechnik.de/"",""https://pfotentechnik.de/smarte-futterautomaten/"",""https://pfotentechnik.de/hersteller/petlibro/""]","[]","9","8","57","2","1583","true","1583","false","apps/pfotentechnik/src/content/products/petlibro-granary-2-vision.md"
"https://pfotentechnik.de/produkt/petlibro-granary-camera-feeder/","https://pfotentechnik.de/produkt/petlibro-granary-camera-feeder/","A_INDEXABLE_CANONICAL","product","futterautomaten","200","200","0","[""https://pfotentechnik.de/produkt/petlibro-granary-camera-feeder/""]","[""https://pfotentechnik.de/produkt/petlibro-granary-camera-feeder/""]","[{""agent"":""robots"",""value"":""index,follow,max-image-preview:large""}]","","true","2026-08-10T00:00:00.000Z","[""PETLIBRO Granary Camera Feeder""]","PETLIBRO Granary Camera Feeder im Check","[""https://pfotentechnik.de"",""https://pfotentechnik.de/produkt/petlibro-granary-camera-feeder/"",""https://pfotentechnik.de/"",""https://pfotentechnik.de/smarte-futterautomaten/"",""https://pfotentechnik.de/hersteller/petlibro/""]","[]","84","53","57","2","1173","true","1173","false","apps/pfotentechnik/src/content/products/petlibro-granary-camera-feeder.md"
"https://pfotentechnik.de/produkt/petlibro-granary-dual-feeder/","https://pfotentechnik.de/produkt/petlibro-granary-dual-feeder/","A_INDEXABLE_CANONICAL","product","futterautomaten","200","200","0","[""https://pfotentechnik.de/produkt/petlibro-granary-dual-feeder/""]","[""https://pfotentechnik.de/produkt/petlibro-granary-dual-feeder/""]","[{""agent"":""robots"",""value"":""index,follow,max-image-preview:large""}]","","true","2026-07-17T00:00:00.000Z","[""PETLIBRO Granary WiFi Dual Food Tray Feeder""]","PETLIBRO Granary Dual Feeder im Check","[""https://pfotentechnik.de"",""https://pfotentechnik.de/produkt/petlibro-granary-dual-feeder/"",""https://pfotentechnik.de/"",""https://pfotentechnik.de/smarte-futterautomaten/"",""https://pfotentechnik.de/hersteller/petlibro/""]","[]","24","18","57","2","1034","true","1034","false","apps/pfotentechnik/src/content/products/petlibro-granary-dual-feeder.md"
"https://pfotentechnik.de/produkt/petlibro-granary-wifi-feeder/","https://pfotentechnik.de/produkt/petlibro-granary-wifi-feeder/","A_INDEXABLE_CANONICAL","product","futterautomaten","200","200","0","[""https://pfotentechnik.de/produkt/petlibro-granary-wifi-feeder/""]","[""https://pfotentechnik.de/produkt/petlibro-granary-wifi-feeder/""]","[{""agent"":""robots"",""value"":""index,follow,max-image-preview:large""}]","","true","2026-07-16T00:00:00.000Z","[""PETLIBRO Granary WiFi Feeder""]","PETLIBRO Granary WiFi Feeder im Check","[""https://pfotentechnik.de"",""https://pfotentechnik.de/produkt/petlibro-granary-wifi-feeder/"",""https://pfotentechnik.de/"",""https://pfotentechnik.de/smarte-futterautomaten/"",""https://pfotentechnik.de/hersteller/petlibro/""]","[]","69","24","57","2","1082","true","1082","false","apps/pfotentechnik/src/content/products/petlibro-granary-wifi-feeder.md"
"https://pfotentechnik.de/produkt/petlibro-luma-smart-litter-box/","https://pfotentechnik.de/produkt/petlibro-luma-smart-litter-box/","A_INDEXABLE_CANONICAL","product","automatische-katzentoiletten","200","200","0","[""https://pfotentechnik.de/produkt/petlibro-luma-smart-litter-box/""]","[""https://pfotentechnik.de/produkt/petlibro-luma-smart-litter-box/""]","[{""agent"":""robots"",""value"":""index,follow,max-image-preview:large""}]","","true","2026-08-15T00:00:00.000Z","[""PETLIBRO Luma Smart Self-Cleaning Litter Box""]","PETLIBRO Luma im Datencheck","[""https://pfotentechnik.de"",""https://pfotentechnik.de/produkt/petlibro-luma-smart-litter-box/"",""https://pfotentechnik.de/"",""https://pfotentechnik.de/automatische-katzentoiletten/"",""https://pfotentechnik.de/hersteller/petlibro/""]","[]","11","4","57","2","1240","true","1240","false","apps/pfotentechnik/src/content/products/petlibro-luma-smart-litter-box.md"
"https://pfotentechnik.de/produkt/petlibro-one-rfid-smart-feeder/","https://pfotentechnik.de/produkt/petlibro-one-rfid-smart-feeder/","A_INDEXABLE_CANONICAL","product","futterautomaten","200","200","0","[""https://pfotentechnik.de/produkt/petlibro-one-rfid-smart-feeder/""]","[""https://pfotentechnik.de/produkt/petlibro-one-rfid-smart-feeder/""]","[{""agent"":""robots"",""value"":""index,follow,max-image-preview:large""}]","","true","2026-07-12T00:00:00.000Z","[""PETLIBRO One RFID Smart Feeder""]","PETLIBRO One RFID Smart Feeder Test","[""https://pfotentechnik.de"",""https://pfotentechnik.de/produkt/petlibro-one-rfid-smart-feeder/"",""https://pfotentechnik.de/"",""https://pfotentechnik.de/smarte-futterautomaten/"",""https://pfotentechnik.de/hersteller/petlibro/""]","[]","1","1","58","3","970","true","970","false","apps/pfotentechnik/src/content/products/petlibro-one-rfid-smart-feeder.md"
"https://pfotentechnik.de/produkt/petlibro-polar-wet-food-feeder/","https://pfotentechnik.de/produkt/petlibro-polar-wet-food-feeder/","A_INDEXABLE_CANONICAL","product","futterautomaten","200","200","0","[""https://pfotentechnik.de/produkt/petlibro-polar-wet-food-feeder/""]","[""https://pfotentechnik.de/produkt/petlibro-polar-wet-food-feeder/""]","[{""agent"":""robots"",""value"":""index,follow,max-image-preview:large""}]","","true","2026-08-26T00:00:00.000Z","[""PETLIBRO Polar Wet Food Feeder""]","PETLIBRO Polar Wet Food Feeder Test 2026: Kühlung & App","[""https://pfotentechnik.de"",""https://pfotentechnik.de/produkt/petlibro-polar-wet-food-feeder/"",""https://pfotentechnik.de/"",""https://pfotentechnik.de/smarte-futterautomaten/"",""https://pfotentechnik.de/hersteller/petlibro/""]","[]","26","17","56","2","1460","true","1460","false","apps/pfotentechnik/src/content/products/petlibro-polar-wet-food-feeder.md"
"https://pfotentechnik.de/produkt/petlibro-scout-smart-camera/","https://pfotentechnik.de/produkt/petlibro-scout-smart-camera/","A_INDEXABLE_CANONICAL","product","haustierkameras","200","200","0","[""https://pfotentechnik.de/produkt/petlibro-scout-smart-camera/""]","[""https://pfotentechnik.de/produkt/petlibro-scout-smart-camera/""]","[{""agent"":""robots"",""value"":""index,follow,max-image-preview:large""}]","","true","2026-08-15T00:00:00.000Z","[""PETLIBRO Scout Smart Camera""]","PETLIBRO Scout Smart Camera im Check","[""https://pfotentechnik.de"",""https://pfotentechnik.de/produkt/petlibro-scout-smart-camera/"",""https://pfotentechnik.de/"",""https://pfotentechnik.de/haustierkameras/"",""https://pfotentechnik.de/hersteller/petlibro/""]","[]","10","4","57","2","1052","true","1052","false","apps/pfotentechnik/src/content/products/petlibro-scout-smart-camera.md"
"https://pfotentechnik.de/produkt/petlibro-space-smart-feeder/","https://pfotentechnik.de/produkt/petlibro-space-smart-feeder/","A_INDEXABLE_CANONICAL","product","futterautomaten","200","200","0","[""https://pfotentechnik.de/produkt/petlibro-space-smart-feeder/""]","[""https://pfotentechnik.de/produkt/petlibro-space-smart-feeder/""]","[{""agent"":""robots"",""value"":""index,follow,max-image-preview:large""}]","","true","2026-07-23T00:00:00.000Z","[""PETLIBRO Space Smart Feeder""]","PETLIBRO Space Smart Feeder im Datencheck","[""https://pfotentechnik.de"",""https://pfotentechnik.de/produkt/petlibro-space-smart-feeder/"",""https://pfotentechnik.de/"",""https://pfotentechnik.de/smarte-futterautomaten/"",""https://pfotentechnik.de/hersteller/petlibro/""]","[]","5","5","57","3","1745","true","1745","false","apps/pfotentechnik/src/content/products/petlibro-space-smart-feeder.md"
"https://pfotentechnik.de/produkt/petlibro-stainless-steel-fountain/","https://pfotentechnik.de/produkt/petlibro-stainless-steel-fountain/","A_INDEXABLE_CANONICAL","product","trinkbrunnen","200","200","0","[""https://pfotentechnik.de/produkt/petlibro-stainless-steel-fountain/""]","[""https://pfotentechnik.de/produkt/petlibro-stainless-steel-fountain/""]","[{""agent"":""robots"",""value"":""index,follow,max-image-preview:large""}]","","true","2026-08-19T00:00:00.000Z","[""PETLIBRO Stainless Steel Fountain 3L""]","PETLIBRO Edelstahl-Trinkbrunnen 3L: Stärken & Schwächen","[""https://pfotentechnik.de"",""https://pfotentechnik.de/produkt/petlibro-stainless-steel-fountain/"",""https://pfotentechnik.de/"",""https://pfotentechnik.de/trinkbrunnen/"",""https://pfotentechnik.de/hersteller/petlibro/""]","[]","3","3","58","3","1073","true","1073","false","apps/pfotentechnik/src/content/products/petlibro-stainless-steel-fountain.md"
"https://pfotentechnik.de/produkt/petsafe-freshfeed-refrigerated-feeder/","https://pfotentechnik.de/produkt/petsafe-freshfeed-refrigerated-feeder/","A_INDEXABLE_CANONICAL","product","futterautomaten","200","200","0","[""https://pfotentechnik.de/produkt/petsafe-freshfeed-refrigerated-feeder/""]","[""https://pfotentechnik.de/produkt/petsafe-freshfeed-refrigerated-feeder/""]","[{""agent"":""robots"",""value"":""index,follow,max-image-preview:large""}]","","true","2026-07-13T00:00:00.000Z","[""PetSafe FreshFeed Refrigerated Pet Feeder""]","PetSafe FreshFeed Refrigerated Test","[""https://pfotentechnik.de"",""https://pfotentechnik.de/produkt/petsafe-freshfeed-refrigerated-feeder/"",""https://pfotentechnik.de/"",""https://pfotentechnik.de/smarte-futterautomaten/"",""https://pfotentechnik.de/hersteller/petsafe/""]","[]","7","7","55","2","1066","true","1066","false","apps/pfotentechnik/src/content/products/petsafe-freshfeed-refrigerated-feeder.md"
"https://pfotentechnik.de/produkt/petsafe-healthy-pet-simply-feed/","https://pfotentechnik.de/produkt/petsafe-healthy-pet-simply-feed/","A_INDEXABLE_CANONICAL","product","futterautomaten","200","200","0","[""https://pfotentechnik.de/produkt/petsafe-healthy-pet-simply-feed/""]","[""https://pfotentechnik.de/produkt/petsafe-healthy-pet-simply-feed/""]","[{""agent"":""robots"",""value"":""index,follow,max-image-preview:large""}]","","true","2026-07-13T00:00:00.000Z","[""PetSafe Healthy Pet Simply Feed""]","PetSafe Healthy Pet Simply Feed Test","[""https://pfotentechnik.de"",""https://pfotentechnik.de/produkt/petsafe-healthy-pet-simply-feed/"",""https://pfotentechnik.de/"",""https://pfotentechnik.de/smarte-futterautomaten/"",""https://pfotentechnik.de/hersteller/petsafe/""]","[]","14","5","55","2","1048","true","1048","false","apps/pfotentechnik/src/content/products/petsafe-healthy-pet-simply-feed.md"
"https://pfotentechnik.de/produkt/petsafe-mikrochip-katzenklappe/","https://pfotentechnik.de/produkt/petsafe-mikrochip-katzenklappe/","A_INDEXABLE_CANONICAL","product","katzenklappen","200","200","0","[""https://pfotentechnik.de/produkt/petsafe-mikrochip-katzenklappe/""]","[""https://pfotentechnik.de/produkt/petsafe-mikrochip-katzenklappe/""]","[{""agent"":""robots"",""value"":""index,follow,max-image-preview:large""}]","","true","2026-08-26T00:00:00.000Z","[""PetSafe Mikrochip Katzenklappe""]","PetSafe Mikrochip Katzenklappe im Datencheck","[""https://pfotentechnik.de"",""https://pfotentechnik.de/produkt/petsafe-mikrochip-katzenklappe/"",""https://pfotentechnik.de/"",""https://pfotentechnik.de/katzenklappen/"",""https://pfotentechnik.de/hersteller/petsafe/""]","[]","9","4","56","2","868","true","868","true","apps/pfotentechnik/src/content/products/petsafe-mikrochip-katzenklappe.md"
"https://pfotentechnik.de/produkt/petsafe-petporte-smart-flap/","https://pfotentechnik.de/produkt/petsafe-petporte-smart-flap/","A_INDEXABLE_CANONICAL","product","katzenklappen","200","200","0","[""https://pfotentechnik.de/produkt/petsafe-petporte-smart-flap/""]","[""https://pfotentechnik.de/produkt/petsafe-petporte-smart-flap/""]","[{""agent"":""robots"",""value"":""index,follow,max-image-preview:large""}]","","true","2026-08-07T00:00:00.000Z","[""PetSafe Petporte smart flap""]","PetSafe Petporte smart flap im Test und Vergleich","[""https://pfotentechnik.de"",""https://pfotentechnik.de/produkt/petsafe-petporte-smart-flap/"",""https://pfotentechnik.de/"",""https://pfotentechnik.de/katzenklappen/"",""https://pfotentechnik.de/hersteller/petsafe/""]","[]","18","12","55","2","1228","true","1228","true","apps/pfotentechnik/src/content/products/petsafe-petporte-smart-flap.md"
"https://pfotentechnik.de/produkt/petsafe-smart-feed-2/","https://pfotentechnik.de/produkt/petsafe-smart-feed-2/","A_INDEXABLE_CANONICAL","product","futterautomaten","200","200","0","[""https://pfotentechnik.de/produkt/petsafe-smart-feed-2/""]","[""https://pfotentechnik.de/produkt/petsafe-smart-feed-2/""]","[{""agent"":""robots"",""value"":""index,follow,max-image-preview:large""}]","","true","2026-08-25T00:00:00.000Z","[""PetSafe Smart Feed 2.0""]","PetSafe Smart Feed 2.0 Test","[""https://pfotentechnik.de"",""https://pfotentechnik.de/produkt/petsafe-smart-feed-2/"",""https://pfotentechnik.de/"",""https://pfotentechnik.de/smarte-futterautomaten/"",""https://pfotentechnik.de/hersteller/petsafe/""]","[]","14","6","55","2","1145","true","1145","false","apps/pfotentechnik/src/content/products/petsafe-smart-feed-2.md"
"https://pfotentechnik.de/produkt/petsafe-streamside-trinkbrunnen/","https://pfotentechnik.de/produkt/petsafe-streamside-trinkbrunnen/","A_INDEXABLE_CANONICAL","product","trinkbrunnen","200","200","0","[""https://pfotentechnik.de/produkt/petsafe-streamside-trinkbrunnen/""]","[""https://pfotentechnik.de/produkt/petsafe-streamside-trinkbrunnen/""]","[{""agent"":""robots"",""value"":""index,follow,max-image-preview:large""}]","","true","2026-08-16T00:00:00.000Z","[""PetSafe Keramik-Trinkbrunnen Streamside""]","PetSafe Streamside: Keramik, Filter und Reinigung","[""https://pfotentechnik.de"",""https://pfotentechnik.de/produkt/petsafe-streamside-trinkbrunnen/"",""https://pfotentechnik.de/"",""https://pfotentechnik.de/trinkbrunnen/"",""https://pfotentechnik.de/hersteller/petsafe/""]","[]","9","3","56","2","1020","true","1020","false","apps/pfotentechnik/src/content/products/petsafe-streamside-trinkbrunnen.md"
"https://pfotentechnik.de/produkt/petsnowy-snow-plus/","https://pfotentechnik.de/produkt/petsnowy-snow-plus/","A_INDEXABLE_CANONICAL","product","automatische-katzentoiletten","200","200","0","[""https://pfotentechnik.de/produkt/petsnowy-snow-plus/""]","[""https://pfotentechnik.de/produkt/petsnowy-snow-plus/""]","[{""agent"":""robots"",""value"":""index,follow,max-image-preview:large""}]","","true","2026-08-16T00:00:00.000Z","[""PetSnowy SNOW+ (SNOW)""]","PetSnowy SNOW+ (SNOW) im Datencheck","[""https://pfotentechnik.de"",""https://pfotentechnik.de/produkt/petsnowy-snow-plus/"",""https://pfotentechnik.de/"",""https://pfotentechnik.de/automatische-katzentoiletten/"",""https://pfotentechnik.de/hersteller/petsnowy/""]","[]","9","3","54","2","911","true","911","false","apps/pfotentechnik/src/content/products/petsnowy-snow-plus.md"
"https://pfotentechnik.de/produkt/pettec-cam-360/","https://pfotentechnik.de/produkt/pettec-cam-360/","A_INDEXABLE_CANONICAL","product","haustierkameras","200","200","0","[""https://pfotentechnik.de/produkt/pettec-cam-360/""]","[""https://pfotentechnik.de/produkt/pettec-cam-360/""]","[{""agent"":""robots"",""value"":""index,follow,max-image-preview:large""}]","","true","2026-08-16T00:00:00.000Z","[""PetTec Cam 360""]","PetTec Cam 360: lokal speichern ohne Pflichtabo","[""https://pfotentechnik.de"",""https://pfotentechnik.de/produkt/pettec-cam-360/"",""https://pfotentechnik.de/"",""https://pfotentechnik.de/haustierkameras/"",""https://pfotentechnik.de/hersteller/pettec/""]","[]","11","4","56","2","1146","true","1146","true","apps/pfotentechnik/src/content/products/pettec-cam-360.md"
"https://pfotentechnik.de/produkt/petwalk-medium-tiertuer/","https://pfotentechnik.de/produkt/petwalk-medium-tiertuer/","A_INDEXABLE_CANONICAL","product","katzenklappen","200","200","0","[""https://pfotentechnik.de/produkt/petwalk-medium-tiertuer/""]","[""https://pfotentechnik.de/produkt/petwalk-medium-tiertuer/""]","[{""agent"":""robots"",""value"":""index,follow,max-image-preview:large""}]","","true","2026-08-17T00:00:00.000Z","[""petWALK Medium Tiertür""]","petWALK Medium Tiertür im Datencheck","[""https://pfotentechnik.de"",""https://pfotentechnik.de/produkt/petwalk-medium-tiertuer/"",""https://pfotentechnik.de/"",""https://pfotentechnik.de/katzenklappen/"",""https://pfotentechnik.de/hersteller/petwalk/""]","[]","13","5","56","2","957","true","957","true","apps/pfotentechnik/src/content/products/petwalk-medium-tiertuer.md"
"https://pfotentechnik.de/produkt/prothelis-area-pets/","https://pfotentechnik.de/produkt/prothelis-area-pets/","A_INDEXABLE_CANONICAL","product","gps-tracker","200","200","0","[""https://pfotentechnik.de/produkt/prothelis-area-pets/""]","[""https://pfotentechnik.de/produkt/prothelis-area-pets/""]","[{""agent"":""robots"",""value"":""index,follow,max-image-preview:large""}]","","true","2026-08-16T00:00:00.000Z","[""Prothelis area Pets""]","Prothelis area Pets: Akku, Tarif und Mobilfunk","[""https://pfotentechnik.de"",""https://pfotentechnik.de/produkt/prothelis-area-pets/"",""https://pfotentechnik.de/"",""https://pfotentechnik.de/gps-tracker/"",""https://pfotentechnik.de/hersteller/prothelis/""]","[]","9","4","55","3","1185","true","1185","true","apps/pfotentechnik/src/content/products/prothelis-area-pets.md"
"https://pfotentechnik.de/produkt/reolink-e1-zoom/","https://pfotentechnik.de/produkt/reolink-e1-zoom/","A_INDEXABLE_CANONICAL","product","haustierkameras","200","200","0","[""https://pfotentechnik.de/produkt/reolink-e1-zoom/""]","[""https://pfotentechnik.de/produkt/reolink-e1-zoom/""]","[{""agent"":""robots"",""value"":""index,follow,max-image-preview:large""}]","","true","2026-08-16T00:00:00.000Z","[""Reolink E1 Zoom (4K)""]","Reolink E1 Zoom 4K: lokale Speicherung und Tiererkennung","[""https://pfotentechnik.de"",""https://pfotentechnik.de/produkt/reolink-e1-zoom/"",""https://pfotentechnik.de/"",""https://pfotentechnik.de/haustierkameras/"",""https://pfotentechnik.de/hersteller/reolink/""]","[]","8","3","56","2","1043","true","1043","true","apps/pfotentechnik/src/content/products/reolink-e1-zoom.md"
"https://pfotentechnik.de/produkt/surefeed-microchip-pet-feeder/","https://pfotentechnik.de/produkt/surefeed-microchip-pet-feeder/","A_INDEXABLE_CANONICAL","product","futterautomaten","200","200","0","[""https://pfotentechnik.de/produkt/surefeed-microchip-pet-feeder/""]","[""https://pfotentechnik.de/produkt/surefeed-microchip-pet-feeder/""]","[{""agent"":""robots"",""value"":""index,follow,max-image-preview:large""}]","","true","2026-07-25T00:00:00.000Z","[""SureFeed Microchip Pet Feeder""]","SureFeed Microchip Pet Feeder im Check","[""https://pfotentechnik.de"",""https://pfotentechnik.de/produkt/surefeed-microchip-pet-feeder/"",""https://pfotentechnik.de/"",""https://pfotentechnik.de/smarte-futterautomaten/"",""https://pfotentechnik.de/hersteller/surefeed/""]","[]","25","9","55","2","1061","true","1061","false","apps/pfotentechnik/src/content/products/surefeed-microchip-pet-feeder.md"
"https://pfotentechnik.de/produkt/surefeed-microchip-pet-feeder-connect/","https://pfotentechnik.de/produkt/surefeed-microchip-pet-feeder-connect/","A_INDEXABLE_CANONICAL","product","futterautomaten","200","200","0","[""https://pfotentechnik.de/produkt/surefeed-microchip-pet-feeder-connect/""]","[""https://pfotentechnik.de/produkt/surefeed-microchip-pet-feeder-connect/""]","[{""agent"":""robots"",""value"":""index,follow,max-image-preview:large""}]","","true","2026-08-03T00:00:00.000Z","[""SureFeed Microchip Pet Feeder Connect""]","SureFeed Microchip Pet Feeder Connect Test","[""https://pfotentechnik.de"",""https://pfotentechnik.de/produkt/surefeed-microchip-pet-feeder-connect/"",""https://pfotentechnik.de/"",""https://pfotentechnik.de/smarte-futterautomaten/"",""https://pfotentechnik.de/hersteller/surefeed/""]","[]","20","9","56","2","1112","true","1112","false","apps/pfotentechnik/src/content/products/surefeed-microchip-pet-feeder-connect.md"
"https://pfotentechnik.de/produkt/sureflap-dualscan-mikrochip-katzenklappe/","https://pfotentechnik.de/produkt/sureflap-dualscan-mikrochip-katzenklappe/","A_INDEXABLE_CANONICAL","product","katzenklappen","200","200","0","[""https://pfotentechnik.de/produkt/sureflap-dualscan-mikrochip-katzenklappe/""]","[""https://pfotentechnik.de/produkt/sureflap-dualscan-mikrochip-katzenklappe/""]","[{""agent"":""robots"",""value"":""index,follow,max-image-preview:large""}]","","true","2026-08-26T00:00:00.000Z","[""SureFlap DualScan Mikrochip Katzenklappe""]","SureFlap DualScan Mikrochip Katzenklappe im Test und Vergleich","[""https://pfotentechnik.de"",""https://pfotentechnik.de/produkt/sureflap-dualscan-mikrochip-katzenklappe/"",""https://pfotentechnik.de/"",""https://pfotentechnik.de/katzenklappen/"",""https://pfotentechnik.de/hersteller/surefeed/""]","[]","8","3","55","2","990","true","990","true","apps/pfotentechnik/src/content/products/sureflap-dualscan-mikrochip-katzenklappe.md"
"https://pfotentechnik.de/produkt/sureflap-mikrochip-katzenklappe/","https://pfotentechnik.de/produkt/sureflap-mikrochip-katzenklappe/","A_INDEXABLE_CANONICAL","product","katzenklappen","200","200","0","[""https://pfotentechnik.de/produkt/sureflap-mikrochip-katzenklappe/""]","[""https://pfotentechnik.de/produkt/sureflap-mikrochip-katzenklappe/""]","[{""agent"":""robots"",""value"":""index,follow,max-image-preview:large""}]","","true","2026-08-04T00:00:00.000Z","[""SureFlap Mikrochip Katzenklappe""]","SureFlap Mikrochip Katzenklappe: Maße, Einbau & Grenzen","[""https://pfotentechnik.de"",""https://pfotentechnik.de/produkt/sureflap-mikrochip-katzenklappe/"",""https://pfotentechnik.de/"",""https://pfotentechnik.de/katzenklappen/"",""https://pfotentechnik.de/hersteller/surefeed/""]","[]","8","4","55","1","1301","true","1301","true","apps/pfotentechnik/src/content/products/sureflap-mikrochip-katzenklappe.md"
"https://pfotentechnik.de/produkt/sureflap-mikrochip-katzenklappe-connect/","https://pfotentechnik.de/produkt/sureflap-mikrochip-katzenklappe-connect/","A_INDEXABLE_CANONICAL","product","katzenklappen","200","200","0","[""https://pfotentechnik.de/produkt/sureflap-mikrochip-katzenklappe-connect/""]","[""https://pfotentechnik.de/produkt/sureflap-mikrochip-katzenklappe-connect/""]","[{""agent"":""robots"",""value"":""index,follow,max-image-preview:large""}]","","true","2026-08-26T00:00:00.000Z","[""SureFlap Mikrochip Katzenklappe Connect""]","SureFlap Connect Katzenklappe: Hub, App & Grenzen","[""https://pfotentechnik.de"",""https://pfotentechnik.de/produkt/sureflap-mikrochip-katzenklappe-connect/"",""https://pfotentechnik.de/"",""https://pfotentechnik.de/katzenklappen/"",""https://pfotentechnik.de/hersteller/surefeed/""]","[]","17","8","55","2","1188","true","1188","true","apps/pfotentechnik/src/content/products/sureflap-mikrochip-katzenklappe-connect.md"
"https://pfotentechnik.de/produkt/tractive-cat-6-mini/","https://pfotentechnik.de/produkt/tractive-cat-6-mini/","A_INDEXABLE_CANONICAL","product","gps-tracker","200","200","0","[""https://pfotentechnik.de/produkt/tractive-cat-6-mini/""]","[""https://pfotentechnik.de/produkt/tractive-cat-6-mini/""]","[{""agent"":""robots"",""value"":""index,follow,max-image-preview:large""}]","","true","2026-08-24T00:00:00.000Z","[""Tractive CAT 6 Mini""]","Tractive CAT 6 Mini: Akku, Abo, Gewicht & Preis","[""https://pfotentechnik.de"",""https://pfotentechnik.de/produkt/tractive-cat-6-mini/"",""https://pfotentechnik.de/"",""https://pfotentechnik.de/gps-tracker/"",""https://pfotentechnik.de/hersteller/tractive/""]","[]","23","7","55","2","1460","true","1460","true","apps/pfotentechnik/src/content/products/tractive-cat-6-mini.md"
"https://pfotentechnik.de/produkt/tractive-dog-6/","https://pfotentechnik.de/produkt/tractive-dog-6/","A_INDEXABLE_CANONICAL","product","gps-tracker","200","200","0","[""https://pfotentechnik.de/produkt/tractive-dog-6/""]","[""https://pfotentechnik.de/produkt/tractive-dog-6/""]","[{""agent"":""robots"",""value"":""index,follow,max-image-preview:large""}]","","true","2026-08-10T00:00:00.000Z","[""Tractive DOG 6""]","Tractive DOG 6: Akku, Abo und GPS-Tracker im Check","[""https://pfotentechnik.de"",""https://pfotentechnik.de/produkt/tractive-dog-6/"",""https://pfotentechnik.de/"",""https://pfotentechnik.de/gps-tracker/"",""https://pfotentechnik.de/hersteller/tractive/""]","[]","28","17","56","2","1642","true","1642","true","apps/pfotentechnik/src/content/products/tractive-dog-6.md"
"https://pfotentechnik.de/produkt/tractive-dog-6-xl/","https://pfotentechnik.de/produkt/tractive-dog-6-xl/","A_INDEXABLE_CANONICAL","product","gps-tracker","200","200","0","[""https://pfotentechnik.de/produkt/tractive-dog-6-xl/""]","[""https://pfotentechnik.de/produkt/tractive-dog-6-xl/""]","[{""agent"":""robots"",""value"":""index,follow,max-image-preview:large""}]","","true","2026-08-10T00:00:00.000Z","[""Tractive DOG 6 XL""]","Tractive DOG 6 XL: Akku, Abo und GPS-Tracker im Check","[""https://pfotentechnik.de"",""https://pfotentechnik.de/produkt/tractive-dog-6-xl/"",""https://pfotentechnik.de/"",""https://pfotentechnik.de/gps-tracker/"",""https://pfotentechnik.de/hersteller/tractive/""]","[]","21","14","56","3","1724","true","1724","false","apps/pfotentechnik/src/content/products/tractive-dog-6-xl.md"
"https://pfotentechnik.de/produkt/weenect-xs/","https://pfotentechnik.de/produkt/weenect-xs/","A_INDEXABLE_CANONICAL","product","gps-tracker","200","200","0","[""https://pfotentechnik.de/produkt/weenect-xs/""]","[""https://pfotentechnik.de/produkt/weenect-xs/""]","[{""agent"":""robots"",""value"":""index,follow,max-image-preview:large""}]","","true","2026-08-19T00:00:00.000Z","[""Weenect XS GPS-Tracker""]","Weenect XS im Check: GPS, Akku, Abo & Schwächen","[""https://pfotentechnik.de"",""https://pfotentechnik.de/produkt/weenect-xs/"",""https://pfotentechnik.de/"",""https://pfotentechnik.de/gps-tracker/"",""https://pfotentechnik.de/hersteller/weenect/""]","[]","34","15","55","2","1772","true","1772","true","apps/pfotentechnik/src/content/products/weenect-xs.md"
"https://pfotentechnik.de/produkt/weenect-xt/","https://pfotentechnik.de/produkt/weenect-xt/","A_INDEXABLE_CANONICAL","product","gps-tracker","200","200","0","[""https://pfotentechnik.de/produkt/weenect-xt/""]","[""https://pfotentechnik.de/produkt/weenect-xt/""]","[{""agent"":""robots"",""value"":""index,follow,max-image-preview:large""}]","","true","2026-07-26T00:00:00.000Z","[""Weenect XT GPS-Tracker""]","Weenect XT GPS-Tracker: Akku, Abo, Gewicht & Testdaten","[""https://pfotentechnik.de"",""https://pfotentechnik.de/produkt/weenect-xt/"",""https://pfotentechnik.de/"",""https://pfotentechnik.de/gps-tracker/"",""https://pfotentechnik.de/hersteller/weenect/""]","[]","10","5","56","3","1840","true","1840","true","apps/pfotentechnik/src/content/products/weenect-xt.md"
"https://pfotentechnik.de/produkt/wopet-cube-air-ca10/","https://pfotentechnik.de/produkt/wopet-cube-air-ca10/","A_INDEXABLE_CANONICAL","product","futterautomaten","200","200","0","[""https://pfotentechnik.de/produkt/wopet-cube-air-ca10/""]","[""https://pfotentechnik.de/produkt/wopet-cube-air-ca10/""]","[{""agent"":""robots"",""value"":""index,follow,max-image-preview:large""}]","","true","2026-07-12T00:00:00.000Z","[""WOPET Cube Air WiFi Pet Feeder CA10""]","WOPET Cube Air WiFi Pet Feeder CA10 Test","[""https://pfotentechnik.de"",""https://pfotentechnik.de/produkt/wopet-cube-air-ca10/"",""https://pfotentechnik.de/"",""https://pfotentechnik.de/smarte-futterautomaten/"",""https://pfotentechnik.de/hersteller/wopet/""]","[]","6","2","56","3","920","true","920","false","apps/pfotentechnik/src/content/products/wopet-cube-air-ca10.md"
"https://pfotentechnik.de/produkt/wopet-heritage-view-camera-feeder/","https://pfotentechnik.de/produkt/wopet-heritage-view-camera-feeder/","A_INDEXABLE_CANONICAL","product","futterautomaten","200","200","0","[""https://pfotentechnik.de/produkt/wopet-heritage-view-camera-feeder/""]","[""https://pfotentechnik.de/produkt/wopet-heritage-view-camera-feeder/""]","[{""agent"":""robots"",""value"":""index,follow,max-image-preview:large""}]","","true","2026-07-12T00:00:00.000Z","[""WOPET Heritage View Camera Feeder""]","WOPET Heritage View Camera Feeder Test","[""https://pfotentechnik.de"",""https://pfotentechnik.de/produkt/wopet-heritage-view-camera-feeder/"",""https://pfotentechnik.de/"",""https://pfotentechnik.de/smarte-futterautomaten/"",""https://pfotentechnik.de/hersteller/wopet/""]","[]","5","2","58","3","882","true","882","false","apps/pfotentechnik/src/content/products/wopet-heritage-view-camera-feeder.md"
"https://pfotentechnik.de/produkt/wopet-patrol-f07-pro/","https://pfotentechnik.de/produkt/wopet-patrol-f07-pro/","A_INDEXABLE_CANONICAL","product","futterautomaten","200","200","0","[""https://pfotentechnik.de/produkt/wopet-patrol-f07-pro/""]","[""https://pfotentechnik.de/produkt/wopet-patrol-f07-pro/""]","[{""agent"":""robots"",""value"":""index,follow,max-image-preview:large""}]","","true","2026-07-16T00:00:00.000Z","[""WOPET Patrol F07 Pro""]","WOPET Patrol F07 Pro im Check","[""https://pfotentechnik.de"",""https://pfotentechnik.de/produkt/wopet-patrol-f07-pro/"",""https://pfotentechnik.de/"",""https://pfotentechnik.de/smarte-futterautomaten/"",""https://pfotentechnik.de/hersteller/wopet/""]","[]","8","3","56","2","1055","true","1055","false","apps/pfotentechnik/src/content/products/wopet-patrol-f07-pro.md"
"https://pfotentechnik.de/produkt/wopet-pioneer-f01-plus/","https://pfotentechnik.de/produkt/wopet-pioneer-f01-plus/","A_INDEXABLE_CANONICAL","product","futterautomaten","200","200","0","[""https://pfotentechnik.de/produkt/wopet-pioneer-f01-plus/""]","[""https://pfotentechnik.de/produkt/wopet-pioneer-f01-plus/""]","[{""agent"":""robots"",""value"":""index,follow,max-image-preview:large""}]","","true","2026-07-12T00:00:00.000Z","[""WOPET Pioneer F01 Plus""]","WOPET Pioneer F01 Plus Test","[""https://pfotentechnik.de"",""https://pfotentechnik.de/produkt/wopet-pioneer-f01-plus/"",""https://pfotentechnik.de/"",""https://pfotentechnik.de/smarte-futterautomaten/"",""https://pfotentechnik.de/hersteller/wopet/""]","[]","4","1","55","3","905","true","905","false","apps/pfotentechnik/src/content/products/wopet-pioneer-f01-plus.md"
"https://pfotentechnik.de/produkt/xiaomi-smart-pet-food-feeder-2/","https://pfotentechnik.de/produkt/xiaomi-smart-pet-food-feeder-2/","A_INDEXABLE_CANONICAL","product","futterautomaten","200","200","0","[""https://pfotentechnik.de/produkt/xiaomi-smart-pet-food-feeder-2/""]","[""https://pfotentechnik.de/produkt/xiaomi-smart-pet-food-feeder-2/""]","[{""agent"":""robots"",""value"":""index,follow,max-image-preview:large""}]","","true","2026-08-10T00:00:00.000Z","[""Xiaomi Smart Pet Food Feeder 2""]","Xiaomi Smart Pet Food Feeder 2 im Check","[""https://pfotentechnik.de"",""https://pfotentechnik.de/produkt/xiaomi-smart-pet-food-feeder-2/"",""https://pfotentechnik.de/"",""https://pfotentechnik.de/smarte-futterautomaten/"",""https://pfotentechnik.de/hersteller/xiaomi/""]","[]","95","29","55","2","1109","true","1109","false","apps/pfotentechnik/src/content/products/xiaomi-smart-pet-food-feeder-2.md"
"https://pfotentechnik.de/produkt/xiaomi-smart-pet-fountain-2/","https://pfotentechnik.de/produkt/xiaomi-smart-pet-fountain-2/","A_INDEXABLE_CANONICAL","product","trinkbrunnen","200","200","0","[""https://pfotentechnik.de/produkt/xiaomi-smart-pet-fountain-2/""]","[""https://pfotentechnik.de/produkt/xiaomi-smart-pet-fountain-2/""]","[{""agent"":""robots"",""value"":""index,follow,max-image-preview:large""}]","","true","2026-08-10T00:00:00.000Z","[""Xiaomi Smart Pet Fountain 2""]","Xiaomi Smart Pet Fountain 2 im Check","[""https://pfotentechnik.de"",""https://pfotentechnik.de/produkt/xiaomi-smart-pet-fountain-2/"",""https://pfotentechnik.de/"",""https://pfotentechnik.de/trinkbrunnen/"",""https://pfotentechnik.de/hersteller/xiaomi/""]","[]","38","27","57","3","1167","true","1166","false","apps/pfotentechnik/src/content/products/xiaomi-smart-pet-fountain-2.md"
"https://pfotentechnik.de/produkt/zeromouse-2-0/","https://pfotentechnik.de/produkt/zeromouse-2-0/","A_INDEXABLE_CANONICAL","product","katzenklappen","200","200","0","[""https://pfotentechnik.de/produkt/zeromouse-2-0/""]","[""https://pfotentechnik.de/produkt/zeromouse-2-0/""]","[{""agent"":""robots"",""value"":""index,follow,max-image-preview:large""}]","","true","2026-08-16T00:00:00.000Z","[""ZeroMOUSE 2.0""]","ZeroMOUSE 2.0 im Check: KI gegen Beute","[""https://pfotentechnik.de"",""https://pfotentechnik.de/produkt/zeromouse-2-0/"",""https://pfotentechnik.de/"",""https://pfotentechnik.de/katzenklappen/"",""https://pfotentechnik.de/hersteller/zeromouse/""]","[]","18","12","57","2","1350","true","1350","true","apps/pfotentechnik/src/content/products/zeromouse-2-0.md"
"https://pfotentechnik.de/pumpe-katzentrinkbrunnen-reinigen/","https://pfotentechnik.de/pumpe-katzentrinkbrunnen-reinigen/","A_INDEXABLE_CANONICAL","problem-solving-guide","trinkbrunnen","200","200","0","[""https://pfotentechnik.de/pumpe-katzentrinkbrunnen-reinigen/""]","[""https://pfotentechnik.de/pumpe-katzentrinkbrunnen-reinigen/""]","[{""agent"":""robots"",""value"":""index,follow,max-image-preview:large""}]","","true","2026-08-19T00:00:00.000Z","[""Pumpe im Katzentrinkbrunnen richtig reinigen""]","Katzenbrunnen-Pumpe reinigen: Anleitung","[""https://pfotentechnik.de"",""https://pfotentechnik.de/pumpe-katzentrinkbrunnen-reinigen/"",""https://pfotentechnik.de/favicon.svg"",""https://pfotentechnik.de/"",""https://pfotentechnik.de/wissen/""]","[]","15","11","58","2","1015","true","1015","true","apps/pfotentechnik/src/content/pages/pumpe-katzentrinkbrunnen-reinigen.md"
"https://pfotentechnik.de/redaktion/","https://pfotentechnik.de/redaktion/","A_INDEXABLE_CANONICAL","editorial-page","smarte-haustiertechnik","200","200","0","[""https://pfotentechnik.de/redaktion/""]","[""https://pfotentechnik.de/redaktion/""]","[{""agent"":""robots"",""value"":""index,follow,max-image-preview:large""}]","","true","","[""Redaktion und Unabhängigkeit""]","Redaktion und Unabhängigkeit | PfotenTechnik","[""https://pfotentechnik.de"",""https://pfotentechnik.de/redaktion/""]","[]","532","259","42","1","394","true","394","true","apps/pfotentechnik/dist/redaktion/index.html"
"https://pfotentechnik.de/reichweite-von-gps-trackern/","https://pfotentechnik.de/reichweite-von-gps-trackern/","A_INDEXABLE_CANONICAL","guide","gps-tracker","200","200","0","[""https://pfotentechnik.de/reichweite-von-gps-trackern/""]","[""https://pfotentechnik.de/reichweite-von-gps-trackern/""]","[{""agent"":""robots"",""value"":""index,follow,max-image-preview:large""}]","","true","2026-07-20T00:00:00.000Z","[""Reichweite von GPS-Trackern""]","Reichweite von GPS-Trackern: Mobilfunk, VHF & Grenzen","[""https://pfotentechnik.de"",""https://pfotentechnik.de/reichweite-von-gps-trackern/"",""https://pfotentechnik.de/favicon.svg"",""https://pfotentechnik.de/"",""https://pfotentechnik.de/wissen/""]","[]","7","6","50","2","600","true","600","true","apps/pfotentechnik/src/content/pages/reichweite-von-gps-trackern.md"
"https://pfotentechnik.de/seniorenhunde-richtig-versorgen/","https://pfotentechnik.de/seniorenhunde-richtig-versorgen/","A_INDEXABLE_CANONICAL","problem-solving-guide","hundegesundheit","200","200","0","[""https://pfotentechnik.de/seniorenhunde-richtig-versorgen/""]","[""https://pfotentechnik.de/seniorenhunde-richtig-versorgen/""]","[{""agent"":""robots"",""value"":""index,follow,max-image-preview:large""}]","","true","2026-07-31T00:00:00.000Z","[""Seniorenhunde richtig versorgen""]","Seniorenhund richtig versorgen: Pflege, Futter und Alltag","[""https://pfotentechnik.de"",""https://pfotentechnik.de/seniorenhunde-richtig-versorgen/"",""https://pfotentechnik.de/favicon.svg"",""https://pfotentechnik.de/"",""https://pfotentechnik.de/wissen/""]","[]","1","1","54","2","2874","true","2874","true","apps/pfotentechnik/src/content/pages/seniorenhunde-richtig-versorgen.md"
"https://pfotentechnik.de/smarte-futterautomaten/","https://pfotentechnik.de/smarte-futterautomaten/","A_INDEXABLE_CANONICAL","category-hub","futterautomaten","200","200","0","[""https://pfotentechnik.de/smarte-futterautomaten/""]","[""https://pfotentechnik.de/smarte-futterautomaten/""]","[{""agent"":""robots"",""value"":""index,follow,max-image-preview:large""}]","","true","2026-08-06T00:00:00.000Z","[""Smarte Futterautomaten für Hunde und Katzen""]","Smarte Futterautomaten 2026: Kaufberatung & Auswahlhilfe","[""https://pfotentechnik.de"",""https://pfotentechnik.de/smarte-futterautomaten/"",""https://pfotentechnik.de/favicon.svg"",""https://pfotentechnik.de/"",""https://pfotentechnik.de/wissen/""]","[]","1046","259","63","1","1044","true","1016","false","apps/pfotentechnik/src/content/pages/smarte-futterautomaten.md"
"https://pfotentechnik.de/smarte-gadgets-fuer-hunde-und-katzen/","https://pfotentechnik.de/smarte-gadgets-fuer-hunde-und-katzen/","A_INDEXABLE_CANONICAL","editorial-page","smarte-haustiertechnik","200","200","0","[""https://pfotentechnik.de/smarte-gadgets-fuer-hunde-und-katzen/""]","[""https://pfotentechnik.de/smarte-gadgets-fuer-hunde-und-katzen/""]","[{""agent"":""robots"",""value"":""index,follow,max-image-preview:large""}]","","true","2026-07-20T00:00:00.000Z","[""Smarte Gadgets für Hunde und Katzen: ein erster Überblick""]","Smarte Gadgets für Hunde und Katzen: ein erster Überblick","[""https://pfotentechnik.de"",""https://pfotentechnik.de/smarte-gadgets-fuer-hunde-und-katzen/"",""https://pfotentechnik.de/favicon.svg"",""https://pfotentechnik.de/"",""https://pfotentechnik.de/wissen/""]","[]","2","2","52","2","504","true","504","true","apps/pfotentechnik/src/content/pages/smarte-gadgets-fuer-hunde-und-katzen.md"
"https://pfotentechnik.de/smarte-haustiertechnik/","https://pfotentechnik.de/smarte-haustiertechnik/","A_INDEXABLE_CANONICAL","category-hub","smarte-haustiertechnik","200","200","0","[""https://pfotentechnik.de/smarte-haustiertechnik/""]","[""https://pfotentechnik.de/smarte-haustiertechnik/""]","[{""agent"":""robots"",""value"":""index,follow,max-image-preview:large""}]","","true","2026-07-20T00:00:00.000Z","[""Smarte Haustiertechnik – Der große Ratgeber""]","Smarte Haustiertechnik: Geräte, Datenschutz & Kaufberatung","[""https://pfotentechnik.de"",""https://pfotentechnik.de/smarte-haustiertechnik/"",""https://pfotentechnik.de/favicon.svg"",""https://pfotentechnik.de/"",""https://pfotentechnik.de/wissen/""]","[]","295","259","94","1","2980","true","2980","true","apps/pfotentechnik/src/content/pages/smarte-haustiertechnik.md"
"https://pfotentechnik.de/so-bewerten-wir/","https://pfotentechnik.de/so-bewerten-wir/","A_INDEXABLE_CANONICAL","guide","futterautomaten","200","200","0","[""https://pfotentechnik.de/so-bewerten-wir/""]","[""https://pfotentechnik.de/so-bewerten-wir/""]","[{""agent"":""robots"",""value"":""index,follow,max-image-preview:large""}]","","true","2026-07-30T00:00:00.000Z","[""So bewertet PfotenTechnik Produkte""]","Unsere Bewertungsmethodik | PfotenTechnik","[""https://pfotentechnik.de"",""https://pfotentechnik.de/so-bewerten-wir/"",""https://pfotentechnik.de/favicon.svg"",""https://pfotentechnik.de/"",""https://pfotentechnik.de/wissen/""]","[]","416","259","55","1","1501","true","1501","true","apps/pfotentechnik/src/content/pages/so-bewerten-wir.md"
"https://pfotentechnik.de/trinkbrunnen/","https://pfotentechnik.de/trinkbrunnen/","A_INDEXABLE_CANONICAL","category-hub","trinkbrunnen","200","200","0","[""https://pfotentechnik.de/trinkbrunnen/""]","[""https://pfotentechnik.de/trinkbrunnen/""]","[{""agent"":""robots"",""value"":""index,follow,max-image-preview:large""}]","","true","2026-08-17T00:00:00.000Z","[""Trinkbrunnen für Katzen und Hunde""]","Trinkbrunnen für Katzen & Hunde: Kaufberatung 2026","[""https://pfotentechnik.de"",""https://pfotentechnik.de/trinkbrunnen/"",""https://pfotentechnik.de/favicon.svg"",""https://pfotentechnik.de/"",""https://pfotentechnik.de/wissen/""]","[]","913","259","64","1","1047","true","1047","false","apps/pfotentechnik/src/content/pages/trinkbrunnen.md"
"https://pfotentechnik.de/trinkbrunnen-fuer-katzen-sinnvoll/","https://pfotentechnik.de/trinkbrunnen-fuer-katzen-sinnvoll/","A_INDEXABLE_CANONICAL","decision-guide","trinkbrunnen","200","200","0","[""https://pfotentechnik.de/trinkbrunnen-fuer-katzen-sinnvoll/""]","[""https://pfotentechnik.de/trinkbrunnen-fuer-katzen-sinnvoll/""]","[{""agent"":""robots"",""value"":""index,follow,max-image-preview:large""}]","","true","2026-07-14T00:00:00.000Z","[""Ist ein Trinkbrunnen für Katzen sinnvoll?""]","Trinkbrunnen für Katzen: sinnvoll oder unnötig?","[""https://pfotentechnik.de"",""https://pfotentechnik.de/trinkbrunnen-fuer-katzen-sinnvoll/"",""https://pfotentechnik.de/favicon.svg"",""https://pfotentechnik.de/"",""https://pfotentechnik.de/wissen/""]","[]","15","14","70","2","2655","true","2655","true","apps/pfotentechnik/src/content/pages/trinkbrunnen-fuer-katzen-sinnvoll.md"
"https://pfotentechnik.de/trinkbrunnen-fuer-kitten-sicher/","https://pfotentechnik.de/trinkbrunnen-fuer-kitten-sicher/","A_INDEXABLE_CANONICAL","guide","trinkbrunnen","200","200","0","[""https://pfotentechnik.de/trinkbrunnen-fuer-kitten-sicher/""]","[""https://pfotentechnik.de/trinkbrunnen-fuer-kitten-sicher/""]","[{""agent"":""robots"",""value"":""index,follow,max-image-preview:large""}]","","true","2026-08-19T00:00:00.000Z","[""Ist ein Trinkbrunnen für Kitten sicher?""]","Trinkbrunnen für Kitten: Sicherheit und Auswahl","[""https://pfotentechnik.de"",""https://pfotentechnik.de/trinkbrunnen-fuer-kitten-sicher/"",""https://pfotentechnik.de/favicon.svg"",""https://pfotentechnik.de/"",""https://pfotentechnik.de/wissen/""]","[]","4","3","64","2","1053","true","1053","true","apps/pfotentechnik/src/content/pages/trinkbrunnen-fuer-kitten-sicher.md"
"https://pfotentechnik.de/trinkbrunnen-fuer-mehrere-katzen/","https://pfotentechnik.de/trinkbrunnen-fuer-mehrere-katzen/","A_INDEXABLE_CANONICAL","problem-solving-guide","trinkbrunnen","200","200","0","[""https://pfotentechnik.de/trinkbrunnen-fuer-mehrere-katzen/""]","[""https://pfotentechnik.de/trinkbrunnen-fuer-mehrere-katzen/""]","[{""agent"":""robots"",""value"":""index,follow,max-image-preview:large""}]","","true","2026-07-25T00:00:00.000Z","[""Trinkbrunnen für zwei oder mehr Katzen""]","Wie viele Wasserstellen für 2 Katzen? Trinkbrunnen & Näpfe","[""https://pfotentechnik.de"",""https://pfotentechnik.de/trinkbrunnen-fuer-mehrere-katzen/"",""https://pfotentechnik.de/favicon.svg"",""https://pfotentechnik.de/"",""https://pfotentechnik.de/wissen/""]","[]","38","32","57","2","886","true","886","true","apps/pfotentechnik/src/content/pages/trinkbrunnen-fuer-mehrere-katzen.md"
"https://pfotentechnik.de/trinkbrunnen-hund/","https://pfotentechnik.de/trinkbrunnen-hund/","A_INDEXABLE_CANONICAL","decision-guide","trinkbrunnen","200","200","0","[""https://pfotentechnik.de/trinkbrunnen-hund/""]","[""https://pfotentechnik.de/trinkbrunnen-hund/""]","[{""agent"":""robots"",""value"":""index,follow,max-image-preview:large""}]","","true","2026-07-19T00:00:00.000Z","[""Trinkbrunnen für Hunde: Auswahl und Pflege""]","Trinkbrunnen für Hunde: Kaufberatung 2026","[""https://pfotentechnik.de"",""https://pfotentechnik.de/trinkbrunnen-hund/"",""https://pfotentechnik.de/favicon.svg"",""https://pfotentechnik.de/"",""https://pfotentechnik.de/wissen/""]","[]","9","9","63","2","1411","true","1411","true","apps/pfotentechnik/src/content/pages/trinkbrunnen-hund.md"
"https://pfotentechnik.de/trinkbrunnen-seniorenkatzen/","https://pfotentechnik.de/trinkbrunnen-seniorenkatzen/","A_INDEXABLE_CANONICAL","guide","trinkbrunnen","200","200","0","[""https://pfotentechnik.de/trinkbrunnen-seniorenkatzen/""]","[""https://pfotentechnik.de/trinkbrunnen-seniorenkatzen/""]","[{""agent"":""robots"",""value"":""index,follow,max-image-preview:large""}]","","true","2026-07-23T00:00:00.000Z","[""Trinkbrunnen für Seniorenkatzen auswählen""]","Trinkbrunnen für alte Katzen: Darauf achten","[""https://pfotentechnik.de"",""https://pfotentechnik.de/trinkbrunnen-seniorenkatzen/"",""https://pfotentechnik.de/favicon.svg"",""https://pfotentechnik.de/"",""https://pfotentechnik.de/wissen/""]","[]","5","5","65","2","892","true","892","true","apps/pfotentechnik/src/content/pages/trinkbrunnen-seniorenkatzen.md"
"https://pfotentechnik.de/trinkmenge-hund-messen/","https://pfotentechnik.de/trinkmenge-hund-messen/","A_INDEXABLE_CANONICAL","problem-solving-guide","trinkbrunnen","200","200","0","[""https://pfotentechnik.de/trinkmenge-hund-messen/""]","[""https://pfotentechnik.de/trinkmenge-hund-messen/""]","[{""agent"":""robots"",""value"":""index,follow,max-image-preview:large""}]","","true","2026-07-19T00:00:00.000Z","[""Trinkmenge beim Hund richtig messen""]","Trinkmenge beim Hund richtig messen","[""https://pfotentechnik.de"",""https://pfotentechnik.de/trinkmenge-hund-messen/"",""https://pfotentechnik.de/favicon.svg"",""https://pfotentechnik.de/"",""https://pfotentechnik.de/wissen/""]","[]","7","6","52","2","1313","true","1313","true","apps/pfotentechnik/src/content/pages/trinkmenge-hund-messen.md"
"https://pfotentechnik.de/trinkmenge-katze-messen/","https://pfotentechnik.de/trinkmenge-katze-messen/","A_INDEXABLE_CANONICAL","guide","trinkbrunnen","200","200","0","[""https://pfotentechnik.de/trinkmenge-katze-messen/""]","[""https://pfotentechnik.de/trinkmenge-katze-messen/""]","[{""agent"":""robots"",""value"":""index,follow,max-image-preview:large""}]","","true","2026-07-13T00:00:00.000Z","[""Trinkmenge bei Katzen richtig messen""]","Wie misst man die Trinkmenge einer Katze?","[""https://pfotentechnik.de"",""https://pfotentechnik.de/trinkmenge-katze-messen/"",""https://pfotentechnik.de/favicon.svg"",""https://pfotentechnik.de/"",""https://pfotentechnik.de/wissen/""]","[]","9","8","51","2","674","true","674","true","apps/pfotentechnik/src/content/pages/trinkmenge-katze-messen.md"
"https://pfotentechnik.de/trockenfutter-oder-nassfutter-hund/","https://pfotentechnik.de/trockenfutter-oder-nassfutter-hund/","A_INDEXABLE_CANONICAL","decision-guide","hundeernaehrung","200","200","0","[""https://pfotentechnik.de/trockenfutter-oder-nassfutter-hund/""]","[""https://pfotentechnik.de/trockenfutter-oder-nassfutter-hund/""]","[{""agent"":""robots"",""value"":""index,follow,max-image-preview:large""}]","","true","2026-07-28T00:00:00.000Z","[""Trockenfutter oder Nassfutter für Hunde: Was ist besser?""]","Trockenfutter oder Nassfutter für Hunde?","[""https://pfotentechnik.de"",""https://pfotentechnik.de/trockenfutter-oder-nassfutter-hund/"",""https://pfotentechnik.de/favicon.svg"",""https://pfotentechnik.de/"",""https://pfotentechnik.de/wissen/""]","[]","12","11","63","2","4066","true","4066","true","apps/pfotentechnik/src/content/pages/trockenfutter-oder-nassfutter-hund.md"
"https://pfotentechnik.de/trockenfutter-oder-nassfutter-katze/","https://pfotentechnik.de/trockenfutter-oder-nassfutter-katze/","A_INDEXABLE_CANONICAL","decision-guide","futterautomaten","200","200","0","[""https://pfotentechnik.de/trockenfutter-oder-nassfutter-katze/""]","[""https://pfotentechnik.de/trockenfutter-oder-nassfutter-katze/""]","[{""agent"":""robots"",""value"":""index,follow,max-image-preview:large""}]","","true","2026-07-19T00:00:00.000Z","[""Trockenfutter oder Nassfutter für Katzen? Der ehrliche Vergleich""]","Trockenfutter oder Nassfutter für Katzen?","[""https://pfotentechnik.de"",""https://pfotentechnik.de/trockenfutter-oder-nassfutter-katze/"",""https://pfotentechnik.de/favicon.svg"",""https://pfotentechnik.de/"",""https://pfotentechnik.de/wissen/""]","[]","7","5","55","2","4179","true","4179","true","apps/pfotentechnik/src/content/pages/trockenfutter-oder-nassfutter-katze.md"
"https://pfotentechnik.de/uebergewicht-bei-katzen-vermeiden/","https://pfotentechnik.de/uebergewicht-bei-katzen-vermeiden/","A_INDEXABLE_CANONICAL","guide","futterautomaten","200","200","0","[""https://pfotentechnik.de/uebergewicht-bei-katzen-vermeiden/""]","[""https://pfotentechnik.de/uebergewicht-bei-katzen-vermeiden/""]","[{""agent"":""robots"",""value"":""index,follow,max-image-preview:large""}]","","true","2026-07-24T00:00:00.000Z","[""Übergewicht bei Katzen vermeiden""]","Übergewicht bei Katzen vermeiden: Futter und Gewicht","[""https://pfotentechnik.de"",""https://pfotentechnik.de/uebergewicht-bei-katzen-vermeiden/"",""https://pfotentechnik.de/favicon.svg"",""https://pfotentechnik.de/"",""https://pfotentechnik.de/wissen/""]","[]","5","4","54","2","3255","true","3255","true","apps/pfotentechnik/src/content/pages/uebergewicht-bei-katzen-vermeiden.md"
"https://pfotentechnik.de/vergleiche/beste-automatische-katzentoiletten/","https://pfotentechnik.de/vergleiche/beste-automatische-katzentoiletten/","A_INDEXABLE_CANONICAL","comparison","automatische-katzentoiletten","200","200","0","[""https://pfotentechnik.de/vergleiche/beste-automatische-katzentoiletten/""]","[""https://pfotentechnik.de/vergleiche/beste-automatische-katzentoiletten/""]","[{""agent"":""robots"",""value"":""index,follow,max-image-preview:large""}]","","true","2026-08-21T00:00:00.000Z","[""Automatische Katzentoiletten im Vergleich""]","Automatische Katzentoiletten 2026: Sicherheit & Passform","[""https://pfotentechnik.de"",""https://pfotentechnik.de/vergleiche/beste-automatische-katzentoiletten/"",""https://pfotentechnik.de/"",""https://pfotentechnik.de/automatische-katzentoiletten/"",""https://pfotentechnik.de/vergleiche/beste-automatische-katzentoiletten/#item-list"",""https://pfotentechnik.de/produkt/petkit-purobot-crystal-duo/"",""https://pfotentechnik.de/produkt/neakasa-m1-lite/"",""https://pfotentechnik.de/produkt/devoko-90l-automatisches-katzenklo/"",""https://pfotentechnik.de/produkt/petlibro-luma-smart-litter-box/"",""https://pfotentechnik.de/produkt/petkit-purobot-max-pro-2/"",""https://pfotentechnik.de/produkt/petkit-purobot-max-3/"",""https://pfotentechnik.de/produkt/petsnowy-snow-plus/"",""https://pfotentechnik.de/produkt/petkit-puramax-2/"",""https://pfotentechnik.de/produkt/litter-robot-4/"",""https://pfotentechnik.de/produkt/litter-robot-5-pro/"",""https://pfotentechnik.de/produkt/neakasa-m1-plus/""]","[]","36","20","88","2","3585","true","3585","false","apps/pfotentechnik/src/content/comparisons/beste-automatische-katzentoiletten.md"
"https://pfotentechnik.de/vergleiche/beste-futterautomaten-fuer-berufstaetige/","https://pfotentechnik.de/vergleiche/beste-futterautomaten-fuer-berufstaetige/","A_INDEXABLE_CANONICAL","comparison","futterautomaten","200","200","0","[""https://pfotentechnik.de/vergleiche/beste-futterautomaten-fuer-berufstaetige/""]","[""https://pfotentechnik.de/vergleiche/beste-futterautomaten-fuer-berufstaetige/""]","[{""agent"":""robots"",""value"":""index,follow,max-image-preview:large""}]","","true","2026-07-30T00:00:00.000Z","[""Beste Futterautomaten für Berufstätige""]","Beste Futterautomaten für Berufstätige im Vergleich","[""https://pfotentechnik.de"",""https://pfotentechnik.de/vergleiche/beste-futterautomaten-fuer-berufstaetige/"",""https://pfotentechnik.de/"",""https://pfotentechnik.de/smarte-futterautomaten/"",""https://pfotentechnik.de/vergleiche/beste-futterautomaten-fuer-berufstaetige/#item-list"",""https://pfotentechnik.de/produkt/petlibro-granary-wifi-feeder/"",""https://pfotentechnik.de/produkt/xiaomi-smart-pet-food-feeder-2/"",""https://pfotentechnik.de/produkt/petsafe-smart-feed-2/""]","[]","7","7","70","2","1795","true","1795","false","apps/pfotentechnik/src/content/comparisons/beste-futterautomaten-fuer-berufstaetige.md"
"https://pfotentechnik.de/vergleiche/beste-futterautomaten-fuer-hunde/","https://pfotentechnik.de/vergleiche/beste-futterautomaten-fuer-hunde/","A_INDEXABLE_CANONICAL","comparison","futterautomaten","200","200","0","[""https://pfotentechnik.de/vergleiche/beste-futterautomaten-fuer-hunde/""]","[""https://pfotentechnik.de/vergleiche/beste-futterautomaten-fuer-hunde/""]","[{""agent"":""robots"",""value"":""index,follow,max-image-preview:large""}]","","true","2026-07-30T00:00:00.000Z","[""Beste Futterautomaten für Hunde""]","Beste Futterautomaten für Hunde im Vergleich 2026","[""https://pfotentechnik.de"",""https://pfotentechnik.de/vergleiche/beste-futterautomaten-fuer-hunde/"",""https://pfotentechnik.de/"",""https://pfotentechnik.de/smarte-futterautomaten/"",""https://pfotentechnik.de/vergleiche/beste-futterautomaten-fuer-hunde/#item-list"",""https://pfotentechnik.de/produkt/xiaomi-smart-pet-food-feeder-2/"",""https://pfotentechnik.de/produkt/petlibro-granary-wifi-feeder/"",""https://pfotentechnik.de/produkt/wopet-patrol-f07-pro/"",""https://pfotentechnik.de/produkt/honeyguardian-smart-pet-feeder-s305d/"",""https://pfotentechnik.de/produkt/aqara-smart-pet-feeder-c1/"",""https://pfotentechnik.de/produkt/cat-mate-c500/"",""https://pfotentechnik.de/produkt/imipaw-3l-automatic-cat-feeder/"",""https://pfotentechnik.de/produkt/pawsync-smart-pet-feeder/"",""https://pfotentechnik.de/produkt/petkit-fresh-element-solo/"",""https://pfotentechnik.de/produkt/petkit-yumshare-dual-hopper/"",""https://pfotentechnik.de/produkt/petkit-yumshare-solo-2/"",""https://pfotentechnik.de/produkt/petlibro-air-wifi-feeder/"",""https://pfotentechnik.de/produkt/petlibro-granary-camera-feeder/"",""https://pfotentechnik.de/produkt/petlibro-polar-wet-food-feeder/"",""https://pfotentechnik.de/produkt/petsafe-healthy-pet-simply-feed/"",""https://pfotentechnik.de/produkt/petsafe-smart-feed-2/""]","[]","29","23","95","2","4021","true","4021","false","apps/pfotentechnik/src/content/comparisons/beste-futterautomaten-fuer-hunde.md"
"https://pfotentechnik.de/vergleiche/beste-futterautomaten-fuer-katzen/","https://pfotentechnik.de/vergleiche/beste-futterautomaten-fuer-katzen/","A_INDEXABLE_CANONICAL","comparison","futterautomaten","200","200","0","[""https://pfotentechnik.de/vergleiche/beste-futterautomaten-fuer-katzen/""]","[""https://pfotentechnik.de/vergleiche/beste-futterautomaten-fuer-katzen/""]","[{""agent"":""robots"",""value"":""index,follow,max-image-preview:large""}]","","true","2026-07-30T00:00:00.000Z","[""Beste Futterautomaten für Katzen""]","Beste Futterautomaten für Katzen im Vergleich 2026","[""https://pfotentechnik.de"",""https://pfotentechnik.de/vergleiche/beste-futterautomaten-fuer-katzen/"",""https://pfotentechnik.de/"",""https://pfotentechnik.de/smarte-futterautomaten/"",""https://pfotentechnik.de/vergleiche/beste-futterautomaten-fuer-katzen/#item-list"",""https://pfotentechnik.de/produkt/petlibro-granary-wifi-feeder/"",""https://pfotentechnik.de/produkt/petkit-fresh-element-solo/"",""https://pfotentechnik.de/produkt/xiaomi-smart-pet-food-feeder-2/"",""https://pfotentechnik.de/produkt/cat-mate-c500/"",""https://pfotentechnik.de/produkt/surefeed-microchip-pet-feeder-connect/"",""https://pfotentechnik.de/produkt/oneisall-5l-automatic-cat-feeder/"",""https://pfotentechnik.de/produkt/oneisall-2-in-1-feeder-water/"",""https://pfotentechnik.de/produkt/petlibro-air-wifi-feeder/"",""https://pfotentechnik.de/produkt/aqara-smart-pet-feeder-c1/"",""https://pfotentechnik.de/produkt/cat-mate-c200/"",""https://pfotentechnik.de/produkt/cat-mate-c300/"",""https://pfotentechnik.de/produkt/catit-pixi-smart-6-meal-feeder/"",""https://pfotentechnik.de/produkt/catit-pixi-vision-smart-feeder/"",""https://pfotentechnik.de/produkt/honeyguardian-smart-pet-feeder-s305d/"",""https://pfotentechnik.de/produkt/imipaw-3l-automatic-cat-feeder/"",""https://pfotentechnik.de/produkt/pawsync-smart-pet-feeder/"",""https://pfotentechnik.de/produkt/petkit-yumshare-dual-hopper/"",""https://pfotentechnik.de/produkt/petkit-yumshare-solo-2/"",""https://pfotentechnik.de/produkt/petlibro-granary-2-vision/"",""https://pfotentechnik.de/produkt/petlibro-granary-camera-feeder/"",""https://pfotentechnik.de/produkt/petlibro-granary-dual-feeder/"",""https://pfotentechnik.de/produkt/petlibro-polar-wet-food-feeder/"",""https://pfotentechnik.de/produkt/petsafe-freshfeed-refrigerated-feeder/"",""https://pfotentechnik.de/produkt/petsafe-healthy-pet-simply-feed/"",""https://pfotentechnik.de/produkt/petsafe-smart-feed-2/"",""https://pfotentechnik.de/produkt/surefeed-microchip-pet-feeder/"",""https://pfotentechnik.de/produkt/wopet-patrol-f07-pro/""]","[]","53","45","110","1","5148","true","5148","false","apps/pfotentechnik/src/content/comparisons/beste-futterautomaten-fuer-katzen.md"
"https://pfotentechnik.de/vergleiche/beste-futterautomaten-fuer-kleine-hunde/","https://pfotentechnik.de/vergleiche/beste-futterautomaten-fuer-kleine-hunde/","A_INDEXABLE_CANONICAL","comparison","futterautomaten","200","200","0","[""https://pfotentechnik.de/vergleiche/beste-futterautomaten-fuer-kleine-hunde/""]","[""https://pfotentechnik.de/vergleiche/beste-futterautomaten-fuer-kleine-hunde/""]","[{""agent"":""robots"",""value"":""index,follow,max-image-preview:large""}]","","true","2026-07-30T00:00:00.000Z","[""Beste Futterautomaten für kleine Hunde""]","Beste Futterautomaten für kleine Hunde im Vergleich","[""https://pfotentechnik.de"",""https://pfotentechnik.de/vergleiche/beste-futterautomaten-fuer-kleine-hunde/"",""https://pfotentechnik.de/"",""https://pfotentechnik.de/smarte-futterautomaten/"",""https://pfotentechnik.de/vergleiche/beste-futterautomaten-fuer-kleine-hunde/#item-list"",""https://pfotentechnik.de/produkt/petkit-fresh-element-solo/"",""https://pfotentechnik.de/produkt/xiaomi-smart-pet-food-feeder-2/"",""https://pfotentechnik.de/produkt/petlibro-air-wifi-feeder/""]","[]","34","33","71","2","1979","true","1979","false","apps/pfotentechnik/src/content/comparisons/beste-futterautomaten-fuer-kleine-hunde.md"
"https://pfotentechnik.de/vergleiche/beste-futterautomaten-fuer-mehrtierhaushalte/","https://pfotentechnik.de/vergleiche/beste-futterautomaten-fuer-mehrtierhaushalte/","A_INDEXABLE_CANONICAL","comparison","futterautomaten","200","200","0","[""https://pfotentechnik.de/vergleiche/beste-futterautomaten-fuer-mehrtierhaushalte/""]","[""https://pfotentechnik.de/vergleiche/beste-futterautomaten-fuer-mehrtierhaushalte/""]","[{""agent"":""robots"",""value"":""index,follow,max-image-preview:large""}]","","true","2026-07-30T00:00:00.000Z","[""Futterautomat im Mehrtierhaushalt""]","Futterautomat im Mehrtierhaushalt: Futter sicher trennen","[""https://pfotentechnik.de"",""https://pfotentechnik.de/vergleiche/beste-futterautomaten-fuer-mehrtierhaushalte/"",""https://pfotentechnik.de/"",""https://pfotentechnik.de/smarte-futterautomaten/"",""https://pfotentechnik.de/vergleiche/beste-futterautomaten-fuer-mehrtierhaushalte/#item-list"",""https://pfotentechnik.de/produkt/petlibro-granary-dual-feeder/"",""https://pfotentechnik.de/produkt/petkit-yumshare-dual-hopper/"",""https://pfotentechnik.de/produkt/surefeed-microchip-pet-feeder-connect/""]","[]","7","6","72","2","2593","true","2593","false","apps/pfotentechnik/src/content/comparisons/beste-futterautomaten-fuer-mehrtierhaushalte.md"
"https://pfotentechnik.de/vergleiche/beste-futterautomaten-fuer-nassfutter/","https://pfotentechnik.de/vergleiche/beste-futterautomaten-fuer-nassfutter/","A_INDEXABLE_CANONICAL","comparison","futterautomaten","200","200","0","[""https://pfotentechnik.de/vergleiche/beste-futterautomaten-fuer-nassfutter/""]","[""https://pfotentechnik.de/vergleiche/beste-futterautomaten-fuer-nassfutter/""]","[{""agent"":""robots"",""value"":""index,follow,max-image-preview:large""}]","","true","2026-08-26T00:00:00.000Z","[""Beste Futterautomaten für Nassfutter""]","Beste Nassfutterautomaten im Vergleich 2026","[""https://pfotentechnik.de"",""https://pfotentechnik.de/vergleiche/beste-futterautomaten-fuer-nassfutter/"",""https://pfotentechnik.de/"",""https://pfotentechnik.de/smarte-futterautomaten/"",""https://pfotentechnik.de/vergleiche/beste-futterautomaten-fuer-nassfutter/#item-list"",""https://pfotentechnik.de/produkt/petlibro-polar-wet-food-feeder/"",""https://pfotentechnik.de/produkt/petsafe-freshfeed-refrigerated-feeder/"",""https://pfotentechnik.de/produkt/catit-pixi-smart-6-meal-feeder/"",""https://pfotentechnik.de/produkt/cat-mate-c500/"",""https://pfotentechnik.de/produkt/surefeed-microchip-pet-feeder-connect/"",""https://pfotentechnik.de/produkt/surefeed-microchip-pet-feeder/""]","[]","28","24","95","1","5399","true","5399","false","apps/pfotentechnik/src/content/comparisons/beste-futterautomaten-fuer-nassfutter.md"
"https://pfotentechnik.de/vergleiche/beste-futterautomaten-fuer-seniorenkatzen/","https://pfotentechnik.de/vergleiche/beste-futterautomaten-fuer-seniorenkatzen/","A_INDEXABLE_CANONICAL","comparison","futterautomaten","200","200","0","[""https://pfotentechnik.de/vergleiche/beste-futterautomaten-fuer-seniorenkatzen/""]","[""https://pfotentechnik.de/vergleiche/beste-futterautomaten-fuer-seniorenkatzen/""]","[{""agent"":""robots"",""value"":""index,follow,max-image-preview:large""}]","","true","2026-07-30T00:00:00.000Z","[""Beste Futterautomaten für Seniorenkatzen""]","Beste Futterautomaten für Seniorenkatzen im Vergleich","[""https://pfotentechnik.de"",""https://pfotentechnik.de/vergleiche/beste-futterautomaten-fuer-seniorenkatzen/"",""https://pfotentechnik.de/"",""https://pfotentechnik.de/smarte-futterautomaten/"",""https://pfotentechnik.de/vergleiche/beste-futterautomaten-fuer-seniorenkatzen/#item-list"",""https://pfotentechnik.de/produkt/surefeed-microchip-pet-feeder-connect/"",""https://pfotentechnik.de/produkt/cat-mate-c500/"",""https://pfotentechnik.de/produkt/petlibro-granary-wifi-feeder/""]","[]","13","13","71","2","1751","true","1751","false","apps/pfotentechnik/src/content/comparisons/beste-futterautomaten-fuer-seniorenkatzen.md"
"https://pfotentechnik.de/vergleiche/beste-futterautomaten-fuer-welpen/","https://pfotentechnik.de/vergleiche/beste-futterautomaten-fuer-welpen/","A_INDEXABLE_CANONICAL","comparison","futterautomaten","200","200","0","[""https://pfotentechnik.de/vergleiche/beste-futterautomaten-fuer-welpen/""]","[""https://pfotentechnik.de/vergleiche/beste-futterautomaten-fuer-welpen/""]","[{""agent"":""robots"",""value"":""index,follow,max-image-preview:large""}]","","true","2026-07-30T00:00:00.000Z","[""Beste Futterautomaten für Welpen""]","Beste Futterautomaten für Welpen 2026: Kaufberatung","[""https://pfotentechnik.de"",""https://pfotentechnik.de/vergleiche/beste-futterautomaten-fuer-welpen/"",""https://pfotentechnik.de/"",""https://pfotentechnik.de/smarte-futterautomaten/"",""https://pfotentechnik.de/vergleiche/beste-futterautomaten-fuer-welpen/#item-list"",""https://pfotentechnik.de/produkt/xiaomi-smart-pet-food-feeder-2/"",""https://pfotentechnik.de/produkt/petlibro-granary-wifi-feeder/"",""https://pfotentechnik.de/produkt/petkit-fresh-element-solo/""]","[]","14","12","86","2","4469","true","4469","false","apps/pfotentechnik/src/content/comparisons/beste-futterautomaten-fuer-welpen.md"
"https://pfotentechnik.de/vergleiche/beste-futterautomaten-fuer-zwei-katzen/","https://pfotentechnik.de/vergleiche/beste-futterautomaten-fuer-zwei-katzen/","A_INDEXABLE_CANONICAL","comparison","futterautomaten","200","200","0","[""https://pfotentechnik.de/vergleiche/beste-futterautomaten-fuer-zwei-katzen/""]","[""https://pfotentechnik.de/vergleiche/beste-futterautomaten-fuer-zwei-katzen/""]","[{""agent"":""robots"",""value"":""index,follow,max-image-preview:large""}]","","true","2026-07-30T00:00:00.000Z","[""Beste Futterautomaten für zwei Katzen""]","Futterautomaten für 2 Katzen: 4 Systeme im Vergleich","[""https://pfotentechnik.de"",""https://pfotentechnik.de/vergleiche/beste-futterautomaten-fuer-zwei-katzen/"",""https://pfotentechnik.de/"",""https://pfotentechnik.de/smarte-futterautomaten/"",""https://pfotentechnik.de/vergleiche/beste-futterautomaten-fuer-zwei-katzen/#item-list"",""https://pfotentechnik.de/produkt/surefeed-microchip-pet-feeder-connect/"",""https://pfotentechnik.de/produkt/petkit-yumshare-dual-hopper/"",""https://pfotentechnik.de/produkt/oneisall-5l-automatic-cat-feeder/"",""https://pfotentechnik.de/produkt/petlibro-granary-wifi-feeder/""]","[]","23","15","95","2","5932","true","5932","false","apps/pfotentechnik/src/content/comparisons/beste-futterautomaten-fuer-zwei-katzen.md"
"https://pfotentechnik.de/vergleiche/beste-futterautomaten-mit-akku/","https://pfotentechnik.de/vergleiche/beste-futterautomaten-mit-akku/","A_INDEXABLE_CANONICAL","comparison","futterautomaten","200","200","0","[""https://pfotentechnik.de/vergleiche/beste-futterautomaten-mit-akku/""]","[""https://pfotentechnik.de/vergleiche/beste-futterautomaten-mit-akku/""]","[{""agent"":""robots"",""value"":""index,follow,max-image-preview:large""}]","","true","2026-07-30T00:00:00.000Z","[""Beste Futterautomaten mit Akku""]","Beste Futterautomaten mit Akku oder Batterie-Backup","[""https://pfotentechnik.de"",""https://pfotentechnik.de/vergleiche/beste-futterautomaten-mit-akku/"",""https://pfotentechnik.de/"",""https://pfotentechnik.de/smarte-futterautomaten/"",""https://pfotentechnik.de/vergleiche/beste-futterautomaten-mit-akku/#item-list"",""https://pfotentechnik.de/produkt/xiaomi-smart-pet-food-feeder-2/"",""https://pfotentechnik.de/produkt/petlibro-granary-wifi-feeder/"",""https://pfotentechnik.de/produkt/petsafe-smart-feed-2/""]","[]","4","3","70","2","1784","true","1784","false","apps/pfotentechnik/src/content/comparisons/beste-futterautomaten-mit-akku.md"
"https://pfotentechnik.de/vergleiche/beste-futterautomaten-mit-edelstahl-napf/","https://pfotentechnik.de/vergleiche/beste-futterautomaten-mit-edelstahl-napf/","A_INDEXABLE_CANONICAL","comparison","futterautomaten","200","200","0","[""https://pfotentechnik.de/vergleiche/beste-futterautomaten-mit-edelstahl-napf/""]","[""https://pfotentechnik.de/vergleiche/beste-futterautomaten-mit-edelstahl-napf/""]","[{""agent"":""robots"",""value"":""index,follow,max-image-preview:large""}]","","true","2026-07-30T00:00:00.000Z","[""Beste Futterautomaten mit Edelstahlnapf""]","Beste Futterautomaten mit Edelstahlnapf im Vergleich","[""https://pfotentechnik.de"",""https://pfotentechnik.de/vergleiche/beste-futterautomaten-mit-edelstahl-napf/"",""https://pfotentechnik.de/"",""https://pfotentechnik.de/smarte-futterautomaten/"",""https://pfotentechnik.de/vergleiche/beste-futterautomaten-mit-edelstahl-napf/#item-list"",""https://pfotentechnik.de/produkt/petlibro-granary-wifi-feeder/"",""https://pfotentechnik.de/produkt/xiaomi-smart-pet-food-feeder-2/"",""https://pfotentechnik.de/produkt/honeyguardian-smart-pet-feeder-s305d/""]","[]","3","3","69","2","1651","true","1651","false","apps/pfotentechnik/src/content/comparisons/beste-futterautomaten-mit-edelstahl-napf.md"
"https://pfotentechnik.de/vergleiche/beste-futterautomaten-mit-kamera/","https://pfotentechnik.de/vergleiche/beste-futterautomaten-mit-kamera/","A_INDEXABLE_CANONICAL","comparison","futterautomaten","200","200","0","[""https://pfotentechnik.de/vergleiche/beste-futterautomaten-mit-kamera/""]","[""https://pfotentechnik.de/vergleiche/beste-futterautomaten-mit-kamera/""]","[{""agent"":""robots"",""value"":""index,follow,max-image-preview:large""}]","","true","2026-07-30T00:00:00.000Z","[""Beste Futterautomaten mit Kamera""]","Futterautomaten mit Kamera Test 2026: 3 Modelle im Vergleich","[""https://pfotentechnik.de"",""https://pfotentechnik.de/vergleiche/beste-futterautomaten-mit-kamera/"",""https://pfotentechnik.de/"",""https://pfotentechnik.de/smarte-futterautomaten/"",""https://pfotentechnik.de/vergleiche/beste-futterautomaten-mit-kamera/#item-list"",""https://pfotentechnik.de/produkt/petlibro-granary-camera-feeder/"",""https://pfotentechnik.de/produkt/petkit-yumshare-dual-hopper/"",""https://pfotentechnik.de/produkt/petkit-yumshare-solo-2/"",""https://pfotentechnik.de/produkt/catit-pixi-vision-smart-feeder/"",""https://pfotentechnik.de/produkt/petlibro-granary-2-vision/"",""https://pfotentechnik.de/produkt/wopet-heritage-view-camera-feeder/""]","[]","18","13","92","2","3998","true","3998","false","apps/pfotentechnik/src/content/comparisons/beste-futterautomaten-mit-kamera.md"
"https://pfotentechnik.de/vergleiche/beste-futterautomaten-ohne-wlan/","https://pfotentechnik.de/vergleiche/beste-futterautomaten-ohne-wlan/","A_INDEXABLE_CANONICAL","comparison","futterautomaten","200","200","0","[""https://pfotentechnik.de/vergleiche/beste-futterautomaten-ohne-wlan/""]","[""https://pfotentechnik.de/vergleiche/beste-futterautomaten-ohne-wlan/""]","[{""agent"":""robots"",""value"":""index,follow,max-image-preview:large""}]","","true","2026-07-30T00:00:00.000Z","[""Beste Futterautomaten ohne WLAN""]","Beste Futterautomaten ohne WLAN","[""https://pfotentechnik.de"",""https://pfotentechnik.de/vergleiche/beste-futterautomaten-ohne-wlan/"",""https://pfotentechnik.de/"",""https://pfotentechnik.de/smarte-futterautomaten/"",""https://pfotentechnik.de/vergleiche/beste-futterautomaten-ohne-wlan/#item-list"",""https://pfotentechnik.de/produkt/cat-mate-c500/"",""https://pfotentechnik.de/produkt/surefeed-microchip-pet-feeder-connect/"",""https://pfotentechnik.de/produkt/imipaw-3l-automatic-cat-feeder/"",""https://pfotentechnik.de/produkt/aqara-smart-pet-feeder-c1/"",""https://pfotentechnik.de/produkt/petsafe-healthy-pet-simply-feed/""]","[]","18","13","74","2","1870","true","1870","true","apps/pfotentechnik/src/content/comparisons/beste-futterautomaten-ohne-wlan.md"
"https://pfotentechnik.de/vergleiche/beste-futterautomaten-unter-100-euro/","https://pfotentechnik.de/vergleiche/beste-futterautomaten-unter-100-euro/","A_INDEXABLE_CANONICAL","comparison","futterautomaten","200","200","0","[""https://pfotentechnik.de/vergleiche/beste-futterautomaten-unter-100-euro/""]","[""https://pfotentechnik.de/vergleiche/beste-futterautomaten-unter-100-euro/""]","[{""agent"":""robots"",""value"":""index,follow,max-image-preview:large""}]","","true","2026-07-30T00:00:00.000Z","[""Beste Futterautomaten unter 100 Euro""]","Beste Futterautomaten unter 100 Euro im Vergleich","[""https://pfotentechnik.de"",""https://pfotentechnik.de/vergleiche/beste-futterautomaten-unter-100-euro/"",""https://pfotentechnik.de/"",""https://pfotentechnik.de/smarte-futterautomaten/"",""https://pfotentechnik.de/vergleiche/beste-futterautomaten-unter-100-euro/#item-list"",""https://pfotentechnik.de/produkt/imipaw-3l-automatic-cat-feeder/"",""https://pfotentechnik.de/produkt/honeyguardian-smart-pet-feeder-s305d/"",""https://pfotentechnik.de/produkt/cat-mate-c500/""]","[]","7","7","69","2","1728","true","1728","true","apps/pfotentechnik/src/content/comparisons/beste-futterautomaten-unter-100-euro.md"
"https://pfotentechnik.de/vergleiche/beste-gps-tracker-fuer-hunde/","https://pfotentechnik.de/vergleiche/beste-gps-tracker-fuer-hunde/","A_INDEXABLE_CANONICAL","comparison","gps-tracker","200","200","0","[""https://pfotentechnik.de/vergleiche/beste-gps-tracker-fuer-hunde/""]","[""https://pfotentechnik.de/vergleiche/beste-gps-tracker-fuer-hunde/""]","[{""agent"":""robots"",""value"":""index,follow,max-image-preview:large""}]","","true","2026-08-16T00:00:00.000Z","[""Beste GPS-Tracker für Hunde""]","Beste GPS-Tracker für Hunde","[""https://pfotentechnik.de"",""https://pfotentechnik.de/vergleiche/beste-gps-tracker-fuer-hunde/"",""https://pfotentechnik.de/"",""https://pfotentechnik.de/gps-tracker/"",""https://pfotentechnik.de/vergleiche/beste-gps-tracker-fuer-hunde/#item-list"",""https://pfotentechnik.de/produkt/tractive-dog-6/"",""https://pfotentechnik.de/produkt/weenect-xs/"",""https://pfotentechnik.de/produkt/paj-pet-finder-4g-mini/"",""https://pfotentechnik.de/produkt/tractive-dog-6-xl/"",""https://pfotentechnik.de/produkt/weenect-xt/"",""https://pfotentechnik.de/produkt/garmin-alpha-t-20/"",""https://pfotentechnik.de/produkt/enabot-rola-pettracker/"",""https://pfotentechnik.de/produkt/invoxia-biotracker-2026/"",""https://pfotentechnik.de/produkt/prothelis-area-pets/"",""https://pfotentechnik.de/produkt/pawfit-3/""]","[]","48","32","81","2","2979","true","2979","false","apps/pfotentechnik/src/content/comparisons/beste-gps-tracker-fuer-hunde.md"
"https://pfotentechnik.de/vergleiche/beste-gps-tracker-fuer-katzen/","https://pfotentechnik.de/vergleiche/beste-gps-tracker-fuer-katzen/","A_INDEXABLE_CANONICAL","comparison","gps-tracker","200","200","0","[""https://pfotentechnik.de/vergleiche/beste-gps-tracker-fuer-katzen/""]","[""https://pfotentechnik.de/vergleiche/beste-gps-tracker-fuer-katzen/""]","[{""agent"":""robots"",""value"":""index,follow,max-image-preview:large""}]","","true","2026-08-15T00:00:00.000Z","[""Beste GPS-Tracker für Katzen""]","Beste GPS-Tracker für Katzen","[""https://pfotentechnik.de"",""https://pfotentechnik.de/vergleiche/beste-gps-tracker-fuer-katzen/"",""https://pfotentechnik.de/"",""https://pfotentechnik.de/gps-tracker/"",""https://pfotentechnik.de/vergleiche/beste-gps-tracker-fuer-katzen/#item-list"",""https://pfotentechnik.de/produkt/tractive-cat-6-mini/"",""https://pfotentechnik.de/produkt/weenect-xs/"",""https://pfotentechnik.de/produkt/paj-pet-finder-4g-mini/""]","[]","12","11","70","1","2332","true","2332","true","apps/pfotentechnik/src/content/comparisons/beste-gps-tracker-fuer-katzen.md"
"https://pfotentechnik.de/vergleiche/beste-haustierkameras/","https://pfotentechnik.de/vergleiche/beste-haustierkameras/","A_INDEXABLE_CANONICAL","comparison","haustierkameras","200","200","0","[""https://pfotentechnik.de/vergleiche/beste-haustierkameras/""]","[""https://pfotentechnik.de/vergleiche/beste-haustierkameras/""]","[{""agent"":""robots"",""value"":""index,follow,max-image-preview:large""}]","","true","2026-08-21T00:00:00.000Z","[""Haustierkameras im Vergleich""]","Haustierkameras 2026: Typ, Cloud & Abo vergleichen","[""https://pfotentechnik.de"",""https://pfotentechnik.de/vergleiche/beste-haustierkameras/"",""https://pfotentechnik.de/"",""https://pfotentechnik.de/haustierkameras/"",""https://pfotentechnik.de/vergleiche/beste-haustierkameras/#item-list"",""https://pfotentechnik.de/produkt/furbo-360-katzenkamera/"",""https://pfotentechnik.de/produkt/petlibro-scout-smart-camera/"",""https://pfotentechnik.de/produkt/furbo-mini-360/"",""https://pfotentechnik.de/produkt/enabot-rola-mini/"",""https://pfotentechnik.de/produkt/pettec-cam-360/"",""https://pfotentechnik.de/produkt/reolink-e1-zoom/"",""https://pfotentechnik.de/produkt/enabot-ebo-air-2/"",""https://pfotentechnik.de/produkt/furbo-360-hundekamera/""]","[]","24","15","77","2","2525","true","2525","false","apps/pfotentechnik/src/content/comparisons/beste-haustierkameras.md"
"https://pfotentechnik.de/vergleiche/beste-mikrochip-katzenklappen/","https://pfotentechnik.de/vergleiche/beste-mikrochip-katzenklappen/","A_INDEXABLE_CANONICAL","comparison","katzenklappen","200","200","0","[""https://pfotentechnik.de/vergleiche/beste-mikrochip-katzenklappen/""]","[""https://pfotentechnik.de/vergleiche/beste-mikrochip-katzenklappen/""]","[{""agent"":""robots"",""value"":""index,follow,max-image-preview:large""}]","","true","2026-08-16T00:00:00.000Z","[""Mikrochip-Katzenklappen im Vergleich""]","Mikrochip-Katzenklappen: 7 Systeme im Vergleich","[""https://pfotentechnik.de"",""https://pfotentechnik.de/vergleiche/beste-mikrochip-katzenklappen/"",""https://pfotentechnik.de/"",""https://pfotentechnik.de/katzenklappen/"",""https://pfotentechnik.de/vergleiche/beste-mikrochip-katzenklappen/#item-list"",""https://pfotentechnik.de/produkt/sureflap-mikrochip-katzenklappe/"",""https://pfotentechnik.de/produkt/sureflap-dualscan-mikrochip-katzenklappe/"",""https://pfotentechnik.de/produkt/sureflap-mikrochip-katzenklappe-connect/"",""https://pfotentechnik.de/produkt/petsafe-mikrochip-katzenklappe/"",""https://pfotentechnik.de/produkt/petsafe-petporte-smart-flap/"",""https://pfotentechnik.de/produkt/onlycat-mikrochip-katzenklappe/"",""https://pfotentechnik.de/produkt/petwalk-medium-tiertuer/"",""https://pfotentechnik.de/produkt/cat-mate-elite-355w/""]","[]","41","28","75","1","1850","true","1850","true","apps/pfotentechnik/src/content/comparisons/beste-mikrochip-katzenklappen.md"
"https://pfotentechnik.de/vergleiche/beste-trinkbrunnen-fuer-hunde/","https://pfotentechnik.de/vergleiche/beste-trinkbrunnen-fuer-hunde/","A_INDEXABLE_CANONICAL","comparison","trinkbrunnen","200","200","0","[""https://pfotentechnik.de/vergleiche/beste-trinkbrunnen-fuer-hunde/""]","[""https://pfotentechnik.de/vergleiche/beste-trinkbrunnen-fuer-hunde/""]","[{""agent"":""robots"",""value"":""index,follow,max-image-preview:large""}]","","true","2026-08-06T00:00:00.000Z","[""Beste Trinkbrunnen für Hunde""]","Hundetrinkbrunnen Vergleich 2026: 6 Modelle bis 8 Liter","[""https://pfotentechnik.de"",""https://pfotentechnik.de/vergleiche/beste-trinkbrunnen-fuer-hunde/"",""https://pfotentechnik.de/"",""https://pfotentechnik.de/trinkbrunnen/"",""https://pfotentechnik.de/vergleiche/beste-trinkbrunnen-fuer-hunde/#item-list"",""https://pfotentechnik.de/produkt/oneisall-7l-dog-water-fountain/"",""https://pfotentechnik.de/produkt/petlibro-capsule-dog-fountain/"",""https://pfotentechnik.de/produkt/oneisall-3-5l-cordless-fountain/"",""https://pfotentechnik.de/produkt/petkit-eversweet-max-2-uvc/"",""https://pfotentechnik.de/produkt/petlibro-stainless-steel-fountain/"",""https://pfotentechnik.de/produkt/cat-mate-335-pet-fountain/"",""https://pfotentechnik.de/produkt/feelneedy-fn-w18-8l-katzenbrunnen/"",""https://pfotentechnik.de/produkt/petkit-eversweet-max-cordless/"",""https://pfotentechnik.de/produkt/petlibro-dockstream-2-smart/"",""https://pfotentechnik.de/produkt/xiaomi-smart-pet-fountain-2/""]","[]","23","21","83","2","3181","true","3181","false","apps/pfotentechnik/src/content/comparisons/beste-trinkbrunnen-fuer-hunde.md"
"https://pfotentechnik.de/vergleiche/beste-trinkbrunnen-fuer-katzen/","https://pfotentechnik.de/vergleiche/beste-trinkbrunnen-fuer-katzen/","A_INDEXABLE_CANONICAL","comparison","trinkbrunnen","200","200","0","[""https://pfotentechnik.de/vergleiche/beste-trinkbrunnen-fuer-katzen/""]","[""https://pfotentechnik.de/vergleiche/beste-trinkbrunnen-fuer-katzen/""]","[{""agent"":""robots"",""value"":""index,follow,max-image-preview:large""}]","","true","2026-08-16T00:00:00.000Z","[""Beste Trinkbrunnen für Katzen""]","Katzenbrunnen Vergleich 2026: 11 Modelle im Check","[""https://pfotentechnik.de"",""https://pfotentechnik.de/vergleiche/beste-trinkbrunnen-fuer-katzen/"",""https://pfotentechnik.de/"",""https://pfotentechnik.de/trinkbrunnen/"",""https://pfotentechnik.de/vergleiche/beste-trinkbrunnen-fuer-katzen/#item-list"",""https://pfotentechnik.de/produkt/petkit-eversweet-solo-2-fountain/"",""https://pfotentechnik.de/produkt/oneisall-3-2l-cordless-fountain/"",""https://pfotentechnik.de/produkt/petlibro-dockstream-2-smart/"",""https://pfotentechnik.de/produkt/petlibro-dockstream-2-smart-cordless/"",""https://pfotentechnik.de/produkt/petkit-eversweet-max-2-uvc/"",""https://pfotentechnik.de/produkt/petkit-eversweet-ultra/"",""https://pfotentechnik.de/produkt/petlibro-stainless-steel-fountain/"",""https://pfotentechnik.de/produkt/cat-mate-335-pet-fountain/"",""https://pfotentechnik.de/produkt/petkit-eversweet-3-pro-uvc/"",""https://pfotentechnik.de/produkt/catit-pixi-smart-trinkbrunnen/"",""https://pfotentechnik.de/produkt/petsafe-streamside-trinkbrunnen/"",""https://pfotentechnik.de/produkt/cat-mate-shell-fountain/"",""https://pfotentechnik.de/produkt/feelneedy-fn-w18-8l-katzenbrunnen/"",""https://pfotentechnik.de/produkt/oneisall-2-2l-cordless-fountain/"",""https://pfotentechnik.de/produkt/petkit-eversweet-5-mini/"",""https://pfotentechnik.de/produkt/petkit-eversweet-max-cordless/"",""https://pfotentechnik.de/produkt/petkit-eversweet-solo-se/"",""https://pfotentechnik.de/produkt/petlibro-dockstream-cordless/"",""https://pfotentechnik.de/produkt/petlibro-dockstream-rfid-smart/"",""https://pfotentechnik.de/produkt/petlibro-glacier-ultrafiltration/"",""https://pfotentechnik.de/produkt/xiaomi-smart-pet-fountain-2/""]","[]","106","62","102","2","3601","true","3601","false","apps/pfotentechnik/src/content/comparisons/beste-trinkbrunnen-fuer-katzen.md"
"https://pfotentechnik.de/vergleiche/futterautomat-fuer-grosse-hunde/","https://pfotentechnik.de/vergleiche/futterautomat-fuer-grosse-hunde/","A_INDEXABLE_CANONICAL","comparison","futterautomaten","200","200","0","[""https://pfotentechnik.de/vergleiche/futterautomat-fuer-grosse-hunde/""]","[""https://pfotentechnik.de/vergleiche/futterautomat-fuer-grosse-hunde/""]","[{""agent"":""robots"",""value"":""index,follow,max-image-preview:large""}]","","true","2026-07-30T00:00:00.000Z","[""Futterautomat für große Hunde""]","Futterautomat für große Hunde: Größe und Stabilität prüfen","[""https://pfotentechnik.de"",""https://pfotentechnik.de/vergleiche/futterautomat-fuer-grosse-hunde/"",""https://pfotentechnik.de/"",""https://pfotentechnik.de/smarte-futterautomaten/"",""https://pfotentechnik.de/vergleiche/futterautomat-fuer-grosse-hunde/#item-list"",""https://pfotentechnik.de/produkt/xiaomi-smart-pet-food-feeder-2/"",""https://pfotentechnik.de/produkt/petlibro-granary-wifi-feeder/"",""https://pfotentechnik.de/produkt/petlibro-granary-camera-feeder/""]","[]","7","6","75","2","2350","true","2350","false","apps/pfotentechnik/src/content/comparisons/futterautomat-fuer-grosse-hunde.md"
"https://pfotentechnik.de/vergleiche/futterautomat-gegen-schlingen/","https://pfotentechnik.de/vergleiche/futterautomat-gegen-schlingen/","A_INDEXABLE_CANONICAL","comparison","futterautomaten","200","200","0","[""https://pfotentechnik.de/vergleiche/futterautomat-gegen-schlingen/""]","[""https://pfotentechnik.de/vergleiche/futterautomat-gegen-schlingen/""]","[{""agent"":""robots"",""value"":""index,follow,max-image-preview:large""}]","","true","2026-07-30T00:00:00.000Z","[""Futterautomat gegen Schlingen""]","Welcher Futterautomat hilft gegen Schlingen?","[""https://pfotentechnik.de"",""https://pfotentechnik.de/vergleiche/futterautomat-gegen-schlingen/"",""https://pfotentechnik.de/"",""https://pfotentechnik.de/smarte-futterautomaten/"",""https://pfotentechnik.de/vergleiche/futterautomat-gegen-schlingen/#item-list"",""https://pfotentechnik.de/produkt/petsafe-healthy-pet-simply-feed/"",""https://pfotentechnik.de/produkt/petlibro-granary-wifi-feeder/"",""https://pfotentechnik.de/produkt/xiaomi-smart-pet-food-feeder-2/""]","[]","18","17","72","2","1783","true","1783","false","apps/pfotentechnik/src/content/comparisons/futterautomat-gegen-schlingen.md"
"https://pfotentechnik.de/vergleiche/futterautomat-mit-app/","https://pfotentechnik.de/vergleiche/futterautomat-mit-app/","A_INDEXABLE_CANONICAL","comparison","futterautomaten","200","200","0","[""https://pfotentechnik.de/vergleiche/futterautomat-mit-app/""]","[""https://pfotentechnik.de/vergleiche/futterautomat-mit-app/""]","[{""agent"":""robots"",""value"":""index,follow,max-image-preview:large""}]","","true","2026-07-30T00:00:00.000Z","[""Futterautomaten mit App""]","Futterautomat mit App: Funktionen und Modelle","[""https://pfotentechnik.de"",""https://pfotentechnik.de/vergleiche/futterautomat-mit-app/"",""https://pfotentechnik.de/"",""https://pfotentechnik.de/smarte-futterautomaten/"",""https://pfotentechnik.de/vergleiche/futterautomat-mit-app/#item-list"",""https://pfotentechnik.de/produkt/petlibro-granary-wifi-feeder/"",""https://pfotentechnik.de/produkt/petkit-fresh-element-solo/"",""https://pfotentechnik.de/produkt/xiaomi-smart-pet-food-feeder-2/"",""https://pfotentechnik.de/produkt/petlibro-granary-camera-feeder/"",""https://pfotentechnik.de/produkt/petkit-yumshare-dual-hopper/"",""https://pfotentechnik.de/produkt/wopet-cube-air-ca10/""]","[]","18","16","92","2","3308","true","3308","false","apps/pfotentechnik/src/content/comparisons/futterautomat-mit-app.md"
"https://pfotentechnik.de/vergleiche/gps-tracker-mit-langer-akkulaufzeit/","https://pfotentechnik.de/vergleiche/gps-tracker-mit-langer-akkulaufzeit/","A_INDEXABLE_CANONICAL","comparison","gps-tracker","200","200","0","[""https://pfotentechnik.de/vergleiche/gps-tracker-mit-langer-akkulaufzeit/""]","[""https://pfotentechnik.de/vergleiche/gps-tracker-mit-langer-akkulaufzeit/""]","[{""agent"":""robots"",""value"":""index,follow,max-image-preview:large""}]","","true","2026-07-30T00:00:00.000Z","[""GPS-Tracker mit langer Akkulaufzeit""]","GPS-Tracker mit langer Akkulaufzeit im Vergleich","[""https://pfotentechnik.de"",""https://pfotentechnik.de/vergleiche/gps-tracker-mit-langer-akkulaufzeit/"",""https://pfotentechnik.de/"",""https://pfotentechnik.de/gps-tracker/"",""https://pfotentechnik.de/vergleiche/gps-tracker-mit-langer-akkulaufzeit/#item-list"",""https://pfotentechnik.de/produkt/tractive-dog-6-xl/"",""https://pfotentechnik.de/produkt/weenect-xt/"",""https://pfotentechnik.de/produkt/tractive-dog-6/"",""https://pfotentechnik.de/produkt/paj-pet-finder-4g-mini/"",""https://pfotentechnik.de/produkt/tractive-cat-6-mini/"",""https://pfotentechnik.de/produkt/weenect-xs/"",""https://pfotentechnik.de/produkt/garmin-alpha-t-20/"",""https://pfotentechnik.de/produkt/garmin-alpha-tt-25/""]","[]","10","9","82","2","2285","true","2285","false","apps/pfotentechnik/src/content/comparisons/gps-tracker-mit-langer-akkulaufzeit.md"
"https://pfotentechnik.de/vergleiche/gps-tracker-ohne-abo/","https://pfotentechnik.de/vergleiche/gps-tracker-ohne-abo/","A_INDEXABLE_CANONICAL","comparison","gps-tracker","200","200","0","[""https://pfotentechnik.de/vergleiche/gps-tracker-ohne-abo/""]","[""https://pfotentechnik.de/vergleiche/gps-tracker-ohne-abo/""]","[{""agent"":""robots"",""value"":""index,follow,max-image-preview:large""}]","","true","2026-07-30T00:00:00.000Z","[""GPS-Tracker ohne Abo""]","GPS-Tracker ohne Abo: echte Systeme verglichen","[""https://pfotentechnik.de"",""https://pfotentechnik.de/vergleiche/gps-tracker-ohne-abo/"",""https://pfotentechnik.de/"",""https://pfotentechnik.de/gps-tracker/"",""https://pfotentechnik.de/vergleiche/gps-tracker-ohne-abo/#item-list"",""https://pfotentechnik.de/produkt/garmin-alpha-t-20/"",""https://pfotentechnik.de/produkt/garmin-alpha-tt-25/""]","[]","8","7","68","2","1198","true","1198","false","apps/pfotentechnik/src/content/comparisons/gps-tracker-ohne-abo.md"
"https://pfotentechnik.de/vergleiche/","https://pfotentechnik.de/vergleiche/","A_INDEXABLE_CANONICAL","comparison-index","futterautomaten","200","200","0","[""https://pfotentechnik.de/vergleiche/""]","[""https://pfotentechnik.de/vergleiche/""]","[{""agent"":""robots"",""value"":""index,follow,max-image-preview:large""}]","","true","","[""Welcher Vergleich hilft dir bei deiner Entscheidung?""]","Futterautomaten und Pet-Tech-Produkte im Vergleich","[""https://pfotentechnik.de"",""https://pfotentechnik.de/vergleiche/"",""https://pfotentechnik.de/redaktion/""]","[]","798","259","71","1","358","true","358","true","apps/pfotentechnik/dist/vergleiche/index.html"
"https://pfotentechnik.de/vergleiche/katzenklappen-mit-app-und-beuteerkennung/","https://pfotentechnik.de/vergleiche/katzenklappen-mit-app-und-beuteerkennung/","A_INDEXABLE_CANONICAL","comparison","katzenklappen","200","200","0","[""https://pfotentechnik.de/vergleiche/katzenklappen-mit-app-und-beuteerkennung/""]","[""https://pfotentechnik.de/vergleiche/katzenklappen-mit-app-und-beuteerkennung/""]","[{""agent"":""robots"",""value"":""index,follow,max-image-preview:large""}]","","true","2026-09-07T00:00:00.000Z","[""Katzenklappen mit App und Beuteerkennung im Vergleich""]","Katzenklappen mit App & Beuteerkennung im Vergleich","[""https://pfotentechnik.de"",""https://pfotentechnik.de/vergleiche/katzenklappen-mit-app-und-beuteerkennung/"",""https://pfotentechnik.de/"",""https://pfotentechnik.de/katzenklappen/"",""https://pfotentechnik.de/vergleiche/katzenklappen-mit-app-und-beuteerkennung/#item-list"",""https://pfotentechnik.de/produkt/sureflap-mikrochip-katzenklappe-connect/"",""https://pfotentechnik.de/produkt/onlycat-mikrochip-katzenklappe/"",""https://pfotentechnik.de/produkt/flappie/"",""https://pfotentechnik.de/produkt/petwalk-medium-tiertuer/"",""https://pfotentechnik.de/produkt/zeromouse-2-0/""]","[]","11","8","73","2","1633","true","1633","true","apps/pfotentechnik/src/content/comparisons/katzenklappen-mit-app-und-beuteerkennung.md"
"https://pfotentechnik.de/vergleiche/kleine-gps-tracker-fuer-katzen/","https://pfotentechnik.de/vergleiche/kleine-gps-tracker-fuer-katzen/","A_INDEXABLE_CANONICAL","comparison","gps-tracker","200","200","0","[""https://pfotentechnik.de/vergleiche/kleine-gps-tracker-fuer-katzen/""]","[""https://pfotentechnik.de/vergleiche/kleine-gps-tracker-fuer-katzen/""]","[{""agent"":""robots"",""value"":""index,follow,max-image-preview:large""}]","","true","2026-07-30T00:00:00.000Z","[""Kleine GPS-Tracker für Katzen""]","Kleine GPS-Tracker für Katzen im Vergleich","[""https://pfotentechnik.de"",""https://pfotentechnik.de/vergleiche/kleine-gps-tracker-fuer-katzen/"",""https://pfotentechnik.de/"",""https://pfotentechnik.de/gps-tracker/"",""https://pfotentechnik.de/vergleiche/kleine-gps-tracker-fuer-katzen/#item-list"",""https://pfotentechnik.de/produkt/weenect-xs/"",""https://pfotentechnik.de/produkt/tractive-cat-6-mini/"",""https://pfotentechnik.de/produkt/paj-pet-finder-4g-mini/""]","[]","2","2","72","2","1973","true","1973","true","apps/pfotentechnik/src/content/comparisons/kleine-gps-tracker-fuer-katzen.md"
"https://pfotentechnik.de/warum-brauchen-gps-tracker-ein-abo/","https://pfotentechnik.de/warum-brauchen-gps-tracker-ein-abo/","A_INDEXABLE_CANONICAL","problem-solving-guide","gps-tracker","200","200","0","[""https://pfotentechnik.de/warum-brauchen-gps-tracker-ein-abo/""]","[""https://pfotentechnik.de/warum-brauchen-gps-tracker-ein-abo/""]","[{""agent"":""robots"",""value"":""index,follow,max-image-preview:large""}]","","true","2026-07-20T00:00:00.000Z","[""Warum benötigen viele Tracker ein Abo?""]","Warum brauchen GPS-Tracker ein Abo? Kosten erklärt","[""https://pfotentechnik.de"",""https://pfotentechnik.de/warum-brauchen-gps-tracker-ein-abo/"",""https://pfotentechnik.de/favicon.svg"",""https://pfotentechnik.de/"",""https://pfotentechnik.de/wissen/""]","[]","7","7","53","2","598","true","598","true","apps/pfotentechnik/src/content/pages/warum-brauchen-gps-tracker-ein-abo.md"
"https://pfotentechnik.de/warum-hunde-feste-fuetterungszeiten-brauchen/","https://pfotentechnik.de/warum-hunde-feste-fuetterungszeiten-brauchen/","A_INDEXABLE_CANONICAL","guide","hundeernaehrung","200","200","0","[""https://pfotentechnik.de/warum-hunde-feste-fuetterungszeiten-brauchen/""]","[""https://pfotentechnik.de/warum-hunde-feste-fuetterungszeiten-brauchen/""]","[{""agent"":""robots"",""value"":""index,follow,max-image-preview:large""}]","","true","2026-07-14T00:00:00.000Z","[""Wann und wie oft sollte man einen Hund füttern?""]","Wann und wie oft Hund füttern? Fütterungsplan","[""https://pfotentechnik.de"",""https://pfotentechnik.de/warum-hunde-feste-fuetterungszeiten-brauchen/"",""https://pfotentechnik.de/favicon.svg"",""https://pfotentechnik.de/"",""https://pfotentechnik.de/wissen/""]","[]","8","6","57","2","1382","true","1382","true","apps/pfotentechnik/src/content/pages/warum-hunde-feste-fuetterungszeiten-brauchen.md"
"https://pfotentechnik.de/warum-katzen-fliessendes-wasser-trinken/","https://pfotentechnik.de/warum-katzen-fliessendes-wasser-trinken/","A_INDEXABLE_CANONICAL","problem-solving-guide","katzengesundheit","200","200","0","[""https://pfotentechnik.de/warum-katzen-fliessendes-wasser-trinken/""]","[""https://pfotentechnik.de/warum-katzen-fliessendes-wasser-trinken/""]","[{""agent"":""robots"",""value"":""index,follow,max-image-preview:large""}]","","true","2026-07-12T00:00:00.000Z","[""Warum Katzen lieber fließendes Wasser trinken – und warum das nicht für jede Katze gilt""]","Warum trinken Katzen lieber fließendes Wasser?","[""https://pfotentechnik.de"",""https://pfotentechnik.de/warum-katzen-fliessendes-wasser-trinken/"",""https://pfotentechnik.de/favicon.svg"",""https://pfotentechnik.de/"",""https://pfotentechnik.de/wissen/""]","[]","18","12","53","2","1071","true","1071","true","apps/pfotentechnik/src/content/pages/warum-katzen-fliessendes-wasser-trinken.md"
"https://pfotentechnik.de/warum-schlingt-mein-hund/","https://pfotentechnik.de/warum-schlingt-mein-hund/","A_INDEXABLE_CANONICAL","problem-solving-guide","futterautomaten","200","200","0","[""https://pfotentechnik.de/warum-schlingt-mein-hund/""]","[""https://pfotentechnik.de/warum-schlingt-mein-hund/""]","[{""agent"":""robots"",""value"":""index,follow,max-image-preview:large""}]","","true","2026-07-12T00:00:00.000Z","[""Warum schlingt mein Hund?""]","Warum schlingt mein Hund? Ursachen und Lösungen","[""https://pfotentechnik.de"",""https://pfotentechnik.de/warum-schlingt-mein-hund/"",""https://pfotentechnik.de/favicon.svg"",""https://pfotentechnik.de/"",""https://pfotentechnik.de/wissen/""]","[]","5","4","50","2","733","true","733","true","apps/pfotentechnik/src/content/pages/warum-schlingt-mein-hund.md"
"https://pfotentechnik.de/wasserstelle-katze-richtiger-standort/","https://pfotentechnik.de/wasserstelle-katze-richtiger-standort/","A_INDEXABLE_CANONICAL","guide","katzenhaltung","200","200","0","[""https://pfotentechnik.de/wasserstelle-katze-richtiger-standort/""]","[""https://pfotentechnik.de/wasserstelle-katze-richtiger-standort/""]","[{""agent"":""robots"",""value"":""index,follow,max-image-preview:large""}]","","true","2026-07-19T00:00:00.000Z","[""Wo sollte das Wasser für Katzen stehen?""]","Wo sollte der Wassernapf für Katzen stehen?","[""https://pfotentechnik.de"",""https://pfotentechnik.de/wasserstelle-katze-richtiger-standort/"",""https://pfotentechnik.de/favicon.svg"",""https://pfotentechnik.de/"",""https://pfotentechnik.de/wissen/""]","[]","7","5","50","2","706","true","706","true","apps/pfotentechnik/src/content/pages/wasserstelle-katze-richtiger-standort.md"
"https://pfotentechnik.de/welche-portionsgroesse-ist-richtig/","https://pfotentechnik.de/welche-portionsgroesse-ist-richtig/","A_INDEXABLE_CANONICAL","guide","futterautomaten","200","200","0","[""https://pfotentechnik.de/welche-portionsgroesse-ist-richtig/""]","[""https://pfotentechnik.de/welche-portionsgroesse-ist-richtig/""]","[{""agent"":""robots"",""value"":""index,follow,max-image-preview:large""}]","","true","2026-07-28T00:00:00.000Z","[""Futterautomat richtig einstellen: Portionsgröße messen und berechnen""]","Futterautomat einstellen: Portionen in Gramm","[""https://pfotentechnik.de"",""https://pfotentechnik.de/welche-portionsgroesse-ist-richtig/"",""https://pfotentechnik.de/favicon.svg"",""https://pfotentechnik.de/"",""https://pfotentechnik.de/wissen/""]","[]","21","13","62","2","3878","true","3878","true","apps/pfotentechnik/src/content/pages/welche-portionsgroesse-ist-richtig.md"
"https://pfotentechnik.de/welcher-futterautomat-ist-der-richtige/","https://pfotentechnik.de/welcher-futterautomat-ist-der-richtige/","A_INDEXABLE_CANONICAL","editorial-page","futterautomaten","200","200","0","[""https://pfotentechnik.de/welcher-futterautomat-ist-der-richtige/""]","[""https://pfotentechnik.de/welcher-futterautomat-ist-der-richtige/""]","[{""agent"":""robots"",""value"":""index,follow,max-image-preview:large""}]","","true","2026-07-25T00:00:00.000Z","[""Welcher Futterautomat passt zu mir? Auswahlhilfe in 5 Schritten""]","Welcher Futterautomat passt zu mir? Auswahlhilfe","[""https://pfotentechnik.de"",""https://pfotentechnik.de/welcher-futterautomat-ist-der-richtige/"",""https://pfotentechnik.de/favicon.svg"",""https://pfotentechnik.de/"",""https://pfotentechnik.de/wissen/""]","[]","32","27","79","2","1929","true","1929","true","apps/pfotentechnik/src/content/pages/welcher-futterautomat-ist-der-richtige.md"
"https://pfotentechnik.de/welpen-richtig-fuettern/","https://pfotentechnik.de/welpen-richtig-fuettern/","A_INDEXABLE_CANONICAL","guide","hundeernaehrung","200","200","0","[""https://pfotentechnik.de/welpen-richtig-fuettern/""]","[""https://pfotentechnik.de/welpen-richtig-fuettern/""]","[{""agent"":""robots"",""value"":""index,follow,max-image-preview:large""}]","","true","2026-07-24T00:00:00.000Z","[""Welpen richtig füttern""]","Welpenfütterung: Futtermenge, Mahlzeiten & Wachstum","[""https://pfotentechnik.de"",""https://pfotentechnik.de/welpen-richtig-fuettern/"",""https://pfotentechnik.de/favicon.svg"",""https://pfotentechnik.de/"",""https://pfotentechnik.de/wissen/""]","[]","11","8","56","2","3690","true","3690","true","apps/pfotentechnik/src/content/pages/welpen-richtig-fuettern.md"
"https://pfotentechnik.de/wie-funktionieren-gps-tracker/","https://pfotentechnik.de/wie-funktionieren-gps-tracker/","A_INDEXABLE_CANONICAL","guide","gps-tracker","200","200","0","[""https://pfotentechnik.de/wie-funktionieren-gps-tracker/""]","[""https://pfotentechnik.de/wie-funktionieren-gps-tracker/""]","[{""agent"":""robots"",""value"":""index,follow,max-image-preview:large""}]","","true","2026-08-24T00:00:00.000Z","[""Wie funktionieren GPS-Tracker?""]","Wie funktionieren GPS-Tracker für Haustiere?","[""https://pfotentechnik.de"",""https://pfotentechnik.de/wie-funktionieren-gps-tracker/"",""https://pfotentechnik.de/favicon.svg"",""https://pfotentechnik.de/"",""https://pfotentechnik.de/wissen/""]","[]","6","4","52","2","917","true","917","true","apps/pfotentechnik/src/content/pages/wie-funktionieren-gps-tracker.md"
"https://pfotentechnik.de/wie-funktioniert-ein-futterautomat/","https://pfotentechnik.de/wie-funktioniert-ein-futterautomat/","A_INDEXABLE_CANONICAL","editorial-page","futterautomaten","200","200","0","[""https://pfotentechnik.de/wie-funktioniert-ein-futterautomat/""]","[""https://pfotentechnik.de/wie-funktioniert-ein-futterautomat/""]","[{""agent"":""robots"",""value"":""index,follow,max-image-preview:large""}]","","true","2026-07-25T00:00:00.000Z","[""Wie funktioniert ein Futterautomat?""]","Wie funktioniert ein Futterautomat für Hund und Katze?","[""https://pfotentechnik.de"",""https://pfotentechnik.de/wie-funktioniert-ein-futterautomat/"",""https://pfotentechnik.de/favicon.svg"",""https://pfotentechnik.de/"",""https://pfotentechnik.de/wissen/""]","[]","8","7","61","2","1192","true","1192","true","apps/pfotentechnik/src/content/pages/wie-funktioniert-ein-futterautomat.md"
"https://pfotentechnik.de/wie-genau-sind-gps-tracker/","https://pfotentechnik.de/wie-genau-sind-gps-tracker/","A_INDEXABLE_CANONICAL","guide","gps-tracker","200","200","0","[""https://pfotentechnik.de/wie-genau-sind-gps-tracker/""]","[""https://pfotentechnik.de/wie-genau-sind-gps-tracker/""]","[{""agent"":""robots"",""value"":""index,follow,max-image-preview:large""}]","","true","2026-07-20T00:00:00.000Z","[""Wie genau sind GPS-Tracker?""]","Wie genau sind GPS-Tracker für Haustiere?","[""https://pfotentechnik.de"",""https://pfotentechnik.de/wie-genau-sind-gps-tracker/"",""https://pfotentechnik.de/favicon.svg"",""https://pfotentechnik.de/"",""https://pfotentechnik.de/wissen/""]","[]","7","7","50","2","604","true","604","true","apps/pfotentechnik/src/content/pages/wie-genau-sind-gps-tracker.md"
"https://pfotentechnik.de/wie-gross-sollte-ein-futterautomat-sein/","https://pfotentechnik.de/wie-gross-sollte-ein-futterautomat-sein/","A_INDEXABLE_CANONICAL","guide","futterautomaten","200","200","0","[""https://pfotentechnik.de/wie-gross-sollte-ein-futterautomat-sein/""]","[""https://pfotentechnik.de/wie-gross-sollte-ein-futterautomat-sein/""]","[{""agent"":""robots"",""value"":""index,follow,max-image-preview:large""}]","","true","2026-07-28T00:00:00.000Z","[""Wie groß sollte ein Futterautomat sein? Kapazität richtig berechnen""]","Futterautomat-Größe berechnen: Liter & Gramm","[""https://pfotentechnik.de"",""https://pfotentechnik.de/wie-gross-sollte-ein-futterautomat-sein/"",""https://pfotentechnik.de/favicon.svg"",""https://pfotentechnik.de/"",""https://pfotentechnik.de/wissen/""]","[]","11","10","70","2","4262","true","4262","true","apps/pfotentechnik/src/content/pages/wie-gross-sollte-ein-futterautomat-sein.md"
"https://pfotentechnik.de/wie-kann-technik-gegen-langeweile-helfen/","https://pfotentechnik.de/wie-kann-technik-gegen-langeweile-helfen/","A_INDEXABLE_CANONICAL","guide","tierbeschaeftigung","200","200","0","[""https://pfotentechnik.de/wie-kann-technik-gegen-langeweile-helfen/""]","[""https://pfotentechnik.de/wie-kann-technik-gegen-langeweile-helfen/""]","[{""agent"":""robots"",""value"":""index,follow,max-image-preview:large""}]","","true","2026-07-12T00:00:00.000Z","[""Wie kann Technik gegen Langeweile bei Haustieren helfen?""]","Technik gegen Langeweile bei Hund und Katze","[""https://pfotentechnik.de"",""https://pfotentechnik.de/wie-kann-technik-gegen-langeweile-helfen/"",""https://pfotentechnik.de/favicon.svg"",""https://pfotentechnik.de/"",""https://pfotentechnik.de/wissen/""]","[]","3","2","52","2","778","true","778","true","apps/pfotentechnik/src/content/pages/wie-kann-technik-gegen-langeweile-helfen.md"
"https://pfotentechnik.de/wie-lange-bleibt-trockenfutter-frisch/","https://pfotentechnik.de/wie-lange-bleibt-trockenfutter-frisch/","A_INDEXABLE_CANONICAL","guide","futterautomaten","200","200","0","[""https://pfotentechnik.de/wie-lange-bleibt-trockenfutter-frisch/""]","[""https://pfotentechnik.de/wie-lange-bleibt-trockenfutter-frisch/""]","[{""agent"":""robots"",""value"":""index,follow,max-image-preview:large""}]","","true","2026-07-28T00:00:00.000Z","[""Wie lange bleibt Trockenfutter frisch? Lagerung, Fristen und Rechner""]","Trockenfutter haltbar nach Öffnen: Tabelle & Rechner","[""https://pfotentechnik.de"",""https://pfotentechnik.de/wie-lange-bleibt-trockenfutter-frisch/"",""https://pfotentechnik.de/favicon.svg"",""https://pfotentechnik.de/"",""https://pfotentechnik.de/wissen/""]","[]","6","6","59","2","4169","true","4169","true","apps/pfotentechnik/src/content/pages/wie-lange-bleibt-trockenfutter-frisch.md"
"https://pfotentechnik.de/wie-laut-sind-automatische-futterautomaten/","https://pfotentechnik.de/wie-laut-sind-automatische-futterautomaten/","A_INDEXABLE_CANONICAL","guide","futterautomaten","200","200","0","[""https://pfotentechnik.de/wie-laut-sind-automatische-futterautomaten/""]","[""https://pfotentechnik.de/wie-laut-sind-automatische-futterautomaten/""]","[{""agent"":""robots"",""value"":""index,follow,max-image-preview:large""}]","","true","2026-07-12T00:00:00.000Z","[""Wie laut sind automatische Futterautomaten?""]","Wie laut sind automatische Futterautomaten?","[""https://pfotentechnik.de"",""https://pfotentechnik.de/wie-laut-sind-automatische-futterautomaten/"",""https://pfotentechnik.de/favicon.svg"",""https://pfotentechnik.de/"",""https://pfotentechnik.de/wissen/""]","[]","2","2","61","2","795","true","795","true","apps/pfotentechnik/src/content/pages/wie-laut-sind-automatische-futterautomaten.md"
"https://pfotentechnik.de/wie-viel-wasser-braucht-ein-hund/","https://pfotentechnik.de/wie-viel-wasser-braucht-ein-hund/","A_INDEXABLE_CANONICAL","guide","trinkbrunnen","200","200","0","[""https://pfotentechnik.de/wie-viel-wasser-braucht-ein-hund/""]","[""https://pfotentechnik.de/wie-viel-wasser-braucht-ein-hund/""]","[{""agent"":""robots"",""value"":""index,follow,max-image-preview:large""}]","","true","2026-07-19T00:00:00.000Z","[""Wie viel Wasser braucht ein Hund am Tag?""]","Wie viel Wasser braucht ein Hund am Tag?","[""https://pfotentechnik.de"",""https://pfotentechnik.de/wie-viel-wasser-braucht-ein-hund/"",""https://pfotentechnik.de/favicon.svg"",""https://pfotentechnik.de/"",""https://pfotentechnik.de/wissen/""]","[]","14","9","51","2","1409","true","1409","true","apps/pfotentechnik/src/content/pages/wie-viel-wasser-braucht-ein-hund.md"
"https://pfotentechnik.de/wie-viel-wasser-braucht-eine-katze/","https://pfotentechnik.de/wie-viel-wasser-braucht-eine-katze/","A_INDEXABLE_CANONICAL","guide","trinkbrunnen","200","200","0","[""https://pfotentechnik.de/wie-viel-wasser-braucht-eine-katze/""]","[""https://pfotentechnik.de/wie-viel-wasser-braucht-eine-katze/""]","[{""agent"":""robots"",""value"":""index,follow,max-image-preview:large""}]","","true","2026-07-14T00:00:00.000Z","[""Wie viel Wasser braucht eine Katze am Tag?""]","Wie viel Wasser braucht eine Katze am Tag?","[""https://pfotentechnik.de"",""https://pfotentechnik.de/wie-viel-wasser-braucht-eine-katze/"",""https://pfotentechnik.de/favicon.svg"",""https://pfotentechnik.de/"",""https://pfotentechnik.de/wissen/""]","[]","11","8","53","2","2313","true","2313","true","apps/pfotentechnik/src/content/pages/wie-viel-wasser-braucht-eine-katze.md"
"https://pfotentechnik.de/wie-viele-mahlzeiten-hund/","https://pfotentechnik.de/wie-viele-mahlzeiten-hund/","A_INDEXABLE_CANONICAL","editorial-page","futterautomaten","200","200","0","[""https://pfotentechnik.de/wie-viele-mahlzeiten-hund/""]","[""https://pfotentechnik.de/wie-viele-mahlzeiten-hund/""]","[{""agent"":""robots"",""value"":""index,follow,max-image-preview:large""}]","","true","2026-07-31T00:00:00.000Z","[""Wie viele Mahlzeiten braucht ein Hund?""]","Wie viele Mahlzeiten braucht ein Hund am Tag?","[""https://pfotentechnik.de"",""https://pfotentechnik.de/wie-viele-mahlzeiten-hund/"",""https://pfotentechnik.de/favicon.svg"",""https://pfotentechnik.de/"",""https://pfotentechnik.de/wissen/""]","[]","30","24","67","2","1208","true","1208","true","apps/pfotentechnik/src/content/pages/wie-viele-mahlzeiten-hund.md"
"https://pfotentechnik.de/wie-viele-mahlzeiten-katze/","https://pfotentechnik.de/wie-viele-mahlzeiten-katze/","A_INDEXABLE_CANONICAL","editorial-page","futterautomaten","200","200","0","[""https://pfotentechnik.de/wie-viele-mahlzeiten-katze/""]","[""https://pfotentechnik.de/wie-viele-mahlzeiten-katze/""]","[{""agent"":""robots"",""value"":""index,follow,max-image-preview:large""}]","","true","2026-07-09T00:00:00.000Z","[""Wie viele Mahlzeiten braucht eine Katze?""]","Wie viele Mahlzeiten braucht eine Katze am Tag?","[""https://pfotentechnik.de"",""https://pfotentechnik.de/wie-viele-mahlzeiten-katze/"",""https://pfotentechnik.de/favicon.svg"",""https://pfotentechnik.de/"",""https://pfotentechnik.de/wissen/""]","[]","28","23","66","2","1101","true","1101","true","apps/pfotentechnik/src/content/pages/wie-viele-mahlzeiten-katze.md"
"https://pfotentechnik.de/wie-viele-wasserstellen-katze/","https://pfotentechnik.de/wie-viele-wasserstellen-katze/","A_INDEXABLE_CANONICAL","problem-solving-guide","trinkbrunnen","200","200","0","[""https://pfotentechnik.de/wie-viele-wasserstellen-katze/""]","[""https://pfotentechnik.de/wie-viele-wasserstellen-katze/""]","[{""agent"":""robots"",""value"":""index,follow,max-image-preview:large""}]","","true","2026-07-25T00:00:00.000Z","[""Wie viele Wasserstellen braucht eine Katze?""]","Wie viele Wassernäpfe braucht eine Katze? Klare Regel","[""https://pfotentechnik.de"",""https://pfotentechnik.de/wie-viele-wasserstellen-katze/"",""https://pfotentechnik.de/favicon.svg"",""https://pfotentechnik.de/"",""https://pfotentechnik.de/wissen/""]","[]","23","16","69","2","3110","true","3110","true","apps/pfotentechnik/src/content/pages/wie-viele-wasserstellen-katze.md"
"https://pfotentechnik.de/wissen/","https://pfotentechnik.de/wissen/","A_INDEXABLE_CANONICAL","knowledge-hub","smarte-haustiertechnik","200","200","0","[""https://pfotentechnik.de/wissen/""]","[""https://pfotentechnik.de/wissen/""]","[{""agent"":""robots"",""value"":""index,follow,max-image-preview:large""}]","","true","","[""Ratgeber für moderne Tierhaltung""]","Wissen","[""https://pfotentechnik.de"",""https://pfotentechnik.de/wissen/"",""https://pfotentechnik.de/redaktion/"",""https://pfotentechnik.de/favicon.svg""]","[]","863","259","116","1","1234","true","1234","true","apps/pfotentechnik/dist/wissen/index.html"
"https://pfotentechnik.de/woran-erkennt-man-dass-die-katze-zu-wenig-trinkt/","https://pfotentechnik.de/woran-erkennt-man-dass-die-katze-zu-wenig-trinkt/","A_INDEXABLE_CANONICAL","medical-guide","trinkbrunnen","200","200","0","[""https://pfotentechnik.de/woran-erkennt-man-dass-die-katze-zu-wenig-trinkt/""]","[""https://pfotentechnik.de/woran-erkennt-man-dass-die-katze-zu-wenig-trinkt/""]","[{""agent"":""robots"",""value"":""index,follow,max-image-preview:large""}]","","true","2026-07-19T00:00:00.000Z","[""Woran erkennt man, dass eine Katze zu wenig trinkt?""]","Katze trinkt zu wenig: Anzeichen und Warnsignale","[""https://pfotentechnik.de"",""https://pfotentechnik.de/woran-erkennt-man-dass-die-katze-zu-wenig-trinkt/"",""https://pfotentechnik.de/favicon.svg"",""https://pfotentechnik.de/"",""https://pfotentechnik.de/wissen/""]","[]","9","7","56","2","4406","true","4406","true","apps/pfotentechnik/src/content/pages/woran-erkennt-man-dass-die-katze-zu-wenig-trinkt.md"
