url,exclusionCategory,googleImpressions,googleClicks,bingImpressions,bingClicks,pageType,cluster,publishedAt,updatedAt,ageDays,clickDepth,incomingSources,contextualSources,authority,selfCanonical,sitemap,lastmod,mainWords,schemas,mainHash
"https://pfotentechnik.de/affiliate-hinweis/","UNAVAILABLE_PERFORMANCE_IS_NOT_INDEX_COVERAGE","0","0","0","0","legal","smarte-haustiertechnik","","","null","1","259","20","NORMAL","true","true","","369","[""Organization"",""WebPage"",""WebSite""]","81d34e68a45422a02bf53606f915fb819825134bcedc9ab9e0f3ea4d2f84eac1"
"https://pfotentechnik.de/automatische-katzentoiletten/","UNAVAILABLE_PERFORMANCE_IS_NOT_INDEX_COVERAGE","0","0","0","0","editorial-page","automatische-katzentoiletten","2026-08-06","2026-08-16","53","1","259","27","NORMAL","true","true","2026-08-16T00:00:00.000Z","951","[""Organization"",""Article"",""Organization"",""Organization"",""ImageObject"",""BreadcrumbList"",""ListItem"",""ListItem"",""ListItem""]","e7f970aa9f2eccaf1398538b405c6317f651a46f9393444339650d852a90f295"
"https://pfotentechnik.de/berater/futterautomat/","UNAVAILABLE_PERFORMANCE_IS_NOT_INDEX_COVERAGE","0","0","0","0","editorial-page","futterautomaten","","","null","2","29","29","NORMAL","true","true","","160","[""Organization"",""WebPage"",""WebSite"",""BreadcrumbList"",""ListItem"",""ListItem""]","612bea233d13a2f9643093c68535a7e4336ea8311e30ce2e5d3c81984640c5c1"
"https://pfotentechnik.de/biofilm-im-katzentrinkbrunnen/","UNAVAILABLE_PERFORMANCE_IS_NOT_INDEX_COVERAGE","0","0","0","0","problem-solving-guide","trinkbrunnen","2026-07-13","2026-07-25","77","2","13","11","NORMAL","true","true","2026-07-25T00:00:00.000Z","759","[""Organization"",""Article"",""Organization"",""Organization"",""ImageObject"",""BreadcrumbList"",""ListItem"",""ListItem"",""ListItem"",""FAQPage"",""Question"",""Answer"",""Question"",""Answer""]","79774d22158c47eb832be362ee3d0758e7e505989d5835620eb0dd1872b17a31"
"https://pfotentechnik.de/datenschutz/","UNAVAILABLE_PERFORMANCE_IS_NOT_INDEX_COVERAGE","0","0","0","0","legal","smarte-haustiertechnik","","","null","1","259","0","WEAK","true","true","","462","[""Organization"",""WebPage"",""WebSite""]","39214ec3f42af3e12367ed1b1c44937142bf0c8ef53a156bcd33309011268ca1"
"https://pfotentechnik.de/datenschutz-bei-gps-trackern/","UNAVAILABLE_PERFORMANCE_IS_NOT_INDEX_COVERAGE","2","0","0","0","guide","gps-tracker","2026-07-20","2026-07-20","70","2","6","4","STRONG","true","true","2026-07-20T00:00:00.000Z","652","[""Organization"",""Article"",""Organization"",""Organization"",""ImageObject"",""BreadcrumbList"",""ListItem"",""ListItem"",""ListItem"",""FAQPage"",""Question"",""Answer"",""Question"",""Answer"",""Question"",""Answer"",""Question"",""Answer"",""Question"",""Answer"",""Question"",""Answer""]","bb34a72ef66a2c9027bd59eebaade5dcb2c10325778ddc276e02ae2f1a647f0c"
"https://pfotentechnik.de/filter-im-katzentrinkbrunnen-wechseln/","UNAVAILABLE_PERFORMANCE_IS_NOT_INDEX_COVERAGE","0","0","2","0","medical-guide","trinkbrunnen","2026-07-13","2026-07-25","77","2","29","26","STRONG","true","true","2026-07-25T00:00:00.000Z","772","[""Organization"",""Article"",""Organization"",""Organization"",""ImageObject"",""BreadcrumbList"",""ListItem"",""ListItem"",""ListItem"",""FAQPage"",""Question"",""Answer"",""Question"",""Answer""]","02afe064b86581496d744f67b04227807625ef921f719635b494b576b95ebd84"
"https://pfotentechnik.de/fuetterungszeiten-nach-alter/","UNAVAILABLE_PERFORMANCE_IS_NOT_INDEX_COVERAGE","0","0","1","0","guide","tierernaehrung","2026-07-12","2026-07-28","78","2","4","3","NORMAL","true","true","2026-07-28T00:00:00.000Z","2408","[""Organization"",""Article"",""Organization"",""Organization"",""ImageObject"",""BreadcrumbList"",""ListItem"",""ListItem"",""ListItem"",""FAQPage"",""Question"",""Answer"",""Question"",""Answer"",""Question"",""Answer"",""Question"",""Answer"",""Question"",""Answer"",""Question"",""Answer"",""Question"",""Answer"",""Question"",""Answer"",""Question"",""Answer"",""Question"",""Answer"",""Question"",""Answer"",""Question"",""Answer""]","7c2f1887cb1a40c3e91d9c93c680bfa6310894c895e8e7a051aa65fa0be6fd3a"
"https://pfotentechnik.de/futterautomat-bei-stromausfall/","UNAVAILABLE_PERFORMANCE_IS_NOT_INDEX_COVERAGE","0","0","3","0","guide","futterautomaten","2026-07-12","2026-07-28","78","2","7","7","STRONG","true","true","2026-07-28T00:00:00.000Z","3780","[""Organization"",""Article"",""Organization"",""Organization"",""ImageObject"",""BreadcrumbList"",""ListItem"",""ListItem"",""ListItem"",""FAQPage"",""Question"",""Answer"",""Question"",""Answer"",""Question"",""Answer"",""Question"",""Answer"",""Question"",""Answer"",""Question"",""Answer"",""Question"",""Answer"",""Question"",""Answer"",""Question"",""Answer"",""Question"",""Answer"",""Question"",""Answer"",""Question"",""Answer"",""Question"",""Answer"",""Question"",""Answer"",""Question"",""Answer"",""Question"",""Answer""]","2291b07a87c0cac951d481c2cff9667c852a19195aec7dad7dcf4e464cfac166"
"https://pfotentechnik.de/futterautomat-bei-uebergewicht/","UNAVAILABLE_PERFORMANCE_IS_NOT_INDEX_COVERAGE","0","0","0","0","editorial-page","futterautomaten","2026-07-09","2026-07-25","81","2","8","8","NORMAL","true","true","2026-07-25T00:00:00.000Z","2975","[""Organization"",""Article"",""Organization"",""Organization"",""ImageObject"",""BreadcrumbList"",""ListItem"",""ListItem"",""ListItem"",""FAQPage"",""Question"",""Answer"",""Question"",""Answer"",""Question"",""Answer"",""Question"",""Answer"",""Question"",""Answer"",""Question"",""Answer"",""Question"",""Answer"",""Question"",""Answer"",""Question"",""Answer"",""Question"",""Answer"",""Question"",""Answer"",""Question"",""Answer"",""Question"",""Answer"",""Question"",""Answer"",""Question"",""Answer""]","bcf0a20fbbe38f185ee94d1ff7a316721fe504338fea5f2bd0c5dadd4d2df9d9"
"https://pfotentechnik.de/futterautomat-berater/","UNAVAILABLE_PERFORMANCE_IS_NOT_INDEX_COVERAGE","0","0","0","0","editorial-page","futterautomaten","","","null","2","1","1","NEAR_ORPHAN","true","true","","288","[""Organization"",""BreadcrumbList"",""ListItem"",""ListItem""]","b70c3013721fabd9a147147e8f5f9d3d54fd64b288fd3e8e46c5a8a6cc100107"
"https://pfotentechnik.de/futterautomat-hund/","UNAVAILABLE_PERFORMANCE_IS_NOT_INDEX_COVERAGE","0","0","0","0","editorial-page","futterautomaten","2026-07-08","2026-07-24","82","2","37","34","NORMAL","true","true","2026-07-24T00:00:00.000Z","2820","[""Organization"",""Article"",""Organization"",""Organization"",""ImageObject"",""BreadcrumbList"",""ListItem"",""ListItem"",""ListItem"",""FAQPage"",""Question"",""Answer"",""Question"",""Answer"",""Question"",""Answer"",""Question"",""Answer"",""Question"",""Answer"",""Question"",""Answer"",""Question"",""Answer"",""Question"",""Answer"",""Question"",""Answer"",""Question"",""Answer"",""Question"",""Answer"",""Question"",""Answer"",""Question"",""Answer""]","6d68c50a4d8535d897b0b4f0d37a9ac63e9d9927c998b18b4e7691fa63e37b1c"
"https://pfotentechnik.de/futterautomat-im-urlaub/","UNAVAILABLE_PERFORMANCE_IS_NOT_INDEX_COVERAGE","0","0","0","0","editorial-page","futterautomaten","2026-07-09","2026-07-28","81","2","15","14","STRONG","true","true","2026-07-28T00:00:00.000Z","2863","[""Organization"",""Article"",""Organization"",""Organization"",""ImageObject"",""BreadcrumbList"",""ListItem"",""ListItem"",""ListItem"",""FAQPage"",""Question"",""Answer"",""Question"",""Answer"",""Question"",""Answer"",""Question"",""Answer"",""Question"",""Answer"",""Question"",""Answer"",""Question"",""Answer"",""Question"",""Answer"",""Question"",""Answer"",""Question"",""Answer"",""Question"",""Answer"",""Question"",""Answer""]","e7babb54083727bcb7b7d11064e3611c8cb023afab92f2dfffc02d874b185269"
"https://pfotentechnik.de/futterautomat-katze/","UNAVAILABLE_PERFORMANCE_IS_NOT_INDEX_COVERAGE","0","0","0","0","editorial-page","futterautomaten","2026-07-08","2026-08-24","82","2","25","22","NORMAL","true","true","2026-08-24T00:00:00.000Z","1058","[""Organization"",""Article"",""Organization"",""Organization"",""ImageObject"",""BreadcrumbList"",""ListItem"",""ListItem"",""ListItem"",""FAQPage"",""Question"",""Answer"",""Question"",""Answer"",""Question"",""Answer"",""Question"",""Answer""]","7de8ea6a28d7b710bf51083be1a2a1e38b24631fed96306d8196c2316122062c"
"https://pfotentechnik.de/futterautomat-richtig-reinigen/","UNAVAILABLE_PERFORMANCE_IS_NOT_INDEX_COVERAGE","0","0","0","0","problem-solving-guide","futterautomaten","2026-07-12","2026-07-19","78","2","10","10","STRONG","true","true","2026-07-19T00:00:00.000Z","6131","[""Organization"",""Article"",""Organization"",""Organization"",""ImageObject"",""BreadcrumbList"",""ListItem"",""ListItem"",""ListItem"",""FAQPage"",""Question"",""Answer"",""Question"",""Answer"",""Question"",""Answer"",""Question"",""Answer"",""Question"",""Answer"",""Question"",""Answer""]","c44cc87582b60c5f5836dfac67d8d1182ef79c7c0ee53875f812dcd1157c5d03"
"https://pfotentechnik.de/futterautomat-und-ernaehrung/","UNAVAILABLE_PERFORMANCE_IS_NOT_INDEX_COVERAGE","0","0","0","0","category-hub","futterautomaten","2026-07-09","2026-07-23","81","2","16","14","NORMAL","true","true","2026-07-23T00:00:00.000Z","1705","[""Organization"",""Article"",""Organization"",""Organization"",""ImageObject"",""BreadcrumbList"",""ListItem"",""ListItem"",""ListItem"",""FAQPage"",""Question"",""Answer"",""Question"",""Answer"",""Question"",""Answer"",""Question"",""Answer"",""Question"",""Answer"",""Question"",""Answer"",""Question"",""Answer"",""Question"",""Answer""]","c455fcc64f5f1c857fed926032cbc01b61a5c3ba45d49ba6da550dc14f2d312c"
"https://pfotentechnik.de/futtermenge-hund/","UNAVAILABLE_PERFORMANCE_IS_NOT_INDEX_COVERAGE","0","0","0","0","guide","futterautomaten","2026-07-19","2026-07-19","71","2","4","3","NORMAL","true","true","2026-07-19T00:00:00.000Z","1243","[""Organization"",""Article"",""Organization"",""Organization"",""ImageObject"",""BreadcrumbList"",""ListItem"",""ListItem"",""ListItem"",""FAQPage"",""Question"",""Answer"",""Question"",""Answer"",""Question"",""Answer"",""Question"",""Answer"",""Question"",""Answer"",""Question"",""Answer"",""Question"",""Answer"",""Question"",""Answer"",""Question"",""Answer"",""Question"",""Answer"",""Question"",""Answer"",""Question"",""Answer""]","047c15cd6006511b61331015264635e1e4e8bdc9b61961a8b8b2fcda8e544a50"
"https://pfotentechnik.de/futtermenge-katze/","UNAVAILABLE_PERFORMANCE_IS_NOT_INDEX_COVERAGE","0","0","38","0","guide","katzenernaehrung","2026-07-19","2026-07-28","71","2","7","6","NORMAL","true","true","2026-07-28T00:00:00.000Z","3386","[""Organization"",""Article"",""Organization"",""Organization"",""ImageObject"",""BreadcrumbList"",""ListItem"",""ListItem"",""ListItem"",""FAQPage"",""Question"",""Answer"",""Question"",""Answer"",""Question"",""Answer"",""Question"",""Answer"",""Question"",""Answer"",""Question"",""Answer"",""Question"",""Answer"",""Question"",""Answer"",""Question"",""Answer"",""Question"",""Answer"",""Question"",""Answer"",""Question"",""Answer"",""Question"",""Answer"",""Question"",""Answer"",""Question"",""Answer"",""Question"",""Answer"",""Question"",""Answer""]","3ad5e3e418fd06adf62afa88b37fdb8214020a7bdb9ad3c33ec539bba157a104"
"https://pfotentechnik.de/glossar/","UNAVAILABLE_PERFORMANCE_IS_NOT_INDEX_COVERAGE","0","0","0","0","guide","smarte-haustiertechnik","2026-09-03","2026-09-03","25","2","13","12","NORMAL","true","true","2026-09-03T00:00:00.000Z","1009","[""Organization"",""Article"",""Organization"",""Organization"",""ImageObject"",""BreadcrumbList"",""ListItem"",""ListItem"",""ListItem""]","949f6359e1548a4ad277b1551f493d8586dadf9bdba60ac4e41e8b88c847f12f"
"https://pfotentechnik.de/gps-oder-bluetooth/","UNAVAILABLE_PERFORMANCE_IS_NOT_INDEX_COVERAGE","0","0","0","0","decision-guide","gps-tracker","2026-07-20","2026-07-20","70","2","8","3","STRONG","true","true","2026-07-20T00:00:00.000Z","695","[""Organization"",""Article"",""Organization"",""Organization"",""ImageObject"",""BreadcrumbList"",""ListItem"",""ListItem"",""ListItem"",""FAQPage"",""Question"",""Answer"",""Question"",""Answer"",""Question"",""Answer"",""Question"",""Answer"",""Question"",""Answer"",""Question"",""Answer""]","4729187d6e396eb65c1e15e1fdf2f856397e590a14f6b25ee44f8a0e843be2ed"
"https://pfotentechnik.de/gps-tracker/","UNAVAILABLE_PERFORMANCE_IS_NOT_INDEX_COVERAGE","0","0","0","0","category-hub","gps-tracker","2026-07-20","2026-08-15","70","1","259","52","NORMAL","true","true","2026-08-15T00:00:00.000Z","1003","[""Organization"",""Article"",""Organization"",""Organization"",""ImageObject"",""BreadcrumbList"",""ListItem"",""ListItem"",""ListItem"",""FAQPage"",""Question"",""Answer"",""Question"",""Answer"",""Question"",""Answer"",""Question"",""Answer"",""Question"",""Answer"",""Question"",""Answer"",""Question"",""Answer"",""Question"",""Answer"",""Question"",""Answer"",""Question"",""Answer"",""Question"",""Answer"",""Question"",""Answer""]","51b6b2dedde07938c0a07f680e7173d3a93d77bb6144582172e40c42a26a52bc"
"https://pfotentechnik.de/gps-tracker-richtig-befestigen/","UNAVAILABLE_PERFORMANCE_IS_NOT_INDEX_COVERAGE","0","0","0","0","problem-solving-guide","gps-tracker","2026-07-20","2026-07-20","70","2","6","5","STRONG","true","true","2026-07-20T00:00:00.000Z","673","[""Organization"",""Article"",""Organization"",""Organization"",""ImageObject"",""BreadcrumbList"",""ListItem"",""ListItem"",""ListItem"",""FAQPage"",""Question"",""Answer"",""Question"",""Answer"",""Question"",""Answer"",""Question"",""Answer"",""Question"",""Answer"",""Question"",""Answer""]","e51b68c532e186deeec18930564deedf896c4c4b007b409d61c7e61f84e542b6"
"https://pfotentechnik.de/haustierkameras/","UNAVAILABLE_PERFORMANCE_IS_NOT_INDEX_COVERAGE","0","0","0","0","editorial-page","haustierkameras","2026-08-06","2026-08-25","53","1","259","20","NORMAL","true","true","2026-08-25T00:00:00.000Z","964","[""Organization"",""Article"",""Organization"",""Organization"",""ImageObject"",""BreadcrumbList"",""ListItem"",""ListItem"",""ListItem"",""FAQPage"",""Question"",""Answer"",""Question"",""Answer"",""Question"",""Answer"",""Question"",""Answer"",""Question"",""Answer"",""Question"",""Answer""]","5b7e122ded2c10d233a04f05aac8660c8fd547b481f5f79f2ae097e006584c49"
"https://pfotentechnik.de/hersteller/aqara/","UNAVAILABLE_PERFORMANCE_IS_NOT_INDEX_COVERAGE","0","0","0","0","manufacturer","hersteller","2026-07-26","2026-07-26","64","2","2","2","NORMAL","true","true","2026-07-26T00:00:00.000Z","518","[""Organization"",""Article"",""Organization"",""Organization"",""ImageObject"",""BreadcrumbList"",""ListItem"",""ListItem"",""ListItem""]","bb9cfb88c4adabbf355a31c076e260fee7edf03a192c2c9697b1942ba8b12850"
"https://pfotentechnik.de/hersteller/cat-mate/","UNAVAILABLE_PERFORMANCE_IS_NOT_INDEX_COVERAGE","0","0","0","0","manufacturer","hersteller","2026-07-12","2026-08-16","78","2","24","24","NORMAL","true","true","2026-08-16T00:00:00.000Z","1420","[""Organization"",""Article"",""Organization"",""Organization"",""ImageObject"",""BreadcrumbList"",""ListItem"",""ListItem"",""ListItem"",""FAQPage"",""Question"",""Answer"",""Question"",""Answer"",""Question"",""Answer"",""Question"",""Answer"",""Question"",""Answer""]","82f15b3711fb202abf192a2dbc2ab6c2850b0bccdbaa9929ee161e280eef1264"
"https://pfotentechnik.de/hersteller/catit/","UNAVAILABLE_PERFORMANCE_IS_NOT_INDEX_COVERAGE","0","0","0","0","manufacturer","trinkbrunnen","2026-07-25","2026-08-16","65","2","7","7","NORMAL","true","true","2026-08-16T00:00:00.000Z","870","[""Organization"",""Article"",""Organization"",""Organization"",""ImageObject"",""BreadcrumbList"",""ListItem"",""ListItem"",""ListItem"",""FAQPage"",""Question"",""Answer"",""Question"",""Answer"",""Question"",""Answer""]","b9a32f0bd0bbc0533a7c81aedf23e28aecd182c33bd262c15b190e0e2f6d81cf"
"https://pfotentechnik.de/hersteller/devoko/","UNAVAILABLE_PERFORMANCE_IS_NOT_INDEX_COVERAGE","0","0","0","0","manufacturer","hersteller","2026-08-07","2026-08-07","52","2","2","2","NORMAL","true","true","2026-08-07T00:00:00.000Z","651","[""Organization"",""Article"",""Organization"",""Organization"",""ImageObject"",""BreadcrumbList"",""ListItem"",""ListItem"",""ListItem""]","fceed5910ffa061c7fa9c59bdc27ab45fe3a49076b495ea8bc3d88c26957516b"
"https://pfotentechnik.de/hersteller/enabot/","UNAVAILABLE_PERFORMANCE_IS_NOT_INDEX_COVERAGE","0","0","0","0","manufacturer","hersteller","2026-08-06","2026-08-15","53","2","6","6","NORMAL","true","true","2026-08-15T00:00:00.000Z","620","[""Organization"",""Article"",""Organization"",""Organization"",""ImageObject"",""BreadcrumbList"",""ListItem"",""ListItem"",""ListItem""]","084a11fd93c103ac41e70ddd10ec4f7c394ee5abac5e28af2763a3acb07fe4a2"
"https://pfotentechnik.de/hersteller/flappie/","UNAVAILABLE_PERFORMANCE_IS_NOT_INDEX_COVERAGE","0","0","0","0","manufacturer","hersteller","2026-09-07","2026-09-07","21","2","184","184","NORMAL","true","true","2026-09-07T00:00:00.000Z","666","[""Organization"",""Article"",""Organization"",""Organization"",""ImageObject"",""BreadcrumbList"",""ListItem"",""ListItem"",""ListItem"",""FAQPage"",""Question"",""Answer"",""Question"",""Answer""]","1479da768d605ca45c8c3e8868ab4c70bb89fe87e36be0192cbe399f0b65f6a8"
"https://pfotentechnik.de/hersteller/furbo/","UNAVAILABLE_PERFORMANCE_IS_NOT_INDEX_COVERAGE","0","0","0","0","manufacturer","hersteller","2026-08-06","2026-08-21","53","2","7","7","NORMAL","true","true","2026-08-21T00:00:00.000Z","568","[""Organization"",""Article"",""Organization"",""Organization"",""ImageObject"",""BreadcrumbList"",""ListItem"",""ListItem"",""ListItem""]","05763d095eca0b273d54724412cd9e0f504b5de9a168d0ff0e266412a590a17d"
"https://pfotentechnik.de/hersteller/garmin/","UNAVAILABLE_PERFORMANCE_IS_NOT_INDEX_COVERAGE","0","0","0","0","manufacturer","gps-tracker","2026-07-20","2026-07-20","70","2","10","10","NORMAL","true","true","2026-07-20T00:00:00.000Z","1030","[""Organization"",""Article"",""Organization"",""Organization"",""ImageObject"",""BreadcrumbList"",""ListItem"",""ListItem"",""ListItem"",""FAQPage"",""Question"",""Answer"",""Question"",""Answer"",""Question"",""Answer"",""Question"",""Answer"",""Question"",""Answer"",""Question"",""Answer""]","9abf384ba71f2cf6a06068fcea4f2cdcf109c2b5813c999f491d8daba903f417"
"https://pfotentechnik.de/hersteller/honeyguardian/","UNAVAILABLE_PERFORMANCE_IS_NOT_INDEX_COVERAGE","0","0","0","0","manufacturer","hersteller","2026-07-12","2026-07-19","78","2","8","8","NORMAL","true","true","2026-07-19T00:00:00.000Z","1082","[""Organization"",""Article"",""Organization"",""Organization"",""ImageObject"",""BreadcrumbList"",""ListItem"",""ListItem"",""ListItem"",""FAQPage"",""Question"",""Answer"",""Question"",""Answer"",""Question"",""Answer"",""Question"",""Answer"",""Question"",""Answer""]","6b0aa18ff4710b2e7cf5a8fba2b0957a36185081fddbc44f7f8f95f9299c4d07"
"https://pfotentechnik.de/hersteller/imipaw/","UNAVAILABLE_PERFORMANCE_IS_NOT_INDEX_COVERAGE","0","0","0","0","manufacturer","hersteller","2026-07-12","2026-07-19","78","2","4","4","NORMAL","true","true","2026-07-19T00:00:00.000Z","863","[""Organization"",""Article"",""Organization"",""Organization"",""ImageObject"",""BreadcrumbList"",""ListItem"",""ListItem"",""ListItem"",""FAQPage"",""Question"",""Answer"",""Question"",""Answer"",""Question"",""Answer"",""Question"",""Answer""]","046610d3ffeff310f72b9d42eaa5bc3aeda3a61d9c9d08f3c8f7d9a6240eb199"
"https://pfotentechnik.de/hersteller/","UNAVAILABLE_PERFORMANCE_IS_NOT_INDEX_COVERAGE","0","0","0","0","manufacturer-index","hersteller","","","null","1","259","3","NORMAL","true","true","","389","[""Organization"",""WebPage"",""WebSite"",""BreadcrumbList"",""ListItem"",""ListItem""]","d4244d9b6e430fa039f374c61410d1b59be9e4d4223a11cbe0031e4924885c79"
"https://pfotentechnik.de/hersteller/invoxia/","UNAVAILABLE_PERFORMANCE_IS_NOT_INDEX_COVERAGE","0","0","1","0","manufacturer","gps-tracker","2026-08-16","2026-08-16","43","2","5","5","NORMAL","true","true","2026-08-16T00:00:00.000Z","536","[""Organization"",""Article"",""Organization"",""Organization"",""ImageObject"",""BreadcrumbList"",""ListItem"",""ListItem"",""ListItem"",""FAQPage"",""Question"",""Answer""]","5eefd7de515cd756e93bb360e376416502acde3db3ae2fb91bea97bcbaf5c464"
"https://pfotentechnik.de/hersteller/neakasa/","UNAVAILABLE_PERFORMANCE_IS_NOT_INDEX_COVERAGE","0","0","0","0","manufacturer","hersteller","2026-08-06","2026-09-15","53","2","9","9","NORMAL","true","true","2026-09-15T00:00:00.000Z","691","[""Organization"",""Article"",""Organization"",""Organization"",""ImageObject"",""BreadcrumbList"",""ListItem"",""ListItem"",""ListItem""]","990ce5eadcdd077272971561fa6644633dc27a0d11558bee5f9282aae71af977"
"https://pfotentechnik.de/hersteller/oneisall/","UNAVAILABLE_PERFORMANCE_IS_NOT_INDEX_COVERAGE","0","0","0","0","manufacturer","trinkbrunnen","2026-07-12","2026-08-19","78","2","13","13","NORMAL","true","true","2026-08-19T00:00:00.000Z","1452","[""Organization"",""Article"",""Organization"",""Organization"",""ImageObject"",""BreadcrumbList"",""ListItem"",""ListItem"",""ListItem"",""FAQPage"",""Question"",""Answer"",""Question"",""Answer"",""Question"",""Answer"",""Question"",""Answer"",""Question"",""Answer""]","6041b56c02e1ff731e6d15bb596598a4e29e908a9299eb9f0ccdb3e73d190943"
"https://pfotentechnik.de/hersteller/onlycat/","UNAVAILABLE_PERFORMANCE_IS_NOT_INDEX_COVERAGE","0","0","5","1","manufacturer","hersteller","2026-08-04","2026-08-04","55","2","8","8","NORMAL","true","true","2026-08-04T00:00:00.000Z","529","[""Organization"",""Article"",""Organization"",""Organization"",""ImageObject"",""BreadcrumbList"",""ListItem"",""ListItem"",""ListItem"",""FAQPage"",""Question"",""Answer""]","2a8acf895b1385c8ce10dfd9f2bd2d4c15ebeaaf9aeae2c1a7485d0562ee59ac"
"https://pfotentechnik.de/hersteller/paj-gps/","UNAVAILABLE_PERFORMANCE_IS_NOT_INDEX_COVERAGE","0","0","0","0","manufacturer","gps-tracker","2026-07-20","2026-07-20","70","2","8","8","NORMAL","true","true","2026-07-20T00:00:00.000Z","970","[""Organization"",""Article"",""Organization"",""Organization"",""ImageObject"",""BreadcrumbList"",""ListItem"",""ListItem"",""ListItem"",""FAQPage"",""Question"",""Answer"",""Question"",""Answer"",""Question"",""Answer"",""Question"",""Answer"",""Question"",""Answer"",""Question"",""Answer""]","12c7448445dfd3afc5faaa530f6a7b6bc60f508906d5ba9ec6ccca1242c9f0f9"
"https://pfotentechnik.de/hersteller/pawbby/","UNAVAILABLE_PERFORMANCE_IS_NOT_INDEX_COVERAGE","0","0","0","0","manufacturer","hersteller","2026-07-12","2026-07-19","78","2","4","4","NORMAL","true","true","2026-07-19T00:00:00.000Z","739","[""Organization"",""Article"",""Organization"",""Organization"",""ImageObject"",""BreadcrumbList"",""ListItem"",""ListItem"",""ListItem"",""FAQPage"",""Question"",""Answer"",""Question"",""Answer"",""Question"",""Answer"",""Question"",""Answer""]","3f96a1bcdefcab37d9f1848de196e82dd3abc9fd660d8e0758c626d1167c4a9b"
"https://pfotentechnik.de/hersteller/pawfit/","UNAVAILABLE_PERFORMANCE_IS_NOT_INDEX_COVERAGE","0","0","0","0","manufacturer","gps-tracker","2026-08-16","2026-08-16","43","2","5","5","NORMAL","true","true","2026-08-16T00:00:00.000Z","515","[""Organization"",""Article"",""Organization"",""Organization"",""ImageObject"",""BreadcrumbList"",""ListItem"",""ListItem"",""ListItem"",""FAQPage"",""Question"",""Answer""]","11da94659dd8eb62621026c3ec8cf8dfadf39026f8bd82c6990284b488e74b58"
"https://pfotentechnik.de/hersteller/pawsync/","UNAVAILABLE_PERFORMANCE_IS_NOT_INDEX_COVERAGE","0","0","0","0","manufacturer","hersteller","2026-07-26","2026-07-26","64","2","2","2","NORMAL","true","true","2026-07-26T00:00:00.000Z","515","[""Organization"",""Article"",""Organization"",""Organization"",""ImageObject"",""BreadcrumbList"",""ListItem"",""ListItem"",""ListItem""]","8793d32d4775b945fa38edaf1654fba9e6d6349b20efd0bb72be8cafe125c386"
"https://pfotentechnik.de/hersteller/petkit/","UNAVAILABLE_PERFORMANCE_IS_NOT_INDEX_COVERAGE","0","0","0","0","manufacturer","hersteller","2026-07-12","2026-08-21","78","2","34","34","NORMAL","true","true","2026-08-21T00:00:00.000Z","1554","[""Organization"",""Article"",""Organization"",""Organization"",""ImageObject"",""BreadcrumbList"",""ListItem"",""ListItem"",""ListItem"",""FAQPage"",""Question"",""Answer"",""Question"",""Answer"",""Question"",""Answer"",""Question"",""Answer"",""Question"",""Answer"",""Question"",""Answer""]","4038ac2c6f13c6eb9214b23a14c180110c916a1bc41fca3c0c3a6d1c98e20844"
"https://pfotentechnik.de/hersteller/petlibro/","UNAVAILABLE_PERFORMANCE_IS_NOT_INDEX_COVERAGE","0","0","1","0","manufacturer","hersteller","2026-07-12","2026-08-19","78","2","50","50","NORMAL","true","true","2026-08-19T00:00:00.000Z","2361","[""Organization"",""Article"",""Organization"",""Organization"",""ImageObject"",""BreadcrumbList"",""ListItem"",""ListItem"",""ListItem"",""FAQPage"",""Question"",""Answer"",""Question"",""Answer"",""Question"",""Answer"",""Question"",""Answer"",""Question"",""Answer"",""Question"",""Answer"",""Question"",""Answer"",""Question"",""Answer"",""Question"",""Answer"",""Question"",""Answer""]","25c96e80a18f094b5871a2ef94b58f7da12afe3756d61a053e59deaf33199ba6"
"https://pfotentechnik.de/hersteller/petsafe/","UNAVAILABLE_PERFORMANCE_IS_NOT_INDEX_COVERAGE","0","0","0","0","manufacturer","hersteller","2026-07-25","2026-08-16","65","2","15","15","NORMAL","true","true","2026-08-16T00:00:00.000Z","1131","[""Organization"",""Article"",""Organization"",""Organization"",""ImageObject"",""BreadcrumbList"",""ListItem"",""ListItem"",""ListItem"",""FAQPage"",""Question"",""Answer"",""Question"",""Answer"",""Question"",""Answer""]","257ce7420fb2e900b228ed5e35ce60a8cbb84a60b3abc4058e073a57be24fe2a"
"https://pfotentechnik.de/hersteller/petsnowy/","UNAVAILABLE_PERFORMANCE_IS_NOT_INDEX_COVERAGE","0","0","0","0","manufacturer","hersteller","2026-08-15","2026-08-15","44","2","4","4","NORMAL","true","true","2026-08-15T00:00:00.000Z","512","[""Organization"",""Article"",""Organization"",""Organization"",""ImageObject"",""BreadcrumbList"",""ListItem"",""ListItem"",""ListItem""]","7f76c5da9c2cc5ea1dbe2ba65f1093f622967c41e456f1e4be63e0441afcf6e7"
"https://pfotentechnik.de/hersteller/pettec/","UNAVAILABLE_PERFORMANCE_IS_NOT_INDEX_COVERAGE","0","0","0","0","manufacturer","hersteller","2026-08-15","2026-08-15","44","2","6","6","NORMAL","true","true","2026-08-15T00:00:00.000Z","517","[""Organization"",""Article"",""Organization"",""Organization"",""ImageObject"",""BreadcrumbList"",""ListItem"",""ListItem"",""ListItem""]","127f0ac5907729fa0dd7e4e4806feec29a0169eb0bb4602858747464cb39d32c"
"https://pfotentechnik.de/hersteller/petwalk/","UNAVAILABLE_PERFORMANCE_IS_NOT_INDEX_COVERAGE","0","0","0","0","manufacturer","hersteller","2026-08-04","2026-08-04","55","2","3","3","NORMAL","true","true","2026-08-04T00:00:00.000Z","537","[""Organization"",""Article"",""Organization"",""Organization"",""ImageObject"",""BreadcrumbList"",""ListItem"",""ListItem"",""ListItem"",""FAQPage"",""Question"",""Answer""]","88d5581c2a29f6de8491096f42d521335c45131504ac9fd70701c4051553cf22"
"https://pfotentechnik.de/hersteller/prothelis/","UNAVAILABLE_PERFORMANCE_IS_NOT_INDEX_COVERAGE","0","0","0","0","manufacturer","hersteller","2026-08-16","2026-08-16","43","2","4","4","NORMAL","true","true","2026-08-16T00:00:00.000Z","518","[""Organization"",""Article"",""Organization"",""Organization"",""ImageObject"",""BreadcrumbList"",""ListItem"",""ListItem"",""ListItem"",""FAQPage"",""Question"",""Answer""]","2de303fbba854a18f4bfe275a04dbb269abe94b87ddfea1aca0cf768f63f245b"
"https://pfotentechnik.de/hersteller/reolink/","UNAVAILABLE_PERFORMANCE_IS_NOT_INDEX_COVERAGE","0","0","0","0","manufacturer","hersteller","2026-08-16","2026-08-16","43","2","5","5","NORMAL","true","true","2026-08-16T00:00:00.000Z","540","[""Organization"",""Article"",""Organization"",""Organization"",""ImageObject"",""BreadcrumbList"",""ListItem"",""ListItem"",""ListItem"",""FAQPage"",""Question"",""Answer""]","9159e40a194c5be3ed46215e89ba99d14f61778c6914adf50dbf064a66081b9d"
"https://pfotentechnik.de/hersteller/surefeed/","UNAVAILABLE_PERFORMANCE_IS_NOT_INDEX_COVERAGE","0","0","0","0","manufacturer","hersteller","2026-07-12","2026-07-19","78","2","20","20","NORMAL","true","true","2026-07-19T00:00:00.000Z","1304","[""Organization"",""Article"",""Organization"",""Organization"",""ImageObject"",""BreadcrumbList"",""ListItem"",""ListItem"",""ListItem"",""FAQPage"",""Question"",""Answer"",""Question"",""Answer"",""Question"",""Answer"",""Question"",""Answer"",""Question"",""Answer""]","bfdb1885c5af31afdcfbf4efc571294a33cab8c8bf7ce6f1816893287ce4f4d1"
"https://pfotentechnik.de/hersteller/tractive/","UNAVAILABLE_PERFORMANCE_IS_NOT_INDEX_COVERAGE","0","0","0","0","manufacturer","katzen-und-hundespezifische-hardware","2026-07-20","2026-08-21","70","2","19","19","NORMAL","true","true","2026-08-21T00:00:00.000Z","1165","[""Organization"",""Article"",""Organization"",""Organization"",""ImageObject"",""BreadcrumbList"",""ListItem"",""ListItem"",""ListItem"",""FAQPage"",""Question"",""Answer"",""Question"",""Answer"",""Question"",""Answer"",""Question"",""Answer"",""Question"",""Answer"",""Question"",""Answer""]","e0964dcffc3072d26378a87a83201ee4686072d76e8cf6cc1f099b6e73cb3be4"
"https://pfotentechnik.de/hersteller/weenect/","UNAVAILABLE_PERFORMANCE_IS_NOT_INDEX_COVERAGE","0","0","3","0","manufacturer","gps-tracker","2026-07-20","2026-08-06","70","2","17","17","NORMAL","true","true","2026-08-06T00:00:00.000Z","1106","[""Organization"",""Article"",""Organization"",""Organization"",""ImageObject"",""BreadcrumbList"",""ListItem"",""ListItem"",""ListItem"",""FAQPage"",""Question"",""Answer"",""Question"",""Answer"",""Question"",""Answer"",""Question"",""Answer"",""Question"",""Answer"",""Question"",""Answer""]","ec23a3ad78037ab393f21866d45061d409669e543ce702923a19b08b70b22587"
"https://pfotentechnik.de/hersteller/whisker/","UNAVAILABLE_PERFORMANCE_IS_NOT_INDEX_COVERAGE","0","0","0","0","manufacturer","hersteller","2026-08-06","2026-08-16","53","2","6","6","NORMAL","true","true","2026-08-16T00:00:00.000Z","604","[""Organization"",""Article"",""Organization"",""Organization"",""ImageObject"",""BreadcrumbList"",""ListItem"",""ListItem"",""ListItem""]","696e2c55bd66acce8c6ca9cdcfe6c511eaa1e95a72c00504bdc5d5c1a81c84ca"
"https://pfotentechnik.de/hersteller/wopet/","UNAVAILABLE_PERFORMANCE_IS_NOT_INDEX_COVERAGE","0","0","0","0","manufacturer","hersteller","2026-07-12","2026-07-19","78","2","12","12","NORMAL","true","true","2026-07-19T00:00:00.000Z","1203","[""Organization"",""Article"",""Organization"",""Organization"",""ImageObject"",""BreadcrumbList"",""ListItem"",""ListItem"",""ListItem"",""FAQPage"",""Question"",""Answer"",""Question"",""Answer"",""Question"",""Answer"",""Question"",""Answer"",""Question"",""Answer""]","bc4f7c504a4e4001c127fd3120c2fc333f69a9424483821942ad766d01becd27"
"https://pfotentechnik.de/hersteller/xiaomi/","UNAVAILABLE_PERFORMANCE_IS_NOT_INDEX_COVERAGE","0","0","0","0","manufacturer","hersteller","2026-07-12","2026-07-19","78","2","15","15","NORMAL","true","true","2026-07-19T00:00:00.000Z","1104","[""Organization"",""Article"",""Organization"",""Organization"",""ImageObject"",""BreadcrumbList"",""ListItem"",""ListItem"",""ListItem"",""FAQPage"",""Question"",""Answer"",""Question"",""Answer"",""Question"",""Answer"",""Question"",""Answer"",""Question"",""Answer""]","4461aa4ba658aa711fe8cddef92186d8af48ef7e21d1e5a1a86ea5ab5ac28113"
"https://pfotentechnik.de/hersteller/zeromouse/","UNAVAILABLE_PERFORMANCE_IS_NOT_INDEX_COVERAGE","0","0","0","0","manufacturer","hersteller","2026-07-27","2026-07-27","63","2","7","7","NORMAL","true","true","2026-07-27T00:00:00.000Z","807","[""Organization"",""Article"",""Organization"",""Organization"",""ImageObject"",""BreadcrumbList"",""ListItem"",""ListItem"",""ListItem"",""FAQPage"",""Question"",""Answer"",""Question"",""Answer"",""Question"",""Answer""]","aef6727449eca3b42180d079dec94ce2489b65308ef3e20dbd4f4e96d198acc8"
"https://pfotentechnik.de/hund-entlaufen-gps-sinnvoll/","UNAVAILABLE_PERFORMANCE_IS_NOT_INDEX_COVERAGE","0","0","0","0","decision-guide","gps-tracker","2026-07-20","2026-07-20","70","2","5","5","NORMAL","true","true","2026-07-20T00:00:00.000Z","672","[""Organization"",""Article"",""Organization"",""Organization"",""ImageObject"",""BreadcrumbList"",""ListItem"",""ListItem"",""ListItem"",""FAQPage"",""Question"",""Answer"",""Question"",""Answer"",""Question"",""Answer"",""Question"",""Answer"",""Question"",""Answer"",""Question"",""Answer""]","bd7222adc4a155cdcb2f93d7ae311a95b34470968cf5ff60940e27c0cdf5b356"
"https://pfotentechnik.de/hund-frisst-nicht/","UNAVAILABLE_PERFORMANCE_IS_NOT_INDEX_COVERAGE","0","0","3","0","medical-guide","futterautomaten","2026-07-16","2026-07-16","74","2","9","8","NORMAL","true","true","2026-07-16T00:00:00.000Z","5551","[""Organization"",""Article"",""Organization"",""Organization"",""ImageObject"",""BreadcrumbList"",""ListItem"",""ListItem"",""ListItem"",""FAQPage"",""Question"",""Answer"",""Question"",""Answer"",""Question"",""Answer"",""Question"",""Answer"",""Question"",""Answer"",""Question"",""Answer"",""Question"",""Answer"",""Question"",""Answer"",""Question"",""Answer"",""Question"",""Answer"",""Question"",""Answer"",""Question"",""Answer"",""Question"",""Answer"",""Question"",""Answer"",""Question"",""Answer"",""Question"",""Answer""]","3400f395964c2e043990617abb9a24f4365b4f14e6756cb22f9caf38dfae6f48"
"https://pfotentechnik.de/hund-frisst-zu-schnell/","UNAVAILABLE_PERFORMANCE_IS_NOT_INDEX_COVERAGE","0","0","2","0","editorial-page","futterautomaten","2026-07-29","2026-07-29","61","3","5","2","NORMAL","true","true","2026-07-29T00:00:00.000Z","1042","[""Organization"",""Article"",""Organization"",""Organization"",""ImageObject"",""BreadcrumbList"",""ListItem"",""ListItem"",""ListItem""]","1b661c06f28132a5e73d93514f15da08d69cb0d77333bd6adc377a2d2eb1cfd4"
"https://pfotentechnik.de/hund-hat-durchfall/","UNAVAILABLE_PERFORMANCE_IS_NOT_INDEX_COVERAGE","0","0","16","0","medical-guide","hundegesundheit","2026-07-16","2026-07-19","74","2","4","2","NORMAL","true","true","2026-07-19T00:00:00.000Z","1907","[""Organization"",""Article"",""Organization"",""Organization"",""ImageObject"",""BreadcrumbList"",""ListItem"",""ListItem"",""ListItem"",""FAQPage"",""Question"",""Answer"",""Question"",""Answer"",""Question"",""Answer"",""Question"",""Answer"",""Question"",""Answer"",""Question"",""Answer"",""Question"",""Answer"",""Question"",""Answer"",""Question"",""Answer"",""Question"",""Answer"",""Question"",""Answer"",""Question"",""Answer"",""Question"",""Answer"",""Question"",""Answer"",""Question"",""Answer"",""Question"",""Answer""]","fdc4c7b4c924582611d0ca8c42884bf27c721f9285e2d91c6fd8ab7dd0cdd81c"
"https://pfotentechnik.de/hund-ist-muede/","UNAVAILABLE_PERFORMANCE_IS_NOT_INDEX_COVERAGE","0","0","37","3","medical-guide","hundegesundheit","2026-07-16","2026-07-19","74","2","3","2","NORMAL","true","true","2026-07-19T00:00:00.000Z","3042","[""Organization"",""Article"",""Organization"",""Organization"",""ImageObject"",""BreadcrumbList"",""ListItem"",""ListItem"",""ListItem"",""FAQPage"",""Question"",""Answer"",""Question"",""Answer"",""Question"",""Answer"",""Question"",""Answer"",""Question"",""Answer"",""Question"",""Answer"",""Question"",""Answer"",""Question"",""Answer"",""Question"",""Answer"",""Question"",""Answer"",""Question"",""Answer"",""Question"",""Answer"",""Question"",""Answer"",""Question"",""Answer"",""Question"",""Answer"",""Question"",""Answer""]","fda9dc4f6ca269d9f74d76776587009db0ef5135c56210ab0d8a23f3c38f1992"
"https://pfotentechnik.de/hund-trinkt-ploetzlich-viel/","UNAVAILABLE_PERFORMANCE_IS_NOT_INDEX_COVERAGE","0","0","2","0","editorial-page","smarte-haustiertechnik","2026-07-29","2026-07-29","61","3","6","3","NORMAL","true","true","2026-07-29T00:00:00.000Z","976","[""Organization"",""Article"",""Organization"",""Organization"",""ImageObject"",""BreadcrumbList"",""ListItem"",""ListItem"",""ListItem""]","e4b5e58ec61dcd3c8103dcd963e8597b29a2a244fe593a6e61542cdbc096017a"
"https://pfotentechnik.de/hund-trinkt-viel/","UNAVAILABLE_PERFORMANCE_IS_NOT_INDEX_COVERAGE","0","0","4","0","medical-guide","hundegesundheit","2026-07-19","2026-07-19","71","2","6","6","NORMAL","true","true","2026-07-19T00:00:00.000Z","1344","[""Organization"",""Article"",""Organization"",""Organization"",""ImageObject"",""BreadcrumbList"",""ListItem"",""ListItem"",""ListItem"",""FAQPage"",""Question"",""Answer"",""Question"",""Answer"",""Question"",""Answer"",""Question"",""Answer"",""Question"",""Answer"",""Question"",""Answer"",""Question"",""Answer"",""Question"",""Answer"",""Question"",""Answer"",""Question"",""Answer"",""Question"",""Answer"",""Question"",""Answer""]","9b3e0a81a7d3e3954c1bd661b21bcd50a4d7173af9a9c3b025562bcd65c5d9bd"
"https://pfotentechnik.de/hund-trinkt-zu-wenig/","UNAVAILABLE_PERFORMANCE_IS_NOT_INDEX_COVERAGE","0","0","2","0","medical-guide","trinkbrunnen","2026-07-16","2026-07-19","74","2","9","8","NORMAL","true","true","2026-07-19T00:00:00.000Z","4710","[""Organization"",""Article"",""Organization"",""Organization"",""ImageObject"",""BreadcrumbList"",""ListItem"",""ListItem"",""ListItem"",""FAQPage"",""Question"",""Answer"",""Question"",""Answer"",""Question"",""Answer"",""Question"",""Answer"",""Question"",""Answer"",""Question"",""Answer"",""Question"",""Answer"",""Question"",""Answer"",""Question"",""Answer"",""Question"",""Answer"",""Question"",""Answer"",""Question"",""Answer"",""Question"",""Answer"",""Question"",""Answer"",""Question"",""Answer""]","18d801ea0a4e90db1f4f34c901cda948c06c014d2106124de62c07965857b13c"
"https://pfotentechnik.de/ifa-2026-haustiertechnik/","UNAVAILABLE_PERFORMANCE_IS_NOT_INDEX_COVERAGE","0","0","0","0","guide","smarte-haustiertechnik","2026-09-14","2026-09-14","14","2","2","2","NORMAL","true","true","2026-09-14T00:00:00.000Z","1986","[""Organization"",""Article"",""Organization"",""Organization"",""ImageObject"",""BreadcrumbList"",""ListItem"",""ListItem"",""ListItem""]","e9b204ba83eb75480fd084e757c576fbb970bbe6c402d8bd100f20a6062312df"
"https://pfotentechnik.de/impressum/","UNAVAILABLE_PERFORMANCE_IS_NOT_INDEX_COVERAGE","0","0","0","0","legal","smarte-haustiertechnik","","","null","1","259","1","WEAK","true","true","","134","[""Organization"",""WebPage"",""WebSite""]","969092fe370f71d64e4b3ce07eaede10e5be7d652b1ba43d8556a6acc6859759"
"https://pfotentechnik.de/","UNAVAILABLE_PERFORMANCE_IS_NOT_INDEX_COVERAGE","14","0","0","0","homepage","smarte-haustiertechnik","","","null","0","259","0","STRONG","true","true","","673","[""Organization"",""WebSite"",""Organization"",""ImageObject""]","898ac5ed0bc5d4c156bc1ac49ae54dbfa733e6ae444cb7f1ac1bbf3129943375"
"https://pfotentechnik.de/kalk-katzentrinkbrunnen-entfernen/","UNAVAILABLE_PERFORMANCE_IS_NOT_INDEX_COVERAGE","0","0","3","0","problem-solving-guide","trinkbrunnen","2026-07-13","2026-07-25","77","2","11","10","NORMAL","true","true","2026-07-25T00:00:00.000Z","819","[""Organization"",""Article"",""Organization"",""Organization"",""ImageObject"",""BreadcrumbList"",""ListItem"",""ListItem"",""ListItem"",""FAQPage"",""Question"",""Answer"",""Question"",""Answer""]","6af77fa2658882f4f2abf5febd80a3436e52a14db58f7c915a95e22f083f4b8c"
"https://pfotentechnik.de/katze-an-katzenklappe-gewoehnen/","UNAVAILABLE_PERFORMANCE_IS_NOT_INDEX_COVERAGE","0","0","0","0","problem-solving-guide","katzenklappen","2026-08-04","2026-08-04","55","2","4","4","STRONG","true","true","2026-08-04T00:00:00.000Z","335","[""Organization"",""Article"",""Organization"",""Organization"",""ImageObject"",""BreadcrumbList"",""ListItem"",""ListItem"",""ListItem""]","86c657988c003ac1b5870cce205b39a7c6ebc444ca9e5bab56cc421d1694edc9"
"https://pfotentechnik.de/katze-an-trinkbrunnen-gewoehnen/","UNAVAILABLE_PERFORMANCE_IS_NOT_INDEX_COVERAGE","0","0","0","0","problem-solving-guide","katzenverhalten","2026-07-13","2026-07-19","77","2","7","2","NORMAL","true","true","2026-07-19T00:00:00.000Z","723","[""Organization"",""Article"",""Organization"",""Organization"",""ImageObject"",""BreadcrumbList"",""ListItem"",""ListItem"",""ListItem"",""FAQPage"",""Question"",""Answer"",""Question"",""Answer""]","7d0dfe793baf68a71b6b914b16a228a9dbaefa5128b93af7d2ed72d6707e82a9"
"https://pfotentechnik.de/katze-entlaufen-gps-sinnvoll/","UNAVAILABLE_PERFORMANCE_IS_NOT_INDEX_COVERAGE","0","0","1","0","guide","gps-tracker","2026-07-20","2026-07-20","70","2","5","5","NORMAL","true","true","2026-07-20T00:00:00.000Z","672","[""Organization"",""Article"",""Organization"",""Organization"",""ImageObject"",""BreadcrumbList"",""ListItem"",""ListItem"",""ListItem"",""FAQPage"",""Question"",""Answer"",""Question"",""Answer"",""Question"",""Answer"",""Question"",""Answer"",""Question"",""Answer"",""Question"",""Answer""]","230b1ff076528c41fe23cae80f8bfb5b1a9f56380d91fac498b43097dbb6f197"
"https://pfotentechnik.de/katze-frisst-nicht/","UNAVAILABLE_PERFORMANCE_IS_NOT_INDEX_COVERAGE","0","0","0","0","medical-guide","futterautomaten","2026-07-15","2026-07-15","75","2","4","4","NORMAL","true","true","2026-07-15T00:00:00.000Z","5611","[""Organization"",""Article"",""Organization"",""Organization"",""ImageObject"",""BreadcrumbList"",""ListItem"",""ListItem"",""ListItem"",""FAQPage"",""Question"",""Answer"",""Question"",""Answer"",""Question"",""Answer"",""Question"",""Answer"",""Question"",""Answer"",""Question"",""Answer""]","cd65a018d1a2bbaced72a7fafe5baf779670b3b48da4dbf6fe85c019ef3a5ba0"
"https://pfotentechnik.de/katze-trinkt-viel/","UNAVAILABLE_PERFORMANCE_IS_NOT_INDEX_COVERAGE","0","0","7","0","medical-guide","trinkbrunnen","2026-07-15","2026-07-19","75","2","3","3","NORMAL","true","true","2026-07-19T00:00:00.000Z","3800","[""Organization"",""Article"",""Organization"",""Organization"",""ImageObject"",""BreadcrumbList"",""ListItem"",""ListItem"",""ListItem"",""FAQPage"",""Question"",""Answer"",""Question"",""Answer"",""Question"",""Answer"",""Question"",""Answer"",""Question"",""Answer"",""Question"",""Answer""]","7499a7bf936c783af95b38f9f106117f9551dee17d6b268d67664b133c6db2a0"
"https://pfotentechnik.de/katzenklappe-einbauen/","UNAVAILABLE_PERFORMANCE_IS_NOT_INDEX_COVERAGE","0","0","5","0","problem-solving-guide","smarte-haustiertechnik","2026-08-04","2026-08-06","55","2","4","4","NORMAL","true","true","2026-08-06T00:00:00.000Z","1069","[""Organization"",""Article"",""Organization"",""Organization"",""ImageObject"",""BreadcrumbList"",""ListItem"",""ListItem"",""ListItem""]","f53b234e1feda25f68bab6b2950fe042daf5a1f203d6ad30276dda82eb621168"
"https://pfotentechnik.de/katzenklappe-fuer-mehrere-katzen/","UNAVAILABLE_PERFORMANCE_IS_NOT_INDEX_COVERAGE","0","0","0","0","problem-solving-guide","smarte-haustiertechnik","2026-08-04","2026-08-06","55","2","2","1","WEAK","true","true","2026-08-06T00:00:00.000Z","692","[""Organization"",""Article"",""Organization"",""Organization"",""ImageObject"",""BreadcrumbList"",""ListItem"",""ListItem"",""ListItem""]","2b1ea1de82b9364ca4dae08d4c87a227846dc80682a02211157fba2b4d34ceef"
"https://pfotentechnik.de/katzenklappe-zugluft-und-waermedaemmung/","UNAVAILABLE_PERFORMANCE_IS_NOT_INDEX_COVERAGE","0","0","1","0","guide","katzenklappen","2026-08-04","2026-08-04","55","2","4","4","STRONG","true","true","2026-08-04T00:00:00.000Z","350","[""Organization"",""Article"",""Organization"",""Organization"",""ImageObject"",""BreadcrumbList"",""ListItem"",""ListItem"",""ListItem""]","0aba3d7a70d9ebeade955536c436e6f4edd2fd0508baa69d305d7d1d2d8fd911"
"https://pfotentechnik.de/katzenklappen/","UNAVAILABLE_PERFORMANCE_IS_NOT_INDEX_COVERAGE","0","0","0","0","editorial-page","katzenklappen","2026-08-04","2026-08-25","55","1","259","27","NORMAL","true","true","2026-08-25T00:00:00.000Z","1006","[""Organization"",""Article"",""Organization"",""Organization"",""ImageObject"",""BreadcrumbList"",""ListItem"",""ListItem"",""ListItem"",""FAQPage"",""Question"",""Answer"",""Question"",""Answer"",""Question"",""Answer"",""Question"",""Answer""]","38f81086f32f0e983af028453164e07d0226ee63af861a7b124c5add1b1fe072"
"https://pfotentechnik.de/katzentrinkbrunnen-dauerbetrieb-urlaub/","UNAVAILABLE_PERFORMANCE_IS_NOT_INDEX_COVERAGE","0","0","0","0","guide","trinkbrunnen","2026-07-13","2026-07-13","77","2","4","3","STRONG","true","true","2026-07-13T00:00:00.000Z","840","[""Organization"",""Article"",""Organization"",""Organization"",""ImageObject"",""BreadcrumbList"",""ListItem"",""ListItem"",""ListItem"",""FAQPage"",""Question"",""Answer"",""Question"",""Answer""]","a01ec4330d42c954c4a3014a02aa11ca42d71bdb61d52010cfc37d6bd23143bc"
"https://pfotentechnik.de/katzentrinkbrunnen-laut-pumpe/","UNAVAILABLE_PERFORMANCE_IS_NOT_INDEX_COVERAGE","0","0","0","0","guide","trinkbrunnen","2026-07-13","2026-08-19","77","2","7","6","NORMAL","true","true","2026-08-19T00:00:00.000Z","1087","[""Organization"",""Article"",""Organization"",""Organization"",""ImageObject"",""BreadcrumbList"",""ListItem"",""ListItem"",""ListItem"",""FAQPage"",""Question"",""Answer"",""Question"",""Answer""]","79a7cdef2584d4c6c2ebe4c99b531d5042aad68cd55daf8b7c35d0e4f943ced3"
"https://pfotentechnik.de/katzentrinkbrunnen-material-edelstahl-keramik-kunststoff/","UNAVAILABLE_PERFORMANCE_IS_NOT_INDEX_COVERAGE","0","0","0","0","decision-guide","trinkbrunnen","2026-07-13","2026-08-19","77","2","22","22","STRONG","true","true","2026-08-19T00:00:00.000Z","837","[""Organization"",""Article"",""Organization"",""Organization"",""ImageObject"",""BreadcrumbList"",""ListItem"",""ListItem"",""ListItem"",""FAQPage"",""Question"",""Answer"",""Question"",""Answer""]","ad0d7590f83890f25e947072fb34d543a53eff013f3cedc6d4b092a5fdf1cae7"
"https://pfotentechnik.de/katzentrinkbrunnen-ohne-filter/","UNAVAILABLE_PERFORMANCE_IS_NOT_INDEX_COVERAGE","0","0","1","1","guide","trinkbrunnen","2026-07-13","2026-07-23","77","2","11","9","STRONG","true","true","2026-07-23T00:00:00.000Z","754","[""Organization"",""Article"",""Organization"",""Organization"",""ImageObject"",""BreadcrumbList"",""ListItem"",""ListItem"",""ListItem"",""FAQPage"",""Question"",""Answer"",""Question"",""Answer""]","b87960211088d0370a752a221f430f8718f07b420f3f53c078486d1f39428dc9"
"https://pfotentechnik.de/katzentrinkbrunnen-richtig-reinigen/","UNAVAILABLE_PERFORMANCE_IS_NOT_INDEX_COVERAGE","0","0","12","0","problem-solving-guide","trinkbrunnen","2026-07-13","2026-08-24","77","2","14","14","STRONG","true","true","2026-08-24T00:00:00.000Z","2333","[""Organization"",""Article"",""Organization"",""Organization"",""ImageObject"",""BreadcrumbList"",""ListItem"",""ListItem"",""ListItem"",""FAQPage"",""Question"",""Answer"",""Question"",""Answer"",""Question"",""Answer"",""Question"",""Answer"",""Question"",""Answer"",""Question"",""Answer"",""Question"",""Answer"",""Question"",""Answer""]","525b3e04625667251d3fbc2252c7a503251e7e04a1c71b41f3e2486933d52f60"
"https://pfotentechnik.de/katzenwasser-taeglich-wechseln/","UNAVAILABLE_PERFORMANCE_IS_NOT_INDEX_COVERAGE","0","0","3","1","problem-solving-guide","trinkbrunnen","2026-07-13","2026-08-19","77","2","10","8","NORMAL","true","true","2026-08-19T00:00:00.000Z","922","[""Organization"",""Article"",""Organization"",""Organization"",""ImageObject"",""BreadcrumbList"",""ListItem"",""ListItem"",""ListItem"",""FAQPage"",""Question"",""Answer"",""Question"",""Answer""]","35a577a9b7333d69afc6adb3649f77c1d7ca9e1fdb8b249e0feb2df127882844"
"https://pfotentechnik.de/kaufberatung/","UNAVAILABLE_PERFORMANCE_IS_NOT_INDEX_COVERAGE","0","0","0","0","editorial-page","smarte-haustiertechnik","","","null","1","259","0","WEAK","true","true","","167","[""Organization"",""WebPage"",""WebSite"",""BreadcrumbList"",""ListItem"",""ListItem""]","a7143d0ed65dd55c2c422d0664fd17c564ac86344414c734756f248f67ef7624"
"https://pfotentechnik.de/kontakt/","UNAVAILABLE_PERFORMANCE_IS_NOT_INDEX_COVERAGE","0","0","0","0","legal","smarte-haustiertechnik","","","null","1","259","2","NORMAL","true","true","","174","[""Organization"",""WebPage"",""WebSite""]","497243f0883a1c20b2329c167691ce383ea21b2b90b4556a7cf0ce40c0a0c625"
"https://pfotentechnik.de/nierenkranke-katze-trinken/","UNAVAILABLE_PERFORMANCE_IS_NOT_INDEX_COVERAGE","0","0","0","0","guide","trinkbrunnen","2026-07-13","2026-07-13","77","2","9","7","NORMAL","true","true","2026-07-13T00:00:00.000Z","750","[""Organization"",""Article"",""Organization"",""Organization"",""ImageObject"",""BreadcrumbList"",""ListItem"",""ListItem"",""ListItem"",""FAQPage"",""Question"",""Answer"",""Question"",""Answer""]","828c873129ce2bc67c08eb6189cee8204e9df1d656be603e2a1a5d80fc318892"
"https://pfotentechnik.de/produkt/aqara-smart-pet-feeder-c1/","UNAVAILABLE_PERFORMANCE_IS_NOT_INDEX_COVERAGE","0","0","0","0","product","futterautomaten","2026-07-12","2026-07-12","78","2","4","4","NORMAL","true","true","2026-07-12T00:00:00.000Z","1089","[""Organization"",""WebPage"",""WebSite"",""Organization"",""BreadcrumbList"",""ListItem"",""ListItem"",""ListItem"",""ListItem"",""Product"",""Brand"",""Offer"",""Organization"",""Review"",""Organization"",""Organization"",""Rating"",""ItemList"",""ListItem"",""ListItem"",""ListItem"",""ListItem"",""ListItem"",""ItemList"",""ListItem"",""ListItem"",""ListItem"",""ListItem""]","305d13b898e203c6c5b385618143df0c3fbb10d55317537c55bea5208ab7202d"
"https://pfotentechnik.de/produkt/cat-mate-335-pet-fountain/","UNAVAILABLE_PERFORMANCE_IS_NOT_INDEX_COVERAGE","0","0","0","0","product","trinkbrunnen","2026-07-13","2026-07-23","77","3","5","5","NORMAL","true","true","2026-07-23T00:00:00.000Z","1494","[""Organization"",""WebPage"",""WebSite"",""Organization"",""BreadcrumbList"",""ListItem"",""ListItem"",""ListItem"",""ListItem"",""Product"",""Brand"",""Offer"",""Organization"",""Review"",""Organization"",""Organization"",""Rating"",""ItemList"",""ListItem"",""ListItem"",""ListItem"",""ListItem"",""ListItem"",""ItemList"",""ListItem"",""ListItem"",""ListItem"",""ListItem"",""ListItem""]","4c02c9375da831a4d20103272f96dc27873d21527c305e562b9856b01096406f"
"https://pfotentechnik.de/produkt/cat-mate-c200/","UNAVAILABLE_PERFORMANCE_IS_NOT_INDEX_COVERAGE","0","0","1","0","product","futterautomaten","2026-07-12","2026-07-16","78","2","3","3","NORMAL","true","true","2026-07-16T00:00:00.000Z","1056","[""Organization"",""WebPage"",""WebSite"",""Organization"",""BreadcrumbList"",""ListItem"",""ListItem"",""ListItem"",""ListItem"",""Product"",""Brand"",""Offer"",""Organization"",""Review"",""Organization"",""Organization"",""Rating"",""ItemList"",""ListItem"",""ListItem"",""ListItem"",""ListItem"",""ListItem"",""ItemList"",""ListItem"",""ListItem"",""ListItem"",""ListItem""]","f4fa33eb12dd966b2599f3a046d6a82098dc286a0ede5c79ea75f27b19ba5f0e"
"https://pfotentechnik.de/produkt/cat-mate-c300/","UNAVAILABLE_PERFORMANCE_IS_NOT_INDEX_COVERAGE","0","0","0","0","product","futterautomaten","2026-07-12","2026-07-16","78","2","2","2","NORMAL","true","true","2026-07-16T00:00:00.000Z","1065","[""Organization"",""WebPage"",""WebSite"",""Organization"",""BreadcrumbList"",""ListItem"",""ListItem"",""ListItem"",""ListItem"",""Product"",""Brand"",""Offer"",""Organization"",""Review"",""Organization"",""Organization"",""Rating"",""ItemList"",""ListItem"",""ListItem"",""ListItem"",""ListItem"",""ListItem"",""ItemList"",""ListItem"",""ListItem"",""ListItem"",""ListItem""]","6750fac6b4cda9ab7b10a76e35e18f3acc1b32dbb4a781c32d7f02cf00a46b81"
"https://pfotentechnik.de/produkt/cat-mate-c500/","UNAVAILABLE_PERFORMANCE_IS_NOT_INDEX_COVERAGE","0","0","1","0","product","futterautomaten","2026-07-12","2026-07-16","78","2","11","11","STRONG","true","true","2026-07-16T00:00:00.000Z","1205","[""Organization"",""WebPage"",""WebSite"",""Organization"",""BreadcrumbList"",""ListItem"",""ListItem"",""ListItem"",""ListItem"",""Product"",""Brand"",""Offer"",""Organization"",""Review"",""Organization"",""Organization"",""Rating"",""ItemList"",""ListItem"",""ListItem"",""ListItem"",""ListItem"",""ListItem"",""ItemList"",""ListItem"",""ListItem"",""ListItem"",""ListItem""]","544b53096212530011efc5e9f76446654fec1028e025df81767f6a3188223a46"
"https://pfotentechnik.de/produkt/cat-mate-elite-355w/","UNAVAILABLE_PERFORMANCE_IS_NOT_INDEX_COVERAGE","0","0","0","0","product","katzenklappen","2026-08-16","2026-08-16","43","2","3","3","STRONG","true","true","2026-08-16T00:00:00.000Z","1028","[""Organization"",""WebPage"",""WebSite"",""Organization"",""BreadcrumbList"",""ListItem"",""ListItem"",""ListItem"",""ListItem"",""Product"",""Brand"",""Review"",""Organization"",""Organization"",""Rating"",""ItemList"",""ListItem"",""ListItem"",""ListItem"",""ListItem"",""ItemList"",""ListItem"",""ListItem"",""ListItem"",""ListItem""]","93ef9997f202c2a05a38643906346c844d8cc52ef717ab6e24db616ee40c45f3"
"https://pfotentechnik.de/produkt/cat-mate-shell-fountain/","UNAVAILABLE_PERFORMANCE_IS_NOT_INDEX_COVERAGE","0","0","0","0","product","trinkbrunnen","2026-07-13","2026-07-16","77","3","2","2","NORMAL","true","true","2026-07-16T00:00:00.000Z","1023","[""Organization"",""WebPage"",""WebSite"",""Organization"",""BreadcrumbList"",""ListItem"",""ListItem"",""ListItem"",""ListItem"",""Product"",""Brand"",""Review"",""Organization"",""Organization"",""Rating"",""ItemList"",""ListItem"",""ListItem"",""ListItem"",""ListItem"",""ListItem"",""ItemList"",""ListItem"",""ListItem"",""ListItem"",""ListItem""]","1aa25f0d1727902cfd88afd40098cec21f14a442ae8460ba7e8c28d206342683"
"https://pfotentechnik.de/produkt/catit-pixi-smart-6-meal-feeder/","UNAVAILABLE_PERFORMANCE_IS_NOT_INDEX_COVERAGE","0","0","0","0","product","futterautomaten","2026-07-12","2026-07-23","78","2","3","3","NORMAL","true","true","2026-07-23T00:00:00.000Z","1405","[""Organization"",""WebPage"",""WebSite"",""Organization"",""BreadcrumbList"",""ListItem"",""ListItem"",""ListItem"",""ListItem"",""Product"",""Brand"",""Offer"",""Organization"",""Review"",""Organization"",""Organization"",""Rating"",""ItemList"",""ListItem"",""ListItem"",""ListItem"",""ListItem"",""ListItem"",""ItemList"",""ListItem"",""ListItem"",""ListItem"",""ListItem"",""ListItem""]","5b730900e2eac8125f353cb66517fa2ca79da98d4ee0e39052aa627df57ac8c5"
"https://pfotentechnik.de/produkt/catit-pixi-smart-trinkbrunnen/","UNAVAILABLE_PERFORMANCE_IS_NOT_INDEX_COVERAGE","0","0","0","0","product","trinkbrunnen","2026-08-16","2026-08-16","43","2","3","3","STRONG","true","true","2026-08-16T00:00:00.000Z","1070","[""Organization"",""WebPage"",""WebSite"",""Organization"",""BreadcrumbList"",""ListItem"",""ListItem"",""ListItem"",""ListItem"",""Product"",""Brand"",""Review"",""Organization"",""Organization"",""Rating"",""ItemList"",""ListItem"",""ListItem"",""ListItem"",""ListItem"",""ItemList"",""ListItem"",""ListItem"",""ListItem"",""ListItem""]","7a6364a1f5e7d50d665386136291a6cd2eb0f2c1c626ceb42f028f95dd7a3ec2"
"https://pfotentechnik.de/produkt/catit-pixi-vision-smart-feeder/","UNAVAILABLE_PERFORMANCE_IS_NOT_INDEX_COVERAGE","0","0","0","0","product","futterautomaten","2026-07-12","2026-08-10","78","2","3","3","NORMAL","true","true","2026-08-10T00:00:00.000Z","1072","[""Organization"",""WebPage"",""WebSite"",""Organization"",""BreadcrumbList"",""ListItem"",""ListItem"",""ListItem"",""ListItem"",""Product"",""Brand"",""Review"",""Organization"",""Organization"",""Rating"",""ItemList"",""ListItem"",""ListItem"",""ListItem"",""ListItem"",""ListItem"",""ItemList"",""ListItem"",""ListItem"",""ListItem"",""ListItem""]","2a529d6006379de6172e171c302e3f139e77c68771d6ac410ed284693090df09"
"https://pfotentechnik.de/produkt/devoko-90l-automatisches-katzenklo/","UNAVAILABLE_PERFORMANCE_IS_NOT_INDEX_COVERAGE","0","0","0","0","product","automatische-katzentoiletten","2026-08-07","2026-08-07","52","3","12","12","NORMAL","true","true","2026-08-07T00:00:00.000Z","1727","[""Organization"",""WebPage"",""WebSite"",""Organization"",""BreadcrumbList"",""ListItem"",""ListItem"",""ListItem"",""ListItem"",""Product"",""Brand"",""Offer"",""Organization"",""Review"",""Organization"",""Organization"",""Rating"",""ItemList"",""ListItem"",""ListItem"",""ListItem"",""ListItem"",""ListItem"",""ItemList"",""ListItem"",""ListItem"",""ListItem"",""ListItem"",""ListItem""]","7a673c82ec16249664897d387b8bd474f33203cfd5e5f30e7eab633590128b04"
"https://pfotentechnik.de/produkt/enabot-ebo-air-2/","UNAVAILABLE_PERFORMANCE_IS_NOT_INDEX_COVERAGE","0","0","0","0","product","haustierkameras","2026-08-06","2026-08-06","53","3","5","5","NORMAL","true","true","2026-08-06T00:00:00.000Z","806","[""Organization"",""WebPage"",""WebSite"",""Organization"",""BreadcrumbList"",""ListItem"",""ListItem"",""ListItem"",""ListItem"",""Product"",""Brand"",""Offer"",""Organization"",""Review"",""Organization"",""Organization"",""Rating"",""ItemList"",""ListItem"",""ListItem"",""ListItem"",""ItemList"",""ListItem"",""ListItem"",""ListItem""]","a33ebce0f14ec80cf67528a9218610d6c3a59ccdd2154082950192146a2e268a"
"https://pfotentechnik.de/produkt/enabot-rola-mini/","UNAVAILABLE_PERFORMANCE_IS_NOT_INDEX_COVERAGE","0","0","0","0","product","haustierkameras","2026-08-15","2026-08-15","44","2","10","10","STRONG","true","true","2026-08-15T00:00:00.000Z","905","[""Organization"",""WebPage"",""WebSite"",""Organization"",""BreadcrumbList"",""ListItem"",""ListItem"",""ListItem"",""ListItem"",""Product"",""Brand"",""Offer"",""Organization"",""Review"",""Organization"",""Organization"",""Rating"",""ItemList"",""ListItem"",""ListItem"",""ListItem"",""ItemList"",""ListItem"",""ListItem"",""ListItem""]","c599a6effcb122dd73d2be09ff8df6f273d1c058df7c461b2bf095a686c575fe"
"https://pfotentechnik.de/produkt/enabot-rola-pettracker/","UNAVAILABLE_PERFORMANCE_IS_NOT_INDEX_COVERAGE","0","0","0","0","product","gps-tracker","2026-08-15","2026-08-16","44","2","3","3","NORMAL","true","true","2026-08-16T00:00:00.000Z","1303","[""Organization"",""WebPage"",""WebSite"",""Organization"",""BreadcrumbList"",""ListItem"",""ListItem"",""ListItem"",""ListItem"",""Product"",""Brand"",""Review"",""Organization"",""Organization"",""Rating"",""ItemList"",""ListItem"",""ListItem"",""ListItem"",""ListItem"",""ListItem"",""ItemList"",""ListItem"",""ListItem"",""ListItem"",""ListItem"",""ListItem""]","3340e5e6101ddd313eff9090bbdc410a447ddc098d4f6538ae460c8a07bc0a8e"
"https://pfotentechnik.de/produkt/feelneedy-fn-w18-8l-katzenbrunnen/","UNAVAILABLE_PERFORMANCE_IS_NOT_INDEX_COVERAGE","0","0","0","0","product","trinkbrunnen","2026-07-23","2026-08-17","67","2","4","4","STRONG","true","true","2026-08-17T00:00:00.000Z","1497","[""Organization"",""WebPage"",""WebSite"",""Organization"",""BreadcrumbList"",""ListItem"",""ListItem"",""ListItem"",""ListItem"",""Product"",""Brand"",""Offer"",""Organization"",""Review"",""Organization"",""Organization"",""Rating"",""ItemList"",""ListItem"",""ListItem"",""ListItem"",""ListItem"",""ListItem"",""ItemList"",""ListItem"",""ListItem"",""ListItem"",""ListItem"",""ListItem""]","2af6d8474eca13399008080f6a16efc2b118ab4a31e32a2af116494446941865"
"https://pfotentechnik.de/produkt/flappie/","UNAVAILABLE_PERFORMANCE_IS_NOT_INDEX_COVERAGE","0","0","0","0","product","katzenklappen","2026-09-07","2026-09-07","21","2","8","8","NORMAL","true","true","2026-09-07T00:00:00.000Z","1365","[""Organization"",""WebPage"",""WebSite"",""Organization"",""BreadcrumbList"",""ListItem"",""ListItem"",""ListItem"",""ListItem"",""Product"",""Brand"",""Offer"",""Organization"",""Review"",""Organization"",""Organization"",""Rating"",""ItemList"",""ListItem"",""ListItem"",""ListItem"",""ListItem"",""ItemList"",""ListItem"",""ListItem"",""ListItem"",""ListItem""]","a2272145491383e67ed6c661d8159a255f329354995adc42d7263f6adc98053e"
"https://pfotentechnik.de/produkt/furbo-360-hundekamera/","UNAVAILABLE_PERFORMANCE_IS_NOT_INDEX_COVERAGE","0","0","0","0","product","haustierkameras","2026-08-06","2026-08-06","53","3","5","5","NORMAL","true","true","2026-08-06T00:00:00.000Z","889","[""Organization"",""WebPage"",""WebSite"",""Organization"",""BreadcrumbList"",""ListItem"",""ListItem"",""ListItem"",""ListItem"",""Product"",""Brand"",""Offer"",""Organization"",""Review"",""Organization"",""Organization"",""Rating"",""ItemList"",""ListItem"",""ListItem"",""ListItem"",""ItemList"",""ListItem"",""ListItem"",""ListItem""]","ac9cfc5020e93596434a0e7550213f600630b3490adf11a7732cc2e002a839dc"
"https://pfotentechnik.de/produkt/furbo-360-katzenkamera/","UNAVAILABLE_PERFORMANCE_IS_NOT_INDEX_COVERAGE","0","0","0","0","product","haustierkameras","2026-08-21","2026-08-21","38","3","5","5","NORMAL","true","true","2026-08-21T00:00:00.000Z","836","[""Organization"",""WebPage"",""WebSite"",""Organization"",""BreadcrumbList"",""ListItem"",""ListItem"",""ListItem"",""ListItem"",""Product"",""Brand"",""Review"",""Organization"",""Organization"",""Rating"",""ItemList"",""ListItem"",""ListItem"",""ListItem"",""ListItem"",""ListItem"",""ItemList"",""ListItem"",""ListItem"",""ListItem"",""ListItem""]","e4087d847d3a7c35c815ec9145ebe160aa90996106b5c00169fee5e81b67dfe8"
"https://pfotentechnik.de/produkt/furbo-mini-360/","UNAVAILABLE_PERFORMANCE_IS_NOT_INDEX_COVERAGE","0","0","0","0","product","haustierkameras","2026-08-15","2026-08-15","44","2","10","10","STRONG","true","true","2026-08-15T00:00:00.000Z","920","[""Organization"",""WebPage"",""WebSite"",""Organization"",""BreadcrumbList"",""ListItem"",""ListItem"",""ListItem"",""ListItem"",""Product"",""Brand"",""Offer"",""Organization"",""Review"",""Organization"",""Organization"",""Rating"",""ItemList"",""ListItem"",""ListItem"",""ListItem"",""ItemList"",""ListItem"",""ListItem"",""ListItem""]","05106a74e4e0e28881a996c35ee4e5c14cc6634cf4cf8b22e44a023f81e98257"
"https://pfotentechnik.de/produkt/garmin-alpha-t-20/","UNAVAILABLE_PERFORMANCE_IS_NOT_INDEX_COVERAGE","0","0","0","0","product","gps-tracker","2026-07-20","2026-07-23","70","2","6","6","STRONG","true","true","2026-07-23T00:00:00.000Z","1715","[""Organization"",""WebPage"",""WebSite"",""Organization"",""BreadcrumbList"",""ListItem"",""ListItem"",""ListItem"",""ListItem"",""Product"",""Brand"",""Offer"",""Organization"",""Review"",""Organization"",""Organization"",""Rating"",""ItemList"",""ListItem"",""ListItem"",""ListItem"",""ListItem"",""ListItem"",""ItemList"",""ListItem"",""ListItem"",""ListItem"",""ListItem"",""ListItem""]","6c0b4c3e656efd2709807da37999ab99db672ee6db0231a42d591de386a70607"
"https://pfotentechnik.de/produkt/garmin-alpha-tt-25/","UNAVAILABLE_PERFORMANCE_IS_NOT_INDEX_COVERAGE","0","0","0","0","product","gps-tracker","2026-07-20","2026-07-20","70","3","6","6","NORMAL","true","true","2026-07-20T00:00:00.000Z","1010","[""Organization"",""WebPage"",""WebSite"",""Organization"",""BreadcrumbList"",""ListItem"",""ListItem"",""ListItem"",""ListItem"",""Product"",""Brand"",""Review"",""Organization"",""Organization"",""Rating"",""ItemList"",""ListItem"",""ListItem"",""ListItem"",""ListItem"",""ListItem"",""ItemList"",""ListItem"",""ListItem"",""ListItem""]","e8966843a55de8db4ce899d0ac3ec73e6812582204fd8a94217dc41249cc6cfe"
"https://pfotentechnik.de/produkt/honeyguardian-a305d/","UNAVAILABLE_PERFORMANCE_IS_NOT_INDEX_COVERAGE","1","0","0","0","product","futterautomaten","2026-07-12","2026-07-12","78","3","2","2","NORMAL","true","true","2026-07-12T00:00:00.000Z","817","[""Organization"",""WebPage"",""WebSite"",""Organization"",""BreadcrumbList"",""ListItem"",""ListItem"",""ListItem"",""ListItem"",""Product"",""Brand"",""Review"",""Organization"",""Organization"",""Rating"",""ItemList"",""ListItem"",""ListItem"",""ListItem"",""ItemList"",""ListItem"",""ListItem"",""ListItem""]","94855c038a9d0f2f1195ac9e0de7cb6cff4629c20f942288617214cacabbaa4e"
"https://pfotentechnik.de/produkt/honeyguardian-a68/","UNAVAILABLE_PERFORMANCE_IS_NOT_INDEX_COVERAGE","0","0","0","0","product","futterautomaten","2026-07-12","2026-07-23","78","3","9","9","NORMAL","true","true","2026-07-23T00:00:00.000Z","754","[""Organization"",""WebPage"",""WebSite"",""Organization"",""BreadcrumbList"",""ListItem"",""ListItem"",""ListItem"",""ListItem"",""Product"",""Brand"",""Offer"",""Organization"",""Review"",""Organization"",""Organization"",""Rating"",""ItemList"",""ListItem"",""ListItem"",""ListItem"",""ItemList"",""ListItem"",""ListItem"",""ListItem""]","408c79059dbe0eab253675c7adc739af1e5116137c6b32da8442ee46bfbd5218"
"https://pfotentechnik.de/produkt/honeyguardian-smart-pet-feeder-s305d/","UNAVAILABLE_PERFORMANCE_IS_NOT_INDEX_COVERAGE","1","0","0","0","product","futterautomaten","2026-07-12","2026-07-17","78","2","5","5","NORMAL","true","true","2026-07-17T00:00:00.000Z","943","[""Organization"",""WebPage"",""WebSite"",""Organization"",""BreadcrumbList"",""ListItem"",""ListItem"",""ListItem"",""ListItem"",""Product"",""Brand"",""Review"",""Organization"",""Organization"",""Rating"",""ItemList"",""ListItem"",""ListItem"",""ListItem"",""ListItem"",""ListItem"",""ItemList"",""ListItem"",""ListItem"",""ListItem"",""ListItem""]","46b58ee7b511aae193f8eafef891fb01b7653daed8c38d7d12786bc4856e6767"
"https://pfotentechnik.de/produkt/imipaw-3l-automatic-cat-feeder/","UNAVAILABLE_PERFORMANCE_IS_NOT_INDEX_COVERAGE","0","0","0","0","product","futterautomaten","2026-07-12","2026-07-23","78","2","11","11","NORMAL","true","true","2026-07-23T00:00:00.000Z","1483","[""Organization"",""WebPage"",""WebSite"",""Organization"",""BreadcrumbList"",""ListItem"",""ListItem"",""ListItem"",""ListItem"",""Product"",""Brand"",""Offer"",""Organization"",""Review"",""Organization"",""Organization"",""Rating"",""ItemList"",""ListItem"",""ListItem"",""ListItem"",""ListItem"",""ListItem"",""ItemList"",""ListItem"",""ListItem"",""ListItem"",""ListItem"",""ListItem""]","81652d59dabb0ed9ce7cfc08f7808606a81c1826b653d304f0b99f96954c8345"
"https://pfotentechnik.de/produkt/invoxia-biotracker-2026/","UNAVAILABLE_PERFORMANCE_IS_NOT_INDEX_COVERAGE","0","0","0","0","product","gps-tracker","2026-08-16","2026-08-16","43","3","2","2","NORMAL","true","true","2026-08-16T00:00:00.000Z","1162","[""Organization"",""WebPage"",""WebSite"",""Organization"",""BreadcrumbList"",""ListItem"",""ListItem"",""ListItem"",""ListItem"",""Product"",""Brand"",""Review"",""Organization"",""Organization"",""Rating"",""ItemList"",""ListItem"",""ListItem"",""ListItem"",""ListItem"",""ItemList"",""ListItem"",""ListItem"",""ListItem"",""ListItem""]","89776bf5366fa88a8308019e15bc5d13147167eaf35cb5db04c376011bc805da"
"https://pfotentechnik.de/produkt/litter-robot-4/","UNAVAILABLE_PERFORMANCE_IS_NOT_INDEX_COVERAGE","0","0","0","0","product","automatische-katzentoiletten","2026-08-16","2026-08-26","43","2","3","3","STRONG","true","true","2026-08-26T00:00:00.000Z","1146","[""Organization"",""WebPage"",""WebSite"",""Organization"",""BreadcrumbList"",""ListItem"",""ListItem"",""ListItem"",""ListItem"",""Product"",""Brand"",""Review"",""Organization"",""Organization"",""Rating"",""ItemList"",""ListItem"",""ListItem"",""ListItem"",""ListItem"",""ItemList"",""ListItem"",""ListItem"",""ListItem"",""ListItem""]","aacb879675f653b99c992aa8d92f069f67b2425824aea1ea89044eb8c5b3095e"
"https://pfotentechnik.de/produkt/litter-robot-5-pro/","UNAVAILABLE_PERFORMANCE_IS_NOT_INDEX_COVERAGE","0","0","1","1","product","automatische-katzentoiletten","2026-08-06","2026-08-06","53","3","3","3","NORMAL","true","true","2026-08-06T00:00:00.000Z","936","[""Organization"",""WebPage"",""WebSite"",""Organization"",""BreadcrumbList"",""ListItem"",""ListItem"",""ListItem"",""ListItem"",""Product"",""Brand"",""Review"",""Organization"",""Organization"",""Rating"",""ItemList"",""ListItem"",""ListItem"",""ListItem"",""ItemList"",""ListItem"",""ListItem"",""ListItem""]","130b27a1f56d05930da436ba3dc094cfc42d78f3ebdd92d51ef440a2fecfd6d7"
"https://pfotentechnik.de/produkt/neakasa-m1-lite/","UNAVAILABLE_PERFORMANCE_IS_NOT_INDEX_COVERAGE","0","0","0","0","product","automatische-katzentoiletten","2026-08-07","2026-08-15","52","2","3","3","STRONG","true","true","2026-08-15T00:00:00.000Z","1198","[""Organization"",""WebPage"",""WebSite"",""Organization"",""BreadcrumbList"",""ListItem"",""ListItem"",""ListItem"",""ListItem"",""Product"",""Brand"",""Review"",""Organization"",""Organization"",""Rating"",""ItemList"",""ListItem"",""ListItem"",""ListItem"",""ListItem"",""ItemList"",""ListItem"",""ListItem"",""ListItem"",""ListItem""]","02960bf894480442faaef2a4b3a5288fe99aa36bef5bf0147a995b59b68e9e9e"
"https://pfotentechnik.de/produkt/neakasa-m1-plus/","UNAVAILABLE_PERFORMANCE_IS_NOT_INDEX_COVERAGE","0","0","0","0","product","automatische-katzentoiletten","2026-08-06","2026-08-06","53","3","3","3","NORMAL","true","true","2026-08-06T00:00:00.000Z","880","[""Organization"",""WebPage"",""WebSite"",""Organization"",""BreadcrumbList"",""ListItem"",""ListItem"",""ListItem"",""ListItem"",""Product"",""Brand"",""Offer"",""Organization"",""Review"",""Organization"",""Organization"",""Rating"",""ItemList"",""ListItem"",""ListItem"",""ListItem"",""ItemList"",""ListItem"",""ListItem"",""ListItem""]","45319805d7b7a3786352970f6231b8d22a818b17a45314863daa2914eef3bd12"
"https://pfotentechnik.de/produkt/neakasa-riko/","UNAVAILABLE_PERFORMANCE_IS_NOT_INDEX_COVERAGE","0","0","0","0","product","futterautomaten","2026-09-15","2026-09-15","13","3","3","3","NORMAL","true","true","2026-09-15T00:00:00.000Z","1087","[""Organization"",""WebPage"",""WebSite"",""Organization"",""BreadcrumbList"",""ListItem"",""ListItem"",""ListItem"",""ListItem"",""Product"",""Brand"",""Review"",""Organization"",""Organization"",""Rating"",""ItemList"",""ListItem"",""ListItem"",""ListItem"",""ListItem"",""ItemList"",""ListItem"",""ListItem"",""ListItem"",""ListItem""]","e1825f3c27df9e21688e12f40d9463cd193b9151408e859a73a0f2e92acbc1e9"
"https://pfotentechnik.de/produkt/oneisall-2-2l-cordless-fountain/","UNAVAILABLE_PERFORMANCE_IS_NOT_INDEX_COVERAGE","0","0","0","0","product","trinkbrunnen","2026-07-13","2026-07-16","77","3","2","2","NORMAL","true","true","2026-07-16T00:00:00.000Z","947","[""Organization"",""WebPage"",""WebSite"",""Organization"",""BreadcrumbList"",""ListItem"",""ListItem"",""ListItem"",""ListItem"",""Product"",""Brand"",""Offer"",""Organization"",""Review"",""Organization"",""Organization"",""Rating"",""ItemList"",""ListItem"",""ListItem"",""ListItem"",""ListItem"",""ListItem"",""ItemList"",""ListItem"",""ListItem"",""ListItem"",""ListItem""]","c17f174709e575053ba6a9b1d0b3d89bef8b415ed428ffda6e71778c40f93201"
"https://pfotentechnik.de/produkt/oneisall-2-in-1-feeder-water/","UNAVAILABLE_PERFORMANCE_IS_NOT_INDEX_COVERAGE","0","0","0","0","product","futterautomaten","2026-07-12","2026-07-23","78","2","2","2","NORMAL","true","true","2026-07-23T00:00:00.000Z","1345","[""Organization"",""WebPage"",""WebSite"",""Organization"",""BreadcrumbList"",""ListItem"",""ListItem"",""ListItem"",""ListItem"",""Product"",""Brand"",""Offer"",""Organization"",""Review"",""Organization"",""Organization"",""Rating"",""ItemList"",""ListItem"",""ListItem"",""ListItem"",""ListItem"",""ListItem"",""ItemList"",""ListItem"",""ListItem"",""ListItem"",""ListItem"",""ListItem""]","9986fe1567bc51cb613567f86da758bc7621e38771463648e797f4836635bba4"
"https://pfotentechnik.de/produkt/oneisall-3-2l-cordless-fountain/","UNAVAILABLE_PERFORMANCE_IS_NOT_INDEX_COVERAGE","0","0","0","0","product","trinkbrunnen","2026-07-13","2026-07-23","77","3","12","11","NORMAL","true","true","2026-07-23T00:00:00.000Z","1355","[""Organization"",""WebPage"",""WebSite"",""Organization"",""BreadcrumbList"",""ListItem"",""ListItem"",""ListItem"",""ListItem"",""Product"",""Brand"",""Offer"",""Organization"",""Review"",""Organization"",""Organization"",""Rating"",""ItemList"",""ListItem"",""ListItem"",""ListItem"",""ListItem"",""ListItem"",""ItemList"",""ListItem"",""ListItem"",""ListItem"",""ListItem"",""ListItem""]","9b85a2ca82dbff6d7531bbef001c2f00a4f6c2c396dad29b804845b37fa449ce"
"https://pfotentechnik.de/produkt/oneisall-3-5l-cordless-fountain/","UNAVAILABLE_PERFORMANCE_IS_NOT_INDEX_COVERAGE","0","0","0","0","product","trinkbrunnen","2026-07-13","2026-08-10","77","3","21","21","NORMAL","true","true","2026-08-10T00:00:00.000Z","1050","[""Organization"",""WebPage"",""WebSite"",""Organization"",""BreadcrumbList"",""ListItem"",""ListItem"",""ListItem"",""ListItem"",""Product"",""Brand"",""Review"",""Organization"",""Organization"",""Rating"",""ItemList"",""ListItem"",""ListItem"",""ListItem"",""ListItem"",""ListItem"",""ItemList"",""ListItem"",""ListItem"",""ListItem"",""ListItem""]","9d4542ce106c9cb646e8cbd66b4fb7e63868578234aaca6a8598aef7a2183a44"
"https://pfotentechnik.de/produkt/oneisall-5l-automatic-cat-feeder/","UNAVAILABLE_PERFORMANCE_IS_NOT_INDEX_COVERAGE","0","0","0","0","product","futterautomaten","2026-07-12","2026-07-17","78","2","3","3","NORMAL","true","true","2026-07-17T00:00:00.000Z","1000","[""Organization"",""WebPage"",""WebSite"",""Organization"",""BreadcrumbList"",""ListItem"",""ListItem"",""ListItem"",""ListItem"",""Product"",""Brand"",""Offer"",""Organization"",""Review"",""Organization"",""Organization"",""Rating"",""ItemList"",""ListItem"",""ListItem"",""ListItem"",""ListItem"",""ListItem"",""ItemList"",""ListItem"",""ListItem"",""ListItem"",""ListItem""]","e894c4c04a909b9fa537117318995401a0c7b3192399f70796041f7b592f2458"
"https://pfotentechnik.de/produkt/oneisall-7l-dog-water-fountain/","UNAVAILABLE_PERFORMANCE_IS_NOT_INDEX_COVERAGE","0","0","0","0","product","trinkbrunnen","2026-07-13","2026-07-23","77","3","24","24","NORMAL","true","true","2026-07-23T00:00:00.000Z","1493","[""Organization"",""WebPage"",""WebSite"",""Organization"",""BreadcrumbList"",""ListItem"",""ListItem"",""ListItem"",""ListItem"",""Product"",""Brand"",""Offer"",""Organization"",""Review"",""Organization"",""Organization"",""Rating"",""ItemList"",""ListItem"",""ListItem"",""ListItem"",""ListItem"",""ListItem"",""ItemList"",""ListItem"",""ListItem"",""ListItem"",""ListItem"",""ListItem""]","3bf1072add510cb855d6b882b238b90361038d3c029c2e95aa8296bb8bc0e8eb"
"https://pfotentechnik.de/produkt/onlycat-mikrochip-katzenklappe/","UNAVAILABLE_PERFORMANCE_IS_NOT_INDEX_COVERAGE","0","0","2","0","product","katzenklappen","2026-08-04","2026-08-05","55","2","6","6","STRONG","true","true","2026-08-05T00:00:00.000Z","997","[""Organization"",""WebPage"",""WebSite"",""Organization"",""BreadcrumbList"",""ListItem"",""ListItem"",""ListItem"",""ListItem"",""Product"",""Brand"",""Offer"",""Organization"",""Review"",""Organization"",""Organization"",""Rating"",""ItemList"",""ListItem"",""ListItem"",""ListItem"",""ItemList"",""ListItem"",""ListItem"",""ListItem""]","768a454990293131e5ec9f9c5a7aaa693e55deab0d4896afc6be9deb2fc86d73"
"https://pfotentechnik.de/produkt/paj-pet-finder-4g-mini/","UNAVAILABLE_PERFORMANCE_IS_NOT_INDEX_COVERAGE","0","0","1","1","product","gps-tracker","2026-07-20","2026-07-23","70","2","7","7","STRONG","true","true","2026-07-23T00:00:00.000Z","1878","[""Organization"",""WebPage"",""WebSite"",""Organization"",""BreadcrumbList"",""ListItem"",""ListItem"",""ListItem"",""ListItem"",""Product"",""Brand"",""Offer"",""Organization"",""Review"",""Organization"",""Organization"",""Rating"",""ItemList"",""ListItem"",""ListItem"",""ListItem"",""ListItem"",""ListItem"",""ItemList"",""ListItem"",""ListItem"",""ListItem"",""ListItem"",""ListItem""]","9aa012b1620821cddbab1801eb9bfd585d07e59cf9f8e5fe4cd74336e8ff9857"
"https://pfotentechnik.de/produkt/pawbby-smart-pet-feeder/","UNAVAILABLE_PERFORMANCE_IS_NOT_INDEX_COVERAGE","0","0","0","0","product","futterautomaten","2026-07-12","2026-07-12","78","3","2","2","NORMAL","true","true","2026-07-12T00:00:00.000Z","770","[""Organization"",""WebPage"",""WebSite"",""Organization"",""BreadcrumbList"",""ListItem"",""ListItem"",""ListItem"",""ListItem"",""Product"",""Brand"",""Review"",""Organization"",""Organization"",""Rating"",""ItemList"",""ListItem"",""ListItem"",""ListItem"",""ItemList"",""ListItem"",""ListItem"",""ListItem""]","a554229e7ada0562fcd1e4155e0199ffcee3c9c43458206bebfc8a60dc74e550"
"https://pfotentechnik.de/produkt/pawfit-3/","UNAVAILABLE_PERFORMANCE_IS_NOT_INDEX_COVERAGE","0","0","0","0","product","gps-tracker","2026-08-16","2026-08-16","43","3","3","3","NORMAL","true","true","2026-08-16T00:00:00.000Z","1211","[""Organization"",""WebPage"",""WebSite"",""Organization"",""BreadcrumbList"",""ListItem"",""ListItem"",""ListItem"",""ListItem"",""Product"",""Brand"",""Review"",""Organization"",""Organization"",""Rating"",""ItemList"",""ListItem"",""ListItem"",""ListItem"",""ListItem"",""ItemList"",""ListItem"",""ListItem"",""ListItem"",""ListItem""]","6da0d05824083da9b69dc46381c9888e16aa4f90dc67ce4c17fadbf93537343c"
"https://pfotentechnik.de/produkt/pawsync-smart-pet-feeder/","UNAVAILABLE_PERFORMANCE_IS_NOT_INDEX_COVERAGE","0","0","0","0","product","futterautomaten","2026-07-12","2026-08-10","78","2","7","7","NORMAL","true","true","2026-08-10T00:00:00.000Z","1035","[""Organization"",""WebPage"",""WebSite"",""Organization"",""BreadcrumbList"",""ListItem"",""ListItem"",""ListItem"",""ListItem"",""Product"",""Brand"",""Offer"",""Organization"",""Review"",""Organization"",""Organization"",""Rating"",""ItemList"",""ListItem"",""ListItem"",""ListItem"",""ListItem"",""ListItem"",""ItemList"",""ListItem"",""ListItem"",""ListItem"",""ListItem""]","f64225d9b211da9f89ab5301d9483c05eea237fb9cb9c5a49154d8d85c54eefe"
"https://pfotentechnik.de/produkt/petkit-eversweet-3-pro-uvc/","UNAVAILABLE_PERFORMANCE_IS_NOT_INDEX_COVERAGE","0","0","0","0","product","trinkbrunnen","2026-07-13","2026-07-23","77","3","4","4","NORMAL","true","true","2026-07-23T00:00:00.000Z","1521","[""Organization"",""WebPage"",""WebSite"",""Organization"",""BreadcrumbList"",""ListItem"",""ListItem"",""ListItem"",""ListItem"",""Product"",""Brand"",""Offer"",""Organization"",""Review"",""Organization"",""Organization"",""Rating"",""ItemList"",""ListItem"",""ListItem"",""ListItem"",""ListItem"",""ListItem"",""ItemList"",""ListItem"",""ListItem"",""ListItem"",""ListItem"",""ListItem""]","20be45dfa084049d859bd26637fbf0b5458cde16af302470a9990fee2ed595c0"
"https://pfotentechnik.de/produkt/petkit-eversweet-5-mini/","UNAVAILABLE_PERFORMANCE_IS_NOT_INDEX_COVERAGE","0","0","0","0","product","trinkbrunnen","2026-07-13","2026-07-16","77","3","2","2","NORMAL","true","true","2026-07-16T00:00:00.000Z","930","[""Organization"",""WebPage"",""WebSite"",""Organization"",""BreadcrumbList"",""ListItem"",""ListItem"",""ListItem"",""ListItem"",""Product"",""Brand"",""Review"",""Organization"",""Organization"",""Rating"",""ItemList"",""ListItem"",""ListItem"",""ListItem"",""ListItem"",""ItemList"",""ListItem"",""ListItem"",""ListItem"",""ListItem""]","5134387ef21df833713676b979ebf256f39759a9557d3f8074f2e1deeead2e15"
"https://pfotentechnik.de/produkt/petkit-eversweet-max-2-uvc/","UNAVAILABLE_PERFORMANCE_IS_NOT_INDEX_COVERAGE","0","0","0","0","product","trinkbrunnen","2026-07-13","2026-07-16","77","3","4","4","NORMAL","true","true","2026-07-16T00:00:00.000Z","1107","[""Organization"",""WebPage"",""WebSite"",""Organization"",""BreadcrumbList"",""ListItem"",""ListItem"",""ListItem"",""ListItem"",""Product"",""Brand"",""Review"",""Organization"",""Organization"",""Rating"",""ItemList"",""ListItem"",""ListItem"",""ListItem"",""ListItem"",""ListItem"",""ItemList"",""ListItem"",""ListItem"",""ListItem"",""ListItem""]","6dd19737d6454a287b99343283721243a9e7c6d0ba2f8494699544faaeebb5d5"
"https://pfotentechnik.de/produkt/petkit-eversweet-max-cordless/","UNAVAILABLE_PERFORMANCE_IS_NOT_INDEX_COVERAGE","0","0","0","0","product","trinkbrunnen","2026-07-13","2026-08-19","77","3","3","3","NORMAL","true","true","2026-08-19T00:00:00.000Z","1173","[""Organization"",""WebPage"",""WebSite"",""Organization"",""BreadcrumbList"",""ListItem"",""ListItem"",""ListItem"",""ListItem"",""Product"",""Brand"",""Review"",""Organization"",""Organization"",""Rating"",""ItemList"",""ListItem"",""ListItem"",""ListItem"",""ListItem"",""ListItem"",""ItemList"",""ListItem"",""ListItem"",""ListItem"",""ListItem"",""ListItem""]","9a0671bc5722c1a83f47ebaf22b9636bc318856231a65e1ea0da137a234e2469"
"https://pfotentechnik.de/produkt/petkit-eversweet-solo-2-fountain/","UNAVAILABLE_PERFORMANCE_IS_NOT_INDEX_COVERAGE","0","0","0","0","product","trinkbrunnen","2026-07-13","2026-07-13","77","2","6","6","STRONG","true","true","2026-07-13T00:00:00.000Z","958","[""Organization"",""WebPage"",""WebSite"",""Organization"",""BreadcrumbList"",""ListItem"",""ListItem"",""ListItem"",""ListItem"",""Product"",""Brand"",""Offer"",""Organization"",""Review"",""Organization"",""Organization"",""Rating"",""ItemList"",""ListItem"",""ListItem"",""ListItem"",""ListItem"",""ListItem"",""ItemList"",""ListItem"",""ListItem"",""ListItem"",""ListItem""]","87462ff8b5dd477edf4f0222991fa2887755040bd11a4f7afc6f310112a3488b"
"https://pfotentechnik.de/produkt/petkit-eversweet-solo-se/","UNAVAILABLE_PERFORMANCE_IS_NOT_INDEX_COVERAGE","0","0","0","0","product","trinkbrunnen","2026-07-13","2026-07-16","77","3","2","2","NORMAL","true","true","2026-07-16T00:00:00.000Z","1017","[""Organization"",""WebPage"",""WebSite"",""Organization"",""BreadcrumbList"",""ListItem"",""ListItem"",""ListItem"",""ListItem"",""Product"",""Brand"",""Offer"",""Organization"",""Review"",""Organization"",""Organization"",""Rating"",""ItemList"",""ListItem"",""ListItem"",""ListItem"",""ListItem"",""ListItem"",""ItemList"",""ListItem"",""ListItem"",""ListItem"",""ListItem""]","51292474bac0c9b6032b940e0a442477aa4f1b1c1cf583858caa6e032381bd77"
"https://pfotentechnik.de/produkt/petkit-eversweet-ultra/","UNAVAILABLE_PERFORMANCE_IS_NOT_INDEX_COVERAGE","0","0","7","0","product","trinkbrunnen","2026-07-13","2026-08-10","77","3","4","4","NORMAL","true","true","2026-08-10T00:00:00.000Z","1723","[""Organization"",""WebPage"",""WebSite"",""Organization"",""BreadcrumbList"",""ListItem"",""ListItem"",""ListItem"",""ListItem"",""Product"",""Brand"",""Offer"",""Organization"",""Review"",""Organization"",""Organization"",""Rating"",""ItemList"",""ListItem"",""ListItem"",""ListItem"",""ListItem"",""ListItem"",""ItemList"",""ListItem"",""ListItem"",""ListItem"",""ListItem"",""ListItem""]","60efb3a4cc7772cdfc2677b2d4258c4b15010d35b5b10f4ba6efc616ad031090"
"https://pfotentechnik.de/produkt/petkit-fresh-element-infinity/","UNAVAILABLE_PERFORMANCE_IS_NOT_INDEX_COVERAGE","0","0","0","0","product","futterautomaten","2026-07-12","2026-07-12","78","3","1","1","NEAR_ORPHAN","true","true","2026-07-12T00:00:00.000Z","872","[""Organization"",""WebPage"",""WebSite"",""Organization"",""BreadcrumbList"",""ListItem"",""ListItem"",""ListItem"",""ListItem"",""Product"",""Brand"",""Review"",""Organization"",""Organization"",""Rating"",""ItemList"",""ListItem"",""ListItem"",""ListItem"",""ItemList"",""ListItem"",""ListItem"",""ListItem""]","32def1025341acd6bb36c9354c3f21e6bc1ae177918370a82c9d7dcdb6808dd0"
"https://pfotentechnik.de/produkt/petkit-fresh-element-solo/","UNAVAILABLE_PERFORMANCE_IS_NOT_INDEX_COVERAGE","0","0","0","0","product","futterautomaten","2026-07-12","2026-07-23","78","2","10","10","NORMAL","true","true","2026-07-23T00:00:00.000Z","1523","[""Organization"",""WebPage"",""WebSite"",""Organization"",""BreadcrumbList"",""ListItem"",""ListItem"",""ListItem"",""ListItem"",""Product"",""Brand"",""Offer"",""Organization"",""Review"",""Organization"",""Organization"",""Rating"",""ItemList"",""ListItem"",""ListItem"",""ListItem"",""ListItem"",""ListItem"",""ItemList"",""ListItem"",""ListItem"",""ListItem"",""ListItem"",""ListItem""]","5d9192c044a31bbd269c2d206507695ce4528a2164760b3aa3e0cc8a0c649b02"
"https://pfotentechnik.de/produkt/petkit-puramax-2/","UNAVAILABLE_PERFORMANCE_IS_NOT_INDEX_COVERAGE","0","0","0","0","product","automatische-katzentoiletten","2026-08-16","2026-08-16","43","3","2","2","NORMAL","true","true","2026-08-16T00:00:00.000Z","1073","[""Organization"",""WebPage"",""WebSite"",""Organization"",""BreadcrumbList"",""ListItem"",""ListItem"",""ListItem"",""ListItem"",""Product"",""Brand"",""Review"",""Organization"",""Organization"",""Rating"",""ItemList"",""ListItem"",""ListItem"",""ListItem"",""ListItem"",""ItemList"",""ListItem"",""ListItem"",""ListItem"",""ListItem""]","b1fa589cf63a5b50531034adc02b11cf37276d5bd7d3c2b6bb18ccadb7897915"
"https://pfotentechnik.de/produkt/petkit-purobot-crystal-duo/","UNAVAILABLE_PERFORMANCE_IS_NOT_INDEX_COVERAGE","0","0","0","0","product","automatische-katzentoiletten","2026-08-21","2026-08-25","38","3","9","9","NORMAL","true","true","2026-08-25T00:00:00.000Z","1037","[""Organization"",""WebPage"",""WebSite"",""Organization"",""BreadcrumbList"",""ListItem"",""ListItem"",""ListItem"",""ListItem"",""Product"",""Brand"",""Review"",""Organization"",""Organization"",""Rating"",""ItemList"",""ListItem"",""ListItem"",""ListItem"",""ListItem"",""ItemList"",""ListItem"",""ListItem"",""ListItem"",""ListItem""]","fd8676a563f2c56ea95a0abcfb01a3d28c2342f38886c5d66123422bcb46db85"
"https://pfotentechnik.de/produkt/petkit-purobot-max-3/","UNAVAILABLE_PERFORMANCE_IS_NOT_INDEX_COVERAGE","0","0","0","0","product","automatische-katzentoiletten","2026-08-15","2026-08-16","44","2","12","12","STRONG","true","true","2026-08-16T00:00:00.000Z","1021","[""Organization"",""WebPage"",""WebSite"",""Organization"",""BreadcrumbList"",""ListItem"",""ListItem"",""ListItem"",""ListItem"",""Product"",""Brand"",""Review"",""Organization"",""Organization"",""Rating"",""ItemList"",""ListItem"",""ListItem"",""ListItem"",""ListItem"",""ItemList"",""ListItem"",""ListItem"",""ListItem"",""ListItem""]","4ba4fc96d7a4ea7256b3a6c45dd49c965c7ce923a7b91eb1f3a42e4257b98f94"
"https://pfotentechnik.de/produkt/petkit-purobot-max-pro-2/","UNAVAILABLE_PERFORMANCE_IS_NOT_INDEX_COVERAGE","0","0","0","0","product","automatische-katzentoiletten","2026-08-06","2026-08-15","53","3","8","8","NORMAL","true","true","2026-08-15T00:00:00.000Z","1017","[""Organization"",""WebPage"",""WebSite"",""Organization"",""BreadcrumbList"",""ListItem"",""ListItem"",""ListItem"",""ListItem"",""Product"",""Brand"",""Offer"",""Organization"",""Review"",""Organization"",""Organization"",""Rating"",""ItemList"",""ListItem"",""ListItem"",""ListItem"",""ItemList"",""ListItem"",""ListItem"",""ListItem""]","c30dfd7662b8f90db29fd0ff5dfdbc0c26125f7b40060805d2369e56d0f1ac3b"
"https://pfotentechnik.de/produkt/petkit-yumshare-dual-hopper/","UNAVAILABLE_PERFORMANCE_IS_NOT_INDEX_COVERAGE","0","0","0","0","product","futterautomaten","2026-07-12","2026-08-10","78","2","57","48","NORMAL","true","true","2026-08-10T00:00:00.000Z","1739","[""Organization"",""WebPage"",""WebSite"",""Organization"",""BreadcrumbList"",""ListItem"",""ListItem"",""ListItem"",""ListItem"",""Product"",""Brand"",""Offer"",""Organization"",""Review"",""Organization"",""Organization"",""Rating"",""ItemList"",""ListItem"",""ListItem"",""ListItem"",""ListItem"",""ListItem"",""ItemList"",""ListItem"",""ListItem"",""ListItem"",""ListItem"",""ListItem""]","619b4563b5f1d0808aa4631d7000b1b16a3e0457d6337577d43e926d0dad9270"
"https://pfotentechnik.de/produkt/petkit-yumshare-solo-2/","UNAVAILABLE_PERFORMANCE_IS_NOT_INDEX_COVERAGE","0","0","0","0","product","futterautomaten","2026-07-12","2026-08-19","78","2","4","4","NORMAL","true","true","2026-08-19T00:00:00.000Z","1467","[""Organization"",""WebPage"",""WebSite"",""Organization"",""BreadcrumbList"",""ListItem"",""ListItem"",""ListItem"",""ListItem"",""Product"",""Brand"",""Offer"",""Organization"",""Review"",""Organization"",""Organization"",""Rating"",""ItemList"",""ListItem"",""ListItem"",""ListItem"",""ListItem"",""ListItem"",""ItemList"",""ListItem"",""ListItem"",""ListItem"",""ListItem"",""ListItem""]","0c020f86c168e434005e4e042d7e2d73b4655c67099f554883cafd19b505927a"
"https://pfotentechnik.de/produkt/petlibro-air-automatic-feeder/","UNAVAILABLE_PERFORMANCE_IS_NOT_INDEX_COVERAGE","0","0","0","0","product","futterautomaten","2026-07-12","2026-07-12","78","3","2","2","NORMAL","true","true","2026-07-12T00:00:00.000Z","1007","[""Organization"",""WebPage"",""WebSite"",""Organization"",""BreadcrumbList"",""ListItem"",""ListItem"",""ListItem"",""ListItem"",""Product"",""Brand"",""Offer"",""Organization"",""Review"",""Organization"",""Organization"",""Rating"",""ItemList"",""ListItem"",""ListItem"",""ListItem"",""ItemList"",""ListItem"",""ListItem"",""ListItem""]","1398fe22ddc2e266b85d8ce1e124cb2614040b04bcf22a64696465b8876cf27a"
"https://pfotentechnik.de/produkt/petlibro-air-wifi-feeder/","UNAVAILABLE_PERFORMANCE_IS_NOT_INDEX_COVERAGE","1","0","0","0","product","futterautomaten","2026-07-12","2026-07-23","78","2","7","7","NORMAL","true","true","2026-07-23T00:00:00.000Z","1502","[""Organization"",""WebPage"",""WebSite"",""Organization"",""BreadcrumbList"",""ListItem"",""ListItem"",""ListItem"",""ListItem"",""Product"",""Brand"",""Review"",""Organization"",""Organization"",""Rating"",""ItemList"",""ListItem"",""ListItem"",""ListItem"",""ListItem"",""ListItem"",""ItemList"",""ListItem"",""ListItem"",""ListItem"",""ListItem"",""ListItem""]","6dc7b132e4bb652ab4ae0ed7f1032bc346ca62b3dd5b800fb51a1b1d98c41fe2"
"https://pfotentechnik.de/produkt/petlibro-capsule-dog-fountain/","UNAVAILABLE_PERFORMANCE_IS_NOT_INDEX_COVERAGE","0","0","0","0","product","trinkbrunnen","2026-07-13","2026-07-16","77","3","2","2","NORMAL","true","true","2026-07-16T00:00:00.000Z","1113","[""Organization"",""WebPage"",""WebSite"",""Organization"",""BreadcrumbList"",""ListItem"",""ListItem"",""ListItem"",""ListItem"",""Product"",""Brand"",""Review"",""Organization"",""Organization"",""Rating"",""ItemList"",""ListItem"",""ListItem"",""ListItem"",""ListItem"",""ListItem"",""ItemList"",""ListItem"",""ListItem"",""ListItem"",""ListItem""]","99622ea1031151e281ddf7980495a99452e607c39f88895ff44fe4971d99b848"
"https://pfotentechnik.de/produkt/petlibro-dockstream-2-smart/","UNAVAILABLE_PERFORMANCE_IS_NOT_INDEX_COVERAGE","0","0","1","1","product","trinkbrunnen","2026-07-13","2026-07-26","77","3","9","9","NORMAL","true","true","2026-07-26T00:00:00.000Z","1315","[""Organization"",""WebPage"",""WebSite"",""Organization"",""BreadcrumbList"",""ListItem"",""ListItem"",""ListItem"",""ListItem"",""Product"",""Brand"",""Offer"",""Organization"",""Review"",""Organization"",""Organization"",""Rating"",""ItemList"",""ListItem"",""ListItem"",""ListItem"",""ListItem"",""ListItem"",""ItemList"",""ListItem"",""ListItem"",""ListItem"",""ListItem"",""ListItem""]","680902f117f613823e7f3027b022985ad2647525388f8d2bf8e36b5bacb0562c"
"https://pfotentechnik.de/produkt/petlibro-dockstream-2-smart-cordless/","UNAVAILABLE_PERFORMANCE_IS_NOT_INDEX_COVERAGE","0","0","0","0","product","trinkbrunnen","2026-07-26","2026-07-26","64","2","11","11","STRONG","true","true","2026-07-26T00:00:00.000Z","1505","[""Organization"",""WebPage"",""WebSite"",""Organization"",""BreadcrumbList"",""ListItem"",""ListItem"",""ListItem"",""ListItem"",""Product"",""Brand"",""Offer"",""Organization"",""Review"",""Organization"",""Organization"",""Rating"",""ItemList"",""ListItem"",""ListItem"",""ListItem"",""ListItem"",""ListItem"",""ItemList"",""ListItem"",""ListItem"",""ListItem"",""ListItem"",""ListItem""]","c6f2322be758060ac8c5f6556ee2fcbb1d21f94675a9d4dfad4b969e45c40a8a"
"https://pfotentechnik.de/produkt/petlibro-dockstream-cordless/","UNAVAILABLE_PERFORMANCE_IS_NOT_INDEX_COVERAGE","0","0","0","0","product","trinkbrunnen","2026-07-13","2026-07-16","77","3","2","2","NORMAL","true","true","2026-07-16T00:00:00.000Z","1062","[""Organization"",""WebPage"",""WebSite"",""Organization"",""BreadcrumbList"",""ListItem"",""ListItem"",""ListItem"",""ListItem"",""Product"",""Brand"",""Offer"",""Organization"",""Review"",""Organization"",""Organization"",""Rating"",""ItemList"",""ListItem"",""ListItem"",""ListItem"",""ListItem"",""ListItem"",""ItemList"",""ListItem"",""ListItem"",""ListItem"",""ListItem""]","b5a72cc0df4dffd613f2152dfe090e3904e525b7927edf951bab7e065a1c5b85"
"https://pfotentechnik.de/produkt/petlibro-dockstream-rfid-smart/","UNAVAILABLE_PERFORMANCE_IS_NOT_INDEX_COVERAGE","0","0","0","0","product","trinkbrunnen","2026-07-13","2026-08-21","77","3","3","3","NORMAL","true","true","2026-08-21T00:00:00.000Z","1091","[""Organization"",""WebPage"",""WebSite"",""Organization"",""BreadcrumbList"",""ListItem"",""ListItem"",""ListItem"",""ListItem"",""Product"",""Brand"",""Review"",""Organization"",""Organization"",""Rating"",""ItemList"",""ListItem"",""ListItem"",""ListItem"",""ListItem"",""ListItem"",""ItemList"",""ListItem"",""ListItem"",""ListItem"",""ListItem"",""ListItem""]","d32ef1b467e006b89f432594452534849d64a913a9d27bd40115f071bd7dc0a8"
"https://pfotentechnik.de/produkt/petlibro-glacier-ultrafiltration/","UNAVAILABLE_PERFORMANCE_IS_NOT_INDEX_COVERAGE","1","0","0","0","product","trinkbrunnen","2026-07-13","2026-07-16","77","3","2","2","NORMAL","true","true","2026-07-16T00:00:00.000Z","972","[""Organization"",""WebPage"",""WebSite"",""Organization"",""BreadcrumbList"",""ListItem"",""ListItem"",""ListItem"",""ListItem"",""Product"",""Brand"",""Review"",""Organization"",""Organization"",""Rating"",""ItemList"",""ListItem"",""ListItem"",""ListItem"",""ListItem"",""ListItem"",""ItemList"",""ListItem"",""ListItem"",""ListItem"",""ListItem""]","bc62e3020b12dcc638281bed0218aa416d5717db363105242268a5086b280adc"
"https://pfotentechnik.de/produkt/petlibro-granary-2-vision/","UNAVAILABLE_PERFORMANCE_IS_NOT_INDEX_COVERAGE","1","0","0","0","product","futterautomaten","2026-07-26","2026-07-26","64","2","8","8","NORMAL","true","true","2026-07-26T00:00:00.000Z","1569","[""Organization"",""WebPage"",""WebSite"",""Organization"",""BreadcrumbList"",""ListItem"",""ListItem"",""ListItem"",""ListItem"",""Product"",""Brand"",""Offer"",""Organization"",""Review"",""Organization"",""Organization"",""Rating"",""ItemList"",""ListItem"",""ListItem"",""ListItem"",""ListItem"",""ListItem"",""ItemList"",""ListItem"",""ListItem"",""ListItem"",""ListItem"",""ListItem""]","37e5e742c6383c05c33aed595b623d2ba61122cb02b8e87f9edeb55dcd8d11c2"
"https://pfotentechnik.de/produkt/petlibro-granary-camera-feeder/","UNAVAILABLE_PERFORMANCE_IS_NOT_INDEX_COVERAGE","0","0","0","0","product","futterautomaten","2026-07-12","2026-08-10","78","2","53","41","STRONG","true","true","2026-08-10T00:00:00.000Z","1169","[""Organization"",""WebPage"",""WebSite"",""Organization"",""BreadcrumbList"",""ListItem"",""ListItem"",""ListItem"",""ListItem"",""Product"",""Brand"",""Offer"",""Organization"",""Offer"",""Organization"",""Review"",""Organization"",""Organization"",""Rating"",""ItemList"",""ListItem"",""ListItem"",""ListItem"",""ListItem"",""ListItem"",""ItemList"",""ListItem"",""ListItem"",""ListItem"",""ListItem""]","0f41b7eafa3d081ed20fb291933408cbdd9cb641aee1d7b4a71a1e2909b3289b"
"https://pfotentechnik.de/produkt/petlibro-granary-dual-feeder/","UNAVAILABLE_PERFORMANCE_IS_NOT_INDEX_COVERAGE","0","0","0","0","product","futterautomaten","2026-07-17","2026-07-17","73","2","18","18","NORMAL","true","true","2026-07-17T00:00:00.000Z","1041","[""Organization"",""WebPage"",""WebSite"",""Organization"",""BreadcrumbList"",""ListItem"",""ListItem"",""ListItem"",""ListItem"",""Product"",""Brand"",""Offer"",""Organization"",""Offer"",""Organization"",""Review"",""Organization"",""Organization"",""Rating"",""ItemList"",""ListItem"",""ListItem"",""ListItem"",""ListItem"",""ListItem"",""ItemList"",""ListItem"",""ListItem"",""ListItem"",""ListItem""]","ea3bb8fe8fcc9f8426be0d2e65b1f5af069b14b08fefaa8e6d2da4e67bd85753"
"https://pfotentechnik.de/produkt/petlibro-granary-wifi-feeder/","UNAVAILABLE_PERFORMANCE_IS_NOT_INDEX_COVERAGE","0","0","0","0","product","futterautomaten","2026-07-12","2026-07-16","78","2","24","24","STRONG","true","true","2026-07-16T00:00:00.000Z","1082","[""Organization"",""WebPage"",""WebSite"",""Organization"",""BreadcrumbList"",""ListItem"",""ListItem"",""ListItem"",""ListItem"",""Product"",""Brand"",""Offer"",""Organization"",""Offer"",""Organization"",""Review"",""Organization"",""Organization"",""Rating"",""ItemList"",""ListItem"",""ListItem"",""ListItem"",""ListItem"",""ListItem"",""ItemList"",""ListItem"",""ListItem"",""ListItem"",""ListItem""]","ea36945a637e267f773db20277fb594144b7f05daaeaafa076a515d8c384aed1"
"https://pfotentechnik.de/produkt/petlibro-luma-smart-litter-box/","UNAVAILABLE_PERFORMANCE_IS_NOT_INDEX_COVERAGE","0","0","0","0","product","automatische-katzentoiletten","2026-08-15","2026-08-15","44","2","4","4","STRONG","true","true","2026-08-15T00:00:00.000Z","1240","[""Organization"",""WebPage"",""WebSite"",""Organization"",""BreadcrumbList"",""ListItem"",""ListItem"",""ListItem"",""ListItem"",""Product"",""Brand"",""Offer"",""Organization"",""Offer"",""Organization"",""Review"",""Organization"",""Organization"",""Rating"",""ItemList"",""ListItem"",""ListItem"",""ListItem"",""ItemList"",""ListItem"",""ListItem"",""ListItem""]","4d38d8b7c062ee45f812ef12e6f726dc8d32cd6e506d8ce9795045f6daa109c5"
"https://pfotentechnik.de/produkt/petlibro-one-rfid-smart-feeder/","UNAVAILABLE_PERFORMANCE_IS_NOT_INDEX_COVERAGE","0","0","0","0","product","futterautomaten","2026-07-12","2026-07-12","78","3","1","1","NEAR_ORPHAN","true","true","2026-07-12T00:00:00.000Z","970","[""Organization"",""WebPage"",""WebSite"",""Organization"",""BreadcrumbList"",""ListItem"",""ListItem"",""ListItem"",""ListItem"",""Product"",""Brand"",""Offer"",""Organization"",""Offer"",""Organization"",""Review"",""Organization"",""Organization"",""Rating"",""ItemList"",""ListItem"",""ListItem"",""ListItem"",""ItemList"",""ListItem"",""ListItem"",""ListItem""]","993aaeafb0e963418983c5e7369da9f1047e7ae9234e21f877028011e71d673a"
"https://pfotentechnik.de/produkt/petlibro-polar-wet-food-feeder/","UNAVAILABLE_PERFORMANCE_IS_NOT_INDEX_COVERAGE","0","0","0","0","product","futterautomaten","2026-07-12","2026-08-26","78","2","17","17","NORMAL","true","true","2026-08-26T00:00:00.000Z","1460","[""Organization"",""WebPage"",""WebSite"",""Organization"",""BreadcrumbList"",""ListItem"",""ListItem"",""ListItem"",""ListItem"",""Product"",""Brand"",""Offer"",""Organization"",""Offer"",""Organization"",""Review"",""Organization"",""Organization"",""Rating"",""ItemList"",""ListItem"",""ListItem"",""ListItem"",""ListItem"",""ListItem"",""ItemList"",""ListItem"",""ListItem"",""ListItem"",""ListItem"",""ListItem""]","fc8683fc67d894fbc661e8c7994842ab60323fe7696154b94c3af753aa470e8d"
"https://pfotentechnik.de/produkt/petlibro-scout-smart-camera/","UNAVAILABLE_PERFORMANCE_IS_NOT_INDEX_COVERAGE","0","0","4","0","product","haustierkameras","2026-08-06","2026-08-15","53","2","4","4","STRONG","true","true","2026-08-15T00:00:00.000Z","1052","[""Organization"",""WebPage"",""WebSite"",""Organization"",""BreadcrumbList"",""ListItem"",""ListItem"",""ListItem"",""ListItem"",""Product"",""Brand"",""Offer"",""Organization"",""Offer"",""Organization"",""Review"",""Organization"",""Organization"",""Rating"",""ItemList"",""ListItem"",""ListItem"",""ListItem"",""ItemList"",""ListItem"",""ListItem"",""ListItem""]","87a6fb0eb4509dfb44374b36d348fbc1de952eddf8870557710005632f4fdfc4"
"https://pfotentechnik.de/produkt/petlibro-space-smart-feeder/","UNAVAILABLE_PERFORMANCE_IS_NOT_INDEX_COVERAGE","0","0","0","0","product","futterautomaten","2026-07-12","2026-07-23","78","3","5","5","NORMAL","true","true","2026-07-23T00:00:00.000Z","1741","[""Organization"",""WebPage"",""WebSite"",""Organization"",""BreadcrumbList"",""ListItem"",""ListItem"",""ListItem"",""ListItem"",""Product"",""Brand"",""Offer"",""Organization"",""Review"",""Organization"",""Organization"",""Rating"",""ItemList"",""ListItem"",""ListItem"",""ListItem"",""ListItem"",""ListItem"",""ItemList"",""ListItem"",""ListItem"",""ListItem"",""ListItem"",""ListItem""]","099cb114cdae01e7530a9d61194ca6aabb2c357a15de85b9b1f161fb24864933"
"https://pfotentechnik.de/produkt/petlibro-stainless-steel-fountain/","UNAVAILABLE_PERFORMANCE_IS_NOT_INDEX_COVERAGE","0","0","0","0","product","trinkbrunnen","2026-07-13","2026-08-19","77","3","3","3","NORMAL","true","true","2026-08-19T00:00:00.000Z","1073","[""Organization"",""WebPage"",""WebSite"",""Organization"",""BreadcrumbList"",""ListItem"",""ListItem"",""ListItem"",""ListItem"",""Product"",""Brand"",""Offer"",""Organization"",""Review"",""Organization"",""Organization"",""Rating"",""ItemList"",""ListItem"",""ListItem"",""ListItem"",""ListItem"",""ListItem"",""ItemList"",""ListItem"",""ListItem"",""ListItem"",""ListItem"",""ListItem""]","c4666b4b29965073488b73c3c562b01b7b37b08ced012ac8050ad3fa9d0e2957"
"https://pfotentechnik.de/produkt/petsafe-freshfeed-refrigerated-feeder/","UNAVAILABLE_PERFORMANCE_IS_NOT_INDEX_COVERAGE","0","0","0","0","product","futterautomaten","2026-07-13","2026-07-13","77","2","7","7","NORMAL","true","true","2026-07-13T00:00:00.000Z","1062","[""Organization"",""WebPage"",""WebSite"",""Organization"",""BreadcrumbList"",""ListItem"",""ListItem"",""ListItem"",""ListItem"",""Product"",""Brand"",""Review"",""Organization"",""Organization"",""Rating"",""ItemList"",""ListItem"",""ListItem"",""ListItem"",""ListItem"",""ListItem"",""ItemList"",""ListItem"",""ListItem"",""ListItem"",""ListItem"",""ListItem""]","0fd94407fe227f62341a4b39343418a30f7d0d5863de5c536f6cca0e104ad00f"
"https://pfotentechnik.de/produkt/petsafe-healthy-pet-simply-feed/","UNAVAILABLE_PERFORMANCE_IS_NOT_INDEX_COVERAGE","0","0","0","0","product","futterautomaten","2026-07-13","2026-07-13","77","2","5","5","NORMAL","true","true","2026-07-13T00:00:00.000Z","1048","[""Organization"",""WebPage"",""WebSite"",""Organization"",""BreadcrumbList"",""ListItem"",""ListItem"",""ListItem"",""ListItem"",""Product"",""Brand"",""Offer"",""Organization"",""Review"",""Organization"",""Organization"",""Rating"",""ItemList"",""ListItem"",""ListItem"",""ListItem"",""ListItem"",""ListItem"",""ItemList"",""ListItem"",""ListItem"",""ListItem"",""ListItem"",""ListItem""]","e258b99c05a61689b71a27418f4870406fefb7d1c71de7b3c072f365b888eb8d"
"https://pfotentechnik.de/produkt/petsafe-mikrochip-katzenklappe/","UNAVAILABLE_PERFORMANCE_IS_NOT_INDEX_COVERAGE","0","0","0","0","product","katzenklappen","2026-08-04","2026-08-26","55","2","4","4","NORMAL","true","true","2026-08-26T00:00:00.000Z","868","[""Organization"",""WebPage"",""WebSite"",""Organization"",""BreadcrumbList"",""ListItem"",""ListItem"",""ListItem"",""ListItem"",""Product"",""Brand"",""Offer"",""Organization"",""Review"",""Organization"",""Organization"",""Rating"",""ItemList"",""ListItem"",""ListItem"",""ListItem"",""ItemList"",""ListItem"",""ListItem"",""ListItem""]","460b45a5f03160121ac97e9e6a9cee627c4f92a422d31fe8abeecd8eaa4e68b6"
"https://pfotentechnik.de/produkt/petsafe-petporte-smart-flap/","UNAVAILABLE_PERFORMANCE_IS_NOT_INDEX_COVERAGE","0","0","0","0","product","katzenklappen","2026-08-04","2026-08-07","55","2","12","12","NORMAL","true","true","2026-08-07T00:00:00.000Z","1228","[""Organization"",""WebPage"",""WebSite"",""Organization"",""BreadcrumbList"",""ListItem"",""ListItem"",""ListItem"",""ListItem"",""Product"",""Brand"",""Offer"",""Organization"",""Review"",""Organization"",""Organization"",""Rating"",""ItemList"",""ListItem"",""ListItem"",""ListItem"",""ListItem"",""ListItem"",""ItemList"",""ListItem"",""ListItem"",""ListItem"",""ListItem"",""ListItem""]","49f0b19869150b35cd16cd609577482a26a0c8c1f8a7877ff8cbdc7f5168e2c1"
"https://pfotentechnik.de/produkt/petsafe-smart-feed-2/","UNAVAILABLE_PERFORMANCE_IS_NOT_INDEX_COVERAGE","0","0","0","0","product","futterautomaten","2026-07-13","2026-08-25","77","2","6","6","NORMAL","true","true","2026-08-25T00:00:00.000Z","1145","[""Organization"",""WebPage"",""WebSite"",""Organization"",""BreadcrumbList"",""ListItem"",""ListItem"",""ListItem"",""ListItem"",""Product"",""Brand"",""Review"",""Organization"",""Organization"",""Rating"",""ItemList"",""ListItem"",""ListItem"",""ListItem"",""ListItem"",""ListItem"",""ItemList"",""ListItem"",""ListItem"",""ListItem"",""ListItem"",""ListItem""]","ab6bf6684345db4fa2357b5d06866c81c309f462e0b4e9abf1bfdbede116e90d"
"https://pfotentechnik.de/produkt/petsafe-streamside-trinkbrunnen/","UNAVAILABLE_PERFORMANCE_IS_NOT_INDEX_COVERAGE","0","0","0","0","product","trinkbrunnen","2026-08-16","2026-08-16","43","2","3","3","STRONG","true","true","2026-08-16T00:00:00.000Z","1016","[""Organization"",""WebPage"",""WebSite"",""Organization"",""BreadcrumbList"",""ListItem"",""ListItem"",""ListItem"",""ListItem"",""Product"",""Brand"",""Review"",""Organization"",""Organization"",""Rating"",""ItemList"",""ListItem"",""ListItem"",""ListItem"",""ListItem"",""ItemList"",""ListItem"",""ListItem"",""ListItem"",""ListItem""]","20b59b8cd943c9ab37e77fec58e3aea135651db0576d741df478a48e3ac3e207"
"https://pfotentechnik.de/produkt/petsnowy-snow-plus/","UNAVAILABLE_PERFORMANCE_IS_NOT_INDEX_COVERAGE","0","0","0","0","product","automatische-katzentoiletten","2026-08-15","2026-08-16","44","2","3","3","STRONG","true","true","2026-08-16T00:00:00.000Z","911","[""Organization"",""WebPage"",""WebSite"",""Organization"",""BreadcrumbList"",""ListItem"",""ListItem"",""ListItem"",""ListItem"",""Product"",""Brand"",""Review"",""Organization"",""Organization"",""Rating"",""ItemList"",""ListItem"",""ListItem"",""ListItem"",""ListItem"",""ItemList"",""ListItem"",""ListItem"",""ListItem"",""ListItem""]","d59d3abb37ca0e57096f565d6c9cab6b166f468fee9ed577eb881112cfab0246"
"https://pfotentechnik.de/produkt/pettec-cam-360/","UNAVAILABLE_PERFORMANCE_IS_NOT_INDEX_COVERAGE","0","0","0","0","product","haustierkameras","2026-08-15","2026-08-16","44","2","4","4","STRONG","true","true","2026-08-16T00:00:00.000Z","1146","[""Organization"",""WebPage"",""WebSite"",""Organization"",""BreadcrumbList"",""ListItem"",""ListItem"",""ListItem"",""ListItem"",""Product"",""Brand"",""Review"",""Organization"",""Organization"",""Rating"",""ItemList"",""ListItem"",""ListItem"",""ListItem"",""ListItem"",""ItemList"",""ListItem"",""ListItem"",""ListItem"",""ListItem""]","537c5dcafd3f948214609c2082f08f390798fcafb5245c6cafa1258a9413418a"
"https://pfotentechnik.de/produkt/petwalk-medium-tiertuer/","UNAVAILABLE_PERFORMANCE_IS_NOT_INDEX_COVERAGE","0","0","0","0","product","katzenklappen","2026-08-04","2026-08-17","55","2","5","5","STRONG","true","true","2026-08-17T00:00:00.000Z","957","[""Organization"",""WebPage"",""WebSite"",""Organization"",""BreadcrumbList"",""ListItem"",""ListItem"",""ListItem"",""ListItem"",""Product"",""Brand"",""Offer"",""Organization"",""Review"",""Organization"",""Organization"",""Rating"",""ItemList"",""ListItem"",""ListItem"",""ListItem"",""ListItem"",""ItemList"",""ListItem"",""ListItem"",""ListItem"",""ListItem""]","75a21269e6c12c056bcb26b8c101f891e48fb173cbc655f057ec5bae7c8dfe08"
"https://pfotentechnik.de/produkt/prothelis-area-pets/","UNAVAILABLE_PERFORMANCE_IS_NOT_INDEX_COVERAGE","0","0","0","0","product","gps-tracker","2026-08-16","2026-08-16","43","3","4","4","NORMAL","true","true","2026-08-16T00:00:00.000Z","1181","[""Organization"",""WebPage"",""WebSite"",""Organization"",""BreadcrumbList"",""ListItem"",""ListItem"",""ListItem"",""ListItem"",""Product"",""Brand"",""Review"",""Organization"",""Organization"",""Rating"",""ItemList"",""ListItem"",""ListItem"",""ListItem"",""ListItem"",""ItemList"",""ListItem"",""ListItem"",""ListItem"",""ListItem""]","266125231490f3acba1d063c7030fbd1e17a821a2fcdc383beb11a0b1be5f1f1"
"https://pfotentechnik.de/produkt/reolink-e1-zoom/","UNAVAILABLE_PERFORMANCE_IS_NOT_INDEX_COVERAGE","0","0","0","0","product","haustierkameras","2026-08-16","2026-08-16","43","2","3","3","STRONG","true","true","2026-08-16T00:00:00.000Z","1039","[""Organization"",""WebPage"",""WebSite"",""Organization"",""BreadcrumbList"",""ListItem"",""ListItem"",""ListItem"",""ListItem"",""Product"",""Brand"",""Review"",""Organization"",""Organization"",""Rating"",""ItemList"",""ListItem"",""ListItem"",""ListItem"",""ListItem"",""ItemList"",""ListItem"",""ListItem"",""ListItem"",""ListItem""]","a4f24d8e346e388ef6c53f647427646a2fcdd4ef5434e3b2db9ea56f4b8f6746"
"https://pfotentechnik.de/produkt/surefeed-microchip-pet-feeder/","UNAVAILABLE_PERFORMANCE_IS_NOT_INDEX_COVERAGE","0","0","0","0","product","futterautomaten","2026-07-12","2026-07-25","78","2","9","9","NORMAL","true","true","2026-07-25T00:00:00.000Z","1065","[""Organization"",""WebPage"",""WebSite"",""Organization"",""BreadcrumbList"",""ListItem"",""ListItem"",""ListItem"",""ListItem"",""Product"",""Brand"",""Offer"",""Organization"",""Review"",""Organization"",""Organization"",""Rating"",""ItemList"",""ListItem"",""ListItem"",""ListItem"",""ListItem"",""ListItem"",""ItemList"",""ListItem"",""ListItem"",""ListItem"",""ListItem""]","e9fd9ee0bea90c3ee74613c4741c3d6666e2f5e7bd3d8e3ba794b189099221db"
"https://pfotentechnik.de/produkt/surefeed-microchip-pet-feeder-connect/","UNAVAILABLE_PERFORMANCE_IS_NOT_INDEX_COVERAGE","0","0","0","0","product","futterautomaten","2026-07-12","2026-08-03","78","2","9","9","STRONG","true","true","2026-08-03T00:00:00.000Z","1108","[""Organization"",""WebPage"",""WebSite"",""Organization"",""BreadcrumbList"",""ListItem"",""ListItem"",""ListItem"",""ListItem"",""Product"",""Brand"",""Review"",""Organization"",""Organization"",""Rating"",""ItemList"",""ListItem"",""ListItem"",""ListItem"",""ListItem"",""ItemList"",""ListItem"",""ListItem"",""ListItem"",""ListItem""]","75e1639901ca0f24f7cda11be914d3aba3f56ee4357b5507d9353bd48240a5ff"
"https://pfotentechnik.de/produkt/sureflap-dualscan-mikrochip-katzenklappe/","UNAVAILABLE_PERFORMANCE_IS_NOT_INDEX_COVERAGE","0","0","0","0","product","katzenklappen","2026-08-04","2026-08-26","55","2","3","3","NORMAL","true","true","2026-08-26T00:00:00.000Z","990","[""Organization"",""WebPage"",""WebSite"",""Organization"",""BreadcrumbList"",""ListItem"",""ListItem"",""ListItem"",""ListItem"",""Product"",""Brand"",""Review"",""Organization"",""Organization"",""Rating"",""ItemList"",""ListItem"",""ListItem"",""ListItem"",""ListItem"",""ListItem"",""ItemList"",""ListItem"",""ListItem"",""ListItem"",""ListItem""]","aa5b815cfbf5a182575634141345f091c8047f3999a8269820c74c3523d5ccd4"
"https://pfotentechnik.de/produkt/sureflap-mikrochip-katzenklappe/","UNAVAILABLE_PERFORMANCE_IS_NOT_INDEX_COVERAGE","0","0","0","0","product","katzenklappen","2026-08-04","2026-08-04","55","1","4","4","STRONG","true","true","2026-08-04T00:00:00.000Z","1301","[""Organization"",""WebPage"",""WebSite"",""Organization"",""BreadcrumbList"",""ListItem"",""ListItem"",""ListItem"",""ListItem"",""Product"",""Brand"",""Review"",""Organization"",""Organization"",""Rating"",""ItemList"",""ListItem"",""ListItem"",""ListItem"",""ListItem"",""ListItem"",""ItemList"",""ListItem"",""ListItem"",""ListItem"",""ListItem"",""ListItem""]","d477465cd56ffe496a285f99a4d2bce7d3a760e2d6cdb83389acf9e2b985f12b"
"https://pfotentechnik.de/produkt/sureflap-mikrochip-katzenklappe-connect/","UNAVAILABLE_PERFORMANCE_IS_NOT_INDEX_COVERAGE","0","0","2","0","product","katzenklappen","2026-08-04","2026-08-26","55","2","8","8","NORMAL","true","true","2026-08-26T00:00:00.000Z","1188","[""Organization"",""WebPage"",""WebSite"",""Organization"",""BreadcrumbList"",""ListItem"",""ListItem"",""ListItem"",""ListItem"",""Product"",""Brand"",""Offer"",""Organization"",""Review"",""Organization"",""Organization"",""Rating"",""ItemList"",""ListItem"",""ListItem"",""ListItem"",""ListItem"",""ListItem"",""ItemList"",""ListItem"",""ListItem"",""ListItem"",""ListItem"",""ListItem""]","eaccf42411fc18dbd315f09773d2e3a70d9666bda33e6cff175fea274523f427"
"https://pfotentechnik.de/produkt/tractive-cat-6-mini/","UNAVAILABLE_PERFORMANCE_IS_NOT_INDEX_COVERAGE","4","0","3","0","product","gps-tracker","2026-07-20","2026-08-24","70","2","7","6","STRONG","true","true","2026-08-24T00:00:00.000Z","1460","[""Organization"",""WebPage"",""WebSite"",""Organization"",""BreadcrumbList"",""ListItem"",""ListItem"",""ListItem"",""ListItem"",""Product"",""Brand"",""Offer"",""Organization"",""Review"",""Organization"",""Organization"",""Rating"",""ItemList"",""ListItem"",""ListItem"",""ListItem"",""ListItem"",""ListItem"",""ItemList"",""ListItem"",""ListItem"",""ListItem"",""ListItem"",""ListItem""]","b1cba4979f2e96b958e79566aeb88e6f308494f532beebf1c236d3a38eb177d7"
"https://pfotentechnik.de/produkt/tractive-dog-6/","UNAVAILABLE_PERFORMANCE_IS_NOT_INDEX_COVERAGE","0","0","2","1","product","gps-tracker","2026-07-20","2026-08-10","70","2","17","14","STRONG","true","true","2026-08-10T00:00:00.000Z","1642","[""Organization"",""WebPage"",""WebSite"",""Organization"",""BreadcrumbList"",""ListItem"",""ListItem"",""ListItem"",""ListItem"",""Product"",""Brand"",""Offer"",""Organization"",""Review"",""Organization"",""Organization"",""Rating"",""ItemList"",""ListItem"",""ListItem"",""ListItem"",""ListItem"",""ListItem"",""ItemList"",""ListItem"",""ListItem"",""ListItem"",""ListItem"",""ListItem""]","e25a16460c3ea4b290f72c63c0d684e952d4800ce2c701954d3db1bf68fa07cb"
"https://pfotentechnik.de/produkt/tractive-dog-6-xl/","UNAVAILABLE_PERFORMANCE_IS_NOT_INDEX_COVERAGE","0","0","3","0","product","gps-tracker","2026-07-20","2026-08-10","70","3","14","14","NORMAL","true","true","2026-08-10T00:00:00.000Z","1724","[""Organization"",""WebPage"",""WebSite"",""Organization"",""BreadcrumbList"",""ListItem"",""ListItem"",""ListItem"",""ListItem"",""Product"",""Brand"",""Offer"",""Organization"",""Review"",""Organization"",""Organization"",""Rating"",""ItemList"",""ListItem"",""ListItem"",""ListItem"",""ListItem"",""ListItem"",""ItemList"",""ListItem"",""ListItem"",""ListItem"",""ListItem"",""ListItem""]","ddf459685bc0f05ccf34343b29a64e06b456be55f8fcf95b768b6fd6d01032b6"
"https://pfotentechnik.de/produkt/weenect-xs/","UNAVAILABLE_PERFORMANCE_IS_NOT_INDEX_COVERAGE","1","0","5","0","product","gps-tracker","2026-07-20","2026-08-19","70","2","15","14","NORMAL","true","true","2026-08-19T00:00:00.000Z","1772","[""Organization"",""WebPage"",""WebSite"",""Organization"",""BreadcrumbList"",""ListItem"",""ListItem"",""ListItem"",""ListItem"",""Product"",""Brand"",""Offer"",""Organization"",""Review"",""Organization"",""Organization"",""Rating"",""ItemList"",""ListItem"",""ListItem"",""ListItem"",""ListItem"",""ListItem"",""ItemList"",""ListItem"",""ListItem"",""ListItem"",""ListItem"",""ListItem""]","94315ce38af7271d9843529a8f94f56302d894816ea38335bcc252cd01b3be3b"
"https://pfotentechnik.de/produkt/weenect-xt/","UNAVAILABLE_PERFORMANCE_IS_NOT_INDEX_COVERAGE","1","0","1","0","product","gps-tracker","2026-07-20","2026-07-26","70","3","5","5","NORMAL","true","true","2026-07-26T00:00:00.000Z","1840","[""Organization"",""WebPage"",""WebSite"",""Organization"",""BreadcrumbList"",""ListItem"",""ListItem"",""ListItem"",""ListItem"",""Product"",""Brand"",""Offer"",""Organization"",""Review"",""Organization"",""Organization"",""Rating"",""ItemList"",""ListItem"",""ListItem"",""ListItem"",""ListItem"",""ListItem"",""ItemList"",""ListItem"",""ListItem"",""ListItem"",""ListItem"",""ListItem""]","e4df8f24d858b3ff96d7b0fc74ba6b23e2c7b626e3700c92d35b2cf01c4bf9cb"
"https://pfotentechnik.de/produkt/wopet-cube-air-ca10/","UNAVAILABLE_PERFORMANCE_IS_NOT_INDEX_COVERAGE","0","0","0","0","product","futterautomaten","2026-07-12","2026-07-12","78","3","2","2","NORMAL","true","true","2026-07-12T00:00:00.000Z","916","[""Organization"",""WebPage"",""WebSite"",""Organization"",""BreadcrumbList"",""ListItem"",""ListItem"",""ListItem"",""ListItem"",""Product"",""Brand"",""Review"",""Organization"",""Organization"",""Rating"",""ItemList"",""ListItem"",""ListItem"",""ListItem"",""ItemList"",""ListItem"",""ListItem"",""ListItem""]","79caf7a400f7331b60eed3b18f9d134569825d3cb3e5e59c71c67f9b73b4ff11"
"https://pfotentechnik.de/produkt/wopet-heritage-view-camera-feeder/","UNAVAILABLE_PERFORMANCE_IS_NOT_INDEX_COVERAGE","0","0","0","0","product","futterautomaten","2026-07-12","2026-07-12","78","3","2","2","NORMAL","true","true","2026-07-12T00:00:00.000Z","884","[""Organization"",""WebPage"",""WebSite"",""Organization"",""BreadcrumbList"",""ListItem"",""ListItem"",""ListItem"",""ListItem"",""Product"",""Brand"",""Review"",""Organization"",""Organization"",""Rating"",""ItemList"",""ListItem"",""ListItem"",""ListItem"",""ItemList"",""ListItem"",""ListItem"",""ListItem""]","b83bcc55f88ca7d9da8b4475c48f02348b0b3a5f0c3cd5571d7b4e42c8a560a6"
"https://pfotentechnik.de/produkt/wopet-patrol-f07-pro/","UNAVAILABLE_PERFORMANCE_IS_NOT_INDEX_COVERAGE","0","0","0","0","product","futterautomaten","2026-07-12","2026-07-16","78","2","3","3","NORMAL","true","true","2026-07-16T00:00:00.000Z","1055","[""Organization"",""WebPage"",""WebSite"",""Organization"",""BreadcrumbList"",""ListItem"",""ListItem"",""ListItem"",""ListItem"",""Product"",""Brand"",""Review"",""Organization"",""Organization"",""Rating"",""ItemList"",""ListItem"",""ListItem"",""ListItem"",""ListItem"",""ListItem"",""ItemList"",""ListItem"",""ListItem"",""ListItem"",""ListItem""]","b864efc39f6bb7b7efc7c7fb74fcb51f7fd9a9d0b0b9b8eec876394bcce32f6e"
"https://pfotentechnik.de/produkt/wopet-pioneer-f01-plus/","UNAVAILABLE_PERFORMANCE_IS_NOT_INDEX_COVERAGE","0","0","0","0","product","futterautomaten","2026-07-12","2026-07-12","78","3","1","1","NEAR_ORPHAN","true","true","2026-07-12T00:00:00.000Z","905","[""Organization"",""WebPage"",""WebSite"",""Organization"",""BreadcrumbList"",""ListItem"",""ListItem"",""ListItem"",""ListItem"",""Product"",""Brand"",""Review"",""Organization"",""Organization"",""Rating"",""ItemList"",""ListItem"",""ListItem"",""ListItem"",""ItemList"",""ListItem"",""ListItem"",""ListItem""]","2fc1dacfb46228a8fbecfd6a3fb1ab6dcfeff282ac703860a8f4b3ebcc6501f2"
"https://pfotentechnik.de/produkt/xiaomi-smart-pet-food-feeder-2/","UNAVAILABLE_PERFORMANCE_IS_NOT_INDEX_COVERAGE","0","0","0","0","product","futterautomaten","2026-07-12","2026-08-10","78","2","29","22","NORMAL","true","true","2026-08-10T00:00:00.000Z","1108","[""Organization"",""WebPage"",""WebSite"",""Organization"",""BreadcrumbList"",""ListItem"",""ListItem"",""ListItem"",""ListItem"",""Product"",""Brand"",""Offer"",""Organization"",""Review"",""Organization"",""Organization"",""Rating"",""ItemList"",""ListItem"",""ListItem"",""ListItem"",""ListItem"",""ListItem"",""ItemList"",""ListItem"",""ListItem"",""ListItem"",""ListItem""]","1556a08e9f1b3725f3b20244d1b4fa97e9e0f45d0e2850464c42cc9906276d20"
"https://pfotentechnik.de/produkt/xiaomi-smart-pet-fountain-2/","UNAVAILABLE_PERFORMANCE_IS_NOT_INDEX_COVERAGE","1","0","0","0","product","trinkbrunnen","2026-07-13","2026-08-10","77","3","27","27","NORMAL","true","true","2026-08-10T00:00:00.000Z","1167","[""Organization"",""WebPage"",""WebSite"",""Organization"",""BreadcrumbList"",""ListItem"",""ListItem"",""ListItem"",""ListItem"",""Product"",""Brand"",""Offer"",""Organization"",""Review"",""Organization"",""Organization"",""Rating"",""ItemList"",""ListItem"",""ListItem"",""ListItem"",""ListItem"",""ListItem"",""ItemList"",""ListItem"",""ListItem"",""ListItem"",""ListItem""]","632e1a38ec5aa1372183f8373c48bf5810965c853a691b5fbe3ad0fb729dd451"
"https://pfotentechnik.de/produkt/zeromouse-2-0/","UNAVAILABLE_PERFORMANCE_IS_NOT_INDEX_COVERAGE","0","0","5","0","product","katzenklappen","2026-07-26","2026-08-16","64","2","12","12","STRONG","true","true","2026-08-16T00:00:00.000Z","1349","[""Organization"",""WebPage"",""WebSite"",""Organization"",""BreadcrumbList"",""ListItem"",""ListItem"",""ListItem"",""ListItem"",""Product"",""Brand"",""Offer"",""Organization"",""Review"",""Organization"",""Organization"",""Rating"",""ItemList"",""ListItem"",""ListItem"",""ListItem"",""ListItem"",""ListItem"",""ItemList"",""ListItem"",""ListItem"",""ListItem"",""ListItem"",""ListItem""]","38597ebae9560a3fe091b3541a62df4b82749b95fc13df608f729dbdf2c26668"
"https://pfotentechnik.de/pumpe-katzentrinkbrunnen-reinigen/","UNAVAILABLE_PERFORMANCE_IS_NOT_INDEX_COVERAGE","0","0","1","1","problem-solving-guide","trinkbrunnen","2026-07-13","2026-08-19","77","2","11","9","NORMAL","true","true","2026-08-19T00:00:00.000Z","1015","[""Organization"",""Article"",""Organization"",""Organization"",""ImageObject"",""BreadcrumbList"",""ListItem"",""ListItem"",""ListItem"",""FAQPage"",""Question"",""Answer"",""Question"",""Answer""]","cfb6b60eea6cdbb7c1f86c727e5d80a6387be9a025b9091281f1a55578d781de"
"https://pfotentechnik.de/redaktion/","UNAVAILABLE_PERFORMANCE_IS_NOT_INDEX_COVERAGE","0","0","0","0","editorial-page","smarte-haustiertechnik","","","null","1","259","139","NORMAL","true","true","","394","[""Organization"",""WebPage"",""WebSite""]","0685f6d926839920ad8ff85fba3fd8366f925403f4b9ac964a8ac46e3b2e02ab"
"https://pfotentechnik.de/reichweite-von-gps-trackern/","UNAVAILABLE_PERFORMANCE_IS_NOT_INDEX_COVERAGE","0","0","0","0","guide","gps-tracker","2026-07-20","2026-07-20","70","2","6","5","NORMAL","true","true","2026-07-20T00:00:00.000Z","600","[""Organization"",""Article"",""Organization"",""Organization"",""ImageObject"",""BreadcrumbList"",""ListItem"",""ListItem"",""ListItem"",""FAQPage"",""Question"",""Answer"",""Question"",""Answer"",""Question"",""Answer"",""Question"",""Answer"",""Question"",""Answer"",""Question"",""Answer""]","f337acf247add58bef2e515e00d9eb500a7c1a8868b3f22f005872693ca952f6"
"https://pfotentechnik.de/seniorenhunde-richtig-versorgen/","UNAVAILABLE_PERFORMANCE_IS_NOT_INDEX_COVERAGE","0","0","0","0","problem-solving-guide","hundegesundheit","2026-07-12","2026-07-31","78","2","1","1","NEAR_ORPHAN","true","true","2026-07-31T00:00:00.000Z","2874","[""Organization"",""Article"",""Organization"",""Organization"",""ImageObject"",""BreadcrumbList"",""ListItem"",""ListItem"",""ListItem"",""FAQPage"",""Question"",""Answer"",""Question"",""Answer"",""Question"",""Answer"",""Question"",""Answer"",""Question"",""Answer"",""Question"",""Answer"",""Question"",""Answer"",""Question"",""Answer"",""Question"",""Answer"",""Question"",""Answer"",""Question"",""Answer"",""Question"",""Answer""]","9fac3e3b3055d9a5f09f0b3296ca884ec7056bfbf7e0f51c2ea6abf7f71c53b4"
"https://pfotentechnik.de/smarte-futterautomaten/","UNAVAILABLE_PERFORMANCE_IS_NOT_INDEX_COVERAGE","6","0","0","0","category-hub","futterautomaten","2026-07-08","2026-08-06","82","1","259","114","NORMAL","true","true","2026-08-06T00:00:00.000Z","1044","[""Organization"",""Article"",""Organization"",""Organization"",""ImageObject"",""BreadcrumbList"",""ListItem"",""ListItem"",""ListItem"",""FAQPage"",""Question"",""Answer"",""Question"",""Answer"",""Question"",""Answer"",""Question"",""Answer"",""Question"",""Answer"",""Question"",""Answer"",""Question"",""Answer"",""Question"",""Answer"",""Question"",""Answer"",""Question"",""Answer"",""Question"",""Answer"",""Question"",""Answer"",""Question"",""Answer"",""Question"",""Answer"",""Question"",""Answer""]","26c4c16005a23d3e2ff5758e72981715f963641fa2ad7afa71742ca4ab6070dc"
"https://pfotentechnik.de/smarte-gadgets-fuer-hunde-und-katzen/","UNAVAILABLE_PERFORMANCE_IS_NOT_INDEX_COVERAGE","0","0","0","0","editorial-page","smarte-haustiertechnik","2026-07-08","2026-07-20","82","2","2","1","WEAK","true","true","2026-07-20T00:00:00.000Z","504","[""Organization"",""Article"",""Organization"",""Organization"",""ImageObject"",""BreadcrumbList"",""ListItem"",""ListItem"",""ListItem""]","e0747fe990528257514cba44c45d41a37ccf59f6e580dcacb709e60bafc3b207"
"https://pfotentechnik.de/smarte-haustiertechnik/","UNAVAILABLE_PERFORMANCE_IS_NOT_INDEX_COVERAGE","1","0","0","0","category-hub","smarte-haustiertechnik","2026-07-20","2026-07-20","70","1","259","25","NORMAL","true","true","2026-07-20T00:00:00.000Z","2973","[""Organization"",""Article"",""Organization"",""Organization"",""ImageObject"",""BreadcrumbList"",""ListItem"",""ListItem"",""ListItem"",""FAQPage"",""Question"",""Answer"",""Question"",""Answer"",""Question"",""Answer"",""Question"",""Answer"",""Question"",""Answer"",""Question"",""Answer"",""Question"",""Answer"",""Question"",""Answer"",""Question"",""Answer"",""Question"",""Answer"",""Question"",""Answer"",""Question"",""Answer""]","b07eaa9a27e0d8dc75b7e4ba9f797cce9530bdb79480a0e0d92bb2c84ce9e9b7"
"https://pfotentechnik.de/so-bewerten-wir/","UNAVAILABLE_PERFORMANCE_IS_NOT_INDEX_COVERAGE","0","0","0","0","guide","futterautomaten","2026-07-13","2026-07-30","77","1","259","24","STRONG","true","true","2026-07-30T00:00:00.000Z","1501","[""Organization"",""Article"",""Organization"",""Organization"",""ImageObject"",""BreadcrumbList"",""ListItem"",""ListItem"",""ListItem"",""FAQPage"",""Question"",""Answer"",""Question"",""Answer"",""Question"",""Answer""]","bacea28dd01b82d8e9c756de0026580ebf900c143aad34cbc86aff235669ec68"
"https://pfotentechnik.de/trinkbrunnen/","UNAVAILABLE_PERFORMANCE_IS_NOT_INDEX_COVERAGE","3","0","0","0","category-hub","trinkbrunnen","2026-07-13","2026-08-17","77","1","259","64","NORMAL","true","true","2026-08-17T00:00:00.000Z","1047","[""Organization"",""Article"",""Organization"",""Organization"",""ImageObject"",""BreadcrumbList"",""ListItem"",""ListItem"",""ListItem"",""FAQPage"",""Question"",""Answer"",""Question"",""Answer"",""Question"",""Answer"",""Question"",""Answer"",""Question"",""Answer"",""Question"",""Answer"",""Question"",""Answer"",""Question"",""Answer""]","e767c71727d51e001b8766614a44b83747089aa831e7b7753a46851fd2a3ace1"
"https://pfotentechnik.de/trinkbrunnen-fuer-katzen-sinnvoll/","UNAVAILABLE_PERFORMANCE_IS_NOT_INDEX_COVERAGE","0","0","2","0","decision-guide","trinkbrunnen","2026-07-13","2026-07-14","77","2","14","14","NORMAL","true","true","2026-07-14T00:00:00.000Z","2655","[""Organization"",""Article"",""Organization"",""Organization"",""ImageObject"",""BreadcrumbList"",""ListItem"",""ListItem"",""ListItem"",""FAQPage"",""Question"",""Answer"",""Question"",""Answer"",""Question"",""Answer"",""Question"",""Answer"",""Question"",""Answer""]","df889580e51d86e204395502f3123d1c1c9b5542ab927ebbf1cb04f756757bb6"
"https://pfotentechnik.de/trinkbrunnen-fuer-kitten-sicher/","UNAVAILABLE_PERFORMANCE_IS_NOT_INDEX_COVERAGE","0","0","0","0","guide","trinkbrunnen","2026-07-13","2026-08-19","77","2","3","2","STRONG","true","true","2026-08-19T00:00:00.000Z","1053","[""Organization"",""Article"",""Organization"",""Organization"",""ImageObject"",""BreadcrumbList"",""ListItem"",""ListItem"",""ListItem"",""FAQPage"",""Question"",""Answer"",""Question"",""Answer""]","2547dff25d2ccd544dcdd782042a05ab8ecb6f83d1d8305ee41a13feba5bf742"
"https://pfotentechnik.de/trinkbrunnen-fuer-mehrere-katzen/","UNAVAILABLE_PERFORMANCE_IS_NOT_INDEX_COVERAGE","0","0","1","0","problem-solving-guide","trinkbrunnen","2026-07-13","2026-07-25","77","2","32","31","NORMAL","true","true","2026-07-25T00:00:00.000Z","886","[""Organization"",""Article"",""Organization"",""Organization"",""ImageObject"",""BreadcrumbList"",""ListItem"",""ListItem"",""ListItem"",""FAQPage"",""Question"",""Answer"",""Question"",""Answer""]","8fe387edace70c7effaa5b70b6d1fdf76ebcb28c27786d614a27b16ce6bb5a3d"
"https://pfotentechnik.de/trinkbrunnen-hund/","UNAVAILABLE_PERFORMANCE_IS_NOT_INDEX_COVERAGE","0","0","1","0","decision-guide","trinkbrunnen","2026-07-19","2026-07-19","71","2","9","9","NORMAL","true","true","2026-07-19T00:00:00.000Z","1407","[""Organization"",""Article"",""Organization"",""Organization"",""ImageObject"",""BreadcrumbList"",""ListItem"",""ListItem"",""ListItem"",""FAQPage"",""Question"",""Answer"",""Question"",""Answer"",""Question"",""Answer"",""Question"",""Answer"",""Question"",""Answer"",""Question"",""Answer"",""Question"",""Answer"",""Question"",""Answer"",""Question"",""Answer"",""Question"",""Answer"",""Question"",""Answer"",""Question"",""Answer""]","ee442be51220d0676ec124bec9a9fdfb10cde439b58267b61269752a4d0b7cac"
"https://pfotentechnik.de/trinkbrunnen-seniorenkatzen/","UNAVAILABLE_PERFORMANCE_IS_NOT_INDEX_COVERAGE","0","0","0","0","guide","trinkbrunnen","2026-07-13","2026-07-23","77","2","5","5","NORMAL","true","true","2026-07-23T00:00:00.000Z","892","[""Organization"",""Article"",""Organization"",""Organization"",""ImageObject"",""BreadcrumbList"",""ListItem"",""ListItem"",""ListItem"",""FAQPage"",""Question"",""Answer"",""Question"",""Answer""]","fd220c85f2499b26264ebfdaae5c85d32cb94bccd59df68a66a6656257dc2750"
"https://pfotentechnik.de/trinkmenge-hund-messen/","UNAVAILABLE_PERFORMANCE_IS_NOT_INDEX_COVERAGE","0","0","0","0","problem-solving-guide","trinkbrunnen","2026-07-19","2026-07-19","71","2","6","4","NORMAL","true","true","2026-07-19T00:00:00.000Z","1309","[""Organization"",""Article"",""Organization"",""Organization"",""ImageObject"",""BreadcrumbList"",""ListItem"",""ListItem"",""ListItem"",""FAQPage"",""Question"",""Answer"",""Question"",""Answer"",""Question"",""Answer"",""Question"",""Answer"",""Question"",""Answer"",""Question"",""Answer"",""Question"",""Answer"",""Question"",""Answer"",""Question"",""Answer"",""Question"",""Answer"",""Question"",""Answer"",""Question"",""Answer""]","b3b18fc1eead00a00b384c7547a61365e4a32328abf4c38f77af900ca1198b4d"
"https://pfotentechnik.de/trinkmenge-katze-messen/","UNAVAILABLE_PERFORMANCE_IS_NOT_INDEX_COVERAGE","0","0","0","0","guide","trinkbrunnen","2026-07-13","2026-07-13","77","2","8","6","NORMAL","true","true","2026-07-13T00:00:00.000Z","674","[""Organization"",""Article"",""Organization"",""Organization"",""ImageObject"",""BreadcrumbList"",""ListItem"",""ListItem"",""ListItem"",""FAQPage"",""Question"",""Answer"",""Question"",""Answer""]","67ee6f6b28b2299726b99c3c3b73dab5c21c281b6250063685adccc8c521d992"
"https://pfotentechnik.de/trockenfutter-oder-nassfutter-hund/","UNAVAILABLE_PERFORMANCE_IS_NOT_INDEX_COVERAGE","0","0","0","0","decision-guide","hundeernaehrung","2026-07-28","2026-07-28","62","2","11","11","NORMAL","true","true","2026-07-28T00:00:00.000Z","4062","[""Organization"",""Article"",""Organization"",""Organization"",""ImageObject"",""BreadcrumbList"",""ListItem"",""ListItem"",""ListItem"",""FAQPage"",""Question"",""Answer"",""Question"",""Answer"",""Question"",""Answer"",""Question"",""Answer"",""Question"",""Answer"",""Question"",""Answer"",""Question"",""Answer"",""Question"",""Answer"",""Question"",""Answer"",""Question"",""Answer"",""Question"",""Answer"",""Question"",""Answer"",""Question"",""Answer"",""Question"",""Answer"",""Question"",""Answer"",""Question"",""Answer""]","8d3fbdb660bc3267ab62a58d93340ed2c5d702fa6240b9012ea69190a4635e43"
"https://pfotentechnik.de/trockenfutter-oder-nassfutter-katze/","UNAVAILABLE_PERFORMANCE_IS_NOT_INDEX_COVERAGE","0","0","1","0","decision-guide","futterautomaten","2026-07-15","2026-07-19","75","2","5","5","NORMAL","true","true","2026-07-19T00:00:00.000Z","4179","[""Organization"",""Article"",""Organization"",""Organization"",""ImageObject"",""BreadcrumbList"",""ListItem"",""ListItem"",""ListItem"",""FAQPage"",""Question"",""Answer"",""Question"",""Answer"",""Question"",""Answer"",""Question"",""Answer"",""Question"",""Answer""]","6a7d6eafb4e589834d08b0c80e2fede5173b129b123a326b1abc997137b7b933"
"https://pfotentechnik.de/uebergewicht-bei-katzen-vermeiden/","UNAVAILABLE_PERFORMANCE_IS_NOT_INDEX_COVERAGE","0","0","0","0","guide","futterautomaten","2026-07-12","2026-07-24","78","2","4","4","NORMAL","true","true","2026-07-24T00:00:00.000Z","3255","[""Organization"",""Article"",""Organization"",""Organization"",""ImageObject"",""BreadcrumbList"",""ListItem"",""ListItem"",""ListItem"",""FAQPage"",""Question"",""Answer"",""Question"",""Answer"",""Question"",""Answer"",""Question"",""Answer"",""Question"",""Answer"",""Question"",""Answer"",""Question"",""Answer"",""Question"",""Answer"",""Question"",""Answer"",""Question"",""Answer"",""Question"",""Answer"",""Question"",""Answer""]","ea8c23b865dd80486491e9da6876e3ff96e1dbea62969e72c47866b6afcdfa91"
"https://pfotentechnik.de/vergleiche/beste-automatische-katzentoiletten/","UNAVAILABLE_PERFORMANCE_IS_NOT_INDEX_COVERAGE","0","0","0","0","comparison","automatische-katzentoiletten","2026-08-06","2026-08-21","53","2","20","19","STRONG","true","true","2026-08-21T00:00:00.000Z","3595","[""Organization"",""WebPage"",""WebSite"",""Organization"",""BreadcrumbList"",""ListItem"",""ListItem"",""ListItem"",""FAQPage"",""Question"",""Answer"",""Question"",""Answer"",""Question"",""Answer"",""Question"",""Answer"",""Question"",""Answer"",""ItemList"",""ListItem"",""ListItem"",""ListItem"",""ListItem"",""ListItem"",""ListItem"",""ListItem"",""ListItem"",""ListItem"",""ListItem"",""ListItem""]","86581e94d2158b8930d1525a59bd7fceb3376765ab275b26fb92a5dc0bc4fcc4"
"https://pfotentechnik.de/vergleiche/beste-futterautomaten-fuer-berufstaetige/","UNAVAILABLE_PERFORMANCE_IS_NOT_INDEX_COVERAGE","0","0","0","0","comparison","futterautomaten","2026-07-09","2026-07-30","81","2","7","4","NORMAL","true","true","2026-07-30T00:00:00.000Z","1791","[""Organization"",""WebPage"",""WebSite"",""Organization"",""BreadcrumbList"",""ListItem"",""ListItem"",""ListItem"",""FAQPage"",""Question"",""Answer"",""Question"",""Answer"",""Question"",""Answer"",""Question"",""Answer"",""Question"",""Answer"",""Question"",""Answer"",""Question"",""Answer"",""Question"",""Answer"",""ItemList"",""ListItem"",""ListItem"",""ListItem""]","06642d4ed4a7fc367c1266ee4d2eed7f3564f0170b90568c0e49b40cd97aa708"
"https://pfotentechnik.de/vergleiche/beste-futterautomaten-fuer-hunde/","UNAVAILABLE_PERFORMANCE_IS_NOT_INDEX_COVERAGE","0","0","1","0","comparison","futterautomaten","2026-07-09","2026-07-30","81","2","23","16","STRONG","true","true","2026-07-30T00:00:00.000Z","4017","[""Organization"",""WebPage"",""WebSite"",""Organization"",""BreadcrumbList"",""ListItem"",""ListItem"",""ListItem"",""FAQPage"",""Question"",""Answer"",""Question"",""Answer"",""Question"",""Answer"",""Question"",""Answer"",""Question"",""Answer"",""Question"",""Answer"",""Question"",""Answer"",""Question"",""Answer"",""Question"",""Answer"",""Question"",""Answer"",""Question"",""Answer"",""Question"",""Answer"",""Question"",""Answer"",""Question"",""Answer"",""Question"",""Answer"",""Question"",""Answer"",""Question"",""Answer"",""Question"",""Answer"",""ItemList"",""ListItem"",""ListItem"",""ListItem"",""ListItem"",""ListItem"",""ListItem"",""ListItem"",""ListItem"",""ListItem"",""ListItem"",""ListItem"",""ListItem"",""ListItem"",""ListItem"",""ListItem"",""ListItem""]","7265087d9110b23f67e8500f6f1e1d4f5793ca871a2c9b77b2dd365d9c8eee4e"
"https://pfotentechnik.de/vergleiche/beste-futterautomaten-fuer-katzen/","UNAVAILABLE_PERFORMANCE_IS_NOT_INDEX_COVERAGE","1","0","1","0","comparison","futterautomaten","2026-07-09","2026-07-30","81","1","45","44","STRONG","true","true","2026-07-30T00:00:00.000Z","5148","[""Organization"",""WebPage"",""WebSite"",""Organization"",""BreadcrumbList"",""ListItem"",""ListItem"",""ListItem"",""FAQPage"",""Question"",""Answer"",""Question"",""Answer"",""Question"",""Answer"",""Question"",""Answer"",""Question"",""Answer"",""Question"",""Answer"",""Question"",""Answer"",""Question"",""Answer"",""Question"",""Answer"",""Question"",""Answer"",""Question"",""Answer"",""Question"",""Answer"",""Question"",""Answer"",""Question"",""Answer"",""Question"",""Answer"",""Question"",""Answer"",""Question"",""Answer"",""Question"",""Answer"",""Question"",""Answer"",""Question"",""Answer"",""ItemList"",""ListItem"",""ListItem"",""ListItem"",""ListItem"",""ListItem"",""ListItem"",""ListItem"",""ListItem"",""ListItem"",""ListItem"",""ListItem"",""ListItem"",""ListItem"",""ListItem"",""ListItem"",""ListItem"",""ListItem"",""ListItem"",""ListItem"",""ListItem"",""ListItem"",""ListItem"",""ListItem"",""ListItem"",""ListItem"",""ListItem"",""ListItem""]","c72f012f9d6b9091c9c3d135a1f5946cbfe97b6bb747753086d160856c17ee44"
"https://pfotentechnik.de/vergleiche/beste-futterautomaten-fuer-kleine-hunde/","UNAVAILABLE_PERFORMANCE_IS_NOT_INDEX_COVERAGE","0","0","0","0","comparison","futterautomaten","2026-07-09","2026-07-30","81","2","33","24","NORMAL","true","true","2026-07-30T00:00:00.000Z","1979","[""Organization"",""WebPage"",""WebSite"",""Organization"",""BreadcrumbList"",""ListItem"",""ListItem"",""ListItem"",""FAQPage"",""Question"",""Answer"",""Question"",""Answer"",""Question"",""Answer"",""Question"",""Answer"",""Question"",""Answer"",""Question"",""Answer"",""Question"",""Answer"",""Question"",""Answer"",""ItemList"",""ListItem"",""ListItem"",""ListItem""]","314b56cdf7d2bb183f7190eb2939b9e5799e60fd6f72d5266d091fae35750d7f"
"https://pfotentechnik.de/vergleiche/beste-futterautomaten-fuer-mehrtierhaushalte/","UNAVAILABLE_PERFORMANCE_IS_NOT_INDEX_COVERAGE","0","0","0","0","comparison","futterautomaten","2026-07-09","2026-07-30","81","2","6","5","NORMAL","true","true","2026-07-30T00:00:00.000Z","2593","[""Organization"",""WebPage"",""WebSite"",""Organization"",""BreadcrumbList"",""ListItem"",""ListItem"",""ListItem"",""FAQPage"",""Question"",""Answer"",""Question"",""Answer"",""Question"",""Answer"",""Question"",""Answer"",""Question"",""Answer"",""Question"",""Answer"",""Question"",""Answer"",""Question"",""Answer"",""Question"",""Answer"",""Question"",""Answer"",""ItemList"",""ListItem"",""ListItem"",""ListItem""]","5e2400ad3a2324ad669510e3d12bcce3826e70619eb9fc1fe34c95666c497116"
"https://pfotentechnik.de/vergleiche/beste-futterautomaten-fuer-nassfutter/","UNAVAILABLE_PERFORMANCE_IS_NOT_INDEX_COVERAGE","0","0","0","0","comparison","futterautomaten","2026-07-10","2026-08-26","80","1","24","23","STRONG","true","true","2026-08-26T00:00:00.000Z","5395","[""Organization"",""WebPage"",""WebSite"",""Organization"",""BreadcrumbList"",""ListItem"",""ListItem"",""ListItem"",""FAQPage"",""Question"",""Answer"",""Question"",""Answer"",""Question"",""Answer"",""Question"",""Answer"",""Question"",""Answer"",""Question"",""Answer"",""Question"",""Answer"",""Question"",""Answer"",""Question"",""Answer"",""Question"",""Answer"",""Question"",""Answer"",""Question"",""Answer"",""Question"",""Answer"",""Question"",""Answer"",""Question"",""Answer"",""Question"",""Answer"",""Question"",""Answer"",""Question"",""Answer"",""Question"",""Answer"",""Question"",""Answer"",""Question"",""Answer"",""Question"",""Answer"",""Question"",""Answer"",""Question"",""Answer"",""Question"",""Answer"",""Question"",""Answer"",""Question"",""Answer"",""ItemList"",""ListItem"",""ListItem"",""ListItem"",""ListItem"",""ListItem"",""ListItem""]","00d5ad2a81a83fbd0e514abd7c3fd92b911b3db816e2b63b25a1f1e8794b50c3"
"https://pfotentechnik.de/vergleiche/beste-futterautomaten-fuer-seniorenkatzen/","UNAVAILABLE_PERFORMANCE_IS_NOT_INDEX_COVERAGE","0","0","0","0","comparison","futterautomaten","2026-07-09","2026-07-30","81","2","13","8","NORMAL","true","true","2026-07-30T00:00:00.000Z","1751","[""Organization"",""WebPage"",""WebSite"",""Organization"",""BreadcrumbList"",""ListItem"",""ListItem"",""ListItem"",""FAQPage"",""Question"",""Answer"",""Question"",""Answer"",""Question"",""Answer"",""Question"",""Answer"",""Question"",""Answer"",""Question"",""Answer"",""Question"",""Answer"",""Question"",""Answer"",""ItemList"",""ListItem"",""ListItem"",""ListItem""]","5272bbe962baa13627bae317d58d2aa41553372ea8bf628d83047086b0e81edb"
"https://pfotentechnik.de/vergleiche/beste-futterautomaten-fuer-welpen/","UNAVAILABLE_PERFORMANCE_IS_NOT_INDEX_COVERAGE","0","0","0","0","comparison","futterautomaten","2026-07-09","2026-07-30","81","2","12","8","NORMAL","true","true","2026-07-30T00:00:00.000Z","4469","[""Organization"",""WebPage"",""WebSite"",""Organization"",""BreadcrumbList"",""ListItem"",""ListItem"",""ListItem"",""FAQPage"",""Question"",""Answer"",""Question"",""Answer"",""Question"",""Answer"",""Question"",""Answer"",""Question"",""Answer"",""Question"",""Answer"",""Question"",""Answer"",""Question"",""Answer"",""Question"",""Answer"",""Question"",""Answer"",""Question"",""Answer"",""Question"",""Answer"",""Question"",""Answer"",""Question"",""Answer"",""Question"",""Answer"",""Question"",""Answer"",""Question"",""Answer"",""Question"",""Answer"",""Question"",""Answer"",""Question"",""Answer"",""Question"",""Answer"",""ItemList"",""ListItem"",""ListItem"",""ListItem""]","2c1092e1c8b0f9cb4196235d23e4f0e841946993df9452c3dd72a210d6880ccb"
"https://pfotentechnik.de/vergleiche/beste-futterautomaten-fuer-zwei-katzen/","UNAVAILABLE_PERFORMANCE_IS_NOT_INDEX_COVERAGE","0","0","2","0","comparison","futterautomaten","2026-07-09","2026-07-30","81","2","15","14","STRONG","true","true","2026-07-30T00:00:00.000Z","5932","[""Organization"",""WebPage"",""WebSite"",""Organization"",""BreadcrumbList"",""ListItem"",""ListItem"",""ListItem"",""FAQPage"",""Question"",""Answer"",""Question"",""Answer"",""Question"",""Answer"",""Question"",""Answer"",""Question"",""Answer"",""Question"",""Answer"",""Question"",""Answer"",""Question"",""Answer"",""Question"",""Answer"",""Question"",""Answer"",""Question"",""Answer"",""Question"",""Answer"",""Question"",""Answer"",""Question"",""Answer"",""Question"",""Answer"",""Question"",""Answer"",""Question"",""Answer"",""Question"",""Answer"",""Question"",""Answer"",""Question"",""Answer"",""Question"",""Answer"",""Question"",""Answer"",""Question"",""Answer"",""Question"",""Answer"",""Question"",""Answer"",""Question"",""Answer"",""Question"",""Answer"",""Question"",""Answer"",""Question"",""Answer"",""Question"",""Answer"",""Question"",""Answer"",""Question"",""Answer"",""Question"",""Answer"",""Question"",""Answer"",""Question"",""Answer"",""ItemList"",""ListItem"",""ListItem"",""ListItem"",""ListItem""]","4ce821f95002452d17389a76eb5c35f2dac16e1ad71a72c8f4b8db1ff7ae469f"
"https://pfotentechnik.de/vergleiche/beste-futterautomaten-mit-akku/","UNAVAILABLE_PERFORMANCE_IS_NOT_INDEX_COVERAGE","0","0","0","0","comparison","futterautomaten","2026-07-09","2026-07-30","81","2","3","2","NORMAL","true","true","2026-07-30T00:00:00.000Z","1784","[""Organization"",""WebPage"",""WebSite"",""Organization"",""BreadcrumbList"",""ListItem"",""ListItem"",""ListItem"",""FAQPage"",""Question"",""Answer"",""Question"",""Answer"",""Question"",""Answer"",""Question"",""Answer"",""Question"",""Answer"",""Question"",""Answer"",""Question"",""Answer"",""Question"",""Answer"",""ItemList"",""ListItem"",""ListItem"",""ListItem""]","bbc7294bc5115349d693880dd170b563cd45b6bffa6674c581b4fa3f9678bb42"
"https://pfotentechnik.de/vergleiche/beste-futterautomaten-mit-edelstahl-napf/","UNAVAILABLE_PERFORMANCE_IS_NOT_INDEX_COVERAGE","0","0","0","0","comparison","futterautomaten","2026-07-09","2026-07-30","81","2","3","1","WEAK","true","true","2026-07-30T00:00:00.000Z","1651","[""Organization"",""WebPage"",""WebSite"",""Organization"",""BreadcrumbList"",""ListItem"",""ListItem"",""ListItem"",""FAQPage"",""Question"",""Answer"",""Question"",""Answer"",""Question"",""Answer"",""Question"",""Answer"",""Question"",""Answer"",""Question"",""Answer"",""Question"",""Answer"",""Question"",""Answer"",""ItemList"",""ListItem"",""ListItem"",""ListItem""]","e29c74cbee38b02a87a3133b2943a54a38cab55309c85cd3e528d58ee173295e"
"https://pfotentechnik.de/vergleiche/beste-futterautomaten-mit-kamera/","UNAVAILABLE_PERFORMANCE_IS_NOT_INDEX_COVERAGE","0","0","0","0","comparison","futterautomaten","2026-07-09","2026-07-30","81","2","13","11","STRONG","true","true","2026-07-30T00:00:00.000Z","3998","[""Organization"",""WebPage"",""WebSite"",""Organization"",""BreadcrumbList"",""ListItem"",""ListItem"",""ListItem"",""FAQPage"",""Question"",""Answer"",""Question"",""Answer"",""Question"",""Answer"",""Question"",""Answer"",""Question"",""Answer"",""Question"",""Answer"",""Question"",""Answer"",""Question"",""Answer"",""Question"",""Answer"",""Question"",""Answer"",""Question"",""Answer"",""Question"",""Answer"",""Question"",""Answer"",""Question"",""Answer"",""Question"",""Answer"",""Question"",""Answer"",""Question"",""Answer"",""Question"",""Answer"",""Question"",""Answer"",""Question"",""Answer"",""Question"",""Answer"",""Question"",""Answer"",""Question"",""Answer"",""ItemList"",""ListItem"",""ListItem"",""ListItem"",""ListItem"",""ListItem"",""ListItem""]","2a90db5b1d7a4bcc520a5fec81dff1322a8aede2e728ef5f58f96c762576bc0d"
"https://pfotentechnik.de/vergleiche/beste-futterautomaten-ohne-wlan/","UNAVAILABLE_PERFORMANCE_IS_NOT_INDEX_COVERAGE","0","0","0","0","comparison","futterautomaten","2026-07-09","2026-07-30","81","2","13","10","STRONG","true","true","2026-07-30T00:00:00.000Z","1870","[""Organization"",""WebPage"",""WebSite"",""Organization"",""BreadcrumbList"",""ListItem"",""ListItem"",""ListItem"",""FAQPage"",""Question"",""Answer"",""Question"",""Answer"",""Question"",""Answer"",""Question"",""Answer"",""Question"",""Answer"",""Question"",""Answer"",""Question"",""Answer"",""Question"",""Answer"",""Question"",""Answer"",""Question"",""Answer"",""Question"",""Answer"",""Question"",""Answer"",""Question"",""Answer"",""Question"",""Answer"",""Question"",""Answer"",""ItemList"",""ListItem"",""ListItem"",""ListItem"",""ListItem"",""ListItem""]","200f009af06073a70ba19dca7649a86f6dcb90e07170c2cdd784ab91b6605b3a"
"https://pfotentechnik.de/vergleiche/beste-futterautomaten-unter-100-euro/","UNAVAILABLE_PERFORMANCE_IS_NOT_INDEX_COVERAGE","0","0","0","0","comparison","futterautomaten","2026-07-09","2026-07-30","81","2","7","6","NORMAL","true","true","2026-07-30T00:00:00.000Z","1728","[""Organization"",""WebPage"",""WebSite"",""Organization"",""BreadcrumbList"",""ListItem"",""ListItem"",""ListItem"",""FAQPage"",""Question"",""Answer"",""Question"",""Answer"",""Question"",""Answer"",""Question"",""Answer"",""Question"",""Answer"",""Question"",""Answer"",""Question"",""Answer"",""Question"",""Answer"",""ItemList"",""ListItem"",""ListItem"",""ListItem""]","a8c25a27a45c079d5af4d08bc38b9e88a36d28bf9abb47ceea550a1ccf56270a"
"https://pfotentechnik.de/vergleiche/beste-gps-tracker-fuer-hunde/","UNAVAILABLE_PERFORMANCE_IS_NOT_INDEX_COVERAGE","2","0","0","0","comparison","gps-tracker","2026-07-20","2026-08-16","70","2","32","28","STRONG","true","true","2026-08-16T00:00:00.000Z","2979","[""Organization"",""WebPage"",""WebSite"",""Organization"",""BreadcrumbList"",""ListItem"",""ListItem"",""ListItem"",""FAQPage"",""Question"",""Answer"",""Question"",""Answer"",""Question"",""Answer"",""Question"",""Answer"",""Question"",""Answer"",""Question"",""Answer"",""Question"",""Answer"",""Question"",""Answer"",""Question"",""Answer"",""ItemList"",""ListItem"",""ListItem"",""ListItem"",""ListItem"",""ListItem"",""ListItem"",""ListItem"",""ListItem"",""ListItem"",""ListItem""]","c973f83e1375422ba80311c17570e62140188eedb5fbb23fdbd7767680ca9e21"
"https://pfotentechnik.de/vergleiche/beste-gps-tracker-fuer-katzen/","UNAVAILABLE_PERFORMANCE_IS_NOT_INDEX_COVERAGE","0","0","0","0","comparison","gps-tracker","2026-07-20","2026-08-15","70","1","11","10","STRONG","true","true","2026-08-15T00:00:00.000Z","2332","[""Organization"",""WebPage"",""WebSite"",""Organization"",""BreadcrumbList"",""ListItem"",""ListItem"",""ListItem"",""FAQPage"",""Question"",""Answer"",""Question"",""Answer"",""Question"",""Answer"",""Question"",""Answer"",""Question"",""Answer"",""Question"",""Answer"",""Question"",""Answer"",""Question"",""Answer"",""Question"",""Answer"",""ItemList"",""ListItem"",""ListItem"",""ListItem""]","aab6a243ec9d296f5b116bf0dfb932461d47b4ef3a86fadc34d4623382a79807"
"https://pfotentechnik.de/vergleiche/beste-haustierkameras/","UNAVAILABLE_PERFORMANCE_IS_NOT_INDEX_COVERAGE","0","0","0","0","comparison","haustierkameras","2026-08-06","2026-08-21","53","2","15","15","STRONG","true","true","2026-08-21T00:00:00.000Z","2530","[""Organization"",""WebPage"",""WebSite"",""Organization"",""BreadcrumbList"",""ListItem"",""ListItem"",""ListItem"",""FAQPage"",""Question"",""Answer"",""Question"",""Answer"",""Question"",""Answer"",""Question"",""Answer"",""Question"",""Answer"",""ItemList"",""ListItem"",""ListItem"",""ListItem"",""ListItem"",""ListItem"",""ListItem"",""ListItem"",""ListItem""]","6aa1d717c8e0a8a73dda51b999a5fc5a803784cdd4c3591bc3c65e080c5f51f6"
"https://pfotentechnik.de/vergleiche/beste-mikrochip-katzenklappen/","UNAVAILABLE_PERFORMANCE_IS_NOT_INDEX_COVERAGE","0","0","0","0","comparison","katzenklappen","2026-08-04","2026-08-16","55","1","28","25","STRONG","true","true","2026-08-16T00:00:00.000Z","1849","[""Organization"",""WebPage"",""WebSite"",""Organization"",""BreadcrumbList"",""ListItem"",""ListItem"",""ListItem"",""FAQPage"",""Question"",""Answer"",""Question"",""Answer"",""Question"",""Answer"",""ItemList"",""ListItem"",""ListItem"",""ListItem"",""ListItem"",""ListItem"",""ListItem"",""ListItem"",""ListItem""]","33de9500a21dee966105dd9df79ad097a06b96d4a68e05828790df4106b9eb59"
"https://pfotentechnik.de/vergleiche/beste-trinkbrunnen-fuer-hunde/","UNAVAILABLE_PERFORMANCE_IS_NOT_INDEX_COVERAGE","0","0","5","0","comparison","trinkbrunnen","2026-07-24","2026-08-06","66","2","21","17","STRONG","true","true","2026-08-06T00:00:00.000Z","3181","[""Organization"",""WebPage"",""WebSite"",""Organization"",""BreadcrumbList"",""ListItem"",""ListItem"",""ListItem"",""FAQPage"",""Question"",""Answer"",""Question"",""Answer"",""Question"",""Answer"",""Question"",""Answer"",""Question"",""Answer"",""Question"",""Answer"",""Question"",""Answer"",""Question"",""Answer"",""Question"",""Answer"",""Question"",""Answer"",""Question"",""Answer"",""Question"",""Answer"",""Question"",""Answer"",""Question"",""Answer"",""Question"",""Answer"",""Question"",""Answer"",""Question"",""Answer"",""ItemList"",""ListItem"",""ListItem"",""ListItem"",""ListItem"",""ListItem"",""ListItem"",""ListItem"",""ListItem"",""ListItem"",""ListItem""]","fbe9210577e9aa43f3ce22139b681c000676b206956f2ec54a226de7d0034650"
"https://pfotentechnik.de/vergleiche/beste-trinkbrunnen-fuer-katzen/","UNAVAILABLE_PERFORMANCE_IS_NOT_INDEX_COVERAGE","1","0","2","0","comparison","trinkbrunnen","2026-07-24","2026-08-16","66","2","62","46","STRONG","true","true","2026-08-16T00:00:00.000Z","3601","[""Organization"",""WebPage"",""WebSite"",""Organization"",""BreadcrumbList"",""ListItem"",""ListItem"",""ListItem"",""FAQPage"",""Question"",""Answer"",""Question"",""Answer"",""Question"",""Answer"",""Question"",""Answer"",""Question"",""Answer"",""Question"",""Answer"",""Question"",""Answer"",""Question"",""Answer"",""Question"",""Answer"",""Question"",""Answer"",""Question"",""Answer"",""Question"",""Answer"",""Question"",""Answer"",""Question"",""Answer"",""Question"",""Answer"",""Question"",""Answer"",""Question"",""Answer"",""ItemList"",""ListItem"",""ListItem"",""ListItem"",""ListItem"",""ListItem"",""ListItem"",""ListItem"",""ListItem"",""ListItem"",""ListItem"",""ListItem"",""ListItem"",""ListItem"",""ListItem"",""ListItem"",""ListItem"",""ListItem"",""ListItem"",""ListItem"",""ListItem"",""ListItem""]","4226ce7bfb4a7c62cab1a9c00cfcd2fc72e46ce3743f46e21c76d3be6dc9509a"
"https://pfotentechnik.de/vergleiche/futterautomat-fuer-grosse-hunde/","UNAVAILABLE_PERFORMANCE_IS_NOT_INDEX_COVERAGE","0","0","0","0","comparison","futterautomaten","2026-07-09","2026-07-30","81","2","6","5","NORMAL","true","true","2026-07-30T00:00:00.000Z","2350","[""Organization"",""WebPage"",""WebSite"",""Organization"",""BreadcrumbList"",""ListItem"",""ListItem"",""ListItem"",""FAQPage"",""Question"",""Answer"",""Question"",""Answer"",""Question"",""Answer"",""Question"",""Answer"",""Question"",""Answer"",""Question"",""Answer"",""Question"",""Answer"",""Question"",""Answer"",""ItemList"",""ListItem"",""ListItem"",""ListItem""]","5bdb42965a69321f9e546fefc02cadf672e9e547c80a3a5fcde625a3e5baf59a"
"https://pfotentechnik.de/vergleiche/futterautomat-gegen-schlingen/","UNAVAILABLE_PERFORMANCE_IS_NOT_INDEX_COVERAGE","0","0","0","0","comparison","futterautomaten","2026-07-09","2026-07-30","81","2","17","15","NORMAL","true","true","2026-07-30T00:00:00.000Z","1779","[""Organization"",""WebPage"",""WebSite"",""Organization"",""BreadcrumbList"",""ListItem"",""ListItem"",""ListItem"",""FAQPage"",""Question"",""Answer"",""Question"",""Answer"",""Question"",""Answer"",""Question"",""Answer"",""Question"",""Answer"",""Question"",""Answer"",""Question"",""Answer"",""Question"",""Answer"",""ItemList"",""ListItem"",""ListItem"",""ListItem""]","68a3901a08deadc1b59928aec2a552714608ef43c17aa821c7ca3d98f9fb9c46"
"https://pfotentechnik.de/vergleiche/futterautomat-mit-app/","UNAVAILABLE_PERFORMANCE_IS_NOT_INDEX_COVERAGE","0","0","0","0","comparison","futterautomaten","2026-07-08","2026-07-30","82","2","16","15","NORMAL","true","true","2026-07-30T00:00:00.000Z","3304","[""Organization"",""WebPage"",""WebSite"",""Organization"",""BreadcrumbList"",""ListItem"",""ListItem"",""ListItem"",""FAQPage"",""Question"",""Answer"",""Question"",""Answer"",""Question"",""Answer"",""Question"",""Answer"",""Question"",""Answer"",""Question"",""Answer"",""Question"",""Answer"",""Question"",""Answer"",""Question"",""Answer"",""Question"",""Answer"",""Question"",""Answer"",""Question"",""Answer"",""ItemList"",""ListItem"",""ListItem"",""ListItem"",""ListItem"",""ListItem"",""ListItem""]","c4c1d79c3e85665cbca3f7a378d51fef4159d9d00f4dab274f1d4867fe25a931"
"https://pfotentechnik.de/vergleiche/gps-tracker-mit-langer-akkulaufzeit/","UNAVAILABLE_PERFORMANCE_IS_NOT_INDEX_COVERAGE","0","0","0","0","comparison","gps-tracker","2026-07-20","2026-07-30","70","2","9","8","STRONG","true","true","2026-07-30T00:00:00.000Z","2285","[""Organization"",""WebPage"",""WebSite"",""Organization"",""BreadcrumbList"",""ListItem"",""ListItem"",""ListItem"",""FAQPage"",""Question"",""Answer"",""Question"",""Answer"",""Question"",""Answer"",""Question"",""Answer"",""Question"",""Answer"",""Question"",""Answer"",""Question"",""Answer"",""Question"",""Answer"",""Question"",""Answer"",""Question"",""Answer"",""ItemList"",""ListItem"",""ListItem"",""ListItem"",""ListItem"",""ListItem"",""ListItem"",""ListItem"",""ListItem""]","599163e7227f6f927fb91a4a253d3e570e9d884797e1de55abe3a38eda0d6660"
"https://pfotentechnik.de/vergleiche/gps-tracker-ohne-abo/","UNAVAILABLE_PERFORMANCE_IS_NOT_INDEX_COVERAGE","0","0","0","0","comparison","gps-tracker","2026-07-20","2026-07-30","70","2","7","6","STRONG","true","true","2026-07-30T00:00:00.000Z","1198","[""Organization"",""WebPage"",""WebSite"",""Organization"",""BreadcrumbList"",""ListItem"",""ListItem"",""ListItem"",""FAQPage"",""Question"",""Answer"",""Question"",""Answer"",""Question"",""Answer"",""Question"",""Answer"",""Question"",""Answer"",""Question"",""Answer"",""Question"",""Answer"",""Question"",""Answer"",""Question"",""Answer"",""Question"",""Answer"",""ItemList"",""ListItem"",""ListItem""]","971c1e1c7a1332a7329815f68fa5eeca46d9cb825c2e1d4d5210852d40b6b3c4"
"https://pfotentechnik.de/vergleiche/","UNAVAILABLE_PERFORMANCE_IS_NOT_INDEX_COVERAGE","0","0","0","0","comparison-index","futterautomaten","","","null","1","259","18","STRONG","true","true","","358","[""Organization"",""WebPage"",""WebSite"",""Organization"",""BreadcrumbList"",""ListItem"",""ListItem""]","02cbff28e4c59c5f318dcaa8d5c9d44639263dcf4e5e2e2398d6287d728091a4"
"https://pfotentechnik.de/vergleiche/katzenklappen-mit-app-und-beuteerkennung/","UNAVAILABLE_PERFORMANCE_IS_NOT_INDEX_COVERAGE","0","0","0","0","comparison","katzenklappen","2026-08-04","2026-09-07","55","2","8","7","STRONG","true","true","2026-09-07T00:00:00.000Z","1627","[""Organization"",""WebPage"",""WebSite"",""Organization"",""BreadcrumbList"",""ListItem"",""ListItem"",""ListItem"",""FAQPage"",""Question"",""Answer"",""Question"",""Answer"",""Question"",""Answer"",""Question"",""Answer"",""ItemList"",""ListItem"",""ListItem"",""ListItem"",""ListItem"",""ListItem""]","74d27cd4c7120d8539f0d9838d96de314c0370e3244224343cbc6f2f75ae110c"
"https://pfotentechnik.de/vergleiche/kleine-gps-tracker-fuer-katzen/","UNAVAILABLE_PERFORMANCE_IS_NOT_INDEX_COVERAGE","0","0","0","0","comparison","gps-tracker","2026-07-20","2026-07-30","70","2","2","1","WEAK","true","true","2026-07-30T00:00:00.000Z","1971","[""Organization"",""WebPage"",""WebSite"",""Organization"",""BreadcrumbList"",""ListItem"",""ListItem"",""ListItem"",""FAQPage"",""Question"",""Answer"",""Question"",""Answer"",""Question"",""Answer"",""Question"",""Answer"",""Question"",""Answer"",""Question"",""Answer"",""Question"",""Answer"",""Question"",""Answer"",""Question"",""Answer"",""Question"",""Answer"",""ItemList"",""ListItem"",""ListItem"",""ListItem""]","c042cb200a521794738da18a4e2704dde14cb29c011ac0fdb760b6a28c915313"
"https://pfotentechnik.de/warum-brauchen-gps-tracker-ein-abo/","UNAVAILABLE_PERFORMANCE_IS_NOT_INDEX_COVERAGE","0","0","2","0","problem-solving-guide","gps-tracker","2026-07-20","2026-07-20","70","2","7","7","STRONG","true","true","2026-07-20T00:00:00.000Z","598","[""Organization"",""Article"",""Organization"",""Organization"",""ImageObject"",""BreadcrumbList"",""ListItem"",""ListItem"",""ListItem"",""FAQPage"",""Question"",""Answer"",""Question"",""Answer"",""Question"",""Answer"",""Question"",""Answer"",""Question"",""Answer"",""Question"",""Answer""]","10f0703f3b7528096dcae669c29fd72ba96651b05dcbf2e7bb70440c79a086f5"
"https://pfotentechnik.de/warum-hunde-feste-fuetterungszeiten-brauchen/","UNAVAILABLE_PERFORMANCE_IS_NOT_INDEX_COVERAGE","0","0","0","0","guide","hundeernaehrung","2026-07-12","2026-07-14","78","2","6","5","NORMAL","true","true","2026-07-14T00:00:00.000Z","1382","[""Organization"",""Article"",""Organization"",""Organization"",""ImageObject"",""BreadcrumbList"",""ListItem"",""ListItem"",""ListItem"",""FAQPage"",""Question"",""Answer"",""Question"",""Answer"",""Question"",""Answer"",""Question"",""Answer"",""Question"",""Answer"",""Question"",""Answer""]","48ca08af3f20c10c8c48866c73457e67eee03adf88de478adf9625cbed1af2a4"
"https://pfotentechnik.de/warum-katzen-fliessendes-wasser-trinken/","UNAVAILABLE_PERFORMANCE_IS_NOT_INDEX_COVERAGE","0","0","7","2","problem-solving-guide","katzengesundheit","2026-07-12","2026-07-12","78","2","12","12","NORMAL","true","true","2026-07-12T00:00:00.000Z","1071","[""Organization"",""Article"",""Organization"",""Organization"",""ImageObject"",""BreadcrumbList"",""ListItem"",""ListItem"",""ListItem"",""FAQPage"",""Question"",""Answer"",""Question"",""Answer"",""Question"",""Answer""]","b4bdb5fe770b626139e5b1aa031ac439a958bea902cf7c78e61bfb72cc9faa1c"
"https://pfotentechnik.de/warum-schlingt-mein-hund/","UNAVAILABLE_PERFORMANCE_IS_NOT_INDEX_COVERAGE","0","0","0","0","problem-solving-guide","futterautomaten","2026-07-12","2026-07-12","78","2","4","3","NORMAL","true","true","2026-07-12T00:00:00.000Z","733","[""Organization"",""Article"",""Organization"",""Organization"",""ImageObject"",""BreadcrumbList"",""ListItem"",""ListItem"",""ListItem"",""FAQPage"",""Question"",""Answer"",""Question"",""Answer"",""Question"",""Answer""]","abfe4f4768d895e51453161b2413d19750ef194b275d8dcd6b115ad71fb2883c"
"https://pfotentechnik.de/wasserstelle-katze-richtiger-standort/","UNAVAILABLE_PERFORMANCE_IS_NOT_INDEX_COVERAGE","0","0","0","0","guide","katzenhaltung","2026-07-13","2026-07-19","77","2","5","2","NORMAL","true","true","2026-07-19T00:00:00.000Z","706","[""Organization"",""Article"",""Organization"",""Organization"",""ImageObject"",""BreadcrumbList"",""ListItem"",""ListItem"",""ListItem"",""FAQPage"",""Question"",""Answer"",""Question"",""Answer""]","ee8923d7c2a1ef412dbc5d49c3f1e469f15ff60a4226b6c599350eca4cafa8f5"
"https://pfotentechnik.de/welche-portionsgroesse-ist-richtig/","UNAVAILABLE_PERFORMANCE_IS_NOT_INDEX_COVERAGE","0","0","0","0","guide","futterautomaten","2026-07-12","2026-07-28","78","2","13","12","NORMAL","true","true","2026-07-28T00:00:00.000Z","3878","[""Organization"",""Article"",""Organization"",""Organization"",""ImageObject"",""BreadcrumbList"",""ListItem"",""ListItem"",""ListItem"",""FAQPage"",""Question"",""Answer"",""Question"",""Answer"",""Question"",""Answer"",""Question"",""Answer"",""Question"",""Answer"",""Question"",""Answer"",""Question"",""Answer"",""Question"",""Answer"",""Question"",""Answer"",""Question"",""Answer"",""Question"",""Answer"",""Question"",""Answer"",""Question"",""Answer"",""Question"",""Answer"",""Question"",""Answer"",""Question"",""Answer"",""Question"",""Answer"",""Question"",""Answer""]","5ff670f07fcdde26b9f5849e7f8d8ee45ee326f8522c5477efa5b628f99d9281"
"https://pfotentechnik.de/welcher-futterautomat-ist-der-richtige/","UNAVAILABLE_PERFORMANCE_IS_NOT_INDEX_COVERAGE","0","0","0","0","editorial-page","futterautomaten","2026-07-09","2026-07-25","81","2","27","22","STRONG","true","true","2026-07-25T00:00:00.000Z","1925","[""Organization"",""Article"",""Organization"",""Organization"",""ImageObject"",""BreadcrumbList"",""ListItem"",""ListItem"",""ListItem"",""FAQPage"",""Question"",""Answer"",""Question"",""Answer"",""Question"",""Answer"",""Question"",""Answer"",""Question"",""Answer"",""Question"",""Answer"",""Question"",""Answer"",""Question"",""Answer""]","24b159b03e59174a7bbf66265216d88f6a464cf94a3104d0d8a4fe3129c6435d"
"https://pfotentechnik.de/welpen-richtig-fuettern/","UNAVAILABLE_PERFORMANCE_IS_NOT_INDEX_COVERAGE","0","0","32","2","guide","hundeernaehrung","2026-07-12","2026-07-24","78","2","8","8","NORMAL","true","true","2026-07-24T00:00:00.000Z","3690","[""Organization"",""Article"",""Organization"",""Organization"",""ImageObject"",""BreadcrumbList"",""ListItem"",""ListItem"",""ListItem"",""FAQPage"",""Question"",""Answer"",""Question"",""Answer"",""Question"",""Answer"",""Question"",""Answer"",""Question"",""Answer"",""Question"",""Answer"",""Question"",""Answer"",""Question"",""Answer"",""Question"",""Answer"",""Question"",""Answer"",""Question"",""Answer"",""Question"",""Answer""]","1fd4192a75724aa4b831d1b7d612e90ab830aae347959840cec56535825e552c"
"https://pfotentechnik.de/wie-funktionieren-gps-tracker/","UNAVAILABLE_PERFORMANCE_IS_NOT_INDEX_COVERAGE","0","0","5","1","guide","gps-tracker","2026-07-20","2026-08-24","70","2","4","4","STRONG","true","true","2026-08-24T00:00:00.000Z","917","[""Organization"",""Article"",""Organization"",""Organization"",""ImageObject"",""BreadcrumbList"",""ListItem"",""ListItem"",""ListItem"",""FAQPage"",""Question"",""Answer"",""Question"",""Answer"",""Question"",""Answer"",""Question"",""Answer"",""Question"",""Answer"",""Question"",""Answer"",""Question"",""Answer""]","292f9716555df5f4902c36215e37255fe2107366ef8d19743e26501e6c390827"
"https://pfotentechnik.de/wie-funktioniert-ein-futterautomat/","UNAVAILABLE_PERFORMANCE_IS_NOT_INDEX_COVERAGE","0","0","0","0","editorial-page","futterautomaten","2026-07-09","2026-07-25","81","2","7","7","NORMAL","true","true","2026-07-25T00:00:00.000Z","1192","[""Organization"",""Article"",""Organization"",""Organization"",""ImageObject"",""BreadcrumbList"",""ListItem"",""ListItem"",""ListItem"",""FAQPage"",""Question"",""Answer"",""Question"",""Answer""]","fa5187e7f0120ffb2077d780a74ac852ddcbc2ebeb4e68ca5019da4863478bbf"
"https://pfotentechnik.de/wie-genau-sind-gps-tracker/","UNAVAILABLE_PERFORMANCE_IS_NOT_INDEX_COVERAGE","0","0","0","0","guide","gps-tracker","2026-07-20","2026-07-20","70","2","7","7","STRONG","true","true","2026-07-20T00:00:00.000Z","604","[""Organization"",""Article"",""Organization"",""Organization"",""ImageObject"",""BreadcrumbList"",""ListItem"",""ListItem"",""ListItem"",""FAQPage"",""Question"",""Answer"",""Question"",""Answer"",""Question"",""Answer"",""Question"",""Answer"",""Question"",""Answer"",""Question"",""Answer""]","5a9185c562066cd81d4b19cd1104f7ff38c14955bef31a245423a136894d51b3"
"https://pfotentechnik.de/wie-gross-sollte-ein-futterautomat-sein/","UNAVAILABLE_PERFORMANCE_IS_NOT_INDEX_COVERAGE","0","0","0","0","guide","futterautomaten","2026-07-12","2026-07-28","78","2","10","10","NORMAL","true","true","2026-07-28T00:00:00.000Z","4258","[""Organization"",""Article"",""Organization"",""Organization"",""ImageObject"",""BreadcrumbList"",""ListItem"",""ListItem"",""ListItem"",""FAQPage"",""Question"",""Answer"",""Question"",""Answer"",""Question"",""Answer"",""Question"",""Answer"",""Question"",""Answer"",""Question"",""Answer"",""Question"",""Answer"",""Question"",""Answer"",""Question"",""Answer"",""Question"",""Answer"",""Question"",""Answer"",""Question"",""Answer"",""Question"",""Answer"",""Question"",""Answer"",""Question"",""Answer"",""Question"",""Answer"",""Question"",""Answer"",""Question"",""Answer""]","07327bd5aa6f411497eceadbf2eb025d974ec28508b871bd2e64c9a6815a7913"
"https://pfotentechnik.de/wie-kann-technik-gegen-langeweile-helfen/","UNAVAILABLE_PERFORMANCE_IS_NOT_INDEX_COVERAGE","0","0","0","0","guide","tierbeschaeftigung","2026-07-12","2026-07-12","78","2","2","2","NORMAL","true","true","2026-07-12T00:00:00.000Z","778","[""Organization"",""Article"",""Organization"",""Organization"",""ImageObject"",""BreadcrumbList"",""ListItem"",""ListItem"",""ListItem"",""FAQPage"",""Question"",""Answer"",""Question"",""Answer"",""Question"",""Answer""]","8f76d8e6ca0a6670b8c0675b39be516bf0d326e287b083c348676d0b5f19e253"
"https://pfotentechnik.de/wie-lange-bleibt-trockenfutter-frisch/","UNAVAILABLE_PERFORMANCE_IS_NOT_INDEX_COVERAGE","0","0","15","2","guide","futterautomaten","2026-07-12","2026-07-28","78","2","6","6","NORMAL","true","true","2026-07-28T00:00:00.000Z","4169","[""Organization"",""Article"",""Organization"",""Organization"",""ImageObject"",""BreadcrumbList"",""ListItem"",""ListItem"",""ListItem"",""FAQPage"",""Question"",""Answer"",""Question"",""Answer"",""Question"",""Answer"",""Question"",""Answer"",""Question"",""Answer"",""Question"",""Answer"",""Question"",""Answer"",""Question"",""Answer"",""Question"",""Answer"",""Question"",""Answer"",""Question"",""Answer"",""Question"",""Answer"",""Question"",""Answer"",""Question"",""Answer"",""Question"",""Answer"",""Question"",""Answer"",""Question"",""Answer"",""Question"",""Answer""]","b784abff51fba8e1cb4f12e7674f65771b4c999aba36b44353a1c4905b16a8b2"
"https://pfotentechnik.de/wie-laut-sind-automatische-futterautomaten/","UNAVAILABLE_PERFORMANCE_IS_NOT_INDEX_COVERAGE","0","0","0","0","guide","futterautomaten","2026-07-12","2026-07-12","78","2","2","2","NORMAL","true","true","2026-07-12T00:00:00.000Z","795","[""Organization"",""Article"",""Organization"",""Organization"",""ImageObject"",""BreadcrumbList"",""ListItem"",""ListItem"",""ListItem"",""FAQPage"",""Question"",""Answer"",""Question"",""Answer""]","f70e6fabc0c8fd2cb44db11ca7e10e763a17f4d5f9aef2404e9d531d9576612a"
"https://pfotentechnik.de/wie-viel-wasser-braucht-ein-hund/","UNAVAILABLE_PERFORMANCE_IS_NOT_INDEX_COVERAGE","0","0","16","0","guide","trinkbrunnen","2026-07-19","2026-07-19","71","2","9","7","NORMAL","true","true","2026-07-19T00:00:00.000Z","1405","[""Organization"",""Article"",""Organization"",""Organization"",""ImageObject"",""BreadcrumbList"",""ListItem"",""ListItem"",""ListItem"",""FAQPage"",""Question"",""Answer"",""Question"",""Answer"",""Question"",""Answer"",""Question"",""Answer"",""Question"",""Answer"",""Question"",""Answer"",""Question"",""Answer"",""Question"",""Answer"",""Question"",""Answer"",""Question"",""Answer"",""Question"",""Answer"",""Question"",""Answer""]","f98e6ca8ca1a0c35158acd320ff551d6096ac0c8d0da6954feb796d98e8287f9"
"https://pfotentechnik.de/wie-viel-wasser-braucht-eine-katze/","UNAVAILABLE_PERFORMANCE_IS_NOT_INDEX_COVERAGE","0","0","8","0","guide","trinkbrunnen","2026-07-13","2026-07-14","77","2","8","5","NORMAL","true","true","2026-07-14T00:00:00.000Z","2313","[""Organization"",""Article"",""Organization"",""Organization"",""ImageObject"",""BreadcrumbList"",""ListItem"",""ListItem"",""ListItem"",""FAQPage"",""Question"",""Answer"",""Question"",""Answer"",""Question"",""Answer"",""Question"",""Answer"",""Question"",""Answer""]","b17ef4926dd84feb844ec975cbcb723290bf53d30e81fc2d8c9a8f52946357f4"
"https://pfotentechnik.de/wie-viele-mahlzeiten-hund/","UNAVAILABLE_PERFORMANCE_IS_NOT_INDEX_COVERAGE","0","0","3","0","editorial-page","futterautomaten","2026-07-09","2026-07-31","81","2","24","23","NORMAL","true","true","2026-07-31T00:00:00.000Z","1208","[""Organization"",""Article"",""Organization"",""Organization"",""ImageObject"",""BreadcrumbList"",""ListItem"",""ListItem"",""ListItem"",""FAQPage"",""Question"",""Answer"",""Question"",""Answer""]","259db48dad3d03afc0ab3d1f92be7dd6ff523a4aaa74bae45eae5dc9cb0eaf86"
"https://pfotentechnik.de/wie-viele-mahlzeiten-katze/","UNAVAILABLE_PERFORMANCE_IS_NOT_INDEX_COVERAGE","0","0","3","0","editorial-page","futterautomaten","2026-07-09","2026-07-09","81","2","23","23","NORMAL","true","true","2026-07-09T00:00:00.000Z","1101","[""Organization"",""Article"",""Organization"",""Organization"",""ImageObject"",""BreadcrumbList"",""ListItem"",""ListItem"",""ListItem"",""FAQPage"",""Question"",""Answer"",""Question"",""Answer""]","2e5ec4f3895375d3ffeff8bfb3f5c06194cd95b218dd34c62ecdbb4a0bcbba99"
"https://pfotentechnik.de/wie-viele-wasserstellen-katze/","UNAVAILABLE_PERFORMANCE_IS_NOT_INDEX_COVERAGE","0","0","0","0","problem-solving-guide","trinkbrunnen","2026-07-13","2026-07-25","77","2","16","15","NORMAL","true","true","2026-07-25T00:00:00.000Z","3110","[""Organization"",""Article"",""Organization"",""Organization"",""ImageObject"",""BreadcrumbList"",""ListItem"",""ListItem"",""ListItem"",""FAQPage"",""Question"",""Answer"",""Question"",""Answer"",""Question"",""Answer"",""Question"",""Answer"",""Question"",""Answer"",""Question"",""Answer"",""Question"",""Answer"",""Question"",""Answer"",""Question"",""Answer"",""Question"",""Answer"",""Question"",""Answer"",""Question"",""Answer"",""Question"",""Answer"",""Question"",""Answer""]","0998d638566aa244c21f89e4d5c5f2965b006a5677b8bee90003641804001919"
"https://pfotentechnik.de/wissen/","UNAVAILABLE_PERFORMANCE_IS_NOT_INDEX_COVERAGE","0","0","0","0","knowledge-hub","smarte-haustiertechnik","","","null","1","259","1","WEAK","true","true","","1230","[""Organization"",""Article"",""Organization"",""Organization"",""ImageObject"",""BreadcrumbList"",""ListItem"",""ListItem""]","7b20cde871e2c406cdb4a4ab8ab3766fc8a98962f6034001b4dfd874f75500bd"
"https://pfotentechnik.de/woran-erkennt-man-dass-die-katze-zu-wenig-trinkt/","UNAVAILABLE_PERFORMANCE_IS_NOT_INDEX_COVERAGE","0","0","0","0","medical-guide","trinkbrunnen","2026-07-12","2026-07-19","78","2","7","6","NORMAL","true","true","2026-07-19T00:00:00.000Z","4386","[""Organization"",""Article"",""Organization"",""Organization"",""ImageObject"",""BreadcrumbList"",""ListItem"",""ListItem"",""ListItem"",""FAQPage"",""Question"",""Answer"",""Question"",""Answer"",""Question"",""Answer"",""Question"",""Answer"",""Question"",""Answer"",""Question"",""Answer""]","18f924d312de4175f744836e3b8abbb9e751db74ccbca10d0d6827cd0e8833f4"
