url,kind,configuredTarget,configuredHops,configuredLoop,configuredFinal,liveStatus,liveHops,liveChain,finalStatus,finalUrl,finalCanonical,error
"https://pfotentechnik.de/beste-futterautomaten-fuer-berufstaetige","historical","https://pfotentechnik.de/vergleiche/beste-futterautomaten-fuer-berufstaetige/","1","false","https://pfotentechnik.de/vergleiche/beste-futterautomaten-fuer-berufstaetige/","UNMEASURED","null","[]","","","[]",""
"https://pfotentechnik.de/beste-futterautomaten-fuer-berufstaetige/","historical","https://pfotentechnik.de/vergleiche/beste-futterautomaten-fuer-berufstaetige/","1","false","https://pfotentechnik.de/vergleiche/beste-futterautomaten-fuer-berufstaetige/","UNMEASURED","null","[]","","","[]",""
"https://pfotentechnik.de/beste-futterautomaten-fuer-hunde","historical","https://pfotentechnik.de/vergleiche/beste-futterautomaten-fuer-hunde/","1","false","https://pfotentechnik.de/vergleiche/beste-futterautomaten-fuer-hunde/","UNMEASURED","null","[]","","","[]",""
"https://pfotentechnik.de/beste-futterautomaten-fuer-hunde/","historical","https://pfotentechnik.de/vergleiche/beste-futterautomaten-fuer-hunde/","1","false","https://pfotentechnik.de/vergleiche/beste-futterautomaten-fuer-hunde/","UNMEASURED","null","[]","","","[]",""
"https://pfotentechnik.de/beste-futterautomaten-fuer-katzen","historical","https://pfotentechnik.de/vergleiche/beste-futterautomaten-fuer-katzen/","1","false","https://pfotentechnik.de/vergleiche/beste-futterautomaten-fuer-katzen/","UNMEASURED","null","[]","","","[]",""
"https://pfotentechnik.de/beste-futterautomaten-fuer-katzen/","historical","https://pfotentechnik.de/vergleiche/beste-futterautomaten-fuer-katzen/","1","false","https://pfotentechnik.de/vergleiche/beste-futterautomaten-fuer-katzen/","UNMEASURED","null","[]","","","[]",""
"https://pfotentechnik.de/beste-futterautomaten-fuer-kleine-hunde","historical","https://pfotentechnik.de/vergleiche/beste-futterautomaten-fuer-kleine-hunde/","1","false","https://pfotentechnik.de/vergleiche/beste-futterautomaten-fuer-kleine-hunde/","UNMEASURED","null","[]","","","[]",""
"https://pfotentechnik.de/beste-futterautomaten-fuer-kleine-hunde/","historical","https://pfotentechnik.de/vergleiche/beste-futterautomaten-fuer-kleine-hunde/","1","false","https://pfotentechnik.de/vergleiche/beste-futterautomaten-fuer-kleine-hunde/","UNMEASURED","null","[]","","","[]",""
"https://pfotentechnik.de/beste-futterautomaten-fuer-mehrtierhaushalte","historical","https://pfotentechnik.de/vergleiche/beste-futterautomaten-fuer-mehrtierhaushalte/","1","false","https://pfotentechnik.de/vergleiche/beste-futterautomaten-fuer-mehrtierhaushalte/","UNMEASURED","null","[]","","","[]",""
"https://pfotentechnik.de/beste-futterautomaten-fuer-mehrtierhaushalte/","historical","https://pfotentechnik.de/vergleiche/beste-futterautomaten-fuer-mehrtierhaushalte/","1","false","https://pfotentechnik.de/vergleiche/beste-futterautomaten-fuer-mehrtierhaushalte/","UNMEASURED","null","[]","","","[]",""
"https://pfotentechnik.de/beste-futterautomaten-fuer-nassfutter","historical","https://pfotentechnik.de/vergleiche/beste-futterautomaten-fuer-nassfutter/","1","false","https://pfotentechnik.de/vergleiche/beste-futterautomaten-fuer-nassfutter/","UNMEASURED","null","[]","","","[]",""
"https://pfotentechnik.de/beste-futterautomaten-fuer-nassfutter/","historical","https://pfotentechnik.de/vergleiche/beste-futterautomaten-fuer-nassfutter/","1","false","https://pfotentechnik.de/vergleiche/beste-futterautomaten-fuer-nassfutter/","UNMEASURED","null","[]","","","[]",""
"https://pfotentechnik.de/beste-futterautomaten-fuer-seniorenkatzen","historical","https://pfotentechnik.de/vergleiche/beste-futterautomaten-fuer-seniorenkatzen/","1","false","https://pfotentechnik.de/vergleiche/beste-futterautomaten-fuer-seniorenkatzen/","UNMEASURED","null","[]","","","[]",""
"https://pfotentechnik.de/beste-futterautomaten-fuer-seniorenkatzen/","historical","https://pfotentechnik.de/vergleiche/beste-futterautomaten-fuer-seniorenkatzen/","1","false","https://pfotentechnik.de/vergleiche/beste-futterautomaten-fuer-seniorenkatzen/","UNMEASURED","null","[]","","","[]",""
"https://pfotentechnik.de/beste-futterautomaten-fuer-welpen","historical","https://pfotentechnik.de/vergleiche/beste-futterautomaten-fuer-welpen/","1","false","https://pfotentechnik.de/vergleiche/beste-futterautomaten-fuer-welpen/","UNMEASURED","null","[]","","","[]",""
"https://pfotentechnik.de/beste-futterautomaten-fuer-welpen/","historical","https://pfotentechnik.de/vergleiche/beste-futterautomaten-fuer-welpen/","1","false","https://pfotentechnik.de/vergleiche/beste-futterautomaten-fuer-welpen/","UNMEASURED","null","[]","","","[]",""
"https://pfotentechnik.de/beste-futterautomaten-fuer-zwei-katzen","historical","https://pfotentechnik.de/vergleiche/beste-futterautomaten-fuer-zwei-katzen/","1","false","https://pfotentechnik.de/vergleiche/beste-futterautomaten-fuer-zwei-katzen/","UNMEASURED","null","[]","","","[]",""
"https://pfotentechnik.de/beste-futterautomaten-fuer-zwei-katzen/","historical","https://pfotentechnik.de/vergleiche/beste-futterautomaten-fuer-zwei-katzen/","1","false","https://pfotentechnik.de/vergleiche/beste-futterautomaten-fuer-zwei-katzen/","UNMEASURED","null","[]","","","[]",""
"https://pfotentechnik.de/beste-futterautomaten-mit-akku","historical","https://pfotentechnik.de/vergleiche/beste-futterautomaten-mit-akku/","1","false","https://pfotentechnik.de/vergleiche/beste-futterautomaten-mit-akku/","UNMEASURED","null","[]","","","[]",""
"https://pfotentechnik.de/beste-futterautomaten-mit-akku/","historical","https://pfotentechnik.de/vergleiche/beste-futterautomaten-mit-akku/","1","false","https://pfotentechnik.de/vergleiche/beste-futterautomaten-mit-akku/","UNMEASURED","null","[]","","","[]",""
"https://pfotentechnik.de/beste-futterautomaten-mit-edelstahl-napf","historical","https://pfotentechnik.de/vergleiche/beste-futterautomaten-mit-edelstahl-napf/","1","false","https://pfotentechnik.de/vergleiche/beste-futterautomaten-mit-edelstahl-napf/","UNMEASURED","null","[]","","","[]",""
"https://pfotentechnik.de/beste-futterautomaten-mit-edelstahl-napf/","historical","https://pfotentechnik.de/vergleiche/beste-futterautomaten-mit-edelstahl-napf/","1","false","https://pfotentechnik.de/vergleiche/beste-futterautomaten-mit-edelstahl-napf/","UNMEASURED","null","[]","","","[]",""
"https://pfotentechnik.de/beste-futterautomaten-mit-kamera","historical","https://pfotentechnik.de/vergleiche/beste-futterautomaten-mit-kamera/","1","false","https://pfotentechnik.de/vergleiche/beste-futterautomaten-mit-kamera/","UNMEASURED","null","[]","","","[]",""
"https://pfotentechnik.de/beste-futterautomaten-mit-kamera/","historical","https://pfotentechnik.de/vergleiche/beste-futterautomaten-mit-kamera/","1","false","https://pfotentechnik.de/vergleiche/beste-futterautomaten-mit-kamera/","UNMEASURED","null","[]","","","[]",""
"https://pfotentechnik.de/beste-futterautomaten-ohne-wlan","historical","https://pfotentechnik.de/vergleiche/beste-futterautomaten-ohne-wlan/","1","false","https://pfotentechnik.de/vergleiche/beste-futterautomaten-ohne-wlan/","UNMEASURED","null","[]","","","[]",""
"https://pfotentechnik.de/beste-futterautomaten-ohne-wlan/","historical","https://pfotentechnik.de/vergleiche/beste-futterautomaten-ohne-wlan/","1","false","https://pfotentechnik.de/vergleiche/beste-futterautomaten-ohne-wlan/","UNMEASURED","null","[]","","","[]",""
"https://pfotentechnik.de/beste-futterautomaten-unter-100-euro","historical","https://pfotentechnik.de/vergleiche/beste-futterautomaten-unter-100-euro/","1","false","https://pfotentechnik.de/vergleiche/beste-futterautomaten-unter-100-euro/","UNMEASURED","null","[]","","","[]",""
"https://pfotentechnik.de/beste-futterautomaten-unter-100-euro/","historical","https://pfotentechnik.de/vergleiche/beste-futterautomaten-unter-100-euro/","1","false","https://pfotentechnik.de/vergleiche/beste-futterautomaten-unter-100-euro/","UNMEASURED","null","[]","","","[]",""
"https://pfotentechnik.de/beste-gps-tracker-fuer-hunde","historical","https://pfotentechnik.de/vergleiche/beste-gps-tracker-fuer-hunde/","1","false","https://pfotentechnik.de/vergleiche/beste-gps-tracker-fuer-hunde/","UNMEASURED","null","[]","","","[]",""
"https://pfotentechnik.de/beste-gps-tracker-fuer-hunde/","historical","https://pfotentechnik.de/vergleiche/beste-gps-tracker-fuer-hunde/","1","false","https://pfotentechnik.de/vergleiche/beste-gps-tracker-fuer-hunde/","UNMEASURED","null","[]","","","[]",""
"https://pfotentechnik.de/beste-gps-tracker-fuer-katzen","historical","https://pfotentechnik.de/vergleiche/beste-gps-tracker-fuer-katzen/","1","false","https://pfotentechnik.de/vergleiche/beste-gps-tracker-fuer-katzen/","UNMEASURED","null","[]","","","[]",""
"https://pfotentechnik.de/beste-gps-tracker-fuer-katzen/","historical","https://pfotentechnik.de/vergleiche/beste-gps-tracker-fuer-katzen/","1","false","https://pfotentechnik.de/vergleiche/beste-gps-tracker-fuer-katzen/","UNMEASURED","null","[]","","","[]",""
"https://pfotentechnik.de/beste-trinkbrunnen-fuer-hunde","historical","https://pfotentechnik.de/vergleiche/beste-trinkbrunnen-fuer-hunde/","1","false","https://pfotentechnik.de/vergleiche/beste-trinkbrunnen-fuer-hunde/","UNMEASURED","null","[]","","","[]",""
"https://pfotentechnik.de/beste-trinkbrunnen-fuer-hunde/","historical","https://pfotentechnik.de/vergleiche/beste-trinkbrunnen-fuer-hunde/","1","false","https://pfotentechnik.de/vergleiche/beste-trinkbrunnen-fuer-hunde/","UNMEASURED","null","[]","","","[]",""
"https://pfotentechnik.de/beste-trinkbrunnen-fuer-katzen","historical","https://pfotentechnik.de/vergleiche/beste-trinkbrunnen-fuer-katzen/","1","false","https://pfotentechnik.de/vergleiche/beste-trinkbrunnen-fuer-katzen/","UNMEASURED","null","[]","","","[]",""
"https://pfotentechnik.de/beste-trinkbrunnen-fuer-katzen/","historical","https://pfotentechnik.de/vergleiche/beste-trinkbrunnen-fuer-katzen/","1","false","https://pfotentechnik.de/vergleiche/beste-trinkbrunnen-fuer-katzen/","UNMEASURED","null","[]","","","[]",""
"https://pfotentechnik.de/futterautomat-fuer-grosse-hunde","historical","https://pfotentechnik.de/vergleiche/futterautomat-fuer-grosse-hunde/","1","false","https://pfotentechnik.de/vergleiche/futterautomat-fuer-grosse-hunde/","UNMEASURED","null","[]","","","[]",""
"https://pfotentechnik.de/futterautomat-fuer-grosse-hunde/","historical","https://pfotentechnik.de/vergleiche/futterautomat-fuer-grosse-hunde/","1","false","https://pfotentechnik.de/vergleiche/futterautomat-fuer-grosse-hunde/","UNMEASURED","null","[]","","","[]",""
"https://pfotentechnik.de/futterautomat-fuer-zwei-katzen","historical","https://pfotentechnik.de/vergleiche/beste-futterautomaten-fuer-zwei-katzen/","1","false","https://pfotentechnik.de/vergleiche/beste-futterautomaten-fuer-zwei-katzen/","UNMEASURED","null","[]","","","[]",""
"https://pfotentechnik.de/futterautomat-fuer-zwei-katzen/","historical","https://pfotentechnik.de/vergleiche/beste-futterautomaten-fuer-zwei-katzen/","1","false","https://pfotentechnik.de/vergleiche/beste-futterautomaten-fuer-zwei-katzen/","UNMEASURED","null","[]","","","[]",""
"https://pfotentechnik.de/futterautomat-gegen-schlingen","historical","https://pfotentechnik.de/vergleiche/futterautomat-gegen-schlingen/","1","false","https://pfotentechnik.de/vergleiche/futterautomat-gegen-schlingen/","UNMEASURED","null","[]","","","[]",""
"https://pfotentechnik.de/futterautomat-gegen-schlingen/","historical","https://pfotentechnik.de/vergleiche/futterautomat-gegen-schlingen/","1","false","https://pfotentechnik.de/vergleiche/futterautomat-gegen-schlingen/","UNMEASURED","null","[]","","","[]",""
"https://pfotentechnik.de/futterautomat-mit-app","historical","https://pfotentechnik.de/vergleiche/futterautomat-mit-app/","1","false","https://pfotentechnik.de/vergleiche/futterautomat-mit-app/","UNMEASURED","null","[]","","","[]",""
"https://pfotentechnik.de/futterautomat-mit-app/","historical","https://pfotentechnik.de/vergleiche/futterautomat-mit-app/","1","false","https://pfotentechnik.de/vergleiche/futterautomat-mit-app/","UNMEASURED","null","[]","","","[]",""
"https://pfotentechnik.de/futterautomat-mit-kamera","historical","https://pfotentechnik.de/vergleiche/beste-futterautomaten-mit-kamera/","1","false","https://pfotentechnik.de/vergleiche/beste-futterautomaten-mit-kamera/","UNMEASURED","null","[]","","","[]",""
"https://pfotentechnik.de/futterautomat-mit-kamera/","historical","https://pfotentechnik.de/vergleiche/beste-futterautomaten-mit-kamera/","1","false","https://pfotentechnik.de/vergleiche/beste-futterautomaten-mit-kamera/","UNMEASURED","null","[]","","","[]",""
"https://pfotentechnik.de/futterautomat-nassfutter","historical","https://pfotentechnik.de/vergleiche/beste-futterautomaten-fuer-nassfutter/","1","false","https://pfotentechnik.de/vergleiche/beste-futterautomaten-fuer-nassfutter/","UNMEASURED","null","[]","","","[]",""
"https://pfotentechnik.de/futterautomat-nassfutter/","historical","https://pfotentechnik.de/vergleiche/beste-futterautomaten-fuer-nassfutter/","1","false","https://pfotentechnik.de/vergleiche/beste-futterautomaten-fuer-nassfutter/","UNMEASURED","null","[]","","","[]",""
"https://pfotentechnik.de/futterautomat-ohne-wlan","historical","https://pfotentechnik.de/vergleiche/beste-futterautomaten-ohne-wlan/","1","false","https://pfotentechnik.de/vergleiche/beste-futterautomaten-ohne-wlan/","UNMEASURED","null","[]","","","[]",""
"https://pfotentechnik.de/futterautomat-ohne-wlan/","historical","https://pfotentechnik.de/vergleiche/beste-futterautomaten-ohne-wlan/","1","false","https://pfotentechnik.de/vergleiche/beste-futterautomaten-ohne-wlan/","UNMEASURED","null","[]","","","[]",""
"https://pfotentechnik.de/gps-tracker-mit-langer-akkulaufzeit","historical","https://pfotentechnik.de/vergleiche/gps-tracker-mit-langer-akkulaufzeit/","1","false","https://pfotentechnik.de/vergleiche/gps-tracker-mit-langer-akkulaufzeit/","UNMEASURED","null","[]","","","[]",""
"https://pfotentechnik.de/gps-tracker-mit-langer-akkulaufzeit/","historical","https://pfotentechnik.de/vergleiche/gps-tracker-mit-langer-akkulaufzeit/","1","false","https://pfotentechnik.de/vergleiche/gps-tracker-mit-langer-akkulaufzeit/","UNMEASURED","null","[]","","","[]",""
"https://pfotentechnik.de/gps-tracker-ohne-abo","historical","https://pfotentechnik.de/vergleiche/gps-tracker-ohne-abo/","1","false","https://pfotentechnik.de/vergleiche/gps-tracker-ohne-abo/","UNMEASURED","null","[]","","","[]",""
"https://pfotentechnik.de/gps-tracker-ohne-abo/","historical","https://pfotentechnik.de/vergleiche/gps-tracker-ohne-abo/","1","false","https://pfotentechnik.de/vergleiche/gps-tracker-ohne-abo/","UNMEASURED","null","[]","","","[]",""
"https://pfotentechnik.de/kleine-gps-tracker-fuer-katzen","historical","https://pfotentechnik.de/vergleiche/kleine-gps-tracker-fuer-katzen/","1","false","https://pfotentechnik.de/vergleiche/kleine-gps-tracker-fuer-katzen/","UNMEASURED","null","[]","","","[]",""
"https://pfotentechnik.de/kleine-gps-tracker-fuer-katzen/","historical","https://pfotentechnik.de/vergleiche/kleine-gps-tracker-fuer-katzen/","1","false","https://pfotentechnik.de/vergleiche/kleine-gps-tracker-fuer-katzen/","UNMEASURED","null","[]","","","[]",""
"https://pfotentechnik.de/futterautomat-batterie-oder-netzteil","historical","https://pfotentechnik.de/futterautomat-bei-stromausfall/","1","false","https://pfotentechnik.de/futterautomat-bei-stromausfall/","UNMEASURED","null","[]","","","[]",""
"https://pfotentechnik.de/futterautomat-batterie-oder-netzteil/","historical","https://pfotentechnik.de/futterautomat-bei-stromausfall/","1","false","https://pfotentechnik.de/futterautomat-bei-stromausfall/","UNMEASURED","null","[]","","","[]",""
"https://pfotentechnik.de/gps-tracker-oder-bluetooth-tag","historical","https://pfotentechnik.de/gps-oder-bluetooth/","1","false","https://pfotentechnik.de/gps-oder-bluetooth/","UNMEASURED","null","[]","","","[]",""
"https://pfotentechnik.de/gps-tracker-oder-bluetooth-tag/","historical","https://pfotentechnik.de/gps-oder-bluetooth/","1","false","https://pfotentechnik.de/gps-oder-bluetooth/","UNMEASURED","null","[]","","","[]",""
"https://pfotentechnik.de/produkt/petkit-yumshare-dual","historical","https://pfotentechnik.de/produkt/petkit-yumshare-dual-hopper/","1","false","https://pfotentechnik.de/produkt/petkit-yumshare-dual-hopper/","UNMEASURED","null","[]","","","[]",""
"https://pfotentechnik.de/produkt/petkit-yumshare-dual/","historical","https://pfotentechnik.de/produkt/petkit-yumshare-dual-hopper/","1","false","https://pfotentechnik.de/produkt/petkit-yumshare-dual-hopper/","UNMEASURED","null","[]","","","[]",""
"https://pfotentechnik.de/produkt/petkit-yumshare-solo","historical","https://pfotentechnik.de/produkt/petkit-yumshare-solo-2/","1","false","https://pfotentechnik.de/produkt/petkit-yumshare-solo-2/","UNMEASURED","null","[]","","","[]",""
"https://pfotentechnik.de/produkt/petkit-yumshare-solo/","historical","https://pfotentechnik.de/produkt/petkit-yumshare-solo-2/","1","false","https://pfotentechnik.de/produkt/petkit-yumshare-solo-2/","UNMEASURED","null","[]","","","[]",""
"https://pfotentechnik.de/smarte-katzenklappen","historical","https://pfotentechnik.de/katzenklappen/","1","false","https://pfotentechnik.de/katzenklappen/","UNMEASURED","null","[]","","","[]",""
"https://pfotentechnik.de/smarte-katzenklappen/","historical","https://pfotentechnik.de/katzenklappen/","1","false","https://pfotentechnik.de/katzenklappen/","UNMEASURED","null","[]","","","[]",""
"https://pfotentechnik.de/vergleiche/-fuer-katzen","historical","https://pfotentechnik.de/vergleiche/","1","false","https://pfotentechnik.de/vergleiche/","UNMEASURED","null","[]","","","[]",""
"https://pfotentechnik.de/vergleiche/-fuer-katzen/","historical","https://pfotentechnik.de/vergleiche/","1","false","https://pfotentechnik.de/vergleiche/","UNMEASURED","null","[]","","","[]",""
"http://pfotentechnik.de/affiliate-hinweis/","http-variant","","0","false","","UNMEASURED","null","[]","","","[]",""
"https://www.pfotentechnik.de/affiliate-hinweis/","www-variant","","0","false","","UNMEASURED","null","[]","","","[]",""
"http://www.pfotentechnik.de/affiliate-hinweis/","http-www-variant","","0","false","","UNMEASURED","null","[]","","","[]",""
"https://pfotentechnik.de/affiliate-hinweis","slash-variant","","0","false","","UNMEASURED","null","[]","","","[]",""
"http://pfotentechnik.de/affiliate-hinweis","http-slash-variant","","0","false","","UNMEASURED","null","[]","","","[]",""
"https://www.pfotentechnik.de/affiliate-hinweis","www-slash-variant","","0","false","","UNMEASURED","null","[]","","","[]",""
"http://www.pfotentechnik.de/affiliate-hinweis","http-www-slash-variant","","0","false","","UNMEASURED","null","[]","","","[]",""
"http://pfotentechnik.de/automatische-katzentoiletten/","http-variant","","0","false","","UNMEASURED","null","[]","","","[]",""
"https://www.pfotentechnik.de/automatische-katzentoiletten/","www-variant","","0","false","","UNMEASURED","null","[]","","","[]",""
"http://www.pfotentechnik.de/automatische-katzentoiletten/","http-www-variant","","0","false","","UNMEASURED","null","[]","","","[]",""
"https://pfotentechnik.de/automatische-katzentoiletten","slash-variant","","0","false","","UNMEASURED","null","[]","","","[]",""
"http://pfotentechnik.de/automatische-katzentoiletten","http-slash-variant","","0","false","","UNMEASURED","null","[]","","","[]",""
"https://www.pfotentechnik.de/automatische-katzentoiletten","www-slash-variant","","0","false","","UNMEASURED","null","[]","","","[]",""
"http://www.pfotentechnik.de/automatische-katzentoiletten","http-www-slash-variant","","0","false","","UNMEASURED","null","[]","","","[]",""
"http://pfotentechnik.de/berater/futterautomat/","http-variant","","0","false","","UNMEASURED","null","[]","","","[]",""
"https://www.pfotentechnik.de/berater/futterautomat/","www-variant","","0","false","","UNMEASURED","null","[]","","","[]",""
"http://www.pfotentechnik.de/berater/futterautomat/","http-www-variant","","0","false","","UNMEASURED","null","[]","","","[]",""
"https://pfotentechnik.de/berater/futterautomat","slash-variant","","0","false","","UNMEASURED","null","[]","","","[]",""
"http://pfotentechnik.de/berater/futterautomat","http-slash-variant","","0","false","","UNMEASURED","null","[]","","","[]",""
"https://www.pfotentechnik.de/berater/futterautomat","www-slash-variant","","0","false","","UNMEASURED","null","[]","","","[]",""
"http://www.pfotentechnik.de/berater/futterautomat","http-www-slash-variant","","0","false","","UNMEASURED","null","[]","","","[]",""
"http://pfotentechnik.de/biofilm-im-katzentrinkbrunnen/","http-variant","","0","false","","UNMEASURED","null","[]","","","[]",""
"https://www.pfotentechnik.de/biofilm-im-katzentrinkbrunnen/","www-variant","","0","false","","UNMEASURED","null","[]","","","[]",""
"http://www.pfotentechnik.de/biofilm-im-katzentrinkbrunnen/","http-www-variant","","0","false","","UNMEASURED","null","[]","","","[]",""
"https://pfotentechnik.de/biofilm-im-katzentrinkbrunnen","slash-variant","","0","false","","UNMEASURED","null","[]","","","[]",""
"http://pfotentechnik.de/biofilm-im-katzentrinkbrunnen","http-slash-variant","","0","false","","UNMEASURED","null","[]","","","[]",""
"https://www.pfotentechnik.de/biofilm-im-katzentrinkbrunnen","www-slash-variant","","0","false","","UNMEASURED","null","[]","","","[]",""
"http://www.pfotentechnik.de/biofilm-im-katzentrinkbrunnen","http-www-slash-variant","","0","false","","UNMEASURED","null","[]","","","[]",""
"http://pfotentechnik.de/datenschutz/","http-variant","","0","false","","UNMEASURED","null","[]","","","[]",""
"https://www.pfotentechnik.de/datenschutz/","www-variant","","0","false","","UNMEASURED","null","[]","","","[]",""
"http://www.pfotentechnik.de/datenschutz/","http-www-variant","","0","false","","UNMEASURED","null","[]","","","[]",""
"https://pfotentechnik.de/datenschutz","slash-variant","","0","false","","UNMEASURED","null","[]","","","[]",""
"http://pfotentechnik.de/datenschutz","http-slash-variant","","0","false","","UNMEASURED","null","[]","","","[]",""
"https://www.pfotentechnik.de/datenschutz","www-slash-variant","","0","false","","UNMEASURED","null","[]","","","[]",""
"http://www.pfotentechnik.de/datenschutz","http-www-slash-variant","","0","false","","UNMEASURED","null","[]","","","[]",""
"http://pfotentechnik.de/datenschutz-bei-gps-trackern/","http-variant","","0","false","","UNMEASURED","null","[]","","","[]",""
"https://www.pfotentechnik.de/datenschutz-bei-gps-trackern/","www-variant","","0","false","","UNMEASURED","null","[]","","","[]",""
"http://www.pfotentechnik.de/datenschutz-bei-gps-trackern/","http-www-variant","","0","false","","UNMEASURED","null","[]","","","[]",""
"https://pfotentechnik.de/datenschutz-bei-gps-trackern","slash-variant","","0","false","","UNMEASURED","null","[]","","","[]",""
"http://pfotentechnik.de/datenschutz-bei-gps-trackern","http-slash-variant","","0","false","","UNMEASURED","null","[]","","","[]",""
"https://www.pfotentechnik.de/datenschutz-bei-gps-trackern","www-slash-variant","","0","false","","UNMEASURED","null","[]","","","[]",""
"http://www.pfotentechnik.de/datenschutz-bei-gps-trackern","http-www-slash-variant","","0","false","","UNMEASURED","null","[]","","","[]",""
"http://pfotentechnik.de/filter-im-katzentrinkbrunnen-wechseln/","http-variant","","0","false","","UNMEASURED","null","[]","","","[]",""
"https://www.pfotentechnik.de/filter-im-katzentrinkbrunnen-wechseln/","www-variant","","0","false","","UNMEASURED","null","[]","","","[]",""
"http://www.pfotentechnik.de/filter-im-katzentrinkbrunnen-wechseln/","http-www-variant","","0","false","","UNMEASURED","null","[]","","","[]",""
"https://pfotentechnik.de/filter-im-katzentrinkbrunnen-wechseln","slash-variant","","0","false","","UNMEASURED","null","[]","","","[]",""
"http://pfotentechnik.de/filter-im-katzentrinkbrunnen-wechseln","http-slash-variant","","0","false","","UNMEASURED","null","[]","","","[]",""
"https://www.pfotentechnik.de/filter-im-katzentrinkbrunnen-wechseln","www-slash-variant","","0","false","","UNMEASURED","null","[]","","","[]",""
"http://www.pfotentechnik.de/filter-im-katzentrinkbrunnen-wechseln","http-www-slash-variant","","0","false","","UNMEASURED","null","[]","","","[]",""
"http://pfotentechnik.de/fuetterungszeiten-nach-alter/","http-variant","","0","false","","UNMEASURED","null","[]","","","[]",""
"https://www.pfotentechnik.de/fuetterungszeiten-nach-alter/","www-variant","","0","false","","UNMEASURED","null","[]","","","[]",""
"http://www.pfotentechnik.de/fuetterungszeiten-nach-alter/","http-www-variant","","0","false","","UNMEASURED","null","[]","","","[]",""
"https://pfotentechnik.de/fuetterungszeiten-nach-alter","slash-variant","","0","false","","UNMEASURED","null","[]","","","[]",""
"http://pfotentechnik.de/fuetterungszeiten-nach-alter","http-slash-variant","","0","false","","UNMEASURED","null","[]","","","[]",""
"https://www.pfotentechnik.de/fuetterungszeiten-nach-alter","www-slash-variant","","0","false","","UNMEASURED","null","[]","","","[]",""
"http://www.pfotentechnik.de/fuetterungszeiten-nach-alter","http-www-slash-variant","","0","false","","UNMEASURED","null","[]","","","[]",""
"http://pfotentechnik.de/futterautomat-bei-stromausfall/","http-variant","","0","false","","UNMEASURED","null","[]","","","[]",""
"https://www.pfotentechnik.de/futterautomat-bei-stromausfall/","www-variant","","0","false","","UNMEASURED","null","[]","","","[]",""
"http://www.pfotentechnik.de/futterautomat-bei-stromausfall/","http-www-variant","","0","false","","UNMEASURED","null","[]","","","[]",""
"https://pfotentechnik.de/futterautomat-bei-stromausfall","slash-variant","","0","false","","UNMEASURED","null","[]","","","[]",""
"http://pfotentechnik.de/futterautomat-bei-stromausfall","http-slash-variant","","0","false","","UNMEASURED","null","[]","","","[]",""
"https://www.pfotentechnik.de/futterautomat-bei-stromausfall","www-slash-variant","","0","false","","UNMEASURED","null","[]","","","[]",""
"http://www.pfotentechnik.de/futterautomat-bei-stromausfall","http-www-slash-variant","","0","false","","UNMEASURED","null","[]","","","[]",""
"http://pfotentechnik.de/futterautomat-bei-uebergewicht/","http-variant","","0","false","","UNMEASURED","null","[]","","","[]",""
"https://www.pfotentechnik.de/futterautomat-bei-uebergewicht/","www-variant","","0","false","","UNMEASURED","null","[]","","","[]",""
"http://www.pfotentechnik.de/futterautomat-bei-uebergewicht/","http-www-variant","","0","false","","UNMEASURED","null","[]","","","[]",""
"https://pfotentechnik.de/futterautomat-bei-uebergewicht","slash-variant","","0","false","","UNMEASURED","null","[]","","","[]",""
"http://pfotentechnik.de/futterautomat-bei-uebergewicht","http-slash-variant","","0","false","","UNMEASURED","null","[]","","","[]",""
"https://www.pfotentechnik.de/futterautomat-bei-uebergewicht","www-slash-variant","","0","false","","UNMEASURED","null","[]","","","[]",""
"http://www.pfotentechnik.de/futterautomat-bei-uebergewicht","http-www-slash-variant","","0","false","","UNMEASURED","null","[]","","","[]",""
"http://pfotentechnik.de/futterautomat-berater/","http-variant","","0","false","","UNMEASURED","null","[]","","","[]",""
"https://www.pfotentechnik.de/futterautomat-berater/","www-variant","","0","false","","UNMEASURED","null","[]","","","[]",""
"http://www.pfotentechnik.de/futterautomat-berater/","http-www-variant","","0","false","","UNMEASURED","null","[]","","","[]",""
"https://pfotentechnik.de/futterautomat-berater","slash-variant","","0","false","","UNMEASURED","null","[]","","","[]",""
"http://pfotentechnik.de/futterautomat-berater","http-slash-variant","","0","false","","UNMEASURED","null","[]","","","[]",""
"https://www.pfotentechnik.de/futterautomat-berater","www-slash-variant","","0","false","","UNMEASURED","null","[]","","","[]",""
"http://www.pfotentechnik.de/futterautomat-berater","http-www-slash-variant","","0","false","","UNMEASURED","null","[]","","","[]",""
"http://pfotentechnik.de/futterautomat-hund/","http-variant","","0","false","","UNMEASURED","null","[]","","","[]",""
"https://www.pfotentechnik.de/futterautomat-hund/","www-variant","","0","false","","UNMEASURED","null","[]","","","[]",""
"http://www.pfotentechnik.de/futterautomat-hund/","http-www-variant","","0","false","","UNMEASURED","null","[]","","","[]",""
"https://pfotentechnik.de/futterautomat-hund","slash-variant","","0","false","","UNMEASURED","null","[]","","","[]",""
"http://pfotentechnik.de/futterautomat-hund","http-slash-variant","","0","false","","UNMEASURED","null","[]","","","[]",""
"https://www.pfotentechnik.de/futterautomat-hund","www-slash-variant","","0","false","","UNMEASURED","null","[]","","","[]",""
"http://www.pfotentechnik.de/futterautomat-hund","http-www-slash-variant","","0","false","","UNMEASURED","null","[]","","","[]",""
"http://pfotentechnik.de/futterautomat-im-urlaub/","http-variant","","0","false","","UNMEASURED","null","[]","","","[]",""
"https://www.pfotentechnik.de/futterautomat-im-urlaub/","www-variant","","0","false","","UNMEASURED","null","[]","","","[]",""
"http://www.pfotentechnik.de/futterautomat-im-urlaub/","http-www-variant","","0","false","","UNMEASURED","null","[]","","","[]",""
"https://pfotentechnik.de/futterautomat-im-urlaub","slash-variant","","0","false","","UNMEASURED","null","[]","","","[]",""
"http://pfotentechnik.de/futterautomat-im-urlaub","http-slash-variant","","0","false","","UNMEASURED","null","[]","","","[]",""
"https://www.pfotentechnik.de/futterautomat-im-urlaub","www-slash-variant","","0","false","","UNMEASURED","null","[]","","","[]",""
"http://www.pfotentechnik.de/futterautomat-im-urlaub","http-www-slash-variant","","0","false","","UNMEASURED","null","[]","","","[]",""
"http://pfotentechnik.de/futterautomat-katze/","http-variant","","0","false","","UNMEASURED","null","[]","","","[]",""
"https://www.pfotentechnik.de/futterautomat-katze/","www-variant","","0","false","","UNMEASURED","null","[]","","","[]",""
"http://www.pfotentechnik.de/futterautomat-katze/","http-www-variant","","0","false","","UNMEASURED","null","[]","","","[]",""
"https://pfotentechnik.de/futterautomat-katze","slash-variant","","0","false","","UNMEASURED","null","[]","","","[]",""
"http://pfotentechnik.de/futterautomat-katze","http-slash-variant","","0","false","","UNMEASURED","null","[]","","","[]",""
"https://www.pfotentechnik.de/futterautomat-katze","www-slash-variant","","0","false","","UNMEASURED","null","[]","","","[]",""
"http://www.pfotentechnik.de/futterautomat-katze","http-www-slash-variant","","0","false","","UNMEASURED","null","[]","","","[]",""
"http://pfotentechnik.de/futterautomat-richtig-reinigen/","http-variant","","0","false","","UNMEASURED","null","[]","","","[]",""
"https://www.pfotentechnik.de/futterautomat-richtig-reinigen/","www-variant","","0","false","","UNMEASURED","null","[]","","","[]",""
"http://www.pfotentechnik.de/futterautomat-richtig-reinigen/","http-www-variant","","0","false","","UNMEASURED","null","[]","","","[]",""
"https://pfotentechnik.de/futterautomat-richtig-reinigen","slash-variant","","0","false","","UNMEASURED","null","[]","","","[]",""
"http://pfotentechnik.de/futterautomat-richtig-reinigen","http-slash-variant","","0","false","","UNMEASURED","null","[]","","","[]",""
"https://www.pfotentechnik.de/futterautomat-richtig-reinigen","www-slash-variant","","0","false","","UNMEASURED","null","[]","","","[]",""
"http://www.pfotentechnik.de/futterautomat-richtig-reinigen","http-www-slash-variant","","0","false","","UNMEASURED","null","[]","","","[]",""
"http://pfotentechnik.de/futterautomat-und-ernaehrung/","http-variant","","0","false","","UNMEASURED","null","[]","","","[]",""
"https://www.pfotentechnik.de/futterautomat-und-ernaehrung/","www-variant","","0","false","","UNMEASURED","null","[]","","","[]",""
"http://www.pfotentechnik.de/futterautomat-und-ernaehrung/","http-www-variant","","0","false","","UNMEASURED","null","[]","","","[]",""
"https://pfotentechnik.de/futterautomat-und-ernaehrung","slash-variant","","0","false","","UNMEASURED","null","[]","","","[]",""
"http://pfotentechnik.de/futterautomat-und-ernaehrung","http-slash-variant","","0","false","","UNMEASURED","null","[]","","","[]",""
"https://www.pfotentechnik.de/futterautomat-und-ernaehrung","www-slash-variant","","0","false","","UNMEASURED","null","[]","","","[]",""
"http://www.pfotentechnik.de/futterautomat-und-ernaehrung","http-www-slash-variant","","0","false","","UNMEASURED","null","[]","","","[]",""
"http://pfotentechnik.de/futtermenge-hund/","http-variant","","0","false","","UNMEASURED","null","[]","","","[]",""
"https://www.pfotentechnik.de/futtermenge-hund/","www-variant","","0","false","","UNMEASURED","null","[]","","","[]",""
"http://www.pfotentechnik.de/futtermenge-hund/","http-www-variant","","0","false","","UNMEASURED","null","[]","","","[]",""
"https://pfotentechnik.de/futtermenge-hund","slash-variant","","0","false","","UNMEASURED","null","[]","","","[]",""
"http://pfotentechnik.de/futtermenge-hund","http-slash-variant","","0","false","","UNMEASURED","null","[]","","","[]",""
"https://www.pfotentechnik.de/futtermenge-hund","www-slash-variant","","0","false","","UNMEASURED","null","[]","","","[]",""
"http://www.pfotentechnik.de/futtermenge-hund","http-www-slash-variant","","0","false","","UNMEASURED","null","[]","","","[]",""
"http://pfotentechnik.de/futtermenge-katze/","http-variant","","0","false","","UNMEASURED","null","[]","","","[]",""
"https://www.pfotentechnik.de/futtermenge-katze/","www-variant","","0","false","","UNMEASURED","null","[]","","","[]",""
"http://www.pfotentechnik.de/futtermenge-katze/","http-www-variant","","0","false","","UNMEASURED","null","[]","","","[]",""
"https://pfotentechnik.de/futtermenge-katze","slash-variant","","0","false","","UNMEASURED","null","[]","","","[]",""
"http://pfotentechnik.de/futtermenge-katze","http-slash-variant","","0","false","","UNMEASURED","null","[]","","","[]",""
"https://www.pfotentechnik.de/futtermenge-katze","www-slash-variant","","0","false","","UNMEASURED","null","[]","","","[]",""
"http://www.pfotentechnik.de/futtermenge-katze","http-www-slash-variant","","0","false","","UNMEASURED","null","[]","","","[]",""
"http://pfotentechnik.de/glossar/","http-variant","","0","false","","UNMEASURED","null","[]","","","[]",""
"https://www.pfotentechnik.de/glossar/","www-variant","","0","false","","UNMEASURED","null","[]","","","[]",""
"http://www.pfotentechnik.de/glossar/","http-www-variant","","0","false","","UNMEASURED","null","[]","","","[]",""
"https://pfotentechnik.de/glossar","slash-variant","","0","false","","UNMEASURED","null","[]","","","[]",""
"http://pfotentechnik.de/glossar","http-slash-variant","","0","false","","UNMEASURED","null","[]","","","[]",""
"https://www.pfotentechnik.de/glossar","www-slash-variant","","0","false","","UNMEASURED","null","[]","","","[]",""
"http://www.pfotentechnik.de/glossar","http-www-slash-variant","","0","false","","UNMEASURED","null","[]","","","[]",""
"http://pfotentechnik.de/gps-oder-bluetooth/","http-variant","","0","false","","UNMEASURED","null","[]","","","[]",""
"https://www.pfotentechnik.de/gps-oder-bluetooth/","www-variant","","0","false","","UNMEASURED","null","[]","","","[]",""
"http://www.pfotentechnik.de/gps-oder-bluetooth/","http-www-variant","","0","false","","UNMEASURED","null","[]","","","[]",""
"https://pfotentechnik.de/gps-oder-bluetooth","slash-variant","","0","false","","UNMEASURED","null","[]","","","[]",""
"http://pfotentechnik.de/gps-oder-bluetooth","http-slash-variant","","0","false","","UNMEASURED","null","[]","","","[]",""
"https://www.pfotentechnik.de/gps-oder-bluetooth","www-slash-variant","","0","false","","UNMEASURED","null","[]","","","[]",""
"http://www.pfotentechnik.de/gps-oder-bluetooth","http-www-slash-variant","","0","false","","UNMEASURED","null","[]","","","[]",""
"http://pfotentechnik.de/gps-tracker/","http-variant","","0","false","","UNMEASURED","null","[]","","","[]",""
"https://www.pfotentechnik.de/gps-tracker/","www-variant","","0","false","","UNMEASURED","null","[]","","","[]",""
"http://www.pfotentechnik.de/gps-tracker/","http-www-variant","","0","false","","UNMEASURED","null","[]","","","[]",""
"https://pfotentechnik.de/gps-tracker","slash-variant","","0","false","","UNMEASURED","null","[]","","","[]",""
"http://pfotentechnik.de/gps-tracker","http-slash-variant","","0","false","","UNMEASURED","null","[]","","","[]",""
"https://www.pfotentechnik.de/gps-tracker","www-slash-variant","","0","false","","UNMEASURED","null","[]","","","[]",""
"http://www.pfotentechnik.de/gps-tracker","http-www-slash-variant","","0","false","","UNMEASURED","null","[]","","","[]",""
"http://pfotentechnik.de/gps-tracker-richtig-befestigen/","http-variant","","0","false","","UNMEASURED","null","[]","","","[]",""
"https://www.pfotentechnik.de/gps-tracker-richtig-befestigen/","www-variant","","0","false","","UNMEASURED","null","[]","","","[]",""
"http://www.pfotentechnik.de/gps-tracker-richtig-befestigen/","http-www-variant","","0","false","","UNMEASURED","null","[]","","","[]",""
"https://pfotentechnik.de/gps-tracker-richtig-befestigen","slash-variant","","0","false","","UNMEASURED","null","[]","","","[]",""
"http://pfotentechnik.de/gps-tracker-richtig-befestigen","http-slash-variant","","0","false","","UNMEASURED","null","[]","","","[]",""
"https://www.pfotentechnik.de/gps-tracker-richtig-befestigen","www-slash-variant","","0","false","","UNMEASURED","null","[]","","","[]",""
"http://www.pfotentechnik.de/gps-tracker-richtig-befestigen","http-www-slash-variant","","0","false","","UNMEASURED","null","[]","","","[]",""
"http://pfotentechnik.de/haustierkameras/","http-variant","","0","false","","UNMEASURED","null","[]","","","[]",""
"https://www.pfotentechnik.de/haustierkameras/","www-variant","","0","false","","UNMEASURED","null","[]","","","[]",""
"http://www.pfotentechnik.de/haustierkameras/","http-www-variant","","0","false","","UNMEASURED","null","[]","","","[]",""
"https://pfotentechnik.de/haustierkameras","slash-variant","","0","false","","UNMEASURED","null","[]","","","[]",""
"http://pfotentechnik.de/haustierkameras","http-slash-variant","","0","false","","UNMEASURED","null","[]","","","[]",""
"https://www.pfotentechnik.de/haustierkameras","www-slash-variant","","0","false","","UNMEASURED","null","[]","","","[]",""
"http://www.pfotentechnik.de/haustierkameras","http-www-slash-variant","","0","false","","UNMEASURED","null","[]","","","[]",""
"http://pfotentechnik.de/hersteller/aqara/","http-variant","","0","false","","UNMEASURED","null","[]","","","[]",""
"https://www.pfotentechnik.de/hersteller/aqara/","www-variant","","0","false","","UNMEASURED","null","[]","","","[]",""
"http://www.pfotentechnik.de/hersteller/aqara/","http-www-variant","","0","false","","UNMEASURED","null","[]","","","[]",""
"https://pfotentechnik.de/hersteller/aqara","slash-variant","","0","false","","UNMEASURED","null","[]","","","[]",""
"http://pfotentechnik.de/hersteller/aqara","http-slash-variant","","0","false","","UNMEASURED","null","[]","","","[]",""
"https://www.pfotentechnik.de/hersteller/aqara","www-slash-variant","","0","false","","UNMEASURED","null","[]","","","[]",""
"http://www.pfotentechnik.de/hersteller/aqara","http-www-slash-variant","","0","false","","UNMEASURED","null","[]","","","[]",""
"http://pfotentechnik.de/hersteller/cat-mate/","http-variant","","0","false","","UNMEASURED","null","[]","","","[]",""
"https://www.pfotentechnik.de/hersteller/cat-mate/","www-variant","","0","false","","UNMEASURED","null","[]","","","[]",""
"http://www.pfotentechnik.de/hersteller/cat-mate/","http-www-variant","","0","false","","UNMEASURED","null","[]","","","[]",""
"https://pfotentechnik.de/hersteller/cat-mate","slash-variant","","0","false","","UNMEASURED","null","[]","","","[]",""
"http://pfotentechnik.de/hersteller/cat-mate","http-slash-variant","","0","false","","UNMEASURED","null","[]","","","[]",""
"https://www.pfotentechnik.de/hersteller/cat-mate","www-slash-variant","","0","false","","UNMEASURED","null","[]","","","[]",""
"http://www.pfotentechnik.de/hersteller/cat-mate","http-www-slash-variant","","0","false","","UNMEASURED","null","[]","","","[]",""
"http://pfotentechnik.de/hersteller/catit/","http-variant","","0","false","","UNMEASURED","null","[]","","","[]",""
"https://www.pfotentechnik.de/hersteller/catit/","www-variant","","0","false","","UNMEASURED","null","[]","","","[]",""
"http://www.pfotentechnik.de/hersteller/catit/","http-www-variant","","0","false","","UNMEASURED","null","[]","","","[]",""
"https://pfotentechnik.de/hersteller/catit","slash-variant","","0","false","","UNMEASURED","null","[]","","","[]",""
"http://pfotentechnik.de/hersteller/catit","http-slash-variant","","0","false","","UNMEASURED","null","[]","","","[]",""
"https://www.pfotentechnik.de/hersteller/catit","www-slash-variant","","0","false","","UNMEASURED","null","[]","","","[]",""
"http://www.pfotentechnik.de/hersteller/catit","http-www-slash-variant","","0","false","","UNMEASURED","null","[]","","","[]",""
"http://pfotentechnik.de/hersteller/devoko/","http-variant","","0","false","","UNMEASURED","null","[]","","","[]",""
"https://www.pfotentechnik.de/hersteller/devoko/","www-variant","","0","false","","UNMEASURED","null","[]","","","[]",""
"http://www.pfotentechnik.de/hersteller/devoko/","http-www-variant","","0","false","","UNMEASURED","null","[]","","","[]",""
"https://pfotentechnik.de/hersteller/devoko","slash-variant","","0","false","","UNMEASURED","null","[]","","","[]",""
"http://pfotentechnik.de/hersteller/devoko","http-slash-variant","","0","false","","UNMEASURED","null","[]","","","[]",""
"https://www.pfotentechnik.de/hersteller/devoko","www-slash-variant","","0","false","","UNMEASURED","null","[]","","","[]",""
"http://www.pfotentechnik.de/hersteller/devoko","http-www-slash-variant","","0","false","","UNMEASURED","null","[]","","","[]",""
"http://pfotentechnik.de/hersteller/enabot/","http-variant","","0","false","","UNMEASURED","null","[]","","","[]",""
"https://www.pfotentechnik.de/hersteller/enabot/","www-variant","","0","false","","UNMEASURED","null","[]","","","[]",""
"http://www.pfotentechnik.de/hersteller/enabot/","http-www-variant","","0","false","","UNMEASURED","null","[]","","","[]",""
"https://pfotentechnik.de/hersteller/enabot","slash-variant","","0","false","","UNMEASURED","null","[]","","","[]",""
"http://pfotentechnik.de/hersteller/enabot","http-slash-variant","","0","false","","UNMEASURED","null","[]","","","[]",""
"https://www.pfotentechnik.de/hersteller/enabot","www-slash-variant","","0","false","","UNMEASURED","null","[]","","","[]",""
"http://www.pfotentechnik.de/hersteller/enabot","http-www-slash-variant","","0","false","","UNMEASURED","null","[]","","","[]",""
"http://pfotentechnik.de/hersteller/flappie/","http-variant","","0","false","","UNMEASURED","null","[]","","","[]",""
"https://www.pfotentechnik.de/hersteller/flappie/","www-variant","","0","false","","UNMEASURED","null","[]","","","[]",""
"http://www.pfotentechnik.de/hersteller/flappie/","http-www-variant","","0","false","","UNMEASURED","null","[]","","","[]",""
"https://pfotentechnik.de/hersteller/flappie","slash-variant","","0","false","","UNMEASURED","null","[]","","","[]",""
"http://pfotentechnik.de/hersteller/flappie","http-slash-variant","","0","false","","UNMEASURED","null","[]","","","[]",""
"https://www.pfotentechnik.de/hersteller/flappie","www-slash-variant","","0","false","","UNMEASURED","null","[]","","","[]",""
"http://www.pfotentechnik.de/hersteller/flappie","http-www-slash-variant","","0","false","","UNMEASURED","null","[]","","","[]",""
"http://pfotentechnik.de/hersteller/furbo/","http-variant","","0","false","","UNMEASURED","null","[]","","","[]",""
"https://www.pfotentechnik.de/hersteller/furbo/","www-variant","","0","false","","UNMEASURED","null","[]","","","[]",""
"http://www.pfotentechnik.de/hersteller/furbo/","http-www-variant","","0","false","","UNMEASURED","null","[]","","","[]",""
"https://pfotentechnik.de/hersteller/furbo","slash-variant","","0","false","","UNMEASURED","null","[]","","","[]",""
"http://pfotentechnik.de/hersteller/furbo","http-slash-variant","","0","false","","UNMEASURED","null","[]","","","[]",""
"https://www.pfotentechnik.de/hersteller/furbo","www-slash-variant","","0","false","","UNMEASURED","null","[]","","","[]",""
"http://www.pfotentechnik.de/hersteller/furbo","http-www-slash-variant","","0","false","","UNMEASURED","null","[]","","","[]",""
"http://pfotentechnik.de/hersteller/garmin/","http-variant","","0","false","","UNMEASURED","null","[]","","","[]",""
"https://www.pfotentechnik.de/hersteller/garmin/","www-variant","","0","false","","UNMEASURED","null","[]","","","[]",""
"http://www.pfotentechnik.de/hersteller/garmin/","http-www-variant","","0","false","","UNMEASURED","null","[]","","","[]",""
"https://pfotentechnik.de/hersteller/garmin","slash-variant","","0","false","","UNMEASURED","null","[]","","","[]",""
"http://pfotentechnik.de/hersteller/garmin","http-slash-variant","","0","false","","UNMEASURED","null","[]","","","[]",""
"https://www.pfotentechnik.de/hersteller/garmin","www-slash-variant","","0","false","","UNMEASURED","null","[]","","","[]",""
"http://www.pfotentechnik.de/hersteller/garmin","http-www-slash-variant","","0","false","","UNMEASURED","null","[]","","","[]",""
"http://pfotentechnik.de/hersteller/honeyguardian/","http-variant","","0","false","","UNMEASURED","null","[]","","","[]",""
"https://www.pfotentechnik.de/hersteller/honeyguardian/","www-variant","","0","false","","UNMEASURED","null","[]","","","[]",""
"http://www.pfotentechnik.de/hersteller/honeyguardian/","http-www-variant","","0","false","","UNMEASURED","null","[]","","","[]",""
"https://pfotentechnik.de/hersteller/honeyguardian","slash-variant","","0","false","","UNMEASURED","null","[]","","","[]",""
"http://pfotentechnik.de/hersteller/honeyguardian","http-slash-variant","","0","false","","UNMEASURED","null","[]","","","[]",""
"https://www.pfotentechnik.de/hersteller/honeyguardian","www-slash-variant","","0","false","","UNMEASURED","null","[]","","","[]",""
"http://www.pfotentechnik.de/hersteller/honeyguardian","http-www-slash-variant","","0","false","","UNMEASURED","null","[]","","","[]",""
"http://pfotentechnik.de/hersteller/imipaw/","http-variant","","0","false","","UNMEASURED","null","[]","","","[]",""
"https://www.pfotentechnik.de/hersteller/imipaw/","www-variant","","0","false","","UNMEASURED","null","[]","","","[]",""
"http://www.pfotentechnik.de/hersteller/imipaw/","http-www-variant","","0","false","","UNMEASURED","null","[]","","","[]",""
"https://pfotentechnik.de/hersteller/imipaw","slash-variant","","0","false","","UNMEASURED","null","[]","","","[]",""
"http://pfotentechnik.de/hersteller/imipaw","http-slash-variant","","0","false","","UNMEASURED","null","[]","","","[]",""
"https://www.pfotentechnik.de/hersteller/imipaw","www-slash-variant","","0","false","","UNMEASURED","null","[]","","","[]",""
"http://www.pfotentechnik.de/hersteller/imipaw","http-www-slash-variant","","0","false","","UNMEASURED","null","[]","","","[]",""
"http://pfotentechnik.de/hersteller/","http-variant","","0","false","","UNMEASURED","null","[]","","","[]",""
"https://www.pfotentechnik.de/hersteller/","www-variant","","0","false","","UNMEASURED","null","[]","","","[]",""
"http://www.pfotentechnik.de/hersteller/","http-www-variant","","0","false","","UNMEASURED","null","[]","","","[]",""
"https://pfotentechnik.de/hersteller","slash-variant","","0","false","","UNMEASURED","null","[]","","","[]",""
"http://pfotentechnik.de/hersteller","http-slash-variant","","0","false","","UNMEASURED","null","[]","","","[]",""
"https://www.pfotentechnik.de/hersteller","www-slash-variant","","0","false","","UNMEASURED","null","[]","","","[]",""
"http://www.pfotentechnik.de/hersteller","http-www-slash-variant","","0","false","","UNMEASURED","null","[]","","","[]",""
"http://pfotentechnik.de/hersteller/invoxia/","http-variant","","0","false","","UNMEASURED","null","[]","","","[]",""
"https://www.pfotentechnik.de/hersteller/invoxia/","www-variant","","0","false","","UNMEASURED","null","[]","","","[]",""
"http://www.pfotentechnik.de/hersteller/invoxia/","http-www-variant","","0","false","","UNMEASURED","null","[]","","","[]",""
"https://pfotentechnik.de/hersteller/invoxia","slash-variant","","0","false","","UNMEASURED","null","[]","","","[]",""
"http://pfotentechnik.de/hersteller/invoxia","http-slash-variant","","0","false","","UNMEASURED","null","[]","","","[]",""
"https://www.pfotentechnik.de/hersteller/invoxia","www-slash-variant","","0","false","","UNMEASURED","null","[]","","","[]",""
"http://www.pfotentechnik.de/hersteller/invoxia","http-www-slash-variant","","0","false","","UNMEASURED","null","[]","","","[]",""
"http://pfotentechnik.de/hersteller/neakasa/","http-variant","","0","false","","UNMEASURED","null","[]","","","[]",""
"https://www.pfotentechnik.de/hersteller/neakasa/","www-variant","","0","false","","UNMEASURED","null","[]","","","[]",""
"http://www.pfotentechnik.de/hersteller/neakasa/","http-www-variant","","0","false","","UNMEASURED","null","[]","","","[]",""
"https://pfotentechnik.de/hersteller/neakasa","slash-variant","","0","false","","UNMEASURED","null","[]","","","[]",""
"http://pfotentechnik.de/hersteller/neakasa","http-slash-variant","","0","false","","UNMEASURED","null","[]","","","[]",""
"https://www.pfotentechnik.de/hersteller/neakasa","www-slash-variant","","0","false","","UNMEASURED","null","[]","","","[]",""
"http://www.pfotentechnik.de/hersteller/neakasa","http-www-slash-variant","","0","false","","UNMEASURED","null","[]","","","[]",""
"http://pfotentechnik.de/hersteller/oneisall/","http-variant","","0","false","","UNMEASURED","null","[]","","","[]",""
"https://www.pfotentechnik.de/hersteller/oneisall/","www-variant","","0","false","","UNMEASURED","null","[]","","","[]",""
"http://www.pfotentechnik.de/hersteller/oneisall/","http-www-variant","","0","false","","UNMEASURED","null","[]","","","[]",""
"https://pfotentechnik.de/hersteller/oneisall","slash-variant","","0","false","","UNMEASURED","null","[]","","","[]",""
"http://pfotentechnik.de/hersteller/oneisall","http-slash-variant","","0","false","","UNMEASURED","null","[]","","","[]",""
"https://www.pfotentechnik.de/hersteller/oneisall","www-slash-variant","","0","false","","UNMEASURED","null","[]","","","[]",""
"http://www.pfotentechnik.de/hersteller/oneisall","http-www-slash-variant","","0","false","","UNMEASURED","null","[]","","","[]",""
"http://pfotentechnik.de/hersteller/onlycat/","http-variant","","0","false","","UNMEASURED","null","[]","","","[]",""
"https://www.pfotentechnik.de/hersteller/onlycat/","www-variant","","0","false","","UNMEASURED","null","[]","","","[]",""
"http://www.pfotentechnik.de/hersteller/onlycat/","http-www-variant","","0","false","","UNMEASURED","null","[]","","","[]",""
"https://pfotentechnik.de/hersteller/onlycat","slash-variant","","0","false","","UNMEASURED","null","[]","","","[]",""
"http://pfotentechnik.de/hersteller/onlycat","http-slash-variant","","0","false","","UNMEASURED","null","[]","","","[]",""
"https://www.pfotentechnik.de/hersteller/onlycat","www-slash-variant","","0","false","","UNMEASURED","null","[]","","","[]",""
"http://www.pfotentechnik.de/hersteller/onlycat","http-www-slash-variant","","0","false","","UNMEASURED","null","[]","","","[]",""
"http://pfotentechnik.de/hersteller/paj-gps/","http-variant","","0","false","","UNMEASURED","null","[]","","","[]",""
"https://www.pfotentechnik.de/hersteller/paj-gps/","www-variant","","0","false","","UNMEASURED","null","[]","","","[]",""
"http://www.pfotentechnik.de/hersteller/paj-gps/","http-www-variant","","0","false","","UNMEASURED","null","[]","","","[]",""
"https://pfotentechnik.de/hersteller/paj-gps","slash-variant","","0","false","","UNMEASURED","null","[]","","","[]",""
"http://pfotentechnik.de/hersteller/paj-gps","http-slash-variant","","0","false","","UNMEASURED","null","[]","","","[]",""
"https://www.pfotentechnik.de/hersteller/paj-gps","www-slash-variant","","0","false","","UNMEASURED","null","[]","","","[]",""
"http://www.pfotentechnik.de/hersteller/paj-gps","http-www-slash-variant","","0","false","","UNMEASURED","null","[]","","","[]",""
"http://pfotentechnik.de/hersteller/pawbby/","http-variant","","0","false","","UNMEASURED","null","[]","","","[]",""
"https://www.pfotentechnik.de/hersteller/pawbby/","www-variant","","0","false","","UNMEASURED","null","[]","","","[]",""
"http://www.pfotentechnik.de/hersteller/pawbby/","http-www-variant","","0","false","","UNMEASURED","null","[]","","","[]",""
"https://pfotentechnik.de/hersteller/pawbby","slash-variant","","0","false","","UNMEASURED","null","[]","","","[]",""
"http://pfotentechnik.de/hersteller/pawbby","http-slash-variant","","0","false","","UNMEASURED","null","[]","","","[]",""
"https://www.pfotentechnik.de/hersteller/pawbby","www-slash-variant","","0","false","","UNMEASURED","null","[]","","","[]",""
"http://www.pfotentechnik.de/hersteller/pawbby","http-www-slash-variant","","0","false","","UNMEASURED","null","[]","","","[]",""
"http://pfotentechnik.de/hersteller/pawfit/","http-variant","","0","false","","UNMEASURED","null","[]","","","[]",""
"https://www.pfotentechnik.de/hersteller/pawfit/","www-variant","","0","false","","UNMEASURED","null","[]","","","[]",""
"http://www.pfotentechnik.de/hersteller/pawfit/","http-www-variant","","0","false","","UNMEASURED","null","[]","","","[]",""
"https://pfotentechnik.de/hersteller/pawfit","slash-variant","","0","false","","UNMEASURED","null","[]","","","[]",""
"http://pfotentechnik.de/hersteller/pawfit","http-slash-variant","","0","false","","UNMEASURED","null","[]","","","[]",""
"https://www.pfotentechnik.de/hersteller/pawfit","www-slash-variant","","0","false","","UNMEASURED","null","[]","","","[]",""
"http://www.pfotentechnik.de/hersteller/pawfit","http-www-slash-variant","","0","false","","UNMEASURED","null","[]","","","[]",""
"http://pfotentechnik.de/hersteller/pawsync/","http-variant","","0","false","","UNMEASURED","null","[]","","","[]",""
"https://www.pfotentechnik.de/hersteller/pawsync/","www-variant","","0","false","","UNMEASURED","null","[]","","","[]",""
"http://www.pfotentechnik.de/hersteller/pawsync/","http-www-variant","","0","false","","UNMEASURED","null","[]","","","[]",""
"https://pfotentechnik.de/hersteller/pawsync","slash-variant","","0","false","","UNMEASURED","null","[]","","","[]",""
"http://pfotentechnik.de/hersteller/pawsync","http-slash-variant","","0","false","","UNMEASURED","null","[]","","","[]",""
"https://www.pfotentechnik.de/hersteller/pawsync","www-slash-variant","","0","false","","UNMEASURED","null","[]","","","[]",""
"http://www.pfotentechnik.de/hersteller/pawsync","http-www-slash-variant","","0","false","","UNMEASURED","null","[]","","","[]",""
"http://pfotentechnik.de/hersteller/petkit/","http-variant","","0","false","","UNMEASURED","null","[]","","","[]",""
"https://www.pfotentechnik.de/hersteller/petkit/","www-variant","","0","false","","UNMEASURED","null","[]","","","[]",""
"http://www.pfotentechnik.de/hersteller/petkit/","http-www-variant","","0","false","","UNMEASURED","null","[]","","","[]",""
"https://pfotentechnik.de/hersteller/petkit","slash-variant","","0","false","","UNMEASURED","null","[]","","","[]",""
"http://pfotentechnik.de/hersteller/petkit","http-slash-variant","","0","false","","UNMEASURED","null","[]","","","[]",""
"https://www.pfotentechnik.de/hersteller/petkit","www-slash-variant","","0","false","","UNMEASURED","null","[]","","","[]",""
"http://www.pfotentechnik.de/hersteller/petkit","http-www-slash-variant","","0","false","","UNMEASURED","null","[]","","","[]",""
"http://pfotentechnik.de/hersteller/petlibro/","http-variant","","0","false","","UNMEASURED","null","[]","","","[]",""
"https://www.pfotentechnik.de/hersteller/petlibro/","www-variant","","0","false","","UNMEASURED","null","[]","","","[]",""
"http://www.pfotentechnik.de/hersteller/petlibro/","http-www-variant","","0","false","","UNMEASURED","null","[]","","","[]",""
"https://pfotentechnik.de/hersteller/petlibro","slash-variant","","0","false","","UNMEASURED","null","[]","","","[]",""
"http://pfotentechnik.de/hersteller/petlibro","http-slash-variant","","0","false","","UNMEASURED","null","[]","","","[]",""
"https://www.pfotentechnik.de/hersteller/petlibro","www-slash-variant","","0","false","","UNMEASURED","null","[]","","","[]",""
"http://www.pfotentechnik.de/hersteller/petlibro","http-www-slash-variant","","0","false","","UNMEASURED","null","[]","","","[]",""
"http://pfotentechnik.de/hersteller/petsafe/","http-variant","","0","false","","UNMEASURED","null","[]","","","[]",""
"https://www.pfotentechnik.de/hersteller/petsafe/","www-variant","","0","false","","UNMEASURED","null","[]","","","[]",""
"http://www.pfotentechnik.de/hersteller/petsafe/","http-www-variant","","0","false","","UNMEASURED","null","[]","","","[]",""
"https://pfotentechnik.de/hersteller/petsafe","slash-variant","","0","false","","UNMEASURED","null","[]","","","[]",""
"http://pfotentechnik.de/hersteller/petsafe","http-slash-variant","","0","false","","UNMEASURED","null","[]","","","[]",""
"https://www.pfotentechnik.de/hersteller/petsafe","www-slash-variant","","0","false","","UNMEASURED","null","[]","","","[]",""
"http://www.pfotentechnik.de/hersteller/petsafe","http-www-slash-variant","","0","false","","UNMEASURED","null","[]","","","[]",""
"http://pfotentechnik.de/hersteller/petsnowy/","http-variant","","0","false","","UNMEASURED","null","[]","","","[]",""
"https://www.pfotentechnik.de/hersteller/petsnowy/","www-variant","","0","false","","UNMEASURED","null","[]","","","[]",""
"http://www.pfotentechnik.de/hersteller/petsnowy/","http-www-variant","","0","false","","UNMEASURED","null","[]","","","[]",""
"https://pfotentechnik.de/hersteller/petsnowy","slash-variant","","0","false","","UNMEASURED","null","[]","","","[]",""
"http://pfotentechnik.de/hersteller/petsnowy","http-slash-variant","","0","false","","UNMEASURED","null","[]","","","[]",""
"https://www.pfotentechnik.de/hersteller/petsnowy","www-slash-variant","","0","false","","UNMEASURED","null","[]","","","[]",""
"http://www.pfotentechnik.de/hersteller/petsnowy","http-www-slash-variant","","0","false","","UNMEASURED","null","[]","","","[]",""
"http://pfotentechnik.de/hersteller/pettec/","http-variant","","0","false","","UNMEASURED","null","[]","","","[]",""
"https://www.pfotentechnik.de/hersteller/pettec/","www-variant","","0","false","","UNMEASURED","null","[]","","","[]",""
"http://www.pfotentechnik.de/hersteller/pettec/","http-www-variant","","0","false","","UNMEASURED","null","[]","","","[]",""
"https://pfotentechnik.de/hersteller/pettec","slash-variant","","0","false","","UNMEASURED","null","[]","","","[]",""
"http://pfotentechnik.de/hersteller/pettec","http-slash-variant","","0","false","","UNMEASURED","null","[]","","","[]",""
"https://www.pfotentechnik.de/hersteller/pettec","www-slash-variant","","0","false","","UNMEASURED","null","[]","","","[]",""
"http://www.pfotentechnik.de/hersteller/pettec","http-www-slash-variant","","0","false","","UNMEASURED","null","[]","","","[]",""
"http://pfotentechnik.de/hersteller/petwalk/","http-variant","","0","false","","UNMEASURED","null","[]","","","[]",""
"https://www.pfotentechnik.de/hersteller/petwalk/","www-variant","","0","false","","UNMEASURED","null","[]","","","[]",""
"http://www.pfotentechnik.de/hersteller/petwalk/","http-www-variant","","0","false","","UNMEASURED","null","[]","","","[]",""
"https://pfotentechnik.de/hersteller/petwalk","slash-variant","","0","false","","UNMEASURED","null","[]","","","[]",""
"http://pfotentechnik.de/hersteller/petwalk","http-slash-variant","","0","false","","UNMEASURED","null","[]","","","[]",""
"https://www.pfotentechnik.de/hersteller/petwalk","www-slash-variant","","0","false","","UNMEASURED","null","[]","","","[]",""
"http://www.pfotentechnik.de/hersteller/petwalk","http-www-slash-variant","","0","false","","UNMEASURED","null","[]","","","[]",""
"http://pfotentechnik.de/hersteller/prothelis/","http-variant","","0","false","","UNMEASURED","null","[]","","","[]",""
"https://www.pfotentechnik.de/hersteller/prothelis/","www-variant","","0","false","","UNMEASURED","null","[]","","","[]",""
"http://www.pfotentechnik.de/hersteller/prothelis/","http-www-variant","","0","false","","UNMEASURED","null","[]","","","[]",""
"https://pfotentechnik.de/hersteller/prothelis","slash-variant","","0","false","","UNMEASURED","null","[]","","","[]",""
"http://pfotentechnik.de/hersteller/prothelis","http-slash-variant","","0","false","","UNMEASURED","null","[]","","","[]",""
"https://www.pfotentechnik.de/hersteller/prothelis","www-slash-variant","","0","false","","UNMEASURED","null","[]","","","[]",""
"http://www.pfotentechnik.de/hersteller/prothelis","http-www-slash-variant","","0","false","","UNMEASURED","null","[]","","","[]",""
"http://pfotentechnik.de/hersteller/reolink/","http-variant","","0","false","","UNMEASURED","null","[]","","","[]",""
"https://www.pfotentechnik.de/hersteller/reolink/","www-variant","","0","false","","UNMEASURED","null","[]","","","[]",""
"http://www.pfotentechnik.de/hersteller/reolink/","http-www-variant","","0","false","","UNMEASURED","null","[]","","","[]",""
"https://pfotentechnik.de/hersteller/reolink","slash-variant","","0","false","","UNMEASURED","null","[]","","","[]",""
"http://pfotentechnik.de/hersteller/reolink","http-slash-variant","","0","false","","UNMEASURED","null","[]","","","[]",""
"https://www.pfotentechnik.de/hersteller/reolink","www-slash-variant","","0","false","","UNMEASURED","null","[]","","","[]",""
"http://www.pfotentechnik.de/hersteller/reolink","http-www-slash-variant","","0","false","","UNMEASURED","null","[]","","","[]",""
"http://pfotentechnik.de/hersteller/surefeed/","http-variant","","0","false","","UNMEASURED","null","[]","","","[]",""
"https://www.pfotentechnik.de/hersteller/surefeed/","www-variant","","0","false","","UNMEASURED","null","[]","","","[]",""
"http://www.pfotentechnik.de/hersteller/surefeed/","http-www-variant","","0","false","","UNMEASURED","null","[]","","","[]",""
"https://pfotentechnik.de/hersteller/surefeed","slash-variant","","0","false","","UNMEASURED","null","[]","","","[]",""
"http://pfotentechnik.de/hersteller/surefeed","http-slash-variant","","0","false","","UNMEASURED","null","[]","","","[]",""
"https://www.pfotentechnik.de/hersteller/surefeed","www-slash-variant","","0","false","","UNMEASURED","null","[]","","","[]",""
"http://www.pfotentechnik.de/hersteller/surefeed","http-www-slash-variant","","0","false","","UNMEASURED","null","[]","","","[]",""
"http://pfotentechnik.de/hersteller/tractive/","http-variant","","0","false","","UNMEASURED","null","[]","","","[]",""
"https://www.pfotentechnik.de/hersteller/tractive/","www-variant","","0","false","","UNMEASURED","null","[]","","","[]",""
"http://www.pfotentechnik.de/hersteller/tractive/","http-www-variant","","0","false","","UNMEASURED","null","[]","","","[]",""
"https://pfotentechnik.de/hersteller/tractive","slash-variant","","0","false","","UNMEASURED","null","[]","","","[]",""
"http://pfotentechnik.de/hersteller/tractive","http-slash-variant","","0","false","","UNMEASURED","null","[]","","","[]",""
"https://www.pfotentechnik.de/hersteller/tractive","www-slash-variant","","0","false","","UNMEASURED","null","[]","","","[]",""
"http://www.pfotentechnik.de/hersteller/tractive","http-www-slash-variant","","0","false","","UNMEASURED","null","[]","","","[]",""
"http://pfotentechnik.de/hersteller/weenect/","http-variant","","0","false","","UNMEASURED","null","[]","","","[]",""
"https://www.pfotentechnik.de/hersteller/weenect/","www-variant","","0","false","","UNMEASURED","null","[]","","","[]",""
"http://www.pfotentechnik.de/hersteller/weenect/","http-www-variant","","0","false","","UNMEASURED","null","[]","","","[]",""
"https://pfotentechnik.de/hersteller/weenect","slash-variant","","0","false","","UNMEASURED","null","[]","","","[]",""
"http://pfotentechnik.de/hersteller/weenect","http-slash-variant","","0","false","","UNMEASURED","null","[]","","","[]",""
"https://www.pfotentechnik.de/hersteller/weenect","www-slash-variant","","0","false","","UNMEASURED","null","[]","","","[]",""
"http://www.pfotentechnik.de/hersteller/weenect","http-www-slash-variant","","0","false","","UNMEASURED","null","[]","","","[]",""
"http://pfotentechnik.de/hersteller/whisker/","http-variant","","0","false","","UNMEASURED","null","[]","","","[]",""
"https://www.pfotentechnik.de/hersteller/whisker/","www-variant","","0","false","","UNMEASURED","null","[]","","","[]",""
"http://www.pfotentechnik.de/hersteller/whisker/","http-www-variant","","0","false","","UNMEASURED","null","[]","","","[]",""
"https://pfotentechnik.de/hersteller/whisker","slash-variant","","0","false","","UNMEASURED","null","[]","","","[]",""
"http://pfotentechnik.de/hersteller/whisker","http-slash-variant","","0","false","","UNMEASURED","null","[]","","","[]",""
"https://www.pfotentechnik.de/hersteller/whisker","www-slash-variant","","0","false","","UNMEASURED","null","[]","","","[]",""
"http://www.pfotentechnik.de/hersteller/whisker","http-www-slash-variant","","0","false","","UNMEASURED","null","[]","","","[]",""
"http://pfotentechnik.de/hersteller/wopet/","http-variant","","0","false","","UNMEASURED","null","[]","","","[]",""
"https://www.pfotentechnik.de/hersteller/wopet/","www-variant","","0","false","","UNMEASURED","null","[]","","","[]",""
"http://www.pfotentechnik.de/hersteller/wopet/","http-www-variant","","0","false","","UNMEASURED","null","[]","","","[]",""
"https://pfotentechnik.de/hersteller/wopet","slash-variant","","0","false","","UNMEASURED","null","[]","","","[]",""
"http://pfotentechnik.de/hersteller/wopet","http-slash-variant","","0","false","","UNMEASURED","null","[]","","","[]",""
"https://www.pfotentechnik.de/hersteller/wopet","www-slash-variant","","0","false","","UNMEASURED","null","[]","","","[]",""
"http://www.pfotentechnik.de/hersteller/wopet","http-www-slash-variant","","0","false","","UNMEASURED","null","[]","","","[]",""
"http://pfotentechnik.de/hersteller/xiaomi/","http-variant","","0","false","","UNMEASURED","null","[]","","","[]",""
"https://www.pfotentechnik.de/hersteller/xiaomi/","www-variant","","0","false","","UNMEASURED","null","[]","","","[]",""
"http://www.pfotentechnik.de/hersteller/xiaomi/","http-www-variant","","0","false","","UNMEASURED","null","[]","","","[]",""
"https://pfotentechnik.de/hersteller/xiaomi","slash-variant","","0","false","","UNMEASURED","null","[]","","","[]",""
"http://pfotentechnik.de/hersteller/xiaomi","http-slash-variant","","0","false","","UNMEASURED","null","[]","","","[]",""
"https://www.pfotentechnik.de/hersteller/xiaomi","www-slash-variant","","0","false","","UNMEASURED","null","[]","","","[]",""
"http://www.pfotentechnik.de/hersteller/xiaomi","http-www-slash-variant","","0","false","","UNMEASURED","null","[]","","","[]",""
"http://pfotentechnik.de/hersteller/zeromouse/","http-variant","","0","false","","UNMEASURED","null","[]","","","[]",""
"https://www.pfotentechnik.de/hersteller/zeromouse/","www-variant","","0","false","","UNMEASURED","null","[]","","","[]",""
"http://www.pfotentechnik.de/hersteller/zeromouse/","http-www-variant","","0","false","","UNMEASURED","null","[]","","","[]",""
"https://pfotentechnik.de/hersteller/zeromouse","slash-variant","","0","false","","UNMEASURED","null","[]","","","[]",""
"http://pfotentechnik.de/hersteller/zeromouse","http-slash-variant","","0","false","","UNMEASURED","null","[]","","","[]",""
"https://www.pfotentechnik.de/hersteller/zeromouse","www-slash-variant","","0","false","","UNMEASURED","null","[]","","","[]",""
"http://www.pfotentechnik.de/hersteller/zeromouse","http-www-slash-variant","","0","false","","UNMEASURED","null","[]","","","[]",""
"http://pfotentechnik.de/hund-entlaufen-gps-sinnvoll/","http-variant","","0","false","","UNMEASURED","null","[]","","","[]",""
"https://www.pfotentechnik.de/hund-entlaufen-gps-sinnvoll/","www-variant","","0","false","","UNMEASURED","null","[]","","","[]",""
"http://www.pfotentechnik.de/hund-entlaufen-gps-sinnvoll/","http-www-variant","","0","false","","UNMEASURED","null","[]","","","[]",""
"https://pfotentechnik.de/hund-entlaufen-gps-sinnvoll","slash-variant","","0","false","","UNMEASURED","null","[]","","","[]",""
"http://pfotentechnik.de/hund-entlaufen-gps-sinnvoll","http-slash-variant","","0","false","","UNMEASURED","null","[]","","","[]",""
"https://www.pfotentechnik.de/hund-entlaufen-gps-sinnvoll","www-slash-variant","","0","false","","UNMEASURED","null","[]","","","[]",""
"http://www.pfotentechnik.de/hund-entlaufen-gps-sinnvoll","http-www-slash-variant","","0","false","","UNMEASURED","null","[]","","","[]",""
"http://pfotentechnik.de/hund-frisst-nicht/","http-variant","","0","false","","UNMEASURED","null","[]","","","[]",""
"https://www.pfotentechnik.de/hund-frisst-nicht/","www-variant","","0","false","","UNMEASURED","null","[]","","","[]",""
"http://www.pfotentechnik.de/hund-frisst-nicht/","http-www-variant","","0","false","","UNMEASURED","null","[]","","","[]",""
"https://pfotentechnik.de/hund-frisst-nicht","slash-variant","","0","false","","UNMEASURED","null","[]","","","[]",""
"http://pfotentechnik.de/hund-frisst-nicht","http-slash-variant","","0","false","","UNMEASURED","null","[]","","","[]",""
"https://www.pfotentechnik.de/hund-frisst-nicht","www-slash-variant","","0","false","","UNMEASURED","null","[]","","","[]",""
"http://www.pfotentechnik.de/hund-frisst-nicht","http-www-slash-variant","","0","false","","UNMEASURED","null","[]","","","[]",""
"http://pfotentechnik.de/hund-frisst-zu-schnell/","http-variant","","0","false","","UNMEASURED","null","[]","","","[]",""
"https://www.pfotentechnik.de/hund-frisst-zu-schnell/","www-variant","","0","false","","UNMEASURED","null","[]","","","[]",""
"http://www.pfotentechnik.de/hund-frisst-zu-schnell/","http-www-variant","","0","false","","UNMEASURED","null","[]","","","[]",""
"https://pfotentechnik.de/hund-frisst-zu-schnell","slash-variant","","0","false","","UNMEASURED","null","[]","","","[]",""
"http://pfotentechnik.de/hund-frisst-zu-schnell","http-slash-variant","","0","false","","UNMEASURED","null","[]","","","[]",""
"https://www.pfotentechnik.de/hund-frisst-zu-schnell","www-slash-variant","","0","false","","UNMEASURED","null","[]","","","[]",""
"http://www.pfotentechnik.de/hund-frisst-zu-schnell","http-www-slash-variant","","0","false","","UNMEASURED","null","[]","","","[]",""
"http://pfotentechnik.de/hund-hat-durchfall/","http-variant","","0","false","","UNMEASURED","null","[]","","","[]",""
"https://www.pfotentechnik.de/hund-hat-durchfall/","www-variant","","0","false","","UNMEASURED","null","[]","","","[]",""
"http://www.pfotentechnik.de/hund-hat-durchfall/","http-www-variant","","0","false","","UNMEASURED","null","[]","","","[]",""
"https://pfotentechnik.de/hund-hat-durchfall","slash-variant","","0","false","","UNMEASURED","null","[]","","","[]",""
"http://pfotentechnik.de/hund-hat-durchfall","http-slash-variant","","0","false","","UNMEASURED","null","[]","","","[]",""
"https://www.pfotentechnik.de/hund-hat-durchfall","www-slash-variant","","0","false","","UNMEASURED","null","[]","","","[]",""
"http://www.pfotentechnik.de/hund-hat-durchfall","http-www-slash-variant","","0","false","","UNMEASURED","null","[]","","","[]",""
"http://pfotentechnik.de/hund-ist-muede/","http-variant","","0","false","","UNMEASURED","null","[]","","","[]",""
"https://www.pfotentechnik.de/hund-ist-muede/","www-variant","","0","false","","UNMEASURED","null","[]","","","[]",""
"http://www.pfotentechnik.de/hund-ist-muede/","http-www-variant","","0","false","","UNMEASURED","null","[]","","","[]",""
"https://pfotentechnik.de/hund-ist-muede","slash-variant","","0","false","","UNMEASURED","null","[]","","","[]",""
"http://pfotentechnik.de/hund-ist-muede","http-slash-variant","","0","false","","UNMEASURED","null","[]","","","[]",""
"https://www.pfotentechnik.de/hund-ist-muede","www-slash-variant","","0","false","","UNMEASURED","null","[]","","","[]",""
"http://www.pfotentechnik.de/hund-ist-muede","http-www-slash-variant","","0","false","","UNMEASURED","null","[]","","","[]",""
"http://pfotentechnik.de/hund-trinkt-ploetzlich-viel/","http-variant","","0","false","","UNMEASURED","null","[]","","","[]",""
"https://www.pfotentechnik.de/hund-trinkt-ploetzlich-viel/","www-variant","","0","false","","UNMEASURED","null","[]","","","[]",""
"http://www.pfotentechnik.de/hund-trinkt-ploetzlich-viel/","http-www-variant","","0","false","","UNMEASURED","null","[]","","","[]",""
"https://pfotentechnik.de/hund-trinkt-ploetzlich-viel","slash-variant","","0","false","","UNMEASURED","null","[]","","","[]",""
"http://pfotentechnik.de/hund-trinkt-ploetzlich-viel","http-slash-variant","","0","false","","UNMEASURED","null","[]","","","[]",""
"https://www.pfotentechnik.de/hund-trinkt-ploetzlich-viel","www-slash-variant","","0","false","","UNMEASURED","null","[]","","","[]",""
"http://www.pfotentechnik.de/hund-trinkt-ploetzlich-viel","http-www-slash-variant","","0","false","","UNMEASURED","null","[]","","","[]",""
"http://pfotentechnik.de/hund-trinkt-viel/","http-variant","","0","false","","UNMEASURED","null","[]","","","[]",""
"https://www.pfotentechnik.de/hund-trinkt-viel/","www-variant","","0","false","","UNMEASURED","null","[]","","","[]",""
"http://www.pfotentechnik.de/hund-trinkt-viel/","http-www-variant","","0","false","","UNMEASURED","null","[]","","","[]",""
"https://pfotentechnik.de/hund-trinkt-viel","slash-variant","","0","false","","UNMEASURED","null","[]","","","[]",""
"http://pfotentechnik.de/hund-trinkt-viel","http-slash-variant","","0","false","","UNMEASURED","null","[]","","","[]",""
"https://www.pfotentechnik.de/hund-trinkt-viel","www-slash-variant","","0","false","","UNMEASURED","null","[]","","","[]",""
"http://www.pfotentechnik.de/hund-trinkt-viel","http-www-slash-variant","","0","false","","UNMEASURED","null","[]","","","[]",""
"http://pfotentechnik.de/hund-trinkt-zu-wenig/","http-variant","","0","false","","UNMEASURED","null","[]","","","[]",""
"https://www.pfotentechnik.de/hund-trinkt-zu-wenig/","www-variant","","0","false","","UNMEASURED","null","[]","","","[]",""
"http://www.pfotentechnik.de/hund-trinkt-zu-wenig/","http-www-variant","","0","false","","UNMEASURED","null","[]","","","[]",""
"https://pfotentechnik.de/hund-trinkt-zu-wenig","slash-variant","","0","false","","UNMEASURED","null","[]","","","[]",""
"http://pfotentechnik.de/hund-trinkt-zu-wenig","http-slash-variant","","0","false","","UNMEASURED","null","[]","","","[]",""
"https://www.pfotentechnik.de/hund-trinkt-zu-wenig","www-slash-variant","","0","false","","UNMEASURED","null","[]","","","[]",""
"http://www.pfotentechnik.de/hund-trinkt-zu-wenig","http-www-slash-variant","","0","false","","UNMEASURED","null","[]","","","[]",""
"http://pfotentechnik.de/ifa-2026-haustiertechnik/","http-variant","","0","false","","UNMEASURED","null","[]","","","[]",""
"https://www.pfotentechnik.de/ifa-2026-haustiertechnik/","www-variant","","0","false","","UNMEASURED","null","[]","","","[]",""
"http://www.pfotentechnik.de/ifa-2026-haustiertechnik/","http-www-variant","","0","false","","UNMEASURED","null","[]","","","[]",""
"https://pfotentechnik.de/ifa-2026-haustiertechnik","slash-variant","","0","false","","UNMEASURED","null","[]","","","[]",""
"http://pfotentechnik.de/ifa-2026-haustiertechnik","http-slash-variant","","0","false","","UNMEASURED","null","[]","","","[]",""
"https://www.pfotentechnik.de/ifa-2026-haustiertechnik","www-slash-variant","","0","false","","UNMEASURED","null","[]","","","[]",""
"http://www.pfotentechnik.de/ifa-2026-haustiertechnik","http-www-slash-variant","","0","false","","UNMEASURED","null","[]","","","[]",""
"http://pfotentechnik.de/impressum/","http-variant","","0","false","","UNMEASURED","null","[]","","","[]",""
"https://www.pfotentechnik.de/impressum/","www-variant","","0","false","","UNMEASURED","null","[]","","","[]",""
"http://www.pfotentechnik.de/impressum/","http-www-variant","","0","false","","UNMEASURED","null","[]","","","[]",""
"https://pfotentechnik.de/impressum","slash-variant","","0","false","","UNMEASURED","null","[]","","","[]",""
"http://pfotentechnik.de/impressum","http-slash-variant","","0","false","","UNMEASURED","null","[]","","","[]",""
"https://www.pfotentechnik.de/impressum","www-slash-variant","","0","false","","UNMEASURED","null","[]","","","[]",""
"http://www.pfotentechnik.de/impressum","http-www-slash-variant","","0","false","","UNMEASURED","null","[]","","","[]",""
"http://pfotentechnik.de/","http-variant","","0","false","","UNMEASURED","null","[]","","","[]",""
"https://www.pfotentechnik.de/","www-variant","","0","false","","UNMEASURED","null","[]","","","[]",""
"http://www.pfotentechnik.de/","http-www-variant","","0","false","","UNMEASURED","null","[]","","","[]",""
"http://pfotentechnik.de/kalk-katzentrinkbrunnen-entfernen/","http-variant","","0","false","","UNMEASURED","null","[]","","","[]",""
"https://www.pfotentechnik.de/kalk-katzentrinkbrunnen-entfernen/","www-variant","","0","false","","UNMEASURED","null","[]","","","[]",""
"http://www.pfotentechnik.de/kalk-katzentrinkbrunnen-entfernen/","http-www-variant","","0","false","","UNMEASURED","null","[]","","","[]",""
"https://pfotentechnik.de/kalk-katzentrinkbrunnen-entfernen","slash-variant","","0","false","","UNMEASURED","null","[]","","","[]",""
"http://pfotentechnik.de/kalk-katzentrinkbrunnen-entfernen","http-slash-variant","","0","false","","UNMEASURED","null","[]","","","[]",""
"https://www.pfotentechnik.de/kalk-katzentrinkbrunnen-entfernen","www-slash-variant","","0","false","","UNMEASURED","null","[]","","","[]",""
"http://www.pfotentechnik.de/kalk-katzentrinkbrunnen-entfernen","http-www-slash-variant","","0","false","","UNMEASURED","null","[]","","","[]",""
"http://pfotentechnik.de/katze-an-katzenklappe-gewoehnen/","http-variant","","0","false","","UNMEASURED","null","[]","","","[]",""
"https://www.pfotentechnik.de/katze-an-katzenklappe-gewoehnen/","www-variant","","0","false","","UNMEASURED","null","[]","","","[]",""
"http://www.pfotentechnik.de/katze-an-katzenklappe-gewoehnen/","http-www-variant","","0","false","","UNMEASURED","null","[]","","","[]",""
"https://pfotentechnik.de/katze-an-katzenklappe-gewoehnen","slash-variant","","0","false","","UNMEASURED","null","[]","","","[]",""
"http://pfotentechnik.de/katze-an-katzenklappe-gewoehnen","http-slash-variant","","0","false","","UNMEASURED","null","[]","","","[]",""
"https://www.pfotentechnik.de/katze-an-katzenklappe-gewoehnen","www-slash-variant","","0","false","","UNMEASURED","null","[]","","","[]",""
"http://www.pfotentechnik.de/katze-an-katzenklappe-gewoehnen","http-www-slash-variant","","0","false","","UNMEASURED","null","[]","","","[]",""
"http://pfotentechnik.de/katze-an-trinkbrunnen-gewoehnen/","http-variant","","0","false","","UNMEASURED","null","[]","","","[]",""
"https://www.pfotentechnik.de/katze-an-trinkbrunnen-gewoehnen/","www-variant","","0","false","","UNMEASURED","null","[]","","","[]",""
"http://www.pfotentechnik.de/katze-an-trinkbrunnen-gewoehnen/","http-www-variant","","0","false","","UNMEASURED","null","[]","","","[]",""
"https://pfotentechnik.de/katze-an-trinkbrunnen-gewoehnen","slash-variant","","0","false","","UNMEASURED","null","[]","","","[]",""
"http://pfotentechnik.de/katze-an-trinkbrunnen-gewoehnen","http-slash-variant","","0","false","","UNMEASURED","null","[]","","","[]",""
"https://www.pfotentechnik.de/katze-an-trinkbrunnen-gewoehnen","www-slash-variant","","0","false","","UNMEASURED","null","[]","","","[]",""
"http://www.pfotentechnik.de/katze-an-trinkbrunnen-gewoehnen","http-www-slash-variant","","0","false","","UNMEASURED","null","[]","","","[]",""
"http://pfotentechnik.de/katze-entlaufen-gps-sinnvoll/","http-variant","","0","false","","UNMEASURED","null","[]","","","[]",""
"https://www.pfotentechnik.de/katze-entlaufen-gps-sinnvoll/","www-variant","","0","false","","UNMEASURED","null","[]","","","[]",""
"http://www.pfotentechnik.de/katze-entlaufen-gps-sinnvoll/","http-www-variant","","0","false","","UNMEASURED","null","[]","","","[]",""
"https://pfotentechnik.de/katze-entlaufen-gps-sinnvoll","slash-variant","","0","false","","UNMEASURED","null","[]","","","[]",""
"http://pfotentechnik.de/katze-entlaufen-gps-sinnvoll","http-slash-variant","","0","false","","UNMEASURED","null","[]","","","[]",""
"https://www.pfotentechnik.de/katze-entlaufen-gps-sinnvoll","www-slash-variant","","0","false","","UNMEASURED","null","[]","","","[]",""
"http://www.pfotentechnik.de/katze-entlaufen-gps-sinnvoll","http-www-slash-variant","","0","false","","UNMEASURED","null","[]","","","[]",""
"http://pfotentechnik.de/katze-frisst-nicht/","http-variant","","0","false","","UNMEASURED","null","[]","","","[]",""
"https://www.pfotentechnik.de/katze-frisst-nicht/","www-variant","","0","false","","UNMEASURED","null","[]","","","[]",""
"http://www.pfotentechnik.de/katze-frisst-nicht/","http-www-variant","","0","false","","UNMEASURED","null","[]","","","[]",""
"https://pfotentechnik.de/katze-frisst-nicht","slash-variant","","0","false","","UNMEASURED","null","[]","","","[]",""
"http://pfotentechnik.de/katze-frisst-nicht","http-slash-variant","","0","false","","UNMEASURED","null","[]","","","[]",""
"https://www.pfotentechnik.de/katze-frisst-nicht","www-slash-variant","","0","false","","UNMEASURED","null","[]","","","[]",""
"http://www.pfotentechnik.de/katze-frisst-nicht","http-www-slash-variant","","0","false","","UNMEASURED","null","[]","","","[]",""
"http://pfotentechnik.de/katze-trinkt-viel/","http-variant","","0","false","","UNMEASURED","null","[]","","","[]",""
"https://www.pfotentechnik.de/katze-trinkt-viel/","www-variant","","0","false","","UNMEASURED","null","[]","","","[]",""
"http://www.pfotentechnik.de/katze-trinkt-viel/","http-www-variant","","0","false","","UNMEASURED","null","[]","","","[]",""
"https://pfotentechnik.de/katze-trinkt-viel","slash-variant","","0","false","","UNMEASURED","null","[]","","","[]",""
"http://pfotentechnik.de/katze-trinkt-viel","http-slash-variant","","0","false","","UNMEASURED","null","[]","","","[]",""
"https://www.pfotentechnik.de/katze-trinkt-viel","www-slash-variant","","0","false","","UNMEASURED","null","[]","","","[]",""
"http://www.pfotentechnik.de/katze-trinkt-viel","http-www-slash-variant","","0","false","","UNMEASURED","null","[]","","","[]",""
"http://pfotentechnik.de/katzenklappe-einbauen/","http-variant","","0","false","","UNMEASURED","null","[]","","","[]",""
"https://www.pfotentechnik.de/katzenklappe-einbauen/","www-variant","","0","false","","UNMEASURED","null","[]","","","[]",""
"http://www.pfotentechnik.de/katzenklappe-einbauen/","http-www-variant","","0","false","","UNMEASURED","null","[]","","","[]",""
"https://pfotentechnik.de/katzenklappe-einbauen","slash-variant","","0","false","","UNMEASURED","null","[]","","","[]",""
"http://pfotentechnik.de/katzenklappe-einbauen","http-slash-variant","","0","false","","UNMEASURED","null","[]","","","[]",""
"https://www.pfotentechnik.de/katzenklappe-einbauen","www-slash-variant","","0","false","","UNMEASURED","null","[]","","","[]",""
"http://www.pfotentechnik.de/katzenklappe-einbauen","http-www-slash-variant","","0","false","","UNMEASURED","null","[]","","","[]",""
"http://pfotentechnik.de/katzenklappe-fuer-mehrere-katzen/","http-variant","","0","false","","UNMEASURED","null","[]","","","[]",""
"https://www.pfotentechnik.de/katzenklappe-fuer-mehrere-katzen/","www-variant","","0","false","","UNMEASURED","null","[]","","","[]",""
"http://www.pfotentechnik.de/katzenklappe-fuer-mehrere-katzen/","http-www-variant","","0","false","","UNMEASURED","null","[]","","","[]",""
"https://pfotentechnik.de/katzenklappe-fuer-mehrere-katzen","slash-variant","","0","false","","UNMEASURED","null","[]","","","[]",""
"http://pfotentechnik.de/katzenklappe-fuer-mehrere-katzen","http-slash-variant","","0","false","","UNMEASURED","null","[]","","","[]",""
"https://www.pfotentechnik.de/katzenklappe-fuer-mehrere-katzen","www-slash-variant","","0","false","","UNMEASURED","null","[]","","","[]",""
"http://www.pfotentechnik.de/katzenklappe-fuer-mehrere-katzen","http-www-slash-variant","","0","false","","UNMEASURED","null","[]","","","[]",""
"http://pfotentechnik.de/katzenklappe-zugluft-und-waermedaemmung/","http-variant","","0","false","","UNMEASURED","null","[]","","","[]",""
"https://www.pfotentechnik.de/katzenklappe-zugluft-und-waermedaemmung/","www-variant","","0","false","","UNMEASURED","null","[]","","","[]",""
"http://www.pfotentechnik.de/katzenklappe-zugluft-und-waermedaemmung/","http-www-variant","","0","false","","UNMEASURED","null","[]","","","[]",""
"https://pfotentechnik.de/katzenklappe-zugluft-und-waermedaemmung","slash-variant","","0","false","","UNMEASURED","null","[]","","","[]",""
"http://pfotentechnik.de/katzenklappe-zugluft-und-waermedaemmung","http-slash-variant","","0","false","","UNMEASURED","null","[]","","","[]",""
"https://www.pfotentechnik.de/katzenklappe-zugluft-und-waermedaemmung","www-slash-variant","","0","false","","UNMEASURED","null","[]","","","[]",""
"http://www.pfotentechnik.de/katzenklappe-zugluft-und-waermedaemmung","http-www-slash-variant","","0","false","","UNMEASURED","null","[]","","","[]",""
"http://pfotentechnik.de/katzenklappen/","http-variant","","0","false","","UNMEASURED","null","[]","","","[]",""
"https://www.pfotentechnik.de/katzenklappen/","www-variant","","0","false","","UNMEASURED","null","[]","","","[]",""
"http://www.pfotentechnik.de/katzenklappen/","http-www-variant","","0","false","","UNMEASURED","null","[]","","","[]",""
"https://pfotentechnik.de/katzenklappen","slash-variant","","0","false","","UNMEASURED","null","[]","","","[]",""
"http://pfotentechnik.de/katzenklappen","http-slash-variant","","0","false","","UNMEASURED","null","[]","","","[]",""
"https://www.pfotentechnik.de/katzenklappen","www-slash-variant","","0","false","","UNMEASURED","null","[]","","","[]",""
"http://www.pfotentechnik.de/katzenklappen","http-www-slash-variant","","0","false","","UNMEASURED","null","[]","","","[]",""
"http://pfotentechnik.de/katzentrinkbrunnen-dauerbetrieb-urlaub/","http-variant","","0","false","","UNMEASURED","null","[]","","","[]",""
"https://www.pfotentechnik.de/katzentrinkbrunnen-dauerbetrieb-urlaub/","www-variant","","0","false","","UNMEASURED","null","[]","","","[]",""
"http://www.pfotentechnik.de/katzentrinkbrunnen-dauerbetrieb-urlaub/","http-www-variant","","0","false","","UNMEASURED","null","[]","","","[]",""
"https://pfotentechnik.de/katzentrinkbrunnen-dauerbetrieb-urlaub","slash-variant","","0","false","","UNMEASURED","null","[]","","","[]",""
"http://pfotentechnik.de/katzentrinkbrunnen-dauerbetrieb-urlaub","http-slash-variant","","0","false","","UNMEASURED","null","[]","","","[]",""
"https://www.pfotentechnik.de/katzentrinkbrunnen-dauerbetrieb-urlaub","www-slash-variant","","0","false","","UNMEASURED","null","[]","","","[]",""
"http://www.pfotentechnik.de/katzentrinkbrunnen-dauerbetrieb-urlaub","http-www-slash-variant","","0","false","","UNMEASURED","null","[]","","","[]",""
"http://pfotentechnik.de/katzentrinkbrunnen-laut-pumpe/","http-variant","","0","false","","UNMEASURED","null","[]","","","[]",""
"https://www.pfotentechnik.de/katzentrinkbrunnen-laut-pumpe/","www-variant","","0","false","","UNMEASURED","null","[]","","","[]",""
"http://www.pfotentechnik.de/katzentrinkbrunnen-laut-pumpe/","http-www-variant","","0","false","","UNMEASURED","null","[]","","","[]",""
"https://pfotentechnik.de/katzentrinkbrunnen-laut-pumpe","slash-variant","","0","false","","UNMEASURED","null","[]","","","[]",""
"http://pfotentechnik.de/katzentrinkbrunnen-laut-pumpe","http-slash-variant","","0","false","","UNMEASURED","null","[]","","","[]",""
"https://www.pfotentechnik.de/katzentrinkbrunnen-laut-pumpe","www-slash-variant","","0","false","","UNMEASURED","null","[]","","","[]",""
"http://www.pfotentechnik.de/katzentrinkbrunnen-laut-pumpe","http-www-slash-variant","","0","false","","UNMEASURED","null","[]","","","[]",""
"http://pfotentechnik.de/katzentrinkbrunnen-material-edelstahl-keramik-kunststoff/","http-variant","","0","false","","UNMEASURED","null","[]","","","[]",""
"https://www.pfotentechnik.de/katzentrinkbrunnen-material-edelstahl-keramik-kunststoff/","www-variant","","0","false","","UNMEASURED","null","[]","","","[]",""
"http://www.pfotentechnik.de/katzentrinkbrunnen-material-edelstahl-keramik-kunststoff/","http-www-variant","","0","false","","UNMEASURED","null","[]","","","[]",""
"https://pfotentechnik.de/katzentrinkbrunnen-material-edelstahl-keramik-kunststoff","slash-variant","","0","false","","UNMEASURED","null","[]","","","[]",""
"http://pfotentechnik.de/katzentrinkbrunnen-material-edelstahl-keramik-kunststoff","http-slash-variant","","0","false","","UNMEASURED","null","[]","","","[]",""
"https://www.pfotentechnik.de/katzentrinkbrunnen-material-edelstahl-keramik-kunststoff","www-slash-variant","","0","false","","UNMEASURED","null","[]","","","[]",""
"http://www.pfotentechnik.de/katzentrinkbrunnen-material-edelstahl-keramik-kunststoff","http-www-slash-variant","","0","false","","UNMEASURED","null","[]","","","[]",""
"http://pfotentechnik.de/katzentrinkbrunnen-ohne-filter/","http-variant","","0","false","","UNMEASURED","null","[]","","","[]",""
"https://www.pfotentechnik.de/katzentrinkbrunnen-ohne-filter/","www-variant","","0","false","","UNMEASURED","null","[]","","","[]",""
"http://www.pfotentechnik.de/katzentrinkbrunnen-ohne-filter/","http-www-variant","","0","false","","UNMEASURED","null","[]","","","[]",""
"https://pfotentechnik.de/katzentrinkbrunnen-ohne-filter","slash-variant","","0","false","","UNMEASURED","null","[]","","","[]",""
"http://pfotentechnik.de/katzentrinkbrunnen-ohne-filter","http-slash-variant","","0","false","","UNMEASURED","null","[]","","","[]",""
"https://www.pfotentechnik.de/katzentrinkbrunnen-ohne-filter","www-slash-variant","","0","false","","UNMEASURED","null","[]","","","[]",""
"http://www.pfotentechnik.de/katzentrinkbrunnen-ohne-filter","http-www-slash-variant","","0","false","","UNMEASURED","null","[]","","","[]",""
"http://pfotentechnik.de/katzentrinkbrunnen-richtig-reinigen/","http-variant","","0","false","","UNMEASURED","null","[]","","","[]",""
"https://www.pfotentechnik.de/katzentrinkbrunnen-richtig-reinigen/","www-variant","","0","false","","UNMEASURED","null","[]","","","[]",""
"http://www.pfotentechnik.de/katzentrinkbrunnen-richtig-reinigen/","http-www-variant","","0","false","","UNMEASURED","null","[]","","","[]",""
"https://pfotentechnik.de/katzentrinkbrunnen-richtig-reinigen","slash-variant","","0","false","","UNMEASURED","null","[]","","","[]",""
"http://pfotentechnik.de/katzentrinkbrunnen-richtig-reinigen","http-slash-variant","","0","false","","UNMEASURED","null","[]","","","[]",""
"https://www.pfotentechnik.de/katzentrinkbrunnen-richtig-reinigen","www-slash-variant","","0","false","","UNMEASURED","null","[]","","","[]",""
"http://www.pfotentechnik.de/katzentrinkbrunnen-richtig-reinigen","http-www-slash-variant","","0","false","","UNMEASURED","null","[]","","","[]",""
"http://pfotentechnik.de/katzenwasser-taeglich-wechseln/","http-variant","","0","false","","UNMEASURED","null","[]","","","[]",""
"https://www.pfotentechnik.de/katzenwasser-taeglich-wechseln/","www-variant","","0","false","","UNMEASURED","null","[]","","","[]",""
"http://www.pfotentechnik.de/katzenwasser-taeglich-wechseln/","http-www-variant","","0","false","","UNMEASURED","null","[]","","","[]",""
"https://pfotentechnik.de/katzenwasser-taeglich-wechseln","slash-variant","","0","false","","UNMEASURED","null","[]","","","[]",""
"http://pfotentechnik.de/katzenwasser-taeglich-wechseln","http-slash-variant","","0","false","","UNMEASURED","null","[]","","","[]",""
"https://www.pfotentechnik.de/katzenwasser-taeglich-wechseln","www-slash-variant","","0","false","","UNMEASURED","null","[]","","","[]",""
"http://www.pfotentechnik.de/katzenwasser-taeglich-wechseln","http-www-slash-variant","","0","false","","UNMEASURED","null","[]","","","[]",""
"http://pfotentechnik.de/kaufberatung/","http-variant","","0","false","","UNMEASURED","null","[]","","","[]",""
"https://www.pfotentechnik.de/kaufberatung/","www-variant","","0","false","","UNMEASURED","null","[]","","","[]",""
"http://www.pfotentechnik.de/kaufberatung/","http-www-variant","","0","false","","UNMEASURED","null","[]","","","[]",""
"https://pfotentechnik.de/kaufberatung","slash-variant","","0","false","","UNMEASURED","null","[]","","","[]",""
"http://pfotentechnik.de/kaufberatung","http-slash-variant","","0","false","","UNMEASURED","null","[]","","","[]",""
"https://www.pfotentechnik.de/kaufberatung","www-slash-variant","","0","false","","UNMEASURED","null","[]","","","[]",""
"http://www.pfotentechnik.de/kaufberatung","http-www-slash-variant","","0","false","","UNMEASURED","null","[]","","","[]",""
"http://pfotentechnik.de/kontakt/","http-variant","","0","false","","UNMEASURED","null","[]","","","[]",""
"https://www.pfotentechnik.de/kontakt/","www-variant","","0","false","","UNMEASURED","null","[]","","","[]",""
"http://www.pfotentechnik.de/kontakt/","http-www-variant","","0","false","","UNMEASURED","null","[]","","","[]",""
"https://pfotentechnik.de/kontakt","slash-variant","","0","false","","UNMEASURED","null","[]","","","[]",""
"http://pfotentechnik.de/kontakt","http-slash-variant","","0","false","","UNMEASURED","null","[]","","","[]",""
"https://www.pfotentechnik.de/kontakt","www-slash-variant","","0","false","","UNMEASURED","null","[]","","","[]",""
"http://www.pfotentechnik.de/kontakt","http-www-slash-variant","","0","false","","UNMEASURED","null","[]","","","[]",""
"http://pfotentechnik.de/nierenkranke-katze-trinken/","http-variant","","0","false","","UNMEASURED","null","[]","","","[]",""
"https://www.pfotentechnik.de/nierenkranke-katze-trinken/","www-variant","","0","false","","UNMEASURED","null","[]","","","[]",""
"http://www.pfotentechnik.de/nierenkranke-katze-trinken/","http-www-variant","","0","false","","UNMEASURED","null","[]","","","[]",""
"https://pfotentechnik.de/nierenkranke-katze-trinken","slash-variant","","0","false","","UNMEASURED","null","[]","","","[]",""
"http://pfotentechnik.de/nierenkranke-katze-trinken","http-slash-variant","","0","false","","UNMEASURED","null","[]","","","[]",""
"https://www.pfotentechnik.de/nierenkranke-katze-trinken","www-slash-variant","","0","false","","UNMEASURED","null","[]","","","[]",""
"http://www.pfotentechnik.de/nierenkranke-katze-trinken","http-www-slash-variant","","0","false","","UNMEASURED","null","[]","","","[]",""
"http://pfotentechnik.de/produkt/aqara-smart-pet-feeder-c1/","http-variant","","0","false","","UNMEASURED","null","[]","","","[]",""
"https://www.pfotentechnik.de/produkt/aqara-smart-pet-feeder-c1/","www-variant","","0","false","","UNMEASURED","null","[]","","","[]",""
"http://www.pfotentechnik.de/produkt/aqara-smart-pet-feeder-c1/","http-www-variant","","0","false","","UNMEASURED","null","[]","","","[]",""
"https://pfotentechnik.de/produkt/aqara-smart-pet-feeder-c1","slash-variant","","0","false","","UNMEASURED","null","[]","","","[]",""
"http://pfotentechnik.de/produkt/aqara-smart-pet-feeder-c1","http-slash-variant","","0","false","","UNMEASURED","null","[]","","","[]",""
"https://www.pfotentechnik.de/produkt/aqara-smart-pet-feeder-c1","www-slash-variant","","0","false","","UNMEASURED","null","[]","","","[]",""
"http://www.pfotentechnik.de/produkt/aqara-smart-pet-feeder-c1","http-www-slash-variant","","0","false","","UNMEASURED","null","[]","","","[]",""
"http://pfotentechnik.de/produkt/cat-mate-335-pet-fountain/","http-variant","","0","false","","UNMEASURED","null","[]","","","[]",""
"https://www.pfotentechnik.de/produkt/cat-mate-335-pet-fountain/","www-variant","","0","false","","UNMEASURED","null","[]","","","[]",""
"http://www.pfotentechnik.de/produkt/cat-mate-335-pet-fountain/","http-www-variant","","0","false","","UNMEASURED","null","[]","","","[]",""
"https://pfotentechnik.de/produkt/cat-mate-335-pet-fountain","slash-variant","","0","false","","UNMEASURED","null","[]","","","[]",""
"http://pfotentechnik.de/produkt/cat-mate-335-pet-fountain","http-slash-variant","","0","false","","UNMEASURED","null","[]","","","[]",""
"https://www.pfotentechnik.de/produkt/cat-mate-335-pet-fountain","www-slash-variant","","0","false","","UNMEASURED","null","[]","","","[]",""
"http://www.pfotentechnik.de/produkt/cat-mate-335-pet-fountain","http-www-slash-variant","","0","false","","UNMEASURED","null","[]","","","[]",""
"http://pfotentechnik.de/produkt/cat-mate-c200/","http-variant","","0","false","","UNMEASURED","null","[]","","","[]",""
"https://www.pfotentechnik.de/produkt/cat-mate-c200/","www-variant","","0","false","","UNMEASURED","null","[]","","","[]",""
"http://www.pfotentechnik.de/produkt/cat-mate-c200/","http-www-variant","","0","false","","UNMEASURED","null","[]","","","[]",""
"https://pfotentechnik.de/produkt/cat-mate-c200","slash-variant","","0","false","","UNMEASURED","null","[]","","","[]",""
"http://pfotentechnik.de/produkt/cat-mate-c200","http-slash-variant","","0","false","","UNMEASURED","null","[]","","","[]",""
"https://www.pfotentechnik.de/produkt/cat-mate-c200","www-slash-variant","","0","false","","UNMEASURED","null","[]","","","[]",""
"http://www.pfotentechnik.de/produkt/cat-mate-c200","http-www-slash-variant","","0","false","","UNMEASURED","null","[]","","","[]",""
"http://pfotentechnik.de/produkt/cat-mate-c300/","http-variant","","0","false","","UNMEASURED","null","[]","","","[]",""
"https://www.pfotentechnik.de/produkt/cat-mate-c300/","www-variant","","0","false","","UNMEASURED","null","[]","","","[]",""
"http://www.pfotentechnik.de/produkt/cat-mate-c300/","http-www-variant","","0","false","","UNMEASURED","null","[]","","","[]",""
"https://pfotentechnik.de/produkt/cat-mate-c300","slash-variant","","0","false","","UNMEASURED","null","[]","","","[]",""
"http://pfotentechnik.de/produkt/cat-mate-c300","http-slash-variant","","0","false","","UNMEASURED","null","[]","","","[]",""
"https://www.pfotentechnik.de/produkt/cat-mate-c300","www-slash-variant","","0","false","","UNMEASURED","null","[]","","","[]",""
"http://www.pfotentechnik.de/produkt/cat-mate-c300","http-www-slash-variant","","0","false","","UNMEASURED","null","[]","","","[]",""
"http://pfotentechnik.de/produkt/cat-mate-c500/","http-variant","","0","false","","UNMEASURED","null","[]","","","[]",""
"https://www.pfotentechnik.de/produkt/cat-mate-c500/","www-variant","","0","false","","UNMEASURED","null","[]","","","[]",""
"http://www.pfotentechnik.de/produkt/cat-mate-c500/","http-www-variant","","0","false","","UNMEASURED","null","[]","","","[]",""
"https://pfotentechnik.de/produkt/cat-mate-c500","slash-variant","","0","false","","UNMEASURED","null","[]","","","[]",""
"http://pfotentechnik.de/produkt/cat-mate-c500","http-slash-variant","","0","false","","UNMEASURED","null","[]","","","[]",""
"https://www.pfotentechnik.de/produkt/cat-mate-c500","www-slash-variant","","0","false","","UNMEASURED","null","[]","","","[]",""
"http://www.pfotentechnik.de/produkt/cat-mate-c500","http-www-slash-variant","","0","false","","UNMEASURED","null","[]","","","[]",""
"http://pfotentechnik.de/produkt/cat-mate-elite-355w/","http-variant","","0","false","","UNMEASURED","null","[]","","","[]",""
"https://www.pfotentechnik.de/produkt/cat-mate-elite-355w/","www-variant","","0","false","","UNMEASURED","null","[]","","","[]",""
"http://www.pfotentechnik.de/produkt/cat-mate-elite-355w/","http-www-variant","","0","false","","UNMEASURED","null","[]","","","[]",""
"https://pfotentechnik.de/produkt/cat-mate-elite-355w","slash-variant","","0","false","","UNMEASURED","null","[]","","","[]",""
"http://pfotentechnik.de/produkt/cat-mate-elite-355w","http-slash-variant","","0","false","","UNMEASURED","null","[]","","","[]",""
"https://www.pfotentechnik.de/produkt/cat-mate-elite-355w","www-slash-variant","","0","false","","UNMEASURED","null","[]","","","[]",""
"http://www.pfotentechnik.de/produkt/cat-mate-elite-355w","http-www-slash-variant","","0","false","","UNMEASURED","null","[]","","","[]",""
"http://pfotentechnik.de/produkt/cat-mate-shell-fountain/","http-variant","","0","false","","UNMEASURED","null","[]","","","[]",""
"https://www.pfotentechnik.de/produkt/cat-mate-shell-fountain/","www-variant","","0","false","","UNMEASURED","null","[]","","","[]",""
"http://www.pfotentechnik.de/produkt/cat-mate-shell-fountain/","http-www-variant","","0","false","","UNMEASURED","null","[]","","","[]",""
"https://pfotentechnik.de/produkt/cat-mate-shell-fountain","slash-variant","","0","false","","UNMEASURED","null","[]","","","[]",""
"http://pfotentechnik.de/produkt/cat-mate-shell-fountain","http-slash-variant","","0","false","","UNMEASURED","null","[]","","","[]",""
"https://www.pfotentechnik.de/produkt/cat-mate-shell-fountain","www-slash-variant","","0","false","","UNMEASURED","null","[]","","","[]",""
"http://www.pfotentechnik.de/produkt/cat-mate-shell-fountain","http-www-slash-variant","","0","false","","UNMEASURED","null","[]","","","[]",""
"http://pfotentechnik.de/produkt/catit-pixi-smart-6-meal-feeder/","http-variant","","0","false","","UNMEASURED","null","[]","","","[]",""
"https://www.pfotentechnik.de/produkt/catit-pixi-smart-6-meal-feeder/","www-variant","","0","false","","UNMEASURED","null","[]","","","[]",""
"http://www.pfotentechnik.de/produkt/catit-pixi-smart-6-meal-feeder/","http-www-variant","","0","false","","UNMEASURED","null","[]","","","[]",""
"https://pfotentechnik.de/produkt/catit-pixi-smart-6-meal-feeder","slash-variant","","0","false","","UNMEASURED","null","[]","","","[]",""
"http://pfotentechnik.de/produkt/catit-pixi-smart-6-meal-feeder","http-slash-variant","","0","false","","UNMEASURED","null","[]","","","[]",""
"https://www.pfotentechnik.de/produkt/catit-pixi-smart-6-meal-feeder","www-slash-variant","","0","false","","UNMEASURED","null","[]","","","[]",""
"http://www.pfotentechnik.de/produkt/catit-pixi-smart-6-meal-feeder","http-www-slash-variant","","0","false","","UNMEASURED","null","[]","","","[]",""
"http://pfotentechnik.de/produkt/catit-pixi-smart-trinkbrunnen/","http-variant","","0","false","","UNMEASURED","null","[]","","","[]",""
"https://www.pfotentechnik.de/produkt/catit-pixi-smart-trinkbrunnen/","www-variant","","0","false","","UNMEASURED","null","[]","","","[]",""
"http://www.pfotentechnik.de/produkt/catit-pixi-smart-trinkbrunnen/","http-www-variant","","0","false","","UNMEASURED","null","[]","","","[]",""
"https://pfotentechnik.de/produkt/catit-pixi-smart-trinkbrunnen","slash-variant","","0","false","","UNMEASURED","null","[]","","","[]",""
"http://pfotentechnik.de/produkt/catit-pixi-smart-trinkbrunnen","http-slash-variant","","0","false","","UNMEASURED","null","[]","","","[]",""
"https://www.pfotentechnik.de/produkt/catit-pixi-smart-trinkbrunnen","www-slash-variant","","0","false","","UNMEASURED","null","[]","","","[]",""
"http://www.pfotentechnik.de/produkt/catit-pixi-smart-trinkbrunnen","http-www-slash-variant","","0","false","","UNMEASURED","null","[]","","","[]",""
"http://pfotentechnik.de/produkt/catit-pixi-vision-smart-feeder/","http-variant","","0","false","","UNMEASURED","null","[]","","","[]",""
"https://www.pfotentechnik.de/produkt/catit-pixi-vision-smart-feeder/","www-variant","","0","false","","UNMEASURED","null","[]","","","[]",""
"http://www.pfotentechnik.de/produkt/catit-pixi-vision-smart-feeder/","http-www-variant","","0","false","","UNMEASURED","null","[]","","","[]",""
"https://pfotentechnik.de/produkt/catit-pixi-vision-smart-feeder","slash-variant","","0","false","","UNMEASURED","null","[]","","","[]",""
"http://pfotentechnik.de/produkt/catit-pixi-vision-smart-feeder","http-slash-variant","","0","false","","UNMEASURED","null","[]","","","[]",""
"https://www.pfotentechnik.de/produkt/catit-pixi-vision-smart-feeder","www-slash-variant","","0","false","","UNMEASURED","null","[]","","","[]",""
"http://www.pfotentechnik.de/produkt/catit-pixi-vision-smart-feeder","http-www-slash-variant","","0","false","","UNMEASURED","null","[]","","","[]",""
"http://pfotentechnik.de/produkt/devoko-90l-automatisches-katzenklo/","http-variant","","0","false","","UNMEASURED","null","[]","","","[]",""
"https://www.pfotentechnik.de/produkt/devoko-90l-automatisches-katzenklo/","www-variant","","0","false","","UNMEASURED","null","[]","","","[]",""
"http://www.pfotentechnik.de/produkt/devoko-90l-automatisches-katzenklo/","http-www-variant","","0","false","","UNMEASURED","null","[]","","","[]",""
"https://pfotentechnik.de/produkt/devoko-90l-automatisches-katzenklo","slash-variant","","0","false","","UNMEASURED","null","[]","","","[]",""
"http://pfotentechnik.de/produkt/devoko-90l-automatisches-katzenklo","http-slash-variant","","0","false","","UNMEASURED","null","[]","","","[]",""
"https://www.pfotentechnik.de/produkt/devoko-90l-automatisches-katzenklo","www-slash-variant","","0","false","","UNMEASURED","null","[]","","","[]",""
"http://www.pfotentechnik.de/produkt/devoko-90l-automatisches-katzenklo","http-www-slash-variant","","0","false","","UNMEASURED","null","[]","","","[]",""
"http://pfotentechnik.de/produkt/enabot-ebo-air-2/","http-variant","","0","false","","UNMEASURED","null","[]","","","[]",""
"https://www.pfotentechnik.de/produkt/enabot-ebo-air-2/","www-variant","","0","false","","UNMEASURED","null","[]","","","[]",""
"http://www.pfotentechnik.de/produkt/enabot-ebo-air-2/","http-www-variant","","0","false","","UNMEASURED","null","[]","","","[]",""
"https://pfotentechnik.de/produkt/enabot-ebo-air-2","slash-variant","","0","false","","UNMEASURED","null","[]","","","[]",""
"http://pfotentechnik.de/produkt/enabot-ebo-air-2","http-slash-variant","","0","false","","UNMEASURED","null","[]","","","[]",""
"https://www.pfotentechnik.de/produkt/enabot-ebo-air-2","www-slash-variant","","0","false","","UNMEASURED","null","[]","","","[]",""
"http://www.pfotentechnik.de/produkt/enabot-ebo-air-2","http-www-slash-variant","","0","false","","UNMEASURED","null","[]","","","[]",""
"http://pfotentechnik.de/produkt/enabot-rola-mini/","http-variant","","0","false","","UNMEASURED","null","[]","","","[]",""
"https://www.pfotentechnik.de/produkt/enabot-rola-mini/","www-variant","","0","false","","UNMEASURED","null","[]","","","[]",""
"http://www.pfotentechnik.de/produkt/enabot-rola-mini/","http-www-variant","","0","false","","UNMEASURED","null","[]","","","[]",""
"https://pfotentechnik.de/produkt/enabot-rola-mini","slash-variant","","0","false","","UNMEASURED","null","[]","","","[]",""
"http://pfotentechnik.de/produkt/enabot-rola-mini","http-slash-variant","","0","false","","UNMEASURED","null","[]","","","[]",""
"https://www.pfotentechnik.de/produkt/enabot-rola-mini","www-slash-variant","","0","false","","UNMEASURED","null","[]","","","[]",""
"http://www.pfotentechnik.de/produkt/enabot-rola-mini","http-www-slash-variant","","0","false","","UNMEASURED","null","[]","","","[]",""
"http://pfotentechnik.de/produkt/enabot-rola-pettracker/","http-variant","","0","false","","UNMEASURED","null","[]","","","[]",""
"https://www.pfotentechnik.de/produkt/enabot-rola-pettracker/","www-variant","","0","false","","UNMEASURED","null","[]","","","[]",""
"http://www.pfotentechnik.de/produkt/enabot-rola-pettracker/","http-www-variant","","0","false","","UNMEASURED","null","[]","","","[]",""
"https://pfotentechnik.de/produkt/enabot-rola-pettracker","slash-variant","","0","false","","UNMEASURED","null","[]","","","[]",""
"http://pfotentechnik.de/produkt/enabot-rola-pettracker","http-slash-variant","","0","false","","UNMEASURED","null","[]","","","[]",""
"https://www.pfotentechnik.de/produkt/enabot-rola-pettracker","www-slash-variant","","0","false","","UNMEASURED","null","[]","","","[]",""
"http://www.pfotentechnik.de/produkt/enabot-rola-pettracker","http-www-slash-variant","","0","false","","UNMEASURED","null","[]","","","[]",""
"http://pfotentechnik.de/produkt/feelneedy-fn-w18-8l-katzenbrunnen/","http-variant","","0","false","","UNMEASURED","null","[]","","","[]",""
"https://www.pfotentechnik.de/produkt/feelneedy-fn-w18-8l-katzenbrunnen/","www-variant","","0","false","","UNMEASURED","null","[]","","","[]",""
"http://www.pfotentechnik.de/produkt/feelneedy-fn-w18-8l-katzenbrunnen/","http-www-variant","","0","false","","UNMEASURED","null","[]","","","[]",""
"https://pfotentechnik.de/produkt/feelneedy-fn-w18-8l-katzenbrunnen","slash-variant","","0","false","","UNMEASURED","null","[]","","","[]",""
"http://pfotentechnik.de/produkt/feelneedy-fn-w18-8l-katzenbrunnen","http-slash-variant","","0","false","","UNMEASURED","null","[]","","","[]",""
"https://www.pfotentechnik.de/produkt/feelneedy-fn-w18-8l-katzenbrunnen","www-slash-variant","","0","false","","UNMEASURED","null","[]","","","[]",""
"http://www.pfotentechnik.de/produkt/feelneedy-fn-w18-8l-katzenbrunnen","http-www-slash-variant","","0","false","","UNMEASURED","null","[]","","","[]",""
"http://pfotentechnik.de/produkt/flappie/","http-variant","","0","false","","UNMEASURED","null","[]","","","[]",""
"https://www.pfotentechnik.de/produkt/flappie/","www-variant","","0","false","","UNMEASURED","null","[]","","","[]",""
"http://www.pfotentechnik.de/produkt/flappie/","http-www-variant","","0","false","","UNMEASURED","null","[]","","","[]",""
"https://pfotentechnik.de/produkt/flappie","slash-variant","","0","false","","UNMEASURED","null","[]","","","[]",""
"http://pfotentechnik.de/produkt/flappie","http-slash-variant","","0","false","","UNMEASURED","null","[]","","","[]",""
"https://www.pfotentechnik.de/produkt/flappie","www-slash-variant","","0","false","","UNMEASURED","null","[]","","","[]",""
"http://www.pfotentechnik.de/produkt/flappie","http-www-slash-variant","","0","false","","UNMEASURED","null","[]","","","[]",""
"http://pfotentechnik.de/produkt/furbo-360-hundekamera/","http-variant","","0","false","","UNMEASURED","null","[]","","","[]",""
"https://www.pfotentechnik.de/produkt/furbo-360-hundekamera/","www-variant","","0","false","","UNMEASURED","null","[]","","","[]",""
"http://www.pfotentechnik.de/produkt/furbo-360-hundekamera/","http-www-variant","","0","false","","UNMEASURED","null","[]","","","[]",""
"https://pfotentechnik.de/produkt/furbo-360-hundekamera","slash-variant","","0","false","","UNMEASURED","null","[]","","","[]",""
"http://pfotentechnik.de/produkt/furbo-360-hundekamera","http-slash-variant","","0","false","","UNMEASURED","null","[]","","","[]",""
"https://www.pfotentechnik.de/produkt/furbo-360-hundekamera","www-slash-variant","","0","false","","UNMEASURED","null","[]","","","[]",""
"http://www.pfotentechnik.de/produkt/furbo-360-hundekamera","http-www-slash-variant","","0","false","","UNMEASURED","null","[]","","","[]",""
"http://pfotentechnik.de/produkt/furbo-360-katzenkamera/","http-variant","","0","false","","UNMEASURED","null","[]","","","[]",""
"https://www.pfotentechnik.de/produkt/furbo-360-katzenkamera/","www-variant","","0","false","","UNMEASURED","null","[]","","","[]",""
"http://www.pfotentechnik.de/produkt/furbo-360-katzenkamera/","http-www-variant","","0","false","","UNMEASURED","null","[]","","","[]",""
"https://pfotentechnik.de/produkt/furbo-360-katzenkamera","slash-variant","","0","false","","UNMEASURED","null","[]","","","[]",""
"http://pfotentechnik.de/produkt/furbo-360-katzenkamera","http-slash-variant","","0","false","","UNMEASURED","null","[]","","","[]",""
"https://www.pfotentechnik.de/produkt/furbo-360-katzenkamera","www-slash-variant","","0","false","","UNMEASURED","null","[]","","","[]",""
"http://www.pfotentechnik.de/produkt/furbo-360-katzenkamera","http-www-slash-variant","","0","false","","UNMEASURED","null","[]","","","[]",""
"http://pfotentechnik.de/produkt/furbo-mini-360/","http-variant","","0","false","","UNMEASURED","null","[]","","","[]",""
"https://www.pfotentechnik.de/produkt/furbo-mini-360/","www-variant","","0","false","","UNMEASURED","null","[]","","","[]",""
"http://www.pfotentechnik.de/produkt/furbo-mini-360/","http-www-variant","","0","false","","UNMEASURED","null","[]","","","[]",""
"https://pfotentechnik.de/produkt/furbo-mini-360","slash-variant","","0","false","","UNMEASURED","null","[]","","","[]",""
"http://pfotentechnik.de/produkt/furbo-mini-360","http-slash-variant","","0","false","","UNMEASURED","null","[]","","","[]",""
"https://www.pfotentechnik.de/produkt/furbo-mini-360","www-slash-variant","","0","false","","UNMEASURED","null","[]","","","[]",""
"http://www.pfotentechnik.de/produkt/furbo-mini-360","http-www-slash-variant","","0","false","","UNMEASURED","null","[]","","","[]",""
"http://pfotentechnik.de/produkt/garmin-alpha-t-20/","http-variant","","0","false","","UNMEASURED","null","[]","","","[]",""
"https://www.pfotentechnik.de/produkt/garmin-alpha-t-20/","www-variant","","0","false","","UNMEASURED","null","[]","","","[]",""
"http://www.pfotentechnik.de/produkt/garmin-alpha-t-20/","http-www-variant","","0","false","","UNMEASURED","null","[]","","","[]",""
"https://pfotentechnik.de/produkt/garmin-alpha-t-20","slash-variant","","0","false","","UNMEASURED","null","[]","","","[]",""
"http://pfotentechnik.de/produkt/garmin-alpha-t-20","http-slash-variant","","0","false","","UNMEASURED","null","[]","","","[]",""
"https://www.pfotentechnik.de/produkt/garmin-alpha-t-20","www-slash-variant","","0","false","","UNMEASURED","null","[]","","","[]",""
"http://www.pfotentechnik.de/produkt/garmin-alpha-t-20","http-www-slash-variant","","0","false","","UNMEASURED","null","[]","","","[]",""
"http://pfotentechnik.de/produkt/garmin-alpha-tt-25/","http-variant","","0","false","","UNMEASURED","null","[]","","","[]",""
"https://www.pfotentechnik.de/produkt/garmin-alpha-tt-25/","www-variant","","0","false","","UNMEASURED","null","[]","","","[]",""
"http://www.pfotentechnik.de/produkt/garmin-alpha-tt-25/","http-www-variant","","0","false","","UNMEASURED","null","[]","","","[]",""
"https://pfotentechnik.de/produkt/garmin-alpha-tt-25","slash-variant","","0","false","","UNMEASURED","null","[]","","","[]",""
"http://pfotentechnik.de/produkt/garmin-alpha-tt-25","http-slash-variant","","0","false","","UNMEASURED","null","[]","","","[]",""
"https://www.pfotentechnik.de/produkt/garmin-alpha-tt-25","www-slash-variant","","0","false","","UNMEASURED","null","[]","","","[]",""
"http://www.pfotentechnik.de/produkt/garmin-alpha-tt-25","http-www-slash-variant","","0","false","","UNMEASURED","null","[]","","","[]",""
"http://pfotentechnik.de/produkt/honeyguardian-a305d/","http-variant","","0","false","","UNMEASURED","null","[]","","","[]",""
"https://www.pfotentechnik.de/produkt/honeyguardian-a305d/","www-variant","","0","false","","UNMEASURED","null","[]","","","[]",""
"http://www.pfotentechnik.de/produkt/honeyguardian-a305d/","http-www-variant","","0","false","","UNMEASURED","null","[]","","","[]",""
"https://pfotentechnik.de/produkt/honeyguardian-a305d","slash-variant","","0","false","","UNMEASURED","null","[]","","","[]",""
"http://pfotentechnik.de/produkt/honeyguardian-a305d","http-slash-variant","","0","false","","UNMEASURED","null","[]","","","[]",""
"https://www.pfotentechnik.de/produkt/honeyguardian-a305d","www-slash-variant","","0","false","","UNMEASURED","null","[]","","","[]",""
"http://www.pfotentechnik.de/produkt/honeyguardian-a305d","http-www-slash-variant","","0","false","","UNMEASURED","null","[]","","","[]",""
"http://pfotentechnik.de/produkt/honeyguardian-a68/","http-variant","","0","false","","UNMEASURED","null","[]","","","[]",""
"https://www.pfotentechnik.de/produkt/honeyguardian-a68/","www-variant","","0","false","","UNMEASURED","null","[]","","","[]",""
"http://www.pfotentechnik.de/produkt/honeyguardian-a68/","http-www-variant","","0","false","","UNMEASURED","null","[]","","","[]",""
"https://pfotentechnik.de/produkt/honeyguardian-a68","slash-variant","","0","false","","UNMEASURED","null","[]","","","[]",""
"http://pfotentechnik.de/produkt/honeyguardian-a68","http-slash-variant","","0","false","","UNMEASURED","null","[]","","","[]",""
"https://www.pfotentechnik.de/produkt/honeyguardian-a68","www-slash-variant","","0","false","","UNMEASURED","null","[]","","","[]",""
"http://www.pfotentechnik.de/produkt/honeyguardian-a68","http-www-slash-variant","","0","false","","UNMEASURED","null","[]","","","[]",""
"http://pfotentechnik.de/produkt/honeyguardian-smart-pet-feeder-s305d/","http-variant","","0","false","","UNMEASURED","null","[]","","","[]",""
"https://www.pfotentechnik.de/produkt/honeyguardian-smart-pet-feeder-s305d/","www-variant","","0","false","","UNMEASURED","null","[]","","","[]",""
"http://www.pfotentechnik.de/produkt/honeyguardian-smart-pet-feeder-s305d/","http-www-variant","","0","false","","UNMEASURED","null","[]","","","[]",""
"https://pfotentechnik.de/produkt/honeyguardian-smart-pet-feeder-s305d","slash-variant","","0","false","","UNMEASURED","null","[]","","","[]",""
"http://pfotentechnik.de/produkt/honeyguardian-smart-pet-feeder-s305d","http-slash-variant","","0","false","","UNMEASURED","null","[]","","","[]",""
"https://www.pfotentechnik.de/produkt/honeyguardian-smart-pet-feeder-s305d","www-slash-variant","","0","false","","UNMEASURED","null","[]","","","[]",""
"http://www.pfotentechnik.de/produkt/honeyguardian-smart-pet-feeder-s305d","http-www-slash-variant","","0","false","","UNMEASURED","null","[]","","","[]",""
"http://pfotentechnik.de/produkt/imipaw-3l-automatic-cat-feeder/","http-variant","","0","false","","UNMEASURED","null","[]","","","[]",""
"https://www.pfotentechnik.de/produkt/imipaw-3l-automatic-cat-feeder/","www-variant","","0","false","","UNMEASURED","null","[]","","","[]",""
"http://www.pfotentechnik.de/produkt/imipaw-3l-automatic-cat-feeder/","http-www-variant","","0","false","","UNMEASURED","null","[]","","","[]",""
"https://pfotentechnik.de/produkt/imipaw-3l-automatic-cat-feeder","slash-variant","","0","false","","UNMEASURED","null","[]","","","[]",""
"http://pfotentechnik.de/produkt/imipaw-3l-automatic-cat-feeder","http-slash-variant","","0","false","","UNMEASURED","null","[]","","","[]",""
"https://www.pfotentechnik.de/produkt/imipaw-3l-automatic-cat-feeder","www-slash-variant","","0","false","","UNMEASURED","null","[]","","","[]",""
"http://www.pfotentechnik.de/produkt/imipaw-3l-automatic-cat-feeder","http-www-slash-variant","","0","false","","UNMEASURED","null","[]","","","[]",""
"http://pfotentechnik.de/produkt/invoxia-biotracker-2026/","http-variant","","0","false","","UNMEASURED","null","[]","","","[]",""
"https://www.pfotentechnik.de/produkt/invoxia-biotracker-2026/","www-variant","","0","false","","UNMEASURED","null","[]","","","[]",""
"http://www.pfotentechnik.de/produkt/invoxia-biotracker-2026/","http-www-variant","","0","false","","UNMEASURED","null","[]","","","[]",""
"https://pfotentechnik.de/produkt/invoxia-biotracker-2026","slash-variant","","0","false","","UNMEASURED","null","[]","","","[]",""
"http://pfotentechnik.de/produkt/invoxia-biotracker-2026","http-slash-variant","","0","false","","UNMEASURED","null","[]","","","[]",""
"https://www.pfotentechnik.de/produkt/invoxia-biotracker-2026","www-slash-variant","","0","false","","UNMEASURED","null","[]","","","[]",""
"http://www.pfotentechnik.de/produkt/invoxia-biotracker-2026","http-www-slash-variant","","0","false","","UNMEASURED","null","[]","","","[]",""
"http://pfotentechnik.de/produkt/litter-robot-4/","http-variant","","0","false","","UNMEASURED","null","[]","","","[]",""
"https://www.pfotentechnik.de/produkt/litter-robot-4/","www-variant","","0","false","","UNMEASURED","null","[]","","","[]",""
"http://www.pfotentechnik.de/produkt/litter-robot-4/","http-www-variant","","0","false","","UNMEASURED","null","[]","","","[]",""
"https://pfotentechnik.de/produkt/litter-robot-4","slash-variant","","0","false","","UNMEASURED","null","[]","","","[]",""
"http://pfotentechnik.de/produkt/litter-robot-4","http-slash-variant","","0","false","","UNMEASURED","null","[]","","","[]",""
"https://www.pfotentechnik.de/produkt/litter-robot-4","www-slash-variant","","0","false","","UNMEASURED","null","[]","","","[]",""
"http://www.pfotentechnik.de/produkt/litter-robot-4","http-www-slash-variant","","0","false","","UNMEASURED","null","[]","","","[]",""
"http://pfotentechnik.de/produkt/litter-robot-5-pro/","http-variant","","0","false","","UNMEASURED","null","[]","","","[]",""
"https://www.pfotentechnik.de/produkt/litter-robot-5-pro/","www-variant","","0","false","","UNMEASURED","null","[]","","","[]",""
"http://www.pfotentechnik.de/produkt/litter-robot-5-pro/","http-www-variant","","0","false","","UNMEASURED","null","[]","","","[]",""
"https://pfotentechnik.de/produkt/litter-robot-5-pro","slash-variant","","0","false","","UNMEASURED","null","[]","","","[]",""
"http://pfotentechnik.de/produkt/litter-robot-5-pro","http-slash-variant","","0","false","","UNMEASURED","null","[]","","","[]",""
"https://www.pfotentechnik.de/produkt/litter-robot-5-pro","www-slash-variant","","0","false","","UNMEASURED","null","[]","","","[]",""
"http://www.pfotentechnik.de/produkt/litter-robot-5-pro","http-www-slash-variant","","0","false","","UNMEASURED","null","[]","","","[]",""
"http://pfotentechnik.de/produkt/neakasa-m1-lite/","http-variant","","0","false","","UNMEASURED","null","[]","","","[]",""
"https://www.pfotentechnik.de/produkt/neakasa-m1-lite/","www-variant","","0","false","","UNMEASURED","null","[]","","","[]",""
"http://www.pfotentechnik.de/produkt/neakasa-m1-lite/","http-www-variant","","0","false","","UNMEASURED","null","[]","","","[]",""
"https://pfotentechnik.de/produkt/neakasa-m1-lite","slash-variant","","0","false","","UNMEASURED","null","[]","","","[]",""
"http://pfotentechnik.de/produkt/neakasa-m1-lite","http-slash-variant","","0","false","","UNMEASURED","null","[]","","","[]",""
"https://www.pfotentechnik.de/produkt/neakasa-m1-lite","www-slash-variant","","0","false","","UNMEASURED","null","[]","","","[]",""
"http://www.pfotentechnik.de/produkt/neakasa-m1-lite","http-www-slash-variant","","0","false","","UNMEASURED","null","[]","","","[]",""
"http://pfotentechnik.de/produkt/neakasa-m1-plus/","http-variant","","0","false","","UNMEASURED","null","[]","","","[]",""
"https://www.pfotentechnik.de/produkt/neakasa-m1-plus/","www-variant","","0","false","","UNMEASURED","null","[]","","","[]",""
"http://www.pfotentechnik.de/produkt/neakasa-m1-plus/","http-www-variant","","0","false","","UNMEASURED","null","[]","","","[]",""
"https://pfotentechnik.de/produkt/neakasa-m1-plus","slash-variant","","0","false","","UNMEASURED","null","[]","","","[]",""
"http://pfotentechnik.de/produkt/neakasa-m1-plus","http-slash-variant","","0","false","","UNMEASURED","null","[]","","","[]",""
"https://www.pfotentechnik.de/produkt/neakasa-m1-plus","www-slash-variant","","0","false","","UNMEASURED","null","[]","","","[]",""
"http://www.pfotentechnik.de/produkt/neakasa-m1-plus","http-www-slash-variant","","0","false","","UNMEASURED","null","[]","","","[]",""
"http://pfotentechnik.de/produkt/neakasa-riko/","http-variant","","0","false","","UNMEASURED","null","[]","","","[]",""
"https://www.pfotentechnik.de/produkt/neakasa-riko/","www-variant","","0","false","","UNMEASURED","null","[]","","","[]",""
"http://www.pfotentechnik.de/produkt/neakasa-riko/","http-www-variant","","0","false","","UNMEASURED","null","[]","","","[]",""
"https://pfotentechnik.de/produkt/neakasa-riko","slash-variant","","0","false","","UNMEASURED","null","[]","","","[]",""
"http://pfotentechnik.de/produkt/neakasa-riko","http-slash-variant","","0","false","","UNMEASURED","null","[]","","","[]",""
"https://www.pfotentechnik.de/produkt/neakasa-riko","www-slash-variant","","0","false","","UNMEASURED","null","[]","","","[]",""
"http://www.pfotentechnik.de/produkt/neakasa-riko","http-www-slash-variant","","0","false","","UNMEASURED","null","[]","","","[]",""
"http://pfotentechnik.de/produkt/oneisall-2-2l-cordless-fountain/","http-variant","","0","false","","UNMEASURED","null","[]","","","[]",""
"https://www.pfotentechnik.de/produkt/oneisall-2-2l-cordless-fountain/","www-variant","","0","false","","UNMEASURED","null","[]","","","[]",""
"http://www.pfotentechnik.de/produkt/oneisall-2-2l-cordless-fountain/","http-www-variant","","0","false","","UNMEASURED","null","[]","","","[]",""
"https://pfotentechnik.de/produkt/oneisall-2-2l-cordless-fountain","slash-variant","","0","false","","UNMEASURED","null","[]","","","[]",""
"http://pfotentechnik.de/produkt/oneisall-2-2l-cordless-fountain","http-slash-variant","","0","false","","UNMEASURED","null","[]","","","[]",""
"https://www.pfotentechnik.de/produkt/oneisall-2-2l-cordless-fountain","www-slash-variant","","0","false","","UNMEASURED","null","[]","","","[]",""
"http://www.pfotentechnik.de/produkt/oneisall-2-2l-cordless-fountain","http-www-slash-variant","","0","false","","UNMEASURED","null","[]","","","[]",""
"http://pfotentechnik.de/produkt/oneisall-2-in-1-feeder-water/","http-variant","","0","false","","UNMEASURED","null","[]","","","[]",""
"https://www.pfotentechnik.de/produkt/oneisall-2-in-1-feeder-water/","www-variant","","0","false","","UNMEASURED","null","[]","","","[]",""
"http://www.pfotentechnik.de/produkt/oneisall-2-in-1-feeder-water/","http-www-variant","","0","false","","UNMEASURED","null","[]","","","[]",""
"https://pfotentechnik.de/produkt/oneisall-2-in-1-feeder-water","slash-variant","","0","false","","UNMEASURED","null","[]","","","[]",""
"http://pfotentechnik.de/produkt/oneisall-2-in-1-feeder-water","http-slash-variant","","0","false","","UNMEASURED","null","[]","","","[]",""
"https://www.pfotentechnik.de/produkt/oneisall-2-in-1-feeder-water","www-slash-variant","","0","false","","UNMEASURED","null","[]","","","[]",""
"http://www.pfotentechnik.de/produkt/oneisall-2-in-1-feeder-water","http-www-slash-variant","","0","false","","UNMEASURED","null","[]","","","[]",""
"http://pfotentechnik.de/produkt/oneisall-3-2l-cordless-fountain/","http-variant","","0","false","","UNMEASURED","null","[]","","","[]",""
"https://www.pfotentechnik.de/produkt/oneisall-3-2l-cordless-fountain/","www-variant","","0","false","","UNMEASURED","null","[]","","","[]",""
"http://www.pfotentechnik.de/produkt/oneisall-3-2l-cordless-fountain/","http-www-variant","","0","false","","UNMEASURED","null","[]","","","[]",""
"https://pfotentechnik.de/produkt/oneisall-3-2l-cordless-fountain","slash-variant","","0","false","","UNMEASURED","null","[]","","","[]",""
"http://pfotentechnik.de/produkt/oneisall-3-2l-cordless-fountain","http-slash-variant","","0","false","","UNMEASURED","null","[]","","","[]",""
"https://www.pfotentechnik.de/produkt/oneisall-3-2l-cordless-fountain","www-slash-variant","","0","false","","UNMEASURED","null","[]","","","[]",""
"http://www.pfotentechnik.de/produkt/oneisall-3-2l-cordless-fountain","http-www-slash-variant","","0","false","","UNMEASURED","null","[]","","","[]",""
"http://pfotentechnik.de/produkt/oneisall-3-5l-cordless-fountain/","http-variant","","0","false","","UNMEASURED","null","[]","","","[]",""
"https://www.pfotentechnik.de/produkt/oneisall-3-5l-cordless-fountain/","www-variant","","0","false","","UNMEASURED","null","[]","","","[]",""
"http://www.pfotentechnik.de/produkt/oneisall-3-5l-cordless-fountain/","http-www-variant","","0","false","","UNMEASURED","null","[]","","","[]",""
"https://pfotentechnik.de/produkt/oneisall-3-5l-cordless-fountain","slash-variant","","0","false","","UNMEASURED","null","[]","","","[]",""
"http://pfotentechnik.de/produkt/oneisall-3-5l-cordless-fountain","http-slash-variant","","0","false","","UNMEASURED","null","[]","","","[]",""
"https://www.pfotentechnik.de/produkt/oneisall-3-5l-cordless-fountain","www-slash-variant","","0","false","","UNMEASURED","null","[]","","","[]",""
"http://www.pfotentechnik.de/produkt/oneisall-3-5l-cordless-fountain","http-www-slash-variant","","0","false","","UNMEASURED","null","[]","","","[]",""
"http://pfotentechnik.de/produkt/oneisall-5l-automatic-cat-feeder/","http-variant","","0","false","","UNMEASURED","null","[]","","","[]",""
"https://www.pfotentechnik.de/produkt/oneisall-5l-automatic-cat-feeder/","www-variant","","0","false","","UNMEASURED","null","[]","","","[]",""
"http://www.pfotentechnik.de/produkt/oneisall-5l-automatic-cat-feeder/","http-www-variant","","0","false","","UNMEASURED","null","[]","","","[]",""
"https://pfotentechnik.de/produkt/oneisall-5l-automatic-cat-feeder","slash-variant","","0","false","","UNMEASURED","null","[]","","","[]",""
"http://pfotentechnik.de/produkt/oneisall-5l-automatic-cat-feeder","http-slash-variant","","0","false","","UNMEASURED","null","[]","","","[]",""
"https://www.pfotentechnik.de/produkt/oneisall-5l-automatic-cat-feeder","www-slash-variant","","0","false","","UNMEASURED","null","[]","","","[]",""
"http://www.pfotentechnik.de/produkt/oneisall-5l-automatic-cat-feeder","http-www-slash-variant","","0","false","","UNMEASURED","null","[]","","","[]",""
"http://pfotentechnik.de/produkt/oneisall-7l-dog-water-fountain/","http-variant","","0","false","","UNMEASURED","null","[]","","","[]",""
"https://www.pfotentechnik.de/produkt/oneisall-7l-dog-water-fountain/","www-variant","","0","false","","UNMEASURED","null","[]","","","[]",""
"http://www.pfotentechnik.de/produkt/oneisall-7l-dog-water-fountain/","http-www-variant","","0","false","","UNMEASURED","null","[]","","","[]",""
"https://pfotentechnik.de/produkt/oneisall-7l-dog-water-fountain","slash-variant","","0","false","","UNMEASURED","null","[]","","","[]",""
"http://pfotentechnik.de/produkt/oneisall-7l-dog-water-fountain","http-slash-variant","","0","false","","UNMEASURED","null","[]","","","[]",""
"https://www.pfotentechnik.de/produkt/oneisall-7l-dog-water-fountain","www-slash-variant","","0","false","","UNMEASURED","null","[]","","","[]",""
"http://www.pfotentechnik.de/produkt/oneisall-7l-dog-water-fountain","http-www-slash-variant","","0","false","","UNMEASURED","null","[]","","","[]",""
"http://pfotentechnik.de/produkt/onlycat-mikrochip-katzenklappe/","http-variant","","0","false","","UNMEASURED","null","[]","","","[]",""
"https://www.pfotentechnik.de/produkt/onlycat-mikrochip-katzenklappe/","www-variant","","0","false","","UNMEASURED","null","[]","","","[]",""
"http://www.pfotentechnik.de/produkt/onlycat-mikrochip-katzenklappe/","http-www-variant","","0","false","","UNMEASURED","null","[]","","","[]",""
"https://pfotentechnik.de/produkt/onlycat-mikrochip-katzenklappe","slash-variant","","0","false","","UNMEASURED","null","[]","","","[]",""
"http://pfotentechnik.de/produkt/onlycat-mikrochip-katzenklappe","http-slash-variant","","0","false","","UNMEASURED","null","[]","","","[]",""
"https://www.pfotentechnik.de/produkt/onlycat-mikrochip-katzenklappe","www-slash-variant","","0","false","","UNMEASURED","null","[]","","","[]",""
"http://www.pfotentechnik.de/produkt/onlycat-mikrochip-katzenklappe","http-www-slash-variant","","0","false","","UNMEASURED","null","[]","","","[]",""
"http://pfotentechnik.de/produkt/paj-pet-finder-4g-mini/","http-variant","","0","false","","UNMEASURED","null","[]","","","[]",""
"https://www.pfotentechnik.de/produkt/paj-pet-finder-4g-mini/","www-variant","","0","false","","UNMEASURED","null","[]","","","[]",""
"http://www.pfotentechnik.de/produkt/paj-pet-finder-4g-mini/","http-www-variant","","0","false","","UNMEASURED","null","[]","","","[]",""
"https://pfotentechnik.de/produkt/paj-pet-finder-4g-mini","slash-variant","","0","false","","UNMEASURED","null","[]","","","[]",""
"http://pfotentechnik.de/produkt/paj-pet-finder-4g-mini","http-slash-variant","","0","false","","UNMEASURED","null","[]","","","[]",""
"https://www.pfotentechnik.de/produkt/paj-pet-finder-4g-mini","www-slash-variant","","0","false","","UNMEASURED","null","[]","","","[]",""
"http://www.pfotentechnik.de/produkt/paj-pet-finder-4g-mini","http-www-slash-variant","","0","false","","UNMEASURED","null","[]","","","[]",""
"http://pfotentechnik.de/produkt/pawbby-smart-pet-feeder/","http-variant","","0","false","","UNMEASURED","null","[]","","","[]",""
"https://www.pfotentechnik.de/produkt/pawbby-smart-pet-feeder/","www-variant","","0","false","","UNMEASURED","null","[]","","","[]",""
"http://www.pfotentechnik.de/produkt/pawbby-smart-pet-feeder/","http-www-variant","","0","false","","UNMEASURED","null","[]","","","[]",""
"https://pfotentechnik.de/produkt/pawbby-smart-pet-feeder","slash-variant","","0","false","","UNMEASURED","null","[]","","","[]",""
"http://pfotentechnik.de/produkt/pawbby-smart-pet-feeder","http-slash-variant","","0","false","","UNMEASURED","null","[]","","","[]",""
"https://www.pfotentechnik.de/produkt/pawbby-smart-pet-feeder","www-slash-variant","","0","false","","UNMEASURED","null","[]","","","[]",""
"http://www.pfotentechnik.de/produkt/pawbby-smart-pet-feeder","http-www-slash-variant","","0","false","","UNMEASURED","null","[]","","","[]",""
"http://pfotentechnik.de/produkt/pawfit-3/","http-variant","","0","false","","UNMEASURED","null","[]","","","[]",""
"https://www.pfotentechnik.de/produkt/pawfit-3/","www-variant","","0","false","","UNMEASURED","null","[]","","","[]",""
"http://www.pfotentechnik.de/produkt/pawfit-3/","http-www-variant","","0","false","","UNMEASURED","null","[]","","","[]",""
"https://pfotentechnik.de/produkt/pawfit-3","slash-variant","","0","false","","UNMEASURED","null","[]","","","[]",""
"http://pfotentechnik.de/produkt/pawfit-3","http-slash-variant","","0","false","","UNMEASURED","null","[]","","","[]",""
"https://www.pfotentechnik.de/produkt/pawfit-3","www-slash-variant","","0","false","","UNMEASURED","null","[]","","","[]",""
"http://www.pfotentechnik.de/produkt/pawfit-3","http-www-slash-variant","","0","false","","UNMEASURED","null","[]","","","[]",""
"http://pfotentechnik.de/produkt/pawsync-smart-pet-feeder/","http-variant","","0","false","","UNMEASURED","null","[]","","","[]",""
"https://www.pfotentechnik.de/produkt/pawsync-smart-pet-feeder/","www-variant","","0","false","","UNMEASURED","null","[]","","","[]",""
"http://www.pfotentechnik.de/produkt/pawsync-smart-pet-feeder/","http-www-variant","","0","false","","UNMEASURED","null","[]","","","[]",""
"https://pfotentechnik.de/produkt/pawsync-smart-pet-feeder","slash-variant","","0","false","","UNMEASURED","null","[]","","","[]",""
"http://pfotentechnik.de/produkt/pawsync-smart-pet-feeder","http-slash-variant","","0","false","","UNMEASURED","null","[]","","","[]",""
"https://www.pfotentechnik.de/produkt/pawsync-smart-pet-feeder","www-slash-variant","","0","false","","UNMEASURED","null","[]","","","[]",""
"http://www.pfotentechnik.de/produkt/pawsync-smart-pet-feeder","http-www-slash-variant","","0","false","","UNMEASURED","null","[]","","","[]",""
"http://pfotentechnik.de/produkt/petkit-eversweet-3-pro-uvc/","http-variant","","0","false","","UNMEASURED","null","[]","","","[]",""
"https://www.pfotentechnik.de/produkt/petkit-eversweet-3-pro-uvc/","www-variant","","0","false","","UNMEASURED","null","[]","","","[]",""
"http://www.pfotentechnik.de/produkt/petkit-eversweet-3-pro-uvc/","http-www-variant","","0","false","","UNMEASURED","null","[]","","","[]",""
"https://pfotentechnik.de/produkt/petkit-eversweet-3-pro-uvc","slash-variant","","0","false","","UNMEASURED","null","[]","","","[]",""
"http://pfotentechnik.de/produkt/petkit-eversweet-3-pro-uvc","http-slash-variant","","0","false","","UNMEASURED","null","[]","","","[]",""
"https://www.pfotentechnik.de/produkt/petkit-eversweet-3-pro-uvc","www-slash-variant","","0","false","","UNMEASURED","null","[]","","","[]",""
"http://www.pfotentechnik.de/produkt/petkit-eversweet-3-pro-uvc","http-www-slash-variant","","0","false","","UNMEASURED","null","[]","","","[]",""
"http://pfotentechnik.de/produkt/petkit-eversweet-5-mini/","http-variant","","0","false","","UNMEASURED","null","[]","","","[]",""
"https://www.pfotentechnik.de/produkt/petkit-eversweet-5-mini/","www-variant","","0","false","","UNMEASURED","null","[]","","","[]",""
"http://www.pfotentechnik.de/produkt/petkit-eversweet-5-mini/","http-www-variant","","0","false","","UNMEASURED","null","[]","","","[]",""
"https://pfotentechnik.de/produkt/petkit-eversweet-5-mini","slash-variant","","0","false","","UNMEASURED","null","[]","","","[]",""
"http://pfotentechnik.de/produkt/petkit-eversweet-5-mini","http-slash-variant","","0","false","","UNMEASURED","null","[]","","","[]",""
"https://www.pfotentechnik.de/produkt/petkit-eversweet-5-mini","www-slash-variant","","0","false","","UNMEASURED","null","[]","","","[]",""
"http://www.pfotentechnik.de/produkt/petkit-eversweet-5-mini","http-www-slash-variant","","0","false","","UNMEASURED","null","[]","","","[]",""
"http://pfotentechnik.de/produkt/petkit-eversweet-max-2-uvc/","http-variant","","0","false","","UNMEASURED","null","[]","","","[]",""
"https://www.pfotentechnik.de/produkt/petkit-eversweet-max-2-uvc/","www-variant","","0","false","","UNMEASURED","null","[]","","","[]",""
"http://www.pfotentechnik.de/produkt/petkit-eversweet-max-2-uvc/","http-www-variant","","0","false","","UNMEASURED","null","[]","","","[]",""
"https://pfotentechnik.de/produkt/petkit-eversweet-max-2-uvc","slash-variant","","0","false","","UNMEASURED","null","[]","","","[]",""
"http://pfotentechnik.de/produkt/petkit-eversweet-max-2-uvc","http-slash-variant","","0","false","","UNMEASURED","null","[]","","","[]",""
"https://www.pfotentechnik.de/produkt/petkit-eversweet-max-2-uvc","www-slash-variant","","0","false","","UNMEASURED","null","[]","","","[]",""
"http://www.pfotentechnik.de/produkt/petkit-eversweet-max-2-uvc","http-www-slash-variant","","0","false","","UNMEASURED","null","[]","","","[]",""
"http://pfotentechnik.de/produkt/petkit-eversweet-max-cordless/","http-variant","","0","false","","UNMEASURED","null","[]","","","[]",""
"https://www.pfotentechnik.de/produkt/petkit-eversweet-max-cordless/","www-variant","","0","false","","UNMEASURED","null","[]","","","[]",""
"http://www.pfotentechnik.de/produkt/petkit-eversweet-max-cordless/","http-www-variant","","0","false","","UNMEASURED","null","[]","","","[]",""
"https://pfotentechnik.de/produkt/petkit-eversweet-max-cordless","slash-variant","","0","false","","UNMEASURED","null","[]","","","[]",""
"http://pfotentechnik.de/produkt/petkit-eversweet-max-cordless","http-slash-variant","","0","false","","UNMEASURED","null","[]","","","[]",""
"https://www.pfotentechnik.de/produkt/petkit-eversweet-max-cordless","www-slash-variant","","0","false","","UNMEASURED","null","[]","","","[]",""
"http://www.pfotentechnik.de/produkt/petkit-eversweet-max-cordless","http-www-slash-variant","","0","false","","UNMEASURED","null","[]","","","[]",""
"http://pfotentechnik.de/produkt/petkit-eversweet-solo-2-fountain/","http-variant","","0","false","","UNMEASURED","null","[]","","","[]",""
"https://www.pfotentechnik.de/produkt/petkit-eversweet-solo-2-fountain/","www-variant","","0","false","","UNMEASURED","null","[]","","","[]",""
"http://www.pfotentechnik.de/produkt/petkit-eversweet-solo-2-fountain/","http-www-variant","","0","false","","UNMEASURED","null","[]","","","[]",""
"https://pfotentechnik.de/produkt/petkit-eversweet-solo-2-fountain","slash-variant","","0","false","","UNMEASURED","null","[]","","","[]",""
"http://pfotentechnik.de/produkt/petkit-eversweet-solo-2-fountain","http-slash-variant","","0","false","","UNMEASURED","null","[]","","","[]",""
"https://www.pfotentechnik.de/produkt/petkit-eversweet-solo-2-fountain","www-slash-variant","","0","false","","UNMEASURED","null","[]","","","[]",""
"http://www.pfotentechnik.de/produkt/petkit-eversweet-solo-2-fountain","http-www-slash-variant","","0","false","","UNMEASURED","null","[]","","","[]",""
"http://pfotentechnik.de/produkt/petkit-eversweet-solo-se/","http-variant","","0","false","","UNMEASURED","null","[]","","","[]",""
"https://www.pfotentechnik.de/produkt/petkit-eversweet-solo-se/","www-variant","","0","false","","UNMEASURED","null","[]","","","[]",""
"http://www.pfotentechnik.de/produkt/petkit-eversweet-solo-se/","http-www-variant","","0","false","","UNMEASURED","null","[]","","","[]",""
"https://pfotentechnik.de/produkt/petkit-eversweet-solo-se","slash-variant","","0","false","","UNMEASURED","null","[]","","","[]",""
"http://pfotentechnik.de/produkt/petkit-eversweet-solo-se","http-slash-variant","","0","false","","UNMEASURED","null","[]","","","[]",""
"https://www.pfotentechnik.de/produkt/petkit-eversweet-solo-se","www-slash-variant","","0","false","","UNMEASURED","null","[]","","","[]",""
"http://www.pfotentechnik.de/produkt/petkit-eversweet-solo-se","http-www-slash-variant","","0","false","","UNMEASURED","null","[]","","","[]",""
"http://pfotentechnik.de/produkt/petkit-eversweet-ultra/","http-variant","","0","false","","UNMEASURED","null","[]","","","[]",""
"https://www.pfotentechnik.de/produkt/petkit-eversweet-ultra/","www-variant","","0","false","","UNMEASURED","null","[]","","","[]",""
"http://www.pfotentechnik.de/produkt/petkit-eversweet-ultra/","http-www-variant","","0","false","","UNMEASURED","null","[]","","","[]",""
"https://pfotentechnik.de/produkt/petkit-eversweet-ultra","slash-variant","","0","false","","UNMEASURED","null","[]","","","[]",""
"http://pfotentechnik.de/produkt/petkit-eversweet-ultra","http-slash-variant","","0","false","","UNMEASURED","null","[]","","","[]",""
"https://www.pfotentechnik.de/produkt/petkit-eversweet-ultra","www-slash-variant","","0","false","","UNMEASURED","null","[]","","","[]",""
"http://www.pfotentechnik.de/produkt/petkit-eversweet-ultra","http-www-slash-variant","","0","false","","UNMEASURED","null","[]","","","[]",""
"http://pfotentechnik.de/produkt/petkit-fresh-element-infinity/","http-variant","","0","false","","UNMEASURED","null","[]","","","[]",""
"https://www.pfotentechnik.de/produkt/petkit-fresh-element-infinity/","www-variant","","0","false","","UNMEASURED","null","[]","","","[]",""
"http://www.pfotentechnik.de/produkt/petkit-fresh-element-infinity/","http-www-variant","","0","false","","UNMEASURED","null","[]","","","[]",""
"https://pfotentechnik.de/produkt/petkit-fresh-element-infinity","slash-variant","","0","false","","UNMEASURED","null","[]","","","[]",""
"http://pfotentechnik.de/produkt/petkit-fresh-element-infinity","http-slash-variant","","0","false","","UNMEASURED","null","[]","","","[]",""
"https://www.pfotentechnik.de/produkt/petkit-fresh-element-infinity","www-slash-variant","","0","false","","UNMEASURED","null","[]","","","[]",""
"http://www.pfotentechnik.de/produkt/petkit-fresh-element-infinity","http-www-slash-variant","","0","false","","UNMEASURED","null","[]","","","[]",""
"http://pfotentechnik.de/produkt/petkit-fresh-element-solo/","http-variant","","0","false","","UNMEASURED","null","[]","","","[]",""
"https://www.pfotentechnik.de/produkt/petkit-fresh-element-solo/","www-variant","","0","false","","UNMEASURED","null","[]","","","[]",""
"http://www.pfotentechnik.de/produkt/petkit-fresh-element-solo/","http-www-variant","","0","false","","UNMEASURED","null","[]","","","[]",""
"https://pfotentechnik.de/produkt/petkit-fresh-element-solo","slash-variant","","0","false","","UNMEASURED","null","[]","","","[]",""
"http://pfotentechnik.de/produkt/petkit-fresh-element-solo","http-slash-variant","","0","false","","UNMEASURED","null","[]","","","[]",""
"https://www.pfotentechnik.de/produkt/petkit-fresh-element-solo","www-slash-variant","","0","false","","UNMEASURED","null","[]","","","[]",""
"http://www.pfotentechnik.de/produkt/petkit-fresh-element-solo","http-www-slash-variant","","0","false","","UNMEASURED","null","[]","","","[]",""
"http://pfotentechnik.de/produkt/petkit-puramax-2/","http-variant","","0","false","","UNMEASURED","null","[]","","","[]",""
"https://www.pfotentechnik.de/produkt/petkit-puramax-2/","www-variant","","0","false","","UNMEASURED","null","[]","","","[]",""
"http://www.pfotentechnik.de/produkt/petkit-puramax-2/","http-www-variant","","0","false","","UNMEASURED","null","[]","","","[]",""
"https://pfotentechnik.de/produkt/petkit-puramax-2","slash-variant","","0","false","","UNMEASURED","null","[]","","","[]",""
"http://pfotentechnik.de/produkt/petkit-puramax-2","http-slash-variant","","0","false","","UNMEASURED","null","[]","","","[]",""
"https://www.pfotentechnik.de/produkt/petkit-puramax-2","www-slash-variant","","0","false","","UNMEASURED","null","[]","","","[]",""
"http://www.pfotentechnik.de/produkt/petkit-puramax-2","http-www-slash-variant","","0","false","","UNMEASURED","null","[]","","","[]",""
"http://pfotentechnik.de/produkt/petkit-purobot-crystal-duo/","http-variant","","0","false","","UNMEASURED","null","[]","","","[]",""
"https://www.pfotentechnik.de/produkt/petkit-purobot-crystal-duo/","www-variant","","0","false","","UNMEASURED","null","[]","","","[]",""
"http://www.pfotentechnik.de/produkt/petkit-purobot-crystal-duo/","http-www-variant","","0","false","","UNMEASURED","null","[]","","","[]",""
"https://pfotentechnik.de/produkt/petkit-purobot-crystal-duo","slash-variant","","0","false","","UNMEASURED","null","[]","","","[]",""
"http://pfotentechnik.de/produkt/petkit-purobot-crystal-duo","http-slash-variant","","0","false","","UNMEASURED","null","[]","","","[]",""
"https://www.pfotentechnik.de/produkt/petkit-purobot-crystal-duo","www-slash-variant","","0","false","","UNMEASURED","null","[]","","","[]",""
"http://www.pfotentechnik.de/produkt/petkit-purobot-crystal-duo","http-www-slash-variant","","0","false","","UNMEASURED","null","[]","","","[]",""
"http://pfotentechnik.de/produkt/petkit-purobot-max-3/","http-variant","","0","false","","UNMEASURED","null","[]","","","[]",""
"https://www.pfotentechnik.de/produkt/petkit-purobot-max-3/","www-variant","","0","false","","UNMEASURED","null","[]","","","[]",""
"http://www.pfotentechnik.de/produkt/petkit-purobot-max-3/","http-www-variant","","0","false","","UNMEASURED","null","[]","","","[]",""
"https://pfotentechnik.de/produkt/petkit-purobot-max-3","slash-variant","","0","false","","UNMEASURED","null","[]","","","[]",""
"http://pfotentechnik.de/produkt/petkit-purobot-max-3","http-slash-variant","","0","false","","UNMEASURED","null","[]","","","[]",""
"https://www.pfotentechnik.de/produkt/petkit-purobot-max-3","www-slash-variant","","0","false","","UNMEASURED","null","[]","","","[]",""
"http://www.pfotentechnik.de/produkt/petkit-purobot-max-3","http-www-slash-variant","","0","false","","UNMEASURED","null","[]","","","[]",""
"http://pfotentechnik.de/produkt/petkit-purobot-max-pro-2/","http-variant","","0","false","","UNMEASURED","null","[]","","","[]",""
"https://www.pfotentechnik.de/produkt/petkit-purobot-max-pro-2/","www-variant","","0","false","","UNMEASURED","null","[]","","","[]",""
"http://www.pfotentechnik.de/produkt/petkit-purobot-max-pro-2/","http-www-variant","","0","false","","UNMEASURED","null","[]","","","[]",""
"https://pfotentechnik.de/produkt/petkit-purobot-max-pro-2","slash-variant","","0","false","","UNMEASURED","null","[]","","","[]",""
"http://pfotentechnik.de/produkt/petkit-purobot-max-pro-2","http-slash-variant","","0","false","","UNMEASURED","null","[]","","","[]",""
"https://www.pfotentechnik.de/produkt/petkit-purobot-max-pro-2","www-slash-variant","","0","false","","UNMEASURED","null","[]","","","[]",""
"http://www.pfotentechnik.de/produkt/petkit-purobot-max-pro-2","http-www-slash-variant","","0","false","","UNMEASURED","null","[]","","","[]",""
"http://pfotentechnik.de/produkt/petkit-yumshare-dual-hopper/","http-variant","","0","false","","UNMEASURED","null","[]","","","[]",""
"https://www.pfotentechnik.de/produkt/petkit-yumshare-dual-hopper/","www-variant","","0","false","","UNMEASURED","null","[]","","","[]",""
"http://www.pfotentechnik.de/produkt/petkit-yumshare-dual-hopper/","http-www-variant","","0","false","","UNMEASURED","null","[]","","","[]",""
"https://pfotentechnik.de/produkt/petkit-yumshare-dual-hopper","slash-variant","","0","false","","UNMEASURED","null","[]","","","[]",""
"http://pfotentechnik.de/produkt/petkit-yumshare-dual-hopper","http-slash-variant","","0","false","","UNMEASURED","null","[]","","","[]",""
"https://www.pfotentechnik.de/produkt/petkit-yumshare-dual-hopper","www-slash-variant","","0","false","","UNMEASURED","null","[]","","","[]",""
"http://www.pfotentechnik.de/produkt/petkit-yumshare-dual-hopper","http-www-slash-variant","","0","false","","UNMEASURED","null","[]","","","[]",""
"http://pfotentechnik.de/produkt/petkit-yumshare-solo-2/","http-variant","","0","false","","UNMEASURED","null","[]","","","[]",""
"https://www.pfotentechnik.de/produkt/petkit-yumshare-solo-2/","www-variant","","0","false","","UNMEASURED","null","[]","","","[]",""
"http://www.pfotentechnik.de/produkt/petkit-yumshare-solo-2/","http-www-variant","","0","false","","UNMEASURED","null","[]","","","[]",""
"https://pfotentechnik.de/produkt/petkit-yumshare-solo-2","slash-variant","","0","false","","UNMEASURED","null","[]","","","[]",""
"http://pfotentechnik.de/produkt/petkit-yumshare-solo-2","http-slash-variant","","0","false","","UNMEASURED","null","[]","","","[]",""
"https://www.pfotentechnik.de/produkt/petkit-yumshare-solo-2","www-slash-variant","","0","false","","UNMEASURED","null","[]","","","[]",""
"http://www.pfotentechnik.de/produkt/petkit-yumshare-solo-2","http-www-slash-variant","","0","false","","UNMEASURED","null","[]","","","[]",""
"http://pfotentechnik.de/produkt/petlibro-air-automatic-feeder/","http-variant","","0","false","","UNMEASURED","null","[]","","","[]",""
"https://www.pfotentechnik.de/produkt/petlibro-air-automatic-feeder/","www-variant","","0","false","","UNMEASURED","null","[]","","","[]",""
"http://www.pfotentechnik.de/produkt/petlibro-air-automatic-feeder/","http-www-variant","","0","false","","UNMEASURED","null","[]","","","[]",""
"https://pfotentechnik.de/produkt/petlibro-air-automatic-feeder","slash-variant","","0","false","","UNMEASURED","null","[]","","","[]",""
"http://pfotentechnik.de/produkt/petlibro-air-automatic-feeder","http-slash-variant","","0","false","","UNMEASURED","null","[]","","","[]",""
"https://www.pfotentechnik.de/produkt/petlibro-air-automatic-feeder","www-slash-variant","","0","false","","UNMEASURED","null","[]","","","[]",""
"http://www.pfotentechnik.de/produkt/petlibro-air-automatic-feeder","http-www-slash-variant","","0","false","","UNMEASURED","null","[]","","","[]",""
"http://pfotentechnik.de/produkt/petlibro-air-wifi-feeder/","http-variant","","0","false","","UNMEASURED","null","[]","","","[]",""
"https://www.pfotentechnik.de/produkt/petlibro-air-wifi-feeder/","www-variant","","0","false","","UNMEASURED","null","[]","","","[]",""
"http://www.pfotentechnik.de/produkt/petlibro-air-wifi-feeder/","http-www-variant","","0","false","","UNMEASURED","null","[]","","","[]",""
"https://pfotentechnik.de/produkt/petlibro-air-wifi-feeder","slash-variant","","0","false","","UNMEASURED","null","[]","","","[]",""
"http://pfotentechnik.de/produkt/petlibro-air-wifi-feeder","http-slash-variant","","0","false","","UNMEASURED","null","[]","","","[]",""
"https://www.pfotentechnik.de/produkt/petlibro-air-wifi-feeder","www-slash-variant","","0","false","","UNMEASURED","null","[]","","","[]",""
"http://www.pfotentechnik.de/produkt/petlibro-air-wifi-feeder","http-www-slash-variant","","0","false","","UNMEASURED","null","[]","","","[]",""
"http://pfotentechnik.de/produkt/petlibro-capsule-dog-fountain/","http-variant","","0","false","","UNMEASURED","null","[]","","","[]",""
"https://www.pfotentechnik.de/produkt/petlibro-capsule-dog-fountain/","www-variant","","0","false","","UNMEASURED","null","[]","","","[]",""
"http://www.pfotentechnik.de/produkt/petlibro-capsule-dog-fountain/","http-www-variant","","0","false","","UNMEASURED","null","[]","","","[]",""
"https://pfotentechnik.de/produkt/petlibro-capsule-dog-fountain","slash-variant","","0","false","","UNMEASURED","null","[]","","","[]",""
"http://pfotentechnik.de/produkt/petlibro-capsule-dog-fountain","http-slash-variant","","0","false","","UNMEASURED","null","[]","","","[]",""
"https://www.pfotentechnik.de/produkt/petlibro-capsule-dog-fountain","www-slash-variant","","0","false","","UNMEASURED","null","[]","","","[]",""
"http://www.pfotentechnik.de/produkt/petlibro-capsule-dog-fountain","http-www-slash-variant","","0","false","","UNMEASURED","null","[]","","","[]",""
"http://pfotentechnik.de/produkt/petlibro-dockstream-2-smart/","http-variant","","0","false","","UNMEASURED","null","[]","","","[]",""
"https://www.pfotentechnik.de/produkt/petlibro-dockstream-2-smart/","www-variant","","0","false","","UNMEASURED","null","[]","","","[]",""
"http://www.pfotentechnik.de/produkt/petlibro-dockstream-2-smart/","http-www-variant","","0","false","","UNMEASURED","null","[]","","","[]",""
"https://pfotentechnik.de/produkt/petlibro-dockstream-2-smart","slash-variant","","0","false","","UNMEASURED","null","[]","","","[]",""
"http://pfotentechnik.de/produkt/petlibro-dockstream-2-smart","http-slash-variant","","0","false","","UNMEASURED","null","[]","","","[]",""
"https://www.pfotentechnik.de/produkt/petlibro-dockstream-2-smart","www-slash-variant","","0","false","","UNMEASURED","null","[]","","","[]",""
"http://www.pfotentechnik.de/produkt/petlibro-dockstream-2-smart","http-www-slash-variant","","0","false","","UNMEASURED","null","[]","","","[]",""
"http://pfotentechnik.de/produkt/petlibro-dockstream-2-smart-cordless/","http-variant","","0","false","","UNMEASURED","null","[]","","","[]",""
"https://www.pfotentechnik.de/produkt/petlibro-dockstream-2-smart-cordless/","www-variant","","0","false","","UNMEASURED","null","[]","","","[]",""
"http://www.pfotentechnik.de/produkt/petlibro-dockstream-2-smart-cordless/","http-www-variant","","0","false","","UNMEASURED","null","[]","","","[]",""
"https://pfotentechnik.de/produkt/petlibro-dockstream-2-smart-cordless","slash-variant","","0","false","","UNMEASURED","null","[]","","","[]",""
"http://pfotentechnik.de/produkt/petlibro-dockstream-2-smart-cordless","http-slash-variant","","0","false","","UNMEASURED","null","[]","","","[]",""
"https://www.pfotentechnik.de/produkt/petlibro-dockstream-2-smart-cordless","www-slash-variant","","0","false","","UNMEASURED","null","[]","","","[]",""
"http://www.pfotentechnik.de/produkt/petlibro-dockstream-2-smart-cordless","http-www-slash-variant","","0","false","","UNMEASURED","null","[]","","","[]",""
"http://pfotentechnik.de/produkt/petlibro-dockstream-cordless/","http-variant","","0","false","","UNMEASURED","null","[]","","","[]",""
"https://www.pfotentechnik.de/produkt/petlibro-dockstream-cordless/","www-variant","","0","false","","UNMEASURED","null","[]","","","[]",""
"http://www.pfotentechnik.de/produkt/petlibro-dockstream-cordless/","http-www-variant","","0","false","","UNMEASURED","null","[]","","","[]",""
"https://pfotentechnik.de/produkt/petlibro-dockstream-cordless","slash-variant","","0","false","","UNMEASURED","null","[]","","","[]",""
"http://pfotentechnik.de/produkt/petlibro-dockstream-cordless","http-slash-variant","","0","false","","UNMEASURED","null","[]","","","[]",""
"https://www.pfotentechnik.de/produkt/petlibro-dockstream-cordless","www-slash-variant","","0","false","","UNMEASURED","null","[]","","","[]",""
"http://www.pfotentechnik.de/produkt/petlibro-dockstream-cordless","http-www-slash-variant","","0","false","","UNMEASURED","null","[]","","","[]",""
"http://pfotentechnik.de/produkt/petlibro-dockstream-rfid-smart/","http-variant","","0","false","","UNMEASURED","null","[]","","","[]",""
"https://www.pfotentechnik.de/produkt/petlibro-dockstream-rfid-smart/","www-variant","","0","false","","UNMEASURED","null","[]","","","[]",""
"http://www.pfotentechnik.de/produkt/petlibro-dockstream-rfid-smart/","http-www-variant","","0","false","","UNMEASURED","null","[]","","","[]",""
"https://pfotentechnik.de/produkt/petlibro-dockstream-rfid-smart","slash-variant","","0","false","","UNMEASURED","null","[]","","","[]",""
"http://pfotentechnik.de/produkt/petlibro-dockstream-rfid-smart","http-slash-variant","","0","false","","UNMEASURED","null","[]","","","[]",""
"https://www.pfotentechnik.de/produkt/petlibro-dockstream-rfid-smart","www-slash-variant","","0","false","","UNMEASURED","null","[]","","","[]",""
"http://www.pfotentechnik.de/produkt/petlibro-dockstream-rfid-smart","http-www-slash-variant","","0","false","","UNMEASURED","null","[]","","","[]",""
"http://pfotentechnik.de/produkt/petlibro-glacier-ultrafiltration/","http-variant","","0","false","","UNMEASURED","null","[]","","","[]",""
"https://www.pfotentechnik.de/produkt/petlibro-glacier-ultrafiltration/","www-variant","","0","false","","UNMEASURED","null","[]","","","[]",""
"http://www.pfotentechnik.de/produkt/petlibro-glacier-ultrafiltration/","http-www-variant","","0","false","","UNMEASURED","null","[]","","","[]",""
"https://pfotentechnik.de/produkt/petlibro-glacier-ultrafiltration","slash-variant","","0","false","","UNMEASURED","null","[]","","","[]",""
"http://pfotentechnik.de/produkt/petlibro-glacier-ultrafiltration","http-slash-variant","","0","false","","UNMEASURED","null","[]","","","[]",""
"https://www.pfotentechnik.de/produkt/petlibro-glacier-ultrafiltration","www-slash-variant","","0","false","","UNMEASURED","null","[]","","","[]",""
"http://www.pfotentechnik.de/produkt/petlibro-glacier-ultrafiltration","http-www-slash-variant","","0","false","","UNMEASURED","null","[]","","","[]",""
"http://pfotentechnik.de/produkt/petlibro-granary-2-vision/","http-variant","","0","false","","UNMEASURED","null","[]","","","[]",""
"https://www.pfotentechnik.de/produkt/petlibro-granary-2-vision/","www-variant","","0","false","","UNMEASURED","null","[]","","","[]",""
"http://www.pfotentechnik.de/produkt/petlibro-granary-2-vision/","http-www-variant","","0","false","","UNMEASURED","null","[]","","","[]",""
"https://pfotentechnik.de/produkt/petlibro-granary-2-vision","slash-variant","","0","false","","UNMEASURED","null","[]","","","[]",""
"http://pfotentechnik.de/produkt/petlibro-granary-2-vision","http-slash-variant","","0","false","","UNMEASURED","null","[]","","","[]",""
"https://www.pfotentechnik.de/produkt/petlibro-granary-2-vision","www-slash-variant","","0","false","","UNMEASURED","null","[]","","","[]",""
"http://www.pfotentechnik.de/produkt/petlibro-granary-2-vision","http-www-slash-variant","","0","false","","UNMEASURED","null","[]","","","[]",""
"http://pfotentechnik.de/produkt/petlibro-granary-camera-feeder/","http-variant","","0","false","","UNMEASURED","null","[]","","","[]",""
"https://www.pfotentechnik.de/produkt/petlibro-granary-camera-feeder/","www-variant","","0","false","","UNMEASURED","null","[]","","","[]",""
"http://www.pfotentechnik.de/produkt/petlibro-granary-camera-feeder/","http-www-variant","","0","false","","UNMEASURED","null","[]","","","[]",""
"https://pfotentechnik.de/produkt/petlibro-granary-camera-feeder","slash-variant","","0","false","","UNMEASURED","null","[]","","","[]",""
"http://pfotentechnik.de/produkt/petlibro-granary-camera-feeder","http-slash-variant","","0","false","","UNMEASURED","null","[]","","","[]",""
"https://www.pfotentechnik.de/produkt/petlibro-granary-camera-feeder","www-slash-variant","","0","false","","UNMEASURED","null","[]","","","[]",""
"http://www.pfotentechnik.de/produkt/petlibro-granary-camera-feeder","http-www-slash-variant","","0","false","","UNMEASURED","null","[]","","","[]",""
"http://pfotentechnik.de/produkt/petlibro-granary-dual-feeder/","http-variant","","0","false","","UNMEASURED","null","[]","","","[]",""
"https://www.pfotentechnik.de/produkt/petlibro-granary-dual-feeder/","www-variant","","0","false","","UNMEASURED","null","[]","","","[]",""
"http://www.pfotentechnik.de/produkt/petlibro-granary-dual-feeder/","http-www-variant","","0","false","","UNMEASURED","null","[]","","","[]",""
"https://pfotentechnik.de/produkt/petlibro-granary-dual-feeder","slash-variant","","0","false","","UNMEASURED","null","[]","","","[]",""
"http://pfotentechnik.de/produkt/petlibro-granary-dual-feeder","http-slash-variant","","0","false","","UNMEASURED","null","[]","","","[]",""
"https://www.pfotentechnik.de/produkt/petlibro-granary-dual-feeder","www-slash-variant","","0","false","","UNMEASURED","null","[]","","","[]",""
"http://www.pfotentechnik.de/produkt/petlibro-granary-dual-feeder","http-www-slash-variant","","0","false","","UNMEASURED","null","[]","","","[]",""
"http://pfotentechnik.de/produkt/petlibro-granary-wifi-feeder/","http-variant","","0","false","","UNMEASURED","null","[]","","","[]",""
"https://www.pfotentechnik.de/produkt/petlibro-granary-wifi-feeder/","www-variant","","0","false","","UNMEASURED","null","[]","","","[]",""
"http://www.pfotentechnik.de/produkt/petlibro-granary-wifi-feeder/","http-www-variant","","0","false","","UNMEASURED","null","[]","","","[]",""
"https://pfotentechnik.de/produkt/petlibro-granary-wifi-feeder","slash-variant","","0","false","","UNMEASURED","null","[]","","","[]",""
"http://pfotentechnik.de/produkt/petlibro-granary-wifi-feeder","http-slash-variant","","0","false","","UNMEASURED","null","[]","","","[]",""
"https://www.pfotentechnik.de/produkt/petlibro-granary-wifi-feeder","www-slash-variant","","0","false","","UNMEASURED","null","[]","","","[]",""
"http://www.pfotentechnik.de/produkt/petlibro-granary-wifi-feeder","http-www-slash-variant","","0","false","","UNMEASURED","null","[]","","","[]",""
"http://pfotentechnik.de/produkt/petlibro-luma-smart-litter-box/","http-variant","","0","false","","UNMEASURED","null","[]","","","[]",""
"https://www.pfotentechnik.de/produkt/petlibro-luma-smart-litter-box/","www-variant","","0","false","","UNMEASURED","null","[]","","","[]",""
"http://www.pfotentechnik.de/produkt/petlibro-luma-smart-litter-box/","http-www-variant","","0","false","","UNMEASURED","null","[]","","","[]",""
"https://pfotentechnik.de/produkt/petlibro-luma-smart-litter-box","slash-variant","","0","false","","UNMEASURED","null","[]","","","[]",""
"http://pfotentechnik.de/produkt/petlibro-luma-smart-litter-box","http-slash-variant","","0","false","","UNMEASURED","null","[]","","","[]",""
"https://www.pfotentechnik.de/produkt/petlibro-luma-smart-litter-box","www-slash-variant","","0","false","","UNMEASURED","null","[]","","","[]",""
"http://www.pfotentechnik.de/produkt/petlibro-luma-smart-litter-box","http-www-slash-variant","","0","false","","UNMEASURED","null","[]","","","[]",""
"http://pfotentechnik.de/produkt/petlibro-one-rfid-smart-feeder/","http-variant","","0","false","","UNMEASURED","null","[]","","","[]",""
"https://www.pfotentechnik.de/produkt/petlibro-one-rfid-smart-feeder/","www-variant","","0","false","","UNMEASURED","null","[]","","","[]",""
"http://www.pfotentechnik.de/produkt/petlibro-one-rfid-smart-feeder/","http-www-variant","","0","false","","UNMEASURED","null","[]","","","[]",""
"https://pfotentechnik.de/produkt/petlibro-one-rfid-smart-feeder","slash-variant","","0","false","","UNMEASURED","null","[]","","","[]",""
"http://pfotentechnik.de/produkt/petlibro-one-rfid-smart-feeder","http-slash-variant","","0","false","","UNMEASURED","null","[]","","","[]",""
"https://www.pfotentechnik.de/produkt/petlibro-one-rfid-smart-feeder","www-slash-variant","","0","false","","UNMEASURED","null","[]","","","[]",""
"http://www.pfotentechnik.de/produkt/petlibro-one-rfid-smart-feeder","http-www-slash-variant","","0","false","","UNMEASURED","null","[]","","","[]",""
"http://pfotentechnik.de/produkt/petlibro-polar-wet-food-feeder/","http-variant","","0","false","","UNMEASURED","null","[]","","","[]",""
"https://www.pfotentechnik.de/produkt/petlibro-polar-wet-food-feeder/","www-variant","","0","false","","UNMEASURED","null","[]","","","[]",""
"http://www.pfotentechnik.de/produkt/petlibro-polar-wet-food-feeder/","http-www-variant","","0","false","","UNMEASURED","null","[]","","","[]",""
"https://pfotentechnik.de/produkt/petlibro-polar-wet-food-feeder","slash-variant","","0","false","","UNMEASURED","null","[]","","","[]",""
"http://pfotentechnik.de/produkt/petlibro-polar-wet-food-feeder","http-slash-variant","","0","false","","UNMEASURED","null","[]","","","[]",""
"https://www.pfotentechnik.de/produkt/petlibro-polar-wet-food-feeder","www-slash-variant","","0","false","","UNMEASURED","null","[]","","","[]",""
"http://www.pfotentechnik.de/produkt/petlibro-polar-wet-food-feeder","http-www-slash-variant","","0","false","","UNMEASURED","null","[]","","","[]",""
"http://pfotentechnik.de/produkt/petlibro-scout-smart-camera/","http-variant","","0","false","","UNMEASURED","null","[]","","","[]",""
"https://www.pfotentechnik.de/produkt/petlibro-scout-smart-camera/","www-variant","","0","false","","UNMEASURED","null","[]","","","[]",""
"http://www.pfotentechnik.de/produkt/petlibro-scout-smart-camera/","http-www-variant","","0","false","","UNMEASURED","null","[]","","","[]",""
"https://pfotentechnik.de/produkt/petlibro-scout-smart-camera","slash-variant","","0","false","","UNMEASURED","null","[]","","","[]",""
"http://pfotentechnik.de/produkt/petlibro-scout-smart-camera","http-slash-variant","","0","false","","UNMEASURED","null","[]","","","[]",""
"https://www.pfotentechnik.de/produkt/petlibro-scout-smart-camera","www-slash-variant","","0","false","","UNMEASURED","null","[]","","","[]",""
"http://www.pfotentechnik.de/produkt/petlibro-scout-smart-camera","http-www-slash-variant","","0","false","","UNMEASURED","null","[]","","","[]",""
"http://pfotentechnik.de/produkt/petlibro-space-smart-feeder/","http-variant","","0","false","","UNMEASURED","null","[]","","","[]",""
"https://www.pfotentechnik.de/produkt/petlibro-space-smart-feeder/","www-variant","","0","false","","UNMEASURED","null","[]","","","[]",""
"http://www.pfotentechnik.de/produkt/petlibro-space-smart-feeder/","http-www-variant","","0","false","","UNMEASURED","null","[]","","","[]",""
"https://pfotentechnik.de/produkt/petlibro-space-smart-feeder","slash-variant","","0","false","","UNMEASURED","null","[]","","","[]",""
"http://pfotentechnik.de/produkt/petlibro-space-smart-feeder","http-slash-variant","","0","false","","UNMEASURED","null","[]","","","[]",""
"https://www.pfotentechnik.de/produkt/petlibro-space-smart-feeder","www-slash-variant","","0","false","","UNMEASURED","null","[]","","","[]",""
"http://www.pfotentechnik.de/produkt/petlibro-space-smart-feeder","http-www-slash-variant","","0","false","","UNMEASURED","null","[]","","","[]",""
"http://pfotentechnik.de/produkt/petlibro-stainless-steel-fountain/","http-variant","","0","false","","UNMEASURED","null","[]","","","[]",""
"https://www.pfotentechnik.de/produkt/petlibro-stainless-steel-fountain/","www-variant","","0","false","","UNMEASURED","null","[]","","","[]",""
"http://www.pfotentechnik.de/produkt/petlibro-stainless-steel-fountain/","http-www-variant","","0","false","","UNMEASURED","null","[]","","","[]",""
"https://pfotentechnik.de/produkt/petlibro-stainless-steel-fountain","slash-variant","","0","false","","UNMEASURED","null","[]","","","[]",""
"http://pfotentechnik.de/produkt/petlibro-stainless-steel-fountain","http-slash-variant","","0","false","","UNMEASURED","null","[]","","","[]",""
"https://www.pfotentechnik.de/produkt/petlibro-stainless-steel-fountain","www-slash-variant","","0","false","","UNMEASURED","null","[]","","","[]",""
"http://www.pfotentechnik.de/produkt/petlibro-stainless-steel-fountain","http-www-slash-variant","","0","false","","UNMEASURED","null","[]","","","[]",""
"http://pfotentechnik.de/produkt/petsafe-freshfeed-refrigerated-feeder/","http-variant","","0","false","","UNMEASURED","null","[]","","","[]",""
"https://www.pfotentechnik.de/produkt/petsafe-freshfeed-refrigerated-feeder/","www-variant","","0","false","","UNMEASURED","null","[]","","","[]",""
"http://www.pfotentechnik.de/produkt/petsafe-freshfeed-refrigerated-feeder/","http-www-variant","","0","false","","UNMEASURED","null","[]","","","[]",""
"https://pfotentechnik.de/produkt/petsafe-freshfeed-refrigerated-feeder","slash-variant","","0","false","","UNMEASURED","null","[]","","","[]",""
"http://pfotentechnik.de/produkt/petsafe-freshfeed-refrigerated-feeder","http-slash-variant","","0","false","","UNMEASURED","null","[]","","","[]",""
"https://www.pfotentechnik.de/produkt/petsafe-freshfeed-refrigerated-feeder","www-slash-variant","","0","false","","UNMEASURED","null","[]","","","[]",""
"http://www.pfotentechnik.de/produkt/petsafe-freshfeed-refrigerated-feeder","http-www-slash-variant","","0","false","","UNMEASURED","null","[]","","","[]",""
"http://pfotentechnik.de/produkt/petsafe-healthy-pet-simply-feed/","http-variant","","0","false","","UNMEASURED","null","[]","","","[]",""
"https://www.pfotentechnik.de/produkt/petsafe-healthy-pet-simply-feed/","www-variant","","0","false","","UNMEASURED","null","[]","","","[]",""
"http://www.pfotentechnik.de/produkt/petsafe-healthy-pet-simply-feed/","http-www-variant","","0","false","","UNMEASURED","null","[]","","","[]",""
"https://pfotentechnik.de/produkt/petsafe-healthy-pet-simply-feed","slash-variant","","0","false","","UNMEASURED","null","[]","","","[]",""
"http://pfotentechnik.de/produkt/petsafe-healthy-pet-simply-feed","http-slash-variant","","0","false","","UNMEASURED","null","[]","","","[]",""
"https://www.pfotentechnik.de/produkt/petsafe-healthy-pet-simply-feed","www-slash-variant","","0","false","","UNMEASURED","null","[]","","","[]",""
"http://www.pfotentechnik.de/produkt/petsafe-healthy-pet-simply-feed","http-www-slash-variant","","0","false","","UNMEASURED","null","[]","","","[]",""
"http://pfotentechnik.de/produkt/petsafe-mikrochip-katzenklappe/","http-variant","","0","false","","UNMEASURED","null","[]","","","[]",""
"https://www.pfotentechnik.de/produkt/petsafe-mikrochip-katzenklappe/","www-variant","","0","false","","UNMEASURED","null","[]","","","[]",""
"http://www.pfotentechnik.de/produkt/petsafe-mikrochip-katzenklappe/","http-www-variant","","0","false","","UNMEASURED","null","[]","","","[]",""
"https://pfotentechnik.de/produkt/petsafe-mikrochip-katzenklappe","slash-variant","","0","false","","UNMEASURED","null","[]","","","[]",""
"http://pfotentechnik.de/produkt/petsafe-mikrochip-katzenklappe","http-slash-variant","","0","false","","UNMEASURED","null","[]","","","[]",""
"https://www.pfotentechnik.de/produkt/petsafe-mikrochip-katzenklappe","www-slash-variant","","0","false","","UNMEASURED","null","[]","","","[]",""
"http://www.pfotentechnik.de/produkt/petsafe-mikrochip-katzenklappe","http-www-slash-variant","","0","false","","UNMEASURED","null","[]","","","[]",""
"http://pfotentechnik.de/produkt/petsafe-petporte-smart-flap/","http-variant","","0","false","","UNMEASURED","null","[]","","","[]",""
"https://www.pfotentechnik.de/produkt/petsafe-petporte-smart-flap/","www-variant","","0","false","","UNMEASURED","null","[]","","","[]",""
"http://www.pfotentechnik.de/produkt/petsafe-petporte-smart-flap/","http-www-variant","","0","false","","UNMEASURED","null","[]","","","[]",""
"https://pfotentechnik.de/produkt/petsafe-petporte-smart-flap","slash-variant","","0","false","","UNMEASURED","null","[]","","","[]",""
"http://pfotentechnik.de/produkt/petsafe-petporte-smart-flap","http-slash-variant","","0","false","","UNMEASURED","null","[]","","","[]",""
"https://www.pfotentechnik.de/produkt/petsafe-petporte-smart-flap","www-slash-variant","","0","false","","UNMEASURED","null","[]","","","[]",""
"http://www.pfotentechnik.de/produkt/petsafe-petporte-smart-flap","http-www-slash-variant","","0","false","","UNMEASURED","null","[]","","","[]",""
"http://pfotentechnik.de/produkt/petsafe-smart-feed-2/","http-variant","","0","false","","UNMEASURED","null","[]","","","[]",""
"https://www.pfotentechnik.de/produkt/petsafe-smart-feed-2/","www-variant","","0","false","","UNMEASURED","null","[]","","","[]",""
"http://www.pfotentechnik.de/produkt/petsafe-smart-feed-2/","http-www-variant","","0","false","","UNMEASURED","null","[]","","","[]",""
"https://pfotentechnik.de/produkt/petsafe-smart-feed-2","slash-variant","","0","false","","UNMEASURED","null","[]","","","[]",""
"http://pfotentechnik.de/produkt/petsafe-smart-feed-2","http-slash-variant","","0","false","","UNMEASURED","null","[]","","","[]",""
"https://www.pfotentechnik.de/produkt/petsafe-smart-feed-2","www-slash-variant","","0","false","","UNMEASURED","null","[]","","","[]",""
"http://www.pfotentechnik.de/produkt/petsafe-smart-feed-2","http-www-slash-variant","","0","false","","UNMEASURED","null","[]","","","[]",""
"http://pfotentechnik.de/produkt/petsafe-streamside-trinkbrunnen/","http-variant","","0","false","","UNMEASURED","null","[]","","","[]",""
"https://www.pfotentechnik.de/produkt/petsafe-streamside-trinkbrunnen/","www-variant","","0","false","","UNMEASURED","null","[]","","","[]",""
"http://www.pfotentechnik.de/produkt/petsafe-streamside-trinkbrunnen/","http-www-variant","","0","false","","UNMEASURED","null","[]","","","[]",""
"https://pfotentechnik.de/produkt/petsafe-streamside-trinkbrunnen","slash-variant","","0","false","","UNMEASURED","null","[]","","","[]",""
"http://pfotentechnik.de/produkt/petsafe-streamside-trinkbrunnen","http-slash-variant","","0","false","","UNMEASURED","null","[]","","","[]",""
"https://www.pfotentechnik.de/produkt/petsafe-streamside-trinkbrunnen","www-slash-variant","","0","false","","UNMEASURED","null","[]","","","[]",""
"http://www.pfotentechnik.de/produkt/petsafe-streamside-trinkbrunnen","http-www-slash-variant","","0","false","","UNMEASURED","null","[]","","","[]",""
"http://pfotentechnik.de/produkt/petsnowy-snow-plus/","http-variant","","0","false","","UNMEASURED","null","[]","","","[]",""
"https://www.pfotentechnik.de/produkt/petsnowy-snow-plus/","www-variant","","0","false","","UNMEASURED","null","[]","","","[]",""
"http://www.pfotentechnik.de/produkt/petsnowy-snow-plus/","http-www-variant","","0","false","","UNMEASURED","null","[]","","","[]",""
"https://pfotentechnik.de/produkt/petsnowy-snow-plus","slash-variant","","0","false","","UNMEASURED","null","[]","","","[]",""
"http://pfotentechnik.de/produkt/petsnowy-snow-plus","http-slash-variant","","0","false","","UNMEASURED","null","[]","","","[]",""
"https://www.pfotentechnik.de/produkt/petsnowy-snow-plus","www-slash-variant","","0","false","","UNMEASURED","null","[]","","","[]",""
"http://www.pfotentechnik.de/produkt/petsnowy-snow-plus","http-www-slash-variant","","0","false","","UNMEASURED","null","[]","","","[]",""
"http://pfotentechnik.de/produkt/pettec-cam-360/","http-variant","","0","false","","UNMEASURED","null","[]","","","[]",""
"https://www.pfotentechnik.de/produkt/pettec-cam-360/","www-variant","","0","false","","UNMEASURED","null","[]","","","[]",""
"http://www.pfotentechnik.de/produkt/pettec-cam-360/","http-www-variant","","0","false","","UNMEASURED","null","[]","","","[]",""
"https://pfotentechnik.de/produkt/pettec-cam-360","slash-variant","","0","false","","UNMEASURED","null","[]","","","[]",""
"http://pfotentechnik.de/produkt/pettec-cam-360","http-slash-variant","","0","false","","UNMEASURED","null","[]","","","[]",""
"https://www.pfotentechnik.de/produkt/pettec-cam-360","www-slash-variant","","0","false","","UNMEASURED","null","[]","","","[]",""
"http://www.pfotentechnik.de/produkt/pettec-cam-360","http-www-slash-variant","","0","false","","UNMEASURED","null","[]","","","[]",""
"http://pfotentechnik.de/produkt/petwalk-medium-tiertuer/","http-variant","","0","false","","UNMEASURED","null","[]","","","[]",""
"https://www.pfotentechnik.de/produkt/petwalk-medium-tiertuer/","www-variant","","0","false","","UNMEASURED","null","[]","","","[]",""
"http://www.pfotentechnik.de/produkt/petwalk-medium-tiertuer/","http-www-variant","","0","false","","UNMEASURED","null","[]","","","[]",""
"https://pfotentechnik.de/produkt/petwalk-medium-tiertuer","slash-variant","","0","false","","UNMEASURED","null","[]","","","[]",""
"http://pfotentechnik.de/produkt/petwalk-medium-tiertuer","http-slash-variant","","0","false","","UNMEASURED","null","[]","","","[]",""
"https://www.pfotentechnik.de/produkt/petwalk-medium-tiertuer","www-slash-variant","","0","false","","UNMEASURED","null","[]","","","[]",""
"http://www.pfotentechnik.de/produkt/petwalk-medium-tiertuer","http-www-slash-variant","","0","false","","UNMEASURED","null","[]","","","[]",""
"http://pfotentechnik.de/produkt/prothelis-area-pets/","http-variant","","0","false","","UNMEASURED","null","[]","","","[]",""
"https://www.pfotentechnik.de/produkt/prothelis-area-pets/","www-variant","","0","false","","UNMEASURED","null","[]","","","[]",""
"http://www.pfotentechnik.de/produkt/prothelis-area-pets/","http-www-variant","","0","false","","UNMEASURED","null","[]","","","[]",""
"https://pfotentechnik.de/produkt/prothelis-area-pets","slash-variant","","0","false","","UNMEASURED","null","[]","","","[]",""
"http://pfotentechnik.de/produkt/prothelis-area-pets","http-slash-variant","","0","false","","UNMEASURED","null","[]","","","[]",""
"https://www.pfotentechnik.de/produkt/prothelis-area-pets","www-slash-variant","","0","false","","UNMEASURED","null","[]","","","[]",""
"http://www.pfotentechnik.de/produkt/prothelis-area-pets","http-www-slash-variant","","0","false","","UNMEASURED","null","[]","","","[]",""
"http://pfotentechnik.de/produkt/reolink-e1-zoom/","http-variant","","0","false","","UNMEASURED","null","[]","","","[]",""
"https://www.pfotentechnik.de/produkt/reolink-e1-zoom/","www-variant","","0","false","","UNMEASURED","null","[]","","","[]",""
"http://www.pfotentechnik.de/produkt/reolink-e1-zoom/","http-www-variant","","0","false","","UNMEASURED","null","[]","","","[]",""
"https://pfotentechnik.de/produkt/reolink-e1-zoom","slash-variant","","0","false","","UNMEASURED","null","[]","","","[]",""
"http://pfotentechnik.de/produkt/reolink-e1-zoom","http-slash-variant","","0","false","","UNMEASURED","null","[]","","","[]",""
"https://www.pfotentechnik.de/produkt/reolink-e1-zoom","www-slash-variant","","0","false","","UNMEASURED","null","[]","","","[]",""
"http://www.pfotentechnik.de/produkt/reolink-e1-zoom","http-www-slash-variant","","0","false","","UNMEASURED","null","[]","","","[]",""
"http://pfotentechnik.de/produkt/surefeed-microchip-pet-feeder/","http-variant","","0","false","","UNMEASURED","null","[]","","","[]",""
"https://www.pfotentechnik.de/produkt/surefeed-microchip-pet-feeder/","www-variant","","0","false","","UNMEASURED","null","[]","","","[]",""
"http://www.pfotentechnik.de/produkt/surefeed-microchip-pet-feeder/","http-www-variant","","0","false","","UNMEASURED","null","[]","","","[]",""
"https://pfotentechnik.de/produkt/surefeed-microchip-pet-feeder","slash-variant","","0","false","","UNMEASURED","null","[]","","","[]",""
"http://pfotentechnik.de/produkt/surefeed-microchip-pet-feeder","http-slash-variant","","0","false","","UNMEASURED","null","[]","","","[]",""
"https://www.pfotentechnik.de/produkt/surefeed-microchip-pet-feeder","www-slash-variant","","0","false","","UNMEASURED","null","[]","","","[]",""
"http://www.pfotentechnik.de/produkt/surefeed-microchip-pet-feeder","http-www-slash-variant","","0","false","","UNMEASURED","null","[]","","","[]",""
"http://pfotentechnik.de/produkt/surefeed-microchip-pet-feeder-connect/","http-variant","","0","false","","UNMEASURED","null","[]","","","[]",""
"https://www.pfotentechnik.de/produkt/surefeed-microchip-pet-feeder-connect/","www-variant","","0","false","","UNMEASURED","null","[]","","","[]",""
"http://www.pfotentechnik.de/produkt/surefeed-microchip-pet-feeder-connect/","http-www-variant","","0","false","","UNMEASURED","null","[]","","","[]",""
"https://pfotentechnik.de/produkt/surefeed-microchip-pet-feeder-connect","slash-variant","","0","false","","UNMEASURED","null","[]","","","[]",""
"http://pfotentechnik.de/produkt/surefeed-microchip-pet-feeder-connect","http-slash-variant","","0","false","","UNMEASURED","null","[]","","","[]",""
"https://www.pfotentechnik.de/produkt/surefeed-microchip-pet-feeder-connect","www-slash-variant","","0","false","","UNMEASURED","null","[]","","","[]",""
"http://www.pfotentechnik.de/produkt/surefeed-microchip-pet-feeder-connect","http-www-slash-variant","","0","false","","UNMEASURED","null","[]","","","[]",""
"http://pfotentechnik.de/produkt/sureflap-dualscan-mikrochip-katzenklappe/","http-variant","","0","false","","UNMEASURED","null","[]","","","[]",""
"https://www.pfotentechnik.de/produkt/sureflap-dualscan-mikrochip-katzenklappe/","www-variant","","0","false","","UNMEASURED","null","[]","","","[]",""
"http://www.pfotentechnik.de/produkt/sureflap-dualscan-mikrochip-katzenklappe/","http-www-variant","","0","false","","UNMEASURED","null","[]","","","[]",""
"https://pfotentechnik.de/produkt/sureflap-dualscan-mikrochip-katzenklappe","slash-variant","","0","false","","UNMEASURED","null","[]","","","[]",""
"http://pfotentechnik.de/produkt/sureflap-dualscan-mikrochip-katzenklappe","http-slash-variant","","0","false","","UNMEASURED","null","[]","","","[]",""
"https://www.pfotentechnik.de/produkt/sureflap-dualscan-mikrochip-katzenklappe","www-slash-variant","","0","false","","UNMEASURED","null","[]","","","[]",""
"http://www.pfotentechnik.de/produkt/sureflap-dualscan-mikrochip-katzenklappe","http-www-slash-variant","","0","false","","UNMEASURED","null","[]","","","[]",""
"http://pfotentechnik.de/produkt/sureflap-mikrochip-katzenklappe/","http-variant","","0","false","","UNMEASURED","null","[]","","","[]",""
"https://www.pfotentechnik.de/produkt/sureflap-mikrochip-katzenklappe/","www-variant","","0","false","","UNMEASURED","null","[]","","","[]",""
"http://www.pfotentechnik.de/produkt/sureflap-mikrochip-katzenklappe/","http-www-variant","","0","false","","UNMEASURED","null","[]","","","[]",""
"https://pfotentechnik.de/produkt/sureflap-mikrochip-katzenklappe","slash-variant","","0","false","","UNMEASURED","null","[]","","","[]",""
"http://pfotentechnik.de/produkt/sureflap-mikrochip-katzenklappe","http-slash-variant","","0","false","","UNMEASURED","null","[]","","","[]",""
"https://www.pfotentechnik.de/produkt/sureflap-mikrochip-katzenklappe","www-slash-variant","","0","false","","UNMEASURED","null","[]","","","[]",""
"http://www.pfotentechnik.de/produkt/sureflap-mikrochip-katzenklappe","http-www-slash-variant","","0","false","","UNMEASURED","null","[]","","","[]",""
"http://pfotentechnik.de/produkt/sureflap-mikrochip-katzenklappe-connect/","http-variant","","0","false","","UNMEASURED","null","[]","","","[]",""
"https://www.pfotentechnik.de/produkt/sureflap-mikrochip-katzenklappe-connect/","www-variant","","0","false","","UNMEASURED","null","[]","","","[]",""
"http://www.pfotentechnik.de/produkt/sureflap-mikrochip-katzenklappe-connect/","http-www-variant","","0","false","","UNMEASURED","null","[]","","","[]",""
"https://pfotentechnik.de/produkt/sureflap-mikrochip-katzenklappe-connect","slash-variant","","0","false","","UNMEASURED","null","[]","","","[]",""
"http://pfotentechnik.de/produkt/sureflap-mikrochip-katzenklappe-connect","http-slash-variant","","0","false","","UNMEASURED","null","[]","","","[]",""
"https://www.pfotentechnik.de/produkt/sureflap-mikrochip-katzenklappe-connect","www-slash-variant","","0","false","","UNMEASURED","null","[]","","","[]",""
"http://www.pfotentechnik.de/produkt/sureflap-mikrochip-katzenklappe-connect","http-www-slash-variant","","0","false","","UNMEASURED","null","[]","","","[]",""
"http://pfotentechnik.de/produkt/tractive-cat-6-mini/","http-variant","","0","false","","UNMEASURED","null","[]","","","[]",""
"https://www.pfotentechnik.de/produkt/tractive-cat-6-mini/","www-variant","","0","false","","UNMEASURED","null","[]","","","[]",""
"http://www.pfotentechnik.de/produkt/tractive-cat-6-mini/","http-www-variant","","0","false","","UNMEASURED","null","[]","","","[]",""
"https://pfotentechnik.de/produkt/tractive-cat-6-mini","slash-variant","","0","false","","UNMEASURED","null","[]","","","[]",""
"http://pfotentechnik.de/produkt/tractive-cat-6-mini","http-slash-variant","","0","false","","UNMEASURED","null","[]","","","[]",""
"https://www.pfotentechnik.de/produkt/tractive-cat-6-mini","www-slash-variant","","0","false","","UNMEASURED","null","[]","","","[]",""
"http://www.pfotentechnik.de/produkt/tractive-cat-6-mini","http-www-slash-variant","","0","false","","UNMEASURED","null","[]","","","[]",""
"http://pfotentechnik.de/produkt/tractive-dog-6/","http-variant","","0","false","","UNMEASURED","null","[]","","","[]",""
"https://www.pfotentechnik.de/produkt/tractive-dog-6/","www-variant","","0","false","","UNMEASURED","null","[]","","","[]",""
"http://www.pfotentechnik.de/produkt/tractive-dog-6/","http-www-variant","","0","false","","UNMEASURED","null","[]","","","[]",""
"https://pfotentechnik.de/produkt/tractive-dog-6","slash-variant","","0","false","","UNMEASURED","null","[]","","","[]",""
"http://pfotentechnik.de/produkt/tractive-dog-6","http-slash-variant","","0","false","","UNMEASURED","null","[]","","","[]",""
"https://www.pfotentechnik.de/produkt/tractive-dog-6","www-slash-variant","","0","false","","UNMEASURED","null","[]","","","[]",""
"http://www.pfotentechnik.de/produkt/tractive-dog-6","http-www-slash-variant","","0","false","","UNMEASURED","null","[]","","","[]",""
"http://pfotentechnik.de/produkt/tractive-dog-6-xl/","http-variant","","0","false","","UNMEASURED","null","[]","","","[]",""
"https://www.pfotentechnik.de/produkt/tractive-dog-6-xl/","www-variant","","0","false","","UNMEASURED","null","[]","","","[]",""
"http://www.pfotentechnik.de/produkt/tractive-dog-6-xl/","http-www-variant","","0","false","","UNMEASURED","null","[]","","","[]",""
"https://pfotentechnik.de/produkt/tractive-dog-6-xl","slash-variant","","0","false","","UNMEASURED","null","[]","","","[]",""
"http://pfotentechnik.de/produkt/tractive-dog-6-xl","http-slash-variant","","0","false","","UNMEASURED","null","[]","","","[]",""
"https://www.pfotentechnik.de/produkt/tractive-dog-6-xl","www-slash-variant","","0","false","","UNMEASURED","null","[]","","","[]",""
"http://www.pfotentechnik.de/produkt/tractive-dog-6-xl","http-www-slash-variant","","0","false","","UNMEASURED","null","[]","","","[]",""
"http://pfotentechnik.de/produkt/weenect-xs/","http-variant","","0","false","","UNMEASURED","null","[]","","","[]",""
"https://www.pfotentechnik.de/produkt/weenect-xs/","www-variant","","0","false","","UNMEASURED","null","[]","","","[]",""
"http://www.pfotentechnik.de/produkt/weenect-xs/","http-www-variant","","0","false","","UNMEASURED","null","[]","","","[]",""
"https://pfotentechnik.de/produkt/weenect-xs","slash-variant","","0","false","","UNMEASURED","null","[]","","","[]",""
"http://pfotentechnik.de/produkt/weenect-xs","http-slash-variant","","0","false","","UNMEASURED","null","[]","","","[]",""
"https://www.pfotentechnik.de/produkt/weenect-xs","www-slash-variant","","0","false","","UNMEASURED","null","[]","","","[]",""
"http://www.pfotentechnik.de/produkt/weenect-xs","http-www-slash-variant","","0","false","","UNMEASURED","null","[]","","","[]",""
"http://pfotentechnik.de/produkt/weenect-xt/","http-variant","","0","false","","UNMEASURED","null","[]","","","[]",""
"https://www.pfotentechnik.de/produkt/weenect-xt/","www-variant","","0","false","","UNMEASURED","null","[]","","","[]",""
"http://www.pfotentechnik.de/produkt/weenect-xt/","http-www-variant","","0","false","","UNMEASURED","null","[]","","","[]",""
"https://pfotentechnik.de/produkt/weenect-xt","slash-variant","","0","false","","UNMEASURED","null","[]","","","[]",""
"http://pfotentechnik.de/produkt/weenect-xt","http-slash-variant","","0","false","","UNMEASURED","null","[]","","","[]",""
"https://www.pfotentechnik.de/produkt/weenect-xt","www-slash-variant","","0","false","","UNMEASURED","null","[]","","","[]",""
"http://www.pfotentechnik.de/produkt/weenect-xt","http-www-slash-variant","","0","false","","UNMEASURED","null","[]","","","[]",""
"http://pfotentechnik.de/produkt/wopet-cube-air-ca10/","http-variant","","0","false","","UNMEASURED","null","[]","","","[]",""
"https://www.pfotentechnik.de/produkt/wopet-cube-air-ca10/","www-variant","","0","false","","UNMEASURED","null","[]","","","[]",""
"http://www.pfotentechnik.de/produkt/wopet-cube-air-ca10/","http-www-variant","","0","false","","UNMEASURED","null","[]","","","[]",""
"https://pfotentechnik.de/produkt/wopet-cube-air-ca10","slash-variant","","0","false","","UNMEASURED","null","[]","","","[]",""
"http://pfotentechnik.de/produkt/wopet-cube-air-ca10","http-slash-variant","","0","false","","UNMEASURED","null","[]","","","[]",""
"https://www.pfotentechnik.de/produkt/wopet-cube-air-ca10","www-slash-variant","","0","false","","UNMEASURED","null","[]","","","[]",""
"http://www.pfotentechnik.de/produkt/wopet-cube-air-ca10","http-www-slash-variant","","0","false","","UNMEASURED","null","[]","","","[]",""
"http://pfotentechnik.de/produkt/wopet-heritage-view-camera-feeder/","http-variant","","0","false","","UNMEASURED","null","[]","","","[]",""
"https://www.pfotentechnik.de/produkt/wopet-heritage-view-camera-feeder/","www-variant","","0","false","","UNMEASURED","null","[]","","","[]",""
"http://www.pfotentechnik.de/produkt/wopet-heritage-view-camera-feeder/","http-www-variant","","0","false","","UNMEASURED","null","[]","","","[]",""
"https://pfotentechnik.de/produkt/wopet-heritage-view-camera-feeder","slash-variant","","0","false","","UNMEASURED","null","[]","","","[]",""
"http://pfotentechnik.de/produkt/wopet-heritage-view-camera-feeder","http-slash-variant","","0","false","","UNMEASURED","null","[]","","","[]",""
"https://www.pfotentechnik.de/produkt/wopet-heritage-view-camera-feeder","www-slash-variant","","0","false","","UNMEASURED","null","[]","","","[]",""
"http://www.pfotentechnik.de/produkt/wopet-heritage-view-camera-feeder","http-www-slash-variant","","0","false","","UNMEASURED","null","[]","","","[]",""
"http://pfotentechnik.de/produkt/wopet-patrol-f07-pro/","http-variant","","0","false","","UNMEASURED","null","[]","","","[]",""
"https://www.pfotentechnik.de/produkt/wopet-patrol-f07-pro/","www-variant","","0","false","","UNMEASURED","null","[]","","","[]",""
"http://www.pfotentechnik.de/produkt/wopet-patrol-f07-pro/","http-www-variant","","0","false","","UNMEASURED","null","[]","","","[]",""
"https://pfotentechnik.de/produkt/wopet-patrol-f07-pro","slash-variant","","0","false","","UNMEASURED","null","[]","","","[]",""
"http://pfotentechnik.de/produkt/wopet-patrol-f07-pro","http-slash-variant","","0","false","","UNMEASURED","null","[]","","","[]",""
"https://www.pfotentechnik.de/produkt/wopet-patrol-f07-pro","www-slash-variant","","0","false","","UNMEASURED","null","[]","","","[]",""
"http://www.pfotentechnik.de/produkt/wopet-patrol-f07-pro","http-www-slash-variant","","0","false","","UNMEASURED","null","[]","","","[]",""
"http://pfotentechnik.de/produkt/wopet-pioneer-f01-plus/","http-variant","","0","false","","UNMEASURED","null","[]","","","[]",""
"https://www.pfotentechnik.de/produkt/wopet-pioneer-f01-plus/","www-variant","","0","false","","UNMEASURED","null","[]","","","[]",""
"http://www.pfotentechnik.de/produkt/wopet-pioneer-f01-plus/","http-www-variant","","0","false","","UNMEASURED","null","[]","","","[]",""
"https://pfotentechnik.de/produkt/wopet-pioneer-f01-plus","slash-variant","","0","false","","UNMEASURED","null","[]","","","[]",""
"http://pfotentechnik.de/produkt/wopet-pioneer-f01-plus","http-slash-variant","","0","false","","UNMEASURED","null","[]","","","[]",""
"https://www.pfotentechnik.de/produkt/wopet-pioneer-f01-plus","www-slash-variant","","0","false","","UNMEASURED","null","[]","","","[]",""
"http://www.pfotentechnik.de/produkt/wopet-pioneer-f01-plus","http-www-slash-variant","","0","false","","UNMEASURED","null","[]","","","[]",""
"http://pfotentechnik.de/produkt/xiaomi-smart-pet-food-feeder-2/","http-variant","","0","false","","UNMEASURED","null","[]","","","[]",""
"https://www.pfotentechnik.de/produkt/xiaomi-smart-pet-food-feeder-2/","www-variant","","0","false","","UNMEASURED","null","[]","","","[]",""
"http://www.pfotentechnik.de/produkt/xiaomi-smart-pet-food-feeder-2/","http-www-variant","","0","false","","UNMEASURED","null","[]","","","[]",""
"https://pfotentechnik.de/produkt/xiaomi-smart-pet-food-feeder-2","slash-variant","","0","false","","UNMEASURED","null","[]","","","[]",""
"http://pfotentechnik.de/produkt/xiaomi-smart-pet-food-feeder-2","http-slash-variant","","0","false","","UNMEASURED","null","[]","","","[]",""
"https://www.pfotentechnik.de/produkt/xiaomi-smart-pet-food-feeder-2","www-slash-variant","","0","false","","UNMEASURED","null","[]","","","[]",""
"http://www.pfotentechnik.de/produkt/xiaomi-smart-pet-food-feeder-2","http-www-slash-variant","","0","false","","UNMEASURED","null","[]","","","[]",""
"http://pfotentechnik.de/produkt/xiaomi-smart-pet-fountain-2/","http-variant","","0","false","","UNMEASURED","null","[]","","","[]",""
"https://www.pfotentechnik.de/produkt/xiaomi-smart-pet-fountain-2/","www-variant","","0","false","","UNMEASURED","null","[]","","","[]",""
"http://www.pfotentechnik.de/produkt/xiaomi-smart-pet-fountain-2/","http-www-variant","","0","false","","UNMEASURED","null","[]","","","[]",""
"https://pfotentechnik.de/produkt/xiaomi-smart-pet-fountain-2","slash-variant","","0","false","","UNMEASURED","null","[]","","","[]",""
"http://pfotentechnik.de/produkt/xiaomi-smart-pet-fountain-2","http-slash-variant","","0","false","","UNMEASURED","null","[]","","","[]",""
"https://www.pfotentechnik.de/produkt/xiaomi-smart-pet-fountain-2","www-slash-variant","","0","false","","UNMEASURED","null","[]","","","[]",""
"http://www.pfotentechnik.de/produkt/xiaomi-smart-pet-fountain-2","http-www-slash-variant","","0","false","","UNMEASURED","null","[]","","","[]",""
"http://pfotentechnik.de/produkt/zeromouse-2-0/","http-variant","","0","false","","UNMEASURED","null","[]","","","[]",""
"https://www.pfotentechnik.de/produkt/zeromouse-2-0/","www-variant","","0","false","","UNMEASURED","null","[]","","","[]",""
"http://www.pfotentechnik.de/produkt/zeromouse-2-0/","http-www-variant","","0","false","","UNMEASURED","null","[]","","","[]",""
"https://pfotentechnik.de/produkt/zeromouse-2-0","slash-variant","","0","false","","UNMEASURED","null","[]","","","[]",""
"http://pfotentechnik.de/produkt/zeromouse-2-0","http-slash-variant","","0","false","","UNMEASURED","null","[]","","","[]",""
"https://www.pfotentechnik.de/produkt/zeromouse-2-0","www-slash-variant","","0","false","","UNMEASURED","null","[]","","","[]",""
"http://www.pfotentechnik.de/produkt/zeromouse-2-0","http-www-slash-variant","","0","false","","UNMEASURED","null","[]","","","[]",""
"http://pfotentechnik.de/pumpe-katzentrinkbrunnen-reinigen/","http-variant","","0","false","","UNMEASURED","null","[]","","","[]",""
"https://www.pfotentechnik.de/pumpe-katzentrinkbrunnen-reinigen/","www-variant","","0","false","","UNMEASURED","null","[]","","","[]",""
"http://www.pfotentechnik.de/pumpe-katzentrinkbrunnen-reinigen/","http-www-variant","","0","false","","UNMEASURED","null","[]","","","[]",""
"https://pfotentechnik.de/pumpe-katzentrinkbrunnen-reinigen","slash-variant","","0","false","","UNMEASURED","null","[]","","","[]",""
"http://pfotentechnik.de/pumpe-katzentrinkbrunnen-reinigen","http-slash-variant","","0","false","","UNMEASURED","null","[]","","","[]",""
"https://www.pfotentechnik.de/pumpe-katzentrinkbrunnen-reinigen","www-slash-variant","","0","false","","UNMEASURED","null","[]","","","[]",""
"http://www.pfotentechnik.de/pumpe-katzentrinkbrunnen-reinigen","http-www-slash-variant","","0","false","","UNMEASURED","null","[]","","","[]",""
"http://pfotentechnik.de/redaktion/","http-variant","","0","false","","UNMEASURED","null","[]","","","[]",""
"https://www.pfotentechnik.de/redaktion/","www-variant","","0","false","","UNMEASURED","null","[]","","","[]",""
"http://www.pfotentechnik.de/redaktion/","http-www-variant","","0","false","","UNMEASURED","null","[]","","","[]",""
"https://pfotentechnik.de/redaktion","slash-variant","","0","false","","UNMEASURED","null","[]","","","[]",""
"http://pfotentechnik.de/redaktion","http-slash-variant","","0","false","","UNMEASURED","null","[]","","","[]",""
"https://www.pfotentechnik.de/redaktion","www-slash-variant","","0","false","","UNMEASURED","null","[]","","","[]",""
"http://www.pfotentechnik.de/redaktion","http-www-slash-variant","","0","false","","UNMEASURED","null","[]","","","[]",""
"http://pfotentechnik.de/reichweite-von-gps-trackern/","http-variant","","0","false","","UNMEASURED","null","[]","","","[]",""
"https://www.pfotentechnik.de/reichweite-von-gps-trackern/","www-variant","","0","false","","UNMEASURED","null","[]","","","[]",""
"http://www.pfotentechnik.de/reichweite-von-gps-trackern/","http-www-variant","","0","false","","UNMEASURED","null","[]","","","[]",""
"https://pfotentechnik.de/reichweite-von-gps-trackern","slash-variant","","0","false","","UNMEASURED","null","[]","","","[]",""
"http://pfotentechnik.de/reichweite-von-gps-trackern","http-slash-variant","","0","false","","UNMEASURED","null","[]","","","[]",""
"https://www.pfotentechnik.de/reichweite-von-gps-trackern","www-slash-variant","","0","false","","UNMEASURED","null","[]","","","[]",""
"http://www.pfotentechnik.de/reichweite-von-gps-trackern","http-www-slash-variant","","0","false","","UNMEASURED","null","[]","","","[]",""
"http://pfotentechnik.de/seniorenhunde-richtig-versorgen/","http-variant","","0","false","","UNMEASURED","null","[]","","","[]",""
"https://www.pfotentechnik.de/seniorenhunde-richtig-versorgen/","www-variant","","0","false","","UNMEASURED","null","[]","","","[]",""
"http://www.pfotentechnik.de/seniorenhunde-richtig-versorgen/","http-www-variant","","0","false","","UNMEASURED","null","[]","","","[]",""
"https://pfotentechnik.de/seniorenhunde-richtig-versorgen","slash-variant","","0","false","","UNMEASURED","null","[]","","","[]",""
"http://pfotentechnik.de/seniorenhunde-richtig-versorgen","http-slash-variant","","0","false","","UNMEASURED","null","[]","","","[]",""
"https://www.pfotentechnik.de/seniorenhunde-richtig-versorgen","www-slash-variant","","0","false","","UNMEASURED","null","[]","","","[]",""
"http://www.pfotentechnik.de/seniorenhunde-richtig-versorgen","http-www-slash-variant","","0","false","","UNMEASURED","null","[]","","","[]",""
"http://pfotentechnik.de/smarte-futterautomaten/","http-variant","","0","false","","UNMEASURED","null","[]","","","[]",""
"https://www.pfotentechnik.de/smarte-futterautomaten/","www-variant","","0","false","","UNMEASURED","null","[]","","","[]",""
"http://www.pfotentechnik.de/smarte-futterautomaten/","http-www-variant","","0","false","","UNMEASURED","null","[]","","","[]",""
"https://pfotentechnik.de/smarte-futterautomaten","slash-variant","","0","false","","UNMEASURED","null","[]","","","[]",""
"http://pfotentechnik.de/smarte-futterautomaten","http-slash-variant","","0","false","","UNMEASURED","null","[]","","","[]",""
"https://www.pfotentechnik.de/smarte-futterautomaten","www-slash-variant","","0","false","","UNMEASURED","null","[]","","","[]",""
"http://www.pfotentechnik.de/smarte-futterautomaten","http-www-slash-variant","","0","false","","UNMEASURED","null","[]","","","[]",""
"http://pfotentechnik.de/smarte-gadgets-fuer-hunde-und-katzen/","http-variant","","0","false","","UNMEASURED","null","[]","","","[]",""
"https://www.pfotentechnik.de/smarte-gadgets-fuer-hunde-und-katzen/","www-variant","","0","false","","UNMEASURED","null","[]","","","[]",""
"http://www.pfotentechnik.de/smarte-gadgets-fuer-hunde-und-katzen/","http-www-variant","","0","false","","UNMEASURED","null","[]","","","[]",""
"https://pfotentechnik.de/smarte-gadgets-fuer-hunde-und-katzen","slash-variant","","0","false","","UNMEASURED","null","[]","","","[]",""
"http://pfotentechnik.de/smarte-gadgets-fuer-hunde-und-katzen","http-slash-variant","","0","false","","UNMEASURED","null","[]","","","[]",""
"https://www.pfotentechnik.de/smarte-gadgets-fuer-hunde-und-katzen","www-slash-variant","","0","false","","UNMEASURED","null","[]","","","[]",""
"http://www.pfotentechnik.de/smarte-gadgets-fuer-hunde-und-katzen","http-www-slash-variant","","0","false","","UNMEASURED","null","[]","","","[]",""
"http://pfotentechnik.de/smarte-haustiertechnik/","http-variant","","0","false","","UNMEASURED","null","[]","","","[]",""
"https://www.pfotentechnik.de/smarte-haustiertechnik/","www-variant","","0","false","","UNMEASURED","null","[]","","","[]",""
"http://www.pfotentechnik.de/smarte-haustiertechnik/","http-www-variant","","0","false","","UNMEASURED","null","[]","","","[]",""
"https://pfotentechnik.de/smarte-haustiertechnik","slash-variant","","0","false","","UNMEASURED","null","[]","","","[]",""
"http://pfotentechnik.de/smarte-haustiertechnik","http-slash-variant","","0","false","","UNMEASURED","null","[]","","","[]",""
"https://www.pfotentechnik.de/smarte-haustiertechnik","www-slash-variant","","0","false","","UNMEASURED","null","[]","","","[]",""
"http://www.pfotentechnik.de/smarte-haustiertechnik","http-www-slash-variant","","0","false","","UNMEASURED","null","[]","","","[]",""
"http://pfotentechnik.de/so-bewerten-wir/","http-variant","","0","false","","UNMEASURED","null","[]","","","[]",""
"https://www.pfotentechnik.de/so-bewerten-wir/","www-variant","","0","false","","UNMEASURED","null","[]","","","[]",""
"http://www.pfotentechnik.de/so-bewerten-wir/","http-www-variant","","0","false","","UNMEASURED","null","[]","","","[]",""
"https://pfotentechnik.de/so-bewerten-wir","slash-variant","","0","false","","UNMEASURED","null","[]","","","[]",""
"http://pfotentechnik.de/so-bewerten-wir","http-slash-variant","","0","false","","UNMEASURED","null","[]","","","[]",""
"https://www.pfotentechnik.de/so-bewerten-wir","www-slash-variant","","0","false","","UNMEASURED","null","[]","","","[]",""
"http://www.pfotentechnik.de/so-bewerten-wir","http-www-slash-variant","","0","false","","UNMEASURED","null","[]","","","[]",""
"http://pfotentechnik.de/trinkbrunnen/","http-variant","","0","false","","UNMEASURED","null","[]","","","[]",""
"https://www.pfotentechnik.de/trinkbrunnen/","www-variant","","0","false","","UNMEASURED","null","[]","","","[]",""
"http://www.pfotentechnik.de/trinkbrunnen/","http-www-variant","","0","false","","UNMEASURED","null","[]","","","[]",""
"https://pfotentechnik.de/trinkbrunnen","slash-variant","","0","false","","UNMEASURED","null","[]","","","[]",""
"http://pfotentechnik.de/trinkbrunnen","http-slash-variant","","0","false","","UNMEASURED","null","[]","","","[]",""
"https://www.pfotentechnik.de/trinkbrunnen","www-slash-variant","","0","false","","UNMEASURED","null","[]","","","[]",""
"http://www.pfotentechnik.de/trinkbrunnen","http-www-slash-variant","","0","false","","UNMEASURED","null","[]","","","[]",""
"http://pfotentechnik.de/trinkbrunnen-fuer-katzen-sinnvoll/","http-variant","","0","false","","UNMEASURED","null","[]","","","[]",""
"https://www.pfotentechnik.de/trinkbrunnen-fuer-katzen-sinnvoll/","www-variant","","0","false","","UNMEASURED","null","[]","","","[]",""
"http://www.pfotentechnik.de/trinkbrunnen-fuer-katzen-sinnvoll/","http-www-variant","","0","false","","UNMEASURED","null","[]","","","[]",""
"https://pfotentechnik.de/trinkbrunnen-fuer-katzen-sinnvoll","slash-variant","","0","false","","UNMEASURED","null","[]","","","[]",""
"http://pfotentechnik.de/trinkbrunnen-fuer-katzen-sinnvoll","http-slash-variant","","0","false","","UNMEASURED","null","[]","","","[]",""
"https://www.pfotentechnik.de/trinkbrunnen-fuer-katzen-sinnvoll","www-slash-variant","","0","false","","UNMEASURED","null","[]","","","[]",""
"http://www.pfotentechnik.de/trinkbrunnen-fuer-katzen-sinnvoll","http-www-slash-variant","","0","false","","UNMEASURED","null","[]","","","[]",""
"http://pfotentechnik.de/trinkbrunnen-fuer-kitten-sicher/","http-variant","","0","false","","UNMEASURED","null","[]","","","[]",""
"https://www.pfotentechnik.de/trinkbrunnen-fuer-kitten-sicher/","www-variant","","0","false","","UNMEASURED","null","[]","","","[]",""
"http://www.pfotentechnik.de/trinkbrunnen-fuer-kitten-sicher/","http-www-variant","","0","false","","UNMEASURED","null","[]","","","[]",""
"https://pfotentechnik.de/trinkbrunnen-fuer-kitten-sicher","slash-variant","","0","false","","UNMEASURED","null","[]","","","[]",""
"http://pfotentechnik.de/trinkbrunnen-fuer-kitten-sicher","http-slash-variant","","0","false","","UNMEASURED","null","[]","","","[]",""
"https://www.pfotentechnik.de/trinkbrunnen-fuer-kitten-sicher","www-slash-variant","","0","false","","UNMEASURED","null","[]","","","[]",""
"http://www.pfotentechnik.de/trinkbrunnen-fuer-kitten-sicher","http-www-slash-variant","","0","false","","UNMEASURED","null","[]","","","[]",""
"http://pfotentechnik.de/trinkbrunnen-fuer-mehrere-katzen/","http-variant","","0","false","","UNMEASURED","null","[]","","","[]",""
"https://www.pfotentechnik.de/trinkbrunnen-fuer-mehrere-katzen/","www-variant","","0","false","","UNMEASURED","null","[]","","","[]",""
"http://www.pfotentechnik.de/trinkbrunnen-fuer-mehrere-katzen/","http-www-variant","","0","false","","UNMEASURED","null","[]","","","[]",""
"https://pfotentechnik.de/trinkbrunnen-fuer-mehrere-katzen","slash-variant","","0","false","","UNMEASURED","null","[]","","","[]",""
"http://pfotentechnik.de/trinkbrunnen-fuer-mehrere-katzen","http-slash-variant","","0","false","","UNMEASURED","null","[]","","","[]",""
"https://www.pfotentechnik.de/trinkbrunnen-fuer-mehrere-katzen","www-slash-variant","","0","false","","UNMEASURED","null","[]","","","[]",""
"http://www.pfotentechnik.de/trinkbrunnen-fuer-mehrere-katzen","http-www-slash-variant","","0","false","","UNMEASURED","null","[]","","","[]",""
"http://pfotentechnik.de/trinkbrunnen-hund/","http-variant","","0","false","","UNMEASURED","null","[]","","","[]",""
"https://www.pfotentechnik.de/trinkbrunnen-hund/","www-variant","","0","false","","UNMEASURED","null","[]","","","[]",""
"http://www.pfotentechnik.de/trinkbrunnen-hund/","http-www-variant","","0","false","","UNMEASURED","null","[]","","","[]",""
"https://pfotentechnik.de/trinkbrunnen-hund","slash-variant","","0","false","","UNMEASURED","null","[]","","","[]",""
"http://pfotentechnik.de/trinkbrunnen-hund","http-slash-variant","","0","false","","UNMEASURED","null","[]","","","[]",""
"https://www.pfotentechnik.de/trinkbrunnen-hund","www-slash-variant","","0","false","","UNMEASURED","null","[]","","","[]",""
"http://www.pfotentechnik.de/trinkbrunnen-hund","http-www-slash-variant","","0","false","","UNMEASURED","null","[]","","","[]",""
"http://pfotentechnik.de/trinkbrunnen-seniorenkatzen/","http-variant","","0","false","","UNMEASURED","null","[]","","","[]",""
"https://www.pfotentechnik.de/trinkbrunnen-seniorenkatzen/","www-variant","","0","false","","UNMEASURED","null","[]","","","[]",""
"http://www.pfotentechnik.de/trinkbrunnen-seniorenkatzen/","http-www-variant","","0","false","","UNMEASURED","null","[]","","","[]",""
"https://pfotentechnik.de/trinkbrunnen-seniorenkatzen","slash-variant","","0","false","","UNMEASURED","null","[]","","","[]",""
"http://pfotentechnik.de/trinkbrunnen-seniorenkatzen","http-slash-variant","","0","false","","UNMEASURED","null","[]","","","[]",""
"https://www.pfotentechnik.de/trinkbrunnen-seniorenkatzen","www-slash-variant","","0","false","","UNMEASURED","null","[]","","","[]",""
"http://www.pfotentechnik.de/trinkbrunnen-seniorenkatzen","http-www-slash-variant","","0","false","","UNMEASURED","null","[]","","","[]",""
"http://pfotentechnik.de/trinkmenge-hund-messen/","http-variant","","0","false","","UNMEASURED","null","[]","","","[]",""
"https://www.pfotentechnik.de/trinkmenge-hund-messen/","www-variant","","0","false","","UNMEASURED","null","[]","","","[]",""
"http://www.pfotentechnik.de/trinkmenge-hund-messen/","http-www-variant","","0","false","","UNMEASURED","null","[]","","","[]",""
"https://pfotentechnik.de/trinkmenge-hund-messen","slash-variant","","0","false","","UNMEASURED","null","[]","","","[]",""
"http://pfotentechnik.de/trinkmenge-hund-messen","http-slash-variant","","0","false","","UNMEASURED","null","[]","","","[]",""
"https://www.pfotentechnik.de/trinkmenge-hund-messen","www-slash-variant","","0","false","","UNMEASURED","null","[]","","","[]",""
"http://www.pfotentechnik.de/trinkmenge-hund-messen","http-www-slash-variant","","0","false","","UNMEASURED","null","[]","","","[]",""
"http://pfotentechnik.de/trinkmenge-katze-messen/","http-variant","","0","false","","UNMEASURED","null","[]","","","[]",""
"https://www.pfotentechnik.de/trinkmenge-katze-messen/","www-variant","","0","false","","UNMEASURED","null","[]","","","[]",""
"http://www.pfotentechnik.de/trinkmenge-katze-messen/","http-www-variant","","0","false","","UNMEASURED","null","[]","","","[]",""
"https://pfotentechnik.de/trinkmenge-katze-messen","slash-variant","","0","false","","UNMEASURED","null","[]","","","[]",""
"http://pfotentechnik.de/trinkmenge-katze-messen","http-slash-variant","","0","false","","UNMEASURED","null","[]","","","[]",""
"https://www.pfotentechnik.de/trinkmenge-katze-messen","www-slash-variant","","0","false","","UNMEASURED","null","[]","","","[]",""
"http://www.pfotentechnik.de/trinkmenge-katze-messen","http-www-slash-variant","","0","false","","UNMEASURED","null","[]","","","[]",""
"http://pfotentechnik.de/trockenfutter-oder-nassfutter-hund/","http-variant","","0","false","","UNMEASURED","null","[]","","","[]",""
"https://www.pfotentechnik.de/trockenfutter-oder-nassfutter-hund/","www-variant","","0","false","","UNMEASURED","null","[]","","","[]",""
"http://www.pfotentechnik.de/trockenfutter-oder-nassfutter-hund/","http-www-variant","","0","false","","UNMEASURED","null","[]","","","[]",""
"https://pfotentechnik.de/trockenfutter-oder-nassfutter-hund","slash-variant","","0","false","","UNMEASURED","null","[]","","","[]",""
"http://pfotentechnik.de/trockenfutter-oder-nassfutter-hund","http-slash-variant","","0","false","","UNMEASURED","null","[]","","","[]",""
"https://www.pfotentechnik.de/trockenfutter-oder-nassfutter-hund","www-slash-variant","","0","false","","UNMEASURED","null","[]","","","[]",""
"http://www.pfotentechnik.de/trockenfutter-oder-nassfutter-hund","http-www-slash-variant","","0","false","","UNMEASURED","null","[]","","","[]",""
"http://pfotentechnik.de/trockenfutter-oder-nassfutter-katze/","http-variant","","0","false","","UNMEASURED","null","[]","","","[]",""
"https://www.pfotentechnik.de/trockenfutter-oder-nassfutter-katze/","www-variant","","0","false","","UNMEASURED","null","[]","","","[]",""
"http://www.pfotentechnik.de/trockenfutter-oder-nassfutter-katze/","http-www-variant","","0","false","","UNMEASURED","null","[]","","","[]",""
"https://pfotentechnik.de/trockenfutter-oder-nassfutter-katze","slash-variant","","0","false","","UNMEASURED","null","[]","","","[]",""
"http://pfotentechnik.de/trockenfutter-oder-nassfutter-katze","http-slash-variant","","0","false","","UNMEASURED","null","[]","","","[]",""
"https://www.pfotentechnik.de/trockenfutter-oder-nassfutter-katze","www-slash-variant","","0","false","","UNMEASURED","null","[]","","","[]",""
"http://www.pfotentechnik.de/trockenfutter-oder-nassfutter-katze","http-www-slash-variant","","0","false","","UNMEASURED","null","[]","","","[]",""
"http://pfotentechnik.de/uebergewicht-bei-katzen-vermeiden/","http-variant","","0","false","","UNMEASURED","null","[]","","","[]",""
"https://www.pfotentechnik.de/uebergewicht-bei-katzen-vermeiden/","www-variant","","0","false","","UNMEASURED","null","[]","","","[]",""
"http://www.pfotentechnik.de/uebergewicht-bei-katzen-vermeiden/","http-www-variant","","0","false","","UNMEASURED","null","[]","","","[]",""
"https://pfotentechnik.de/uebergewicht-bei-katzen-vermeiden","slash-variant","","0","false","","UNMEASURED","null","[]","","","[]",""
"http://pfotentechnik.de/uebergewicht-bei-katzen-vermeiden","http-slash-variant","","0","false","","UNMEASURED","null","[]","","","[]",""
"https://www.pfotentechnik.de/uebergewicht-bei-katzen-vermeiden","www-slash-variant","","0","false","","UNMEASURED","null","[]","","","[]",""
"http://www.pfotentechnik.de/uebergewicht-bei-katzen-vermeiden","http-www-slash-variant","","0","false","","UNMEASURED","null","[]","","","[]",""
"http://pfotentechnik.de/vergleiche/beste-automatische-katzentoiletten/","http-variant","","0","false","","UNMEASURED","null","[]","","","[]",""
"https://www.pfotentechnik.de/vergleiche/beste-automatische-katzentoiletten/","www-variant","","0","false","","UNMEASURED","null","[]","","","[]",""
"http://www.pfotentechnik.de/vergleiche/beste-automatische-katzentoiletten/","http-www-variant","","0","false","","UNMEASURED","null","[]","","","[]",""
"https://pfotentechnik.de/vergleiche/beste-automatische-katzentoiletten","slash-variant","","0","false","","UNMEASURED","null","[]","","","[]",""
"http://pfotentechnik.de/vergleiche/beste-automatische-katzentoiletten","http-slash-variant","","0","false","","UNMEASURED","null","[]","","","[]",""
"https://www.pfotentechnik.de/vergleiche/beste-automatische-katzentoiletten","www-slash-variant","","0","false","","UNMEASURED","null","[]","","","[]",""
"http://www.pfotentechnik.de/vergleiche/beste-automatische-katzentoiletten","http-www-slash-variant","","0","false","","UNMEASURED","null","[]","","","[]",""
"http://pfotentechnik.de/vergleiche/beste-futterautomaten-fuer-berufstaetige/","http-variant","","0","false","","UNMEASURED","null","[]","","","[]",""
"https://www.pfotentechnik.de/vergleiche/beste-futterautomaten-fuer-berufstaetige/","www-variant","","0","false","","UNMEASURED","null","[]","","","[]",""
"http://www.pfotentechnik.de/vergleiche/beste-futterautomaten-fuer-berufstaetige/","http-www-variant","","0","false","","UNMEASURED","null","[]","","","[]",""
"https://pfotentechnik.de/vergleiche/beste-futterautomaten-fuer-berufstaetige","slash-variant","","0","false","","UNMEASURED","null","[]","","","[]",""
"http://pfotentechnik.de/vergleiche/beste-futterautomaten-fuer-berufstaetige","http-slash-variant","","0","false","","UNMEASURED","null","[]","","","[]",""
"https://www.pfotentechnik.de/vergleiche/beste-futterautomaten-fuer-berufstaetige","www-slash-variant","","0","false","","UNMEASURED","null","[]","","","[]",""
"http://www.pfotentechnik.de/vergleiche/beste-futterautomaten-fuer-berufstaetige","http-www-slash-variant","","0","false","","UNMEASURED","null","[]","","","[]",""
"http://pfotentechnik.de/vergleiche/beste-futterautomaten-fuer-hunde/","http-variant","","0","false","","UNMEASURED","null","[]","","","[]",""
"https://www.pfotentechnik.de/vergleiche/beste-futterautomaten-fuer-hunde/","www-variant","","0","false","","UNMEASURED","null","[]","","","[]",""
"http://www.pfotentechnik.de/vergleiche/beste-futterautomaten-fuer-hunde/","http-www-variant","","0","false","","UNMEASURED","null","[]","","","[]",""
"https://pfotentechnik.de/vergleiche/beste-futterautomaten-fuer-hunde","slash-variant","","0","false","","UNMEASURED","null","[]","","","[]",""
"http://pfotentechnik.de/vergleiche/beste-futterautomaten-fuer-hunde","http-slash-variant","","0","false","","UNMEASURED","null","[]","","","[]",""
"https://www.pfotentechnik.de/vergleiche/beste-futterautomaten-fuer-hunde","www-slash-variant","","0","false","","UNMEASURED","null","[]","","","[]",""
"http://www.pfotentechnik.de/vergleiche/beste-futterautomaten-fuer-hunde","http-www-slash-variant","","0","false","","UNMEASURED","null","[]","","","[]",""
"http://pfotentechnik.de/vergleiche/beste-futterautomaten-fuer-katzen/","http-variant","","0","false","","UNMEASURED","null","[]","","","[]",""
"https://www.pfotentechnik.de/vergleiche/beste-futterautomaten-fuer-katzen/","www-variant","","0","false","","UNMEASURED","null","[]","","","[]",""
"http://www.pfotentechnik.de/vergleiche/beste-futterautomaten-fuer-katzen/","http-www-variant","","0","false","","UNMEASURED","null","[]","","","[]",""
"https://pfotentechnik.de/vergleiche/beste-futterautomaten-fuer-katzen","slash-variant","","0","false","","UNMEASURED","null","[]","","","[]",""
"http://pfotentechnik.de/vergleiche/beste-futterautomaten-fuer-katzen","http-slash-variant","","0","false","","UNMEASURED","null","[]","","","[]",""
"https://www.pfotentechnik.de/vergleiche/beste-futterautomaten-fuer-katzen","www-slash-variant","","0","false","","UNMEASURED","null","[]","","","[]",""
"http://www.pfotentechnik.de/vergleiche/beste-futterautomaten-fuer-katzen","http-www-slash-variant","","0","false","","UNMEASURED","null","[]","","","[]",""
"http://pfotentechnik.de/vergleiche/beste-futterautomaten-fuer-kleine-hunde/","http-variant","","0","false","","UNMEASURED","null","[]","","","[]",""
"https://www.pfotentechnik.de/vergleiche/beste-futterautomaten-fuer-kleine-hunde/","www-variant","","0","false","","UNMEASURED","null","[]","","","[]",""
"http://www.pfotentechnik.de/vergleiche/beste-futterautomaten-fuer-kleine-hunde/","http-www-variant","","0","false","","UNMEASURED","null","[]","","","[]",""
"https://pfotentechnik.de/vergleiche/beste-futterautomaten-fuer-kleine-hunde","slash-variant","","0","false","","UNMEASURED","null","[]","","","[]",""
"http://pfotentechnik.de/vergleiche/beste-futterautomaten-fuer-kleine-hunde","http-slash-variant","","0","false","","UNMEASURED","null","[]","","","[]",""
"https://www.pfotentechnik.de/vergleiche/beste-futterautomaten-fuer-kleine-hunde","www-slash-variant","","0","false","","UNMEASURED","null","[]","","","[]",""
"http://www.pfotentechnik.de/vergleiche/beste-futterautomaten-fuer-kleine-hunde","http-www-slash-variant","","0","false","","UNMEASURED","null","[]","","","[]",""
"http://pfotentechnik.de/vergleiche/beste-futterautomaten-fuer-mehrtierhaushalte/","http-variant","","0","false","","UNMEASURED","null","[]","","","[]",""
"https://www.pfotentechnik.de/vergleiche/beste-futterautomaten-fuer-mehrtierhaushalte/","www-variant","","0","false","","UNMEASURED","null","[]","","","[]",""
"http://www.pfotentechnik.de/vergleiche/beste-futterautomaten-fuer-mehrtierhaushalte/","http-www-variant","","0","false","","UNMEASURED","null","[]","","","[]",""
"https://pfotentechnik.de/vergleiche/beste-futterautomaten-fuer-mehrtierhaushalte","slash-variant","","0","false","","UNMEASURED","null","[]","","","[]",""
"http://pfotentechnik.de/vergleiche/beste-futterautomaten-fuer-mehrtierhaushalte","http-slash-variant","","0","false","","UNMEASURED","null","[]","","","[]",""
"https://www.pfotentechnik.de/vergleiche/beste-futterautomaten-fuer-mehrtierhaushalte","www-slash-variant","","0","false","","UNMEASURED","null","[]","","","[]",""
"http://www.pfotentechnik.de/vergleiche/beste-futterautomaten-fuer-mehrtierhaushalte","http-www-slash-variant","","0","false","","UNMEASURED","null","[]","","","[]",""
"http://pfotentechnik.de/vergleiche/beste-futterautomaten-fuer-nassfutter/","http-variant","","0","false","","UNMEASURED","null","[]","","","[]",""
"https://www.pfotentechnik.de/vergleiche/beste-futterautomaten-fuer-nassfutter/","www-variant","","0","false","","UNMEASURED","null","[]","","","[]",""
"http://www.pfotentechnik.de/vergleiche/beste-futterautomaten-fuer-nassfutter/","http-www-variant","","0","false","","UNMEASURED","null","[]","","","[]",""
"https://pfotentechnik.de/vergleiche/beste-futterautomaten-fuer-nassfutter","slash-variant","","0","false","","UNMEASURED","null","[]","","","[]",""
"http://pfotentechnik.de/vergleiche/beste-futterautomaten-fuer-nassfutter","http-slash-variant","","0","false","","UNMEASURED","null","[]","","","[]",""
"https://www.pfotentechnik.de/vergleiche/beste-futterautomaten-fuer-nassfutter","www-slash-variant","","0","false","","UNMEASURED","null","[]","","","[]",""
"http://www.pfotentechnik.de/vergleiche/beste-futterautomaten-fuer-nassfutter","http-www-slash-variant","","0","false","","UNMEASURED","null","[]","","","[]",""
"http://pfotentechnik.de/vergleiche/beste-futterautomaten-fuer-seniorenkatzen/","http-variant","","0","false","","UNMEASURED","null","[]","","","[]",""
"https://www.pfotentechnik.de/vergleiche/beste-futterautomaten-fuer-seniorenkatzen/","www-variant","","0","false","","UNMEASURED","null","[]","","","[]",""
"http://www.pfotentechnik.de/vergleiche/beste-futterautomaten-fuer-seniorenkatzen/","http-www-variant","","0","false","","UNMEASURED","null","[]","","","[]",""
"https://pfotentechnik.de/vergleiche/beste-futterautomaten-fuer-seniorenkatzen","slash-variant","","0","false","","UNMEASURED","null","[]","","","[]",""
"http://pfotentechnik.de/vergleiche/beste-futterautomaten-fuer-seniorenkatzen","http-slash-variant","","0","false","","UNMEASURED","null","[]","","","[]",""
"https://www.pfotentechnik.de/vergleiche/beste-futterautomaten-fuer-seniorenkatzen","www-slash-variant","","0","false","","UNMEASURED","null","[]","","","[]",""
"http://www.pfotentechnik.de/vergleiche/beste-futterautomaten-fuer-seniorenkatzen","http-www-slash-variant","","0","false","","UNMEASURED","null","[]","","","[]",""
"http://pfotentechnik.de/vergleiche/beste-futterautomaten-fuer-welpen/","http-variant","","0","false","","UNMEASURED","null","[]","","","[]",""
"https://www.pfotentechnik.de/vergleiche/beste-futterautomaten-fuer-welpen/","www-variant","","0","false","","UNMEASURED","null","[]","","","[]",""
"http://www.pfotentechnik.de/vergleiche/beste-futterautomaten-fuer-welpen/","http-www-variant","","0","false","","UNMEASURED","null","[]","","","[]",""
"https://pfotentechnik.de/vergleiche/beste-futterautomaten-fuer-welpen","slash-variant","","0","false","","UNMEASURED","null","[]","","","[]",""
"http://pfotentechnik.de/vergleiche/beste-futterautomaten-fuer-welpen","http-slash-variant","","0","false","","UNMEASURED","null","[]","","","[]",""
"https://www.pfotentechnik.de/vergleiche/beste-futterautomaten-fuer-welpen","www-slash-variant","","0","false","","UNMEASURED","null","[]","","","[]",""
"http://www.pfotentechnik.de/vergleiche/beste-futterautomaten-fuer-welpen","http-www-slash-variant","","0","false","","UNMEASURED","null","[]","","","[]",""
"http://pfotentechnik.de/vergleiche/beste-futterautomaten-fuer-zwei-katzen/","http-variant","","0","false","","UNMEASURED","null","[]","","","[]",""
"https://www.pfotentechnik.de/vergleiche/beste-futterautomaten-fuer-zwei-katzen/","www-variant","","0","false","","UNMEASURED","null","[]","","","[]",""
"http://www.pfotentechnik.de/vergleiche/beste-futterautomaten-fuer-zwei-katzen/","http-www-variant","","0","false","","UNMEASURED","null","[]","","","[]",""
"https://pfotentechnik.de/vergleiche/beste-futterautomaten-fuer-zwei-katzen","slash-variant","","0","false","","UNMEASURED","null","[]","","","[]",""
"http://pfotentechnik.de/vergleiche/beste-futterautomaten-fuer-zwei-katzen","http-slash-variant","","0","false","","UNMEASURED","null","[]","","","[]",""
"https://www.pfotentechnik.de/vergleiche/beste-futterautomaten-fuer-zwei-katzen","www-slash-variant","","0","false","","UNMEASURED","null","[]","","","[]",""
"http://www.pfotentechnik.de/vergleiche/beste-futterautomaten-fuer-zwei-katzen","http-www-slash-variant","","0","false","","UNMEASURED","null","[]","","","[]",""
"http://pfotentechnik.de/vergleiche/beste-futterautomaten-mit-akku/","http-variant","","0","false","","UNMEASURED","null","[]","","","[]",""
"https://www.pfotentechnik.de/vergleiche/beste-futterautomaten-mit-akku/","www-variant","","0","false","","UNMEASURED","null","[]","","","[]",""
"http://www.pfotentechnik.de/vergleiche/beste-futterautomaten-mit-akku/","http-www-variant","","0","false","","UNMEASURED","null","[]","","","[]",""
"https://pfotentechnik.de/vergleiche/beste-futterautomaten-mit-akku","slash-variant","","0","false","","UNMEASURED","null","[]","","","[]",""
"http://pfotentechnik.de/vergleiche/beste-futterautomaten-mit-akku","http-slash-variant","","0","false","","UNMEASURED","null","[]","","","[]",""
"https://www.pfotentechnik.de/vergleiche/beste-futterautomaten-mit-akku","www-slash-variant","","0","false","","UNMEASURED","null","[]","","","[]",""
"http://www.pfotentechnik.de/vergleiche/beste-futterautomaten-mit-akku","http-www-slash-variant","","0","false","","UNMEASURED","null","[]","","","[]",""
"http://pfotentechnik.de/vergleiche/beste-futterautomaten-mit-edelstahl-napf/","http-variant","","0","false","","UNMEASURED","null","[]","","","[]",""
"https://www.pfotentechnik.de/vergleiche/beste-futterautomaten-mit-edelstahl-napf/","www-variant","","0","false","","UNMEASURED","null","[]","","","[]",""
"http://www.pfotentechnik.de/vergleiche/beste-futterautomaten-mit-edelstahl-napf/","http-www-variant","","0","false","","UNMEASURED","null","[]","","","[]",""
"https://pfotentechnik.de/vergleiche/beste-futterautomaten-mit-edelstahl-napf","slash-variant","","0","false","","UNMEASURED","null","[]","","","[]",""
"http://pfotentechnik.de/vergleiche/beste-futterautomaten-mit-edelstahl-napf","http-slash-variant","","0","false","","UNMEASURED","null","[]","","","[]",""
"https://www.pfotentechnik.de/vergleiche/beste-futterautomaten-mit-edelstahl-napf","www-slash-variant","","0","false","","UNMEASURED","null","[]","","","[]",""
"http://www.pfotentechnik.de/vergleiche/beste-futterautomaten-mit-edelstahl-napf","http-www-slash-variant","","0","false","","UNMEASURED","null","[]","","","[]",""
"http://pfotentechnik.de/vergleiche/beste-futterautomaten-mit-kamera/","http-variant","","0","false","","UNMEASURED","null","[]","","","[]",""
"https://www.pfotentechnik.de/vergleiche/beste-futterautomaten-mit-kamera/","www-variant","","0","false","","UNMEASURED","null","[]","","","[]",""
"http://www.pfotentechnik.de/vergleiche/beste-futterautomaten-mit-kamera/","http-www-variant","","0","false","","UNMEASURED","null","[]","","","[]",""
"https://pfotentechnik.de/vergleiche/beste-futterautomaten-mit-kamera","slash-variant","","0","false","","UNMEASURED","null","[]","","","[]",""
"http://pfotentechnik.de/vergleiche/beste-futterautomaten-mit-kamera","http-slash-variant","","0","false","","UNMEASURED","null","[]","","","[]",""
"https://www.pfotentechnik.de/vergleiche/beste-futterautomaten-mit-kamera","www-slash-variant","","0","false","","UNMEASURED","null","[]","","","[]",""
"http://www.pfotentechnik.de/vergleiche/beste-futterautomaten-mit-kamera","http-www-slash-variant","","0","false","","UNMEASURED","null","[]","","","[]",""
"http://pfotentechnik.de/vergleiche/beste-futterautomaten-ohne-wlan/","http-variant","","0","false","","UNMEASURED","null","[]","","","[]",""
"https://www.pfotentechnik.de/vergleiche/beste-futterautomaten-ohne-wlan/","www-variant","","0","false","","UNMEASURED","null","[]","","","[]",""
"http://www.pfotentechnik.de/vergleiche/beste-futterautomaten-ohne-wlan/","http-www-variant","","0","false","","UNMEASURED","null","[]","","","[]",""
"https://pfotentechnik.de/vergleiche/beste-futterautomaten-ohne-wlan","slash-variant","","0","false","","UNMEASURED","null","[]","","","[]",""
"http://pfotentechnik.de/vergleiche/beste-futterautomaten-ohne-wlan","http-slash-variant","","0","false","","UNMEASURED","null","[]","","","[]",""
"https://www.pfotentechnik.de/vergleiche/beste-futterautomaten-ohne-wlan","www-slash-variant","","0","false","","UNMEASURED","null","[]","","","[]",""
"http://www.pfotentechnik.de/vergleiche/beste-futterautomaten-ohne-wlan","http-www-slash-variant","","0","false","","UNMEASURED","null","[]","","","[]",""
"http://pfotentechnik.de/vergleiche/beste-futterautomaten-unter-100-euro/","http-variant","","0","false","","UNMEASURED","null","[]","","","[]",""
"https://www.pfotentechnik.de/vergleiche/beste-futterautomaten-unter-100-euro/","www-variant","","0","false","","UNMEASURED","null","[]","","","[]",""
"http://www.pfotentechnik.de/vergleiche/beste-futterautomaten-unter-100-euro/","http-www-variant","","0","false","","UNMEASURED","null","[]","","","[]",""
"https://pfotentechnik.de/vergleiche/beste-futterautomaten-unter-100-euro","slash-variant","","0","false","","UNMEASURED","null","[]","","","[]",""
"http://pfotentechnik.de/vergleiche/beste-futterautomaten-unter-100-euro","http-slash-variant","","0","false","","UNMEASURED","null","[]","","","[]",""
"https://www.pfotentechnik.de/vergleiche/beste-futterautomaten-unter-100-euro","www-slash-variant","","0","false","","UNMEASURED","null","[]","","","[]",""
"http://www.pfotentechnik.de/vergleiche/beste-futterautomaten-unter-100-euro","http-www-slash-variant","","0","false","","UNMEASURED","null","[]","","","[]",""
"http://pfotentechnik.de/vergleiche/beste-gps-tracker-fuer-hunde/","http-variant","","0","false","","UNMEASURED","null","[]","","","[]",""
"https://www.pfotentechnik.de/vergleiche/beste-gps-tracker-fuer-hunde/","www-variant","","0","false","","UNMEASURED","null","[]","","","[]",""
"http://www.pfotentechnik.de/vergleiche/beste-gps-tracker-fuer-hunde/","http-www-variant","","0","false","","UNMEASURED","null","[]","","","[]",""
"https://pfotentechnik.de/vergleiche/beste-gps-tracker-fuer-hunde","slash-variant","","0","false","","UNMEASURED","null","[]","","","[]",""
"http://pfotentechnik.de/vergleiche/beste-gps-tracker-fuer-hunde","http-slash-variant","","0","false","","UNMEASURED","null","[]","","","[]",""
"https://www.pfotentechnik.de/vergleiche/beste-gps-tracker-fuer-hunde","www-slash-variant","","0","false","","UNMEASURED","null","[]","","","[]",""
"http://www.pfotentechnik.de/vergleiche/beste-gps-tracker-fuer-hunde","http-www-slash-variant","","0","false","","UNMEASURED","null","[]","","","[]",""
"http://pfotentechnik.de/vergleiche/beste-gps-tracker-fuer-katzen/","http-variant","","0","false","","UNMEASURED","null","[]","","","[]",""
"https://www.pfotentechnik.de/vergleiche/beste-gps-tracker-fuer-katzen/","www-variant","","0","false","","UNMEASURED","null","[]","","","[]",""
"http://www.pfotentechnik.de/vergleiche/beste-gps-tracker-fuer-katzen/","http-www-variant","","0","false","","UNMEASURED","null","[]","","","[]",""
"https://pfotentechnik.de/vergleiche/beste-gps-tracker-fuer-katzen","slash-variant","","0","false","","UNMEASURED","null","[]","","","[]",""
"http://pfotentechnik.de/vergleiche/beste-gps-tracker-fuer-katzen","http-slash-variant","","0","false","","UNMEASURED","null","[]","","","[]",""
"https://www.pfotentechnik.de/vergleiche/beste-gps-tracker-fuer-katzen","www-slash-variant","","0","false","","UNMEASURED","null","[]","","","[]",""
"http://www.pfotentechnik.de/vergleiche/beste-gps-tracker-fuer-katzen","http-www-slash-variant","","0","false","","UNMEASURED","null","[]","","","[]",""
"http://pfotentechnik.de/vergleiche/beste-haustierkameras/","http-variant","","0","false","","UNMEASURED","null","[]","","","[]",""
"https://www.pfotentechnik.de/vergleiche/beste-haustierkameras/","www-variant","","0","false","","UNMEASURED","null","[]","","","[]",""
"http://www.pfotentechnik.de/vergleiche/beste-haustierkameras/","http-www-variant","","0","false","","UNMEASURED","null","[]","","","[]",""
"https://pfotentechnik.de/vergleiche/beste-haustierkameras","slash-variant","","0","false","","UNMEASURED","null","[]","","","[]",""
"http://pfotentechnik.de/vergleiche/beste-haustierkameras","http-slash-variant","","0","false","","UNMEASURED","null","[]","","","[]",""
"https://www.pfotentechnik.de/vergleiche/beste-haustierkameras","www-slash-variant","","0","false","","UNMEASURED","null","[]","","","[]",""
"http://www.pfotentechnik.de/vergleiche/beste-haustierkameras","http-www-slash-variant","","0","false","","UNMEASURED","null","[]","","","[]",""
"http://pfotentechnik.de/vergleiche/beste-mikrochip-katzenklappen/","http-variant","","0","false","","UNMEASURED","null","[]","","","[]",""
"https://www.pfotentechnik.de/vergleiche/beste-mikrochip-katzenklappen/","www-variant","","0","false","","UNMEASURED","null","[]","","","[]",""
"http://www.pfotentechnik.de/vergleiche/beste-mikrochip-katzenklappen/","http-www-variant","","0","false","","UNMEASURED","null","[]","","","[]",""
"https://pfotentechnik.de/vergleiche/beste-mikrochip-katzenklappen","slash-variant","","0","false","","UNMEASURED","null","[]","","","[]",""
"http://pfotentechnik.de/vergleiche/beste-mikrochip-katzenklappen","http-slash-variant","","0","false","","UNMEASURED","null","[]","","","[]",""
"https://www.pfotentechnik.de/vergleiche/beste-mikrochip-katzenklappen","www-slash-variant","","0","false","","UNMEASURED","null","[]","","","[]",""
"http://www.pfotentechnik.de/vergleiche/beste-mikrochip-katzenklappen","http-www-slash-variant","","0","false","","UNMEASURED","null","[]","","","[]",""
"http://pfotentechnik.de/vergleiche/beste-trinkbrunnen-fuer-hunde/","http-variant","","0","false","","UNMEASURED","null","[]","","","[]",""
"https://www.pfotentechnik.de/vergleiche/beste-trinkbrunnen-fuer-hunde/","www-variant","","0","false","","UNMEASURED","null","[]","","","[]",""
"http://www.pfotentechnik.de/vergleiche/beste-trinkbrunnen-fuer-hunde/","http-www-variant","","0","false","","UNMEASURED","null","[]","","","[]",""
"https://pfotentechnik.de/vergleiche/beste-trinkbrunnen-fuer-hunde","slash-variant","","0","false","","UNMEASURED","null","[]","","","[]",""
"http://pfotentechnik.de/vergleiche/beste-trinkbrunnen-fuer-hunde","http-slash-variant","","0","false","","UNMEASURED","null","[]","","","[]",""
"https://www.pfotentechnik.de/vergleiche/beste-trinkbrunnen-fuer-hunde","www-slash-variant","","0","false","","UNMEASURED","null","[]","","","[]",""
"http://www.pfotentechnik.de/vergleiche/beste-trinkbrunnen-fuer-hunde","http-www-slash-variant","","0","false","","UNMEASURED","null","[]","","","[]",""
"http://pfotentechnik.de/vergleiche/beste-trinkbrunnen-fuer-katzen/","http-variant","","0","false","","UNMEASURED","null","[]","","","[]",""
"https://www.pfotentechnik.de/vergleiche/beste-trinkbrunnen-fuer-katzen/","www-variant","","0","false","","UNMEASURED","null","[]","","","[]",""
"http://www.pfotentechnik.de/vergleiche/beste-trinkbrunnen-fuer-katzen/","http-www-variant","","0","false","","UNMEASURED","null","[]","","","[]",""
"https://pfotentechnik.de/vergleiche/beste-trinkbrunnen-fuer-katzen","slash-variant","","0","false","","UNMEASURED","null","[]","","","[]",""
"http://pfotentechnik.de/vergleiche/beste-trinkbrunnen-fuer-katzen","http-slash-variant","","0","false","","UNMEASURED","null","[]","","","[]",""
"https://www.pfotentechnik.de/vergleiche/beste-trinkbrunnen-fuer-katzen","www-slash-variant","","0","false","","UNMEASURED","null","[]","","","[]",""
"http://www.pfotentechnik.de/vergleiche/beste-trinkbrunnen-fuer-katzen","http-www-slash-variant","","0","false","","UNMEASURED","null","[]","","","[]",""
"http://pfotentechnik.de/vergleiche/futterautomat-fuer-grosse-hunde/","http-variant","","0","false","","UNMEASURED","null","[]","","","[]",""
"https://www.pfotentechnik.de/vergleiche/futterautomat-fuer-grosse-hunde/","www-variant","","0","false","","UNMEASURED","null","[]","","","[]",""
"http://www.pfotentechnik.de/vergleiche/futterautomat-fuer-grosse-hunde/","http-www-variant","","0","false","","UNMEASURED","null","[]","","","[]",""
"https://pfotentechnik.de/vergleiche/futterautomat-fuer-grosse-hunde","slash-variant","","0","false","","UNMEASURED","null","[]","","","[]",""
"http://pfotentechnik.de/vergleiche/futterautomat-fuer-grosse-hunde","http-slash-variant","","0","false","","UNMEASURED","null","[]","","","[]",""
"https://www.pfotentechnik.de/vergleiche/futterautomat-fuer-grosse-hunde","www-slash-variant","","0","false","","UNMEASURED","null","[]","","","[]",""
"http://www.pfotentechnik.de/vergleiche/futterautomat-fuer-grosse-hunde","http-www-slash-variant","","0","false","","UNMEASURED","null","[]","","","[]",""
"http://pfotentechnik.de/vergleiche/futterautomat-gegen-schlingen/","http-variant","","0","false","","UNMEASURED","null","[]","","","[]",""
"https://www.pfotentechnik.de/vergleiche/futterautomat-gegen-schlingen/","www-variant","","0","false","","UNMEASURED","null","[]","","","[]",""
"http://www.pfotentechnik.de/vergleiche/futterautomat-gegen-schlingen/","http-www-variant","","0","false","","UNMEASURED","null","[]","","","[]",""
"https://pfotentechnik.de/vergleiche/futterautomat-gegen-schlingen","slash-variant","","0","false","","UNMEASURED","null","[]","","","[]",""
"http://pfotentechnik.de/vergleiche/futterautomat-gegen-schlingen","http-slash-variant","","0","false","","UNMEASURED","null","[]","","","[]",""
"https://www.pfotentechnik.de/vergleiche/futterautomat-gegen-schlingen","www-slash-variant","","0","false","","UNMEASURED","null","[]","","","[]",""
"http://www.pfotentechnik.de/vergleiche/futterautomat-gegen-schlingen","http-www-slash-variant","","0","false","","UNMEASURED","null","[]","","","[]",""
"http://pfotentechnik.de/vergleiche/futterautomat-mit-app/","http-variant","","0","false","","UNMEASURED","null","[]","","","[]",""
"https://www.pfotentechnik.de/vergleiche/futterautomat-mit-app/","www-variant","","0","false","","UNMEASURED","null","[]","","","[]",""
"http://www.pfotentechnik.de/vergleiche/futterautomat-mit-app/","http-www-variant","","0","false","","UNMEASURED","null","[]","","","[]",""
"https://pfotentechnik.de/vergleiche/futterautomat-mit-app","slash-variant","","0","false","","UNMEASURED","null","[]","","","[]",""
"http://pfotentechnik.de/vergleiche/futterautomat-mit-app","http-slash-variant","","0","false","","UNMEASURED","null","[]","","","[]",""
"https://www.pfotentechnik.de/vergleiche/futterautomat-mit-app","www-slash-variant","","0","false","","UNMEASURED","null","[]","","","[]",""
"http://www.pfotentechnik.de/vergleiche/futterautomat-mit-app","http-www-slash-variant","","0","false","","UNMEASURED","null","[]","","","[]",""
"http://pfotentechnik.de/vergleiche/gps-tracker-mit-langer-akkulaufzeit/","http-variant","","0","false","","UNMEASURED","null","[]","","","[]",""
"https://www.pfotentechnik.de/vergleiche/gps-tracker-mit-langer-akkulaufzeit/","www-variant","","0","false","","UNMEASURED","null","[]","","","[]",""
"http://www.pfotentechnik.de/vergleiche/gps-tracker-mit-langer-akkulaufzeit/","http-www-variant","","0","false","","UNMEASURED","null","[]","","","[]",""
"https://pfotentechnik.de/vergleiche/gps-tracker-mit-langer-akkulaufzeit","slash-variant","","0","false","","UNMEASURED","null","[]","","","[]",""
"http://pfotentechnik.de/vergleiche/gps-tracker-mit-langer-akkulaufzeit","http-slash-variant","","0","false","","UNMEASURED","null","[]","","","[]",""
"https://www.pfotentechnik.de/vergleiche/gps-tracker-mit-langer-akkulaufzeit","www-slash-variant","","0","false","","UNMEASURED","null","[]","","","[]",""
"http://www.pfotentechnik.de/vergleiche/gps-tracker-mit-langer-akkulaufzeit","http-www-slash-variant","","0","false","","UNMEASURED","null","[]","","","[]",""
"http://pfotentechnik.de/vergleiche/gps-tracker-ohne-abo/","http-variant","","0","false","","UNMEASURED","null","[]","","","[]",""
"https://www.pfotentechnik.de/vergleiche/gps-tracker-ohne-abo/","www-variant","","0","false","","UNMEASURED","null","[]","","","[]",""
"http://www.pfotentechnik.de/vergleiche/gps-tracker-ohne-abo/","http-www-variant","","0","false","","UNMEASURED","null","[]","","","[]",""
"https://pfotentechnik.de/vergleiche/gps-tracker-ohne-abo","slash-variant","","0","false","","UNMEASURED","null","[]","","","[]",""
"http://pfotentechnik.de/vergleiche/gps-tracker-ohne-abo","http-slash-variant","","0","false","","UNMEASURED","null","[]","","","[]",""
"https://www.pfotentechnik.de/vergleiche/gps-tracker-ohne-abo","www-slash-variant","","0","false","","UNMEASURED","null","[]","","","[]",""
"http://www.pfotentechnik.de/vergleiche/gps-tracker-ohne-abo","http-www-slash-variant","","0","false","","UNMEASURED","null","[]","","","[]",""
"http://pfotentechnik.de/vergleiche/","http-variant","","0","false","","UNMEASURED","null","[]","","","[]",""
"https://www.pfotentechnik.de/vergleiche/","www-variant","","0","false","","UNMEASURED","null","[]","","","[]",""
"http://www.pfotentechnik.de/vergleiche/","http-www-variant","","0","false","","UNMEASURED","null","[]","","","[]",""
"https://pfotentechnik.de/vergleiche","slash-variant","","0","false","","UNMEASURED","null","[]","","","[]",""
"http://pfotentechnik.de/vergleiche","http-slash-variant","","0","false","","UNMEASURED","null","[]","","","[]",""
"https://www.pfotentechnik.de/vergleiche","www-slash-variant","","0","false","","UNMEASURED","null","[]","","","[]",""
"http://www.pfotentechnik.de/vergleiche","http-www-slash-variant","","0","false","","UNMEASURED","null","[]","","","[]",""
"http://pfotentechnik.de/vergleiche/katzenklappen-mit-app-und-beuteerkennung/","http-variant","","0","false","","UNMEASURED","null","[]","","","[]",""
"https://www.pfotentechnik.de/vergleiche/katzenklappen-mit-app-und-beuteerkennung/","www-variant","","0","false","","UNMEASURED","null","[]","","","[]",""
"http://www.pfotentechnik.de/vergleiche/katzenklappen-mit-app-und-beuteerkennung/","http-www-variant","","0","false","","UNMEASURED","null","[]","","","[]",""
"https://pfotentechnik.de/vergleiche/katzenklappen-mit-app-und-beuteerkennung","slash-variant","","0","false","","UNMEASURED","null","[]","","","[]",""
"http://pfotentechnik.de/vergleiche/katzenklappen-mit-app-und-beuteerkennung","http-slash-variant","","0","false","","UNMEASURED","null","[]","","","[]",""
"https://www.pfotentechnik.de/vergleiche/katzenklappen-mit-app-und-beuteerkennung","www-slash-variant","","0","false","","UNMEASURED","null","[]","","","[]",""
"http://www.pfotentechnik.de/vergleiche/katzenklappen-mit-app-und-beuteerkennung","http-www-slash-variant","","0","false","","UNMEASURED","null","[]","","","[]",""
"http://pfotentechnik.de/vergleiche/kleine-gps-tracker-fuer-katzen/","http-variant","","0","false","","UNMEASURED","null","[]","","","[]",""
"https://www.pfotentechnik.de/vergleiche/kleine-gps-tracker-fuer-katzen/","www-variant","","0","false","","UNMEASURED","null","[]","","","[]",""
"http://www.pfotentechnik.de/vergleiche/kleine-gps-tracker-fuer-katzen/","http-www-variant","","0","false","","UNMEASURED","null","[]","","","[]",""
"https://pfotentechnik.de/vergleiche/kleine-gps-tracker-fuer-katzen","slash-variant","","0","false","","UNMEASURED","null","[]","","","[]",""
"http://pfotentechnik.de/vergleiche/kleine-gps-tracker-fuer-katzen","http-slash-variant","","0","false","","UNMEASURED","null","[]","","","[]",""
"https://www.pfotentechnik.de/vergleiche/kleine-gps-tracker-fuer-katzen","www-slash-variant","","0","false","","UNMEASURED","null","[]","","","[]",""
"http://www.pfotentechnik.de/vergleiche/kleine-gps-tracker-fuer-katzen","http-www-slash-variant","","0","false","","UNMEASURED","null","[]","","","[]",""
"http://pfotentechnik.de/warum-brauchen-gps-tracker-ein-abo/","http-variant","","0","false","","UNMEASURED","null","[]","","","[]",""
"https://www.pfotentechnik.de/warum-brauchen-gps-tracker-ein-abo/","www-variant","","0","false","","UNMEASURED","null","[]","","","[]",""
"http://www.pfotentechnik.de/warum-brauchen-gps-tracker-ein-abo/","http-www-variant","","0","false","","UNMEASURED","null","[]","","","[]",""
"https://pfotentechnik.de/warum-brauchen-gps-tracker-ein-abo","slash-variant","","0","false","","UNMEASURED","null","[]","","","[]",""
"http://pfotentechnik.de/warum-brauchen-gps-tracker-ein-abo","http-slash-variant","","0","false","","UNMEASURED","null","[]","","","[]",""
"https://www.pfotentechnik.de/warum-brauchen-gps-tracker-ein-abo","www-slash-variant","","0","false","","UNMEASURED","null","[]","","","[]",""
"http://www.pfotentechnik.de/warum-brauchen-gps-tracker-ein-abo","http-www-slash-variant","","0","false","","UNMEASURED","null","[]","","","[]",""
"http://pfotentechnik.de/warum-hunde-feste-fuetterungszeiten-brauchen/","http-variant","","0","false","","UNMEASURED","null","[]","","","[]",""
"https://www.pfotentechnik.de/warum-hunde-feste-fuetterungszeiten-brauchen/","www-variant","","0","false","","UNMEASURED","null","[]","","","[]",""
"http://www.pfotentechnik.de/warum-hunde-feste-fuetterungszeiten-brauchen/","http-www-variant","","0","false","","UNMEASURED","null","[]","","","[]",""
"https://pfotentechnik.de/warum-hunde-feste-fuetterungszeiten-brauchen","slash-variant","","0","false","","UNMEASURED","null","[]","","","[]",""
"http://pfotentechnik.de/warum-hunde-feste-fuetterungszeiten-brauchen","http-slash-variant","","0","false","","UNMEASURED","null","[]","","","[]",""
"https://www.pfotentechnik.de/warum-hunde-feste-fuetterungszeiten-brauchen","www-slash-variant","","0","false","","UNMEASURED","null","[]","","","[]",""
"http://www.pfotentechnik.de/warum-hunde-feste-fuetterungszeiten-brauchen","http-www-slash-variant","","0","false","","UNMEASURED","null","[]","","","[]",""
"http://pfotentechnik.de/warum-katzen-fliessendes-wasser-trinken/","http-variant","","0","false","","UNMEASURED","null","[]","","","[]",""
"https://www.pfotentechnik.de/warum-katzen-fliessendes-wasser-trinken/","www-variant","","0","false","","UNMEASURED","null","[]","","","[]",""
"http://www.pfotentechnik.de/warum-katzen-fliessendes-wasser-trinken/","http-www-variant","","0","false","","UNMEASURED","null","[]","","","[]",""
"https://pfotentechnik.de/warum-katzen-fliessendes-wasser-trinken","slash-variant","","0","false","","UNMEASURED","null","[]","","","[]",""
"http://pfotentechnik.de/warum-katzen-fliessendes-wasser-trinken","http-slash-variant","","0","false","","UNMEASURED","null","[]","","","[]",""
"https://www.pfotentechnik.de/warum-katzen-fliessendes-wasser-trinken","www-slash-variant","","0","false","","UNMEASURED","null","[]","","","[]",""
"http://www.pfotentechnik.de/warum-katzen-fliessendes-wasser-trinken","http-www-slash-variant","","0","false","","UNMEASURED","null","[]","","","[]",""
"http://pfotentechnik.de/warum-schlingt-mein-hund/","http-variant","","0","false","","UNMEASURED","null","[]","","","[]",""
"https://www.pfotentechnik.de/warum-schlingt-mein-hund/","www-variant","","0","false","","UNMEASURED","null","[]","","","[]",""
"http://www.pfotentechnik.de/warum-schlingt-mein-hund/","http-www-variant","","0","false","","UNMEASURED","null","[]","","","[]",""
"https://pfotentechnik.de/warum-schlingt-mein-hund","slash-variant","","0","false","","UNMEASURED","null","[]","","","[]",""
"http://pfotentechnik.de/warum-schlingt-mein-hund","http-slash-variant","","0","false","","UNMEASURED","null","[]","","","[]",""
"https://www.pfotentechnik.de/warum-schlingt-mein-hund","www-slash-variant","","0","false","","UNMEASURED","null","[]","","","[]",""
"http://www.pfotentechnik.de/warum-schlingt-mein-hund","http-www-slash-variant","","0","false","","UNMEASURED","null","[]","","","[]",""
"http://pfotentechnik.de/wasserstelle-katze-richtiger-standort/","http-variant","","0","false","","UNMEASURED","null","[]","","","[]",""
"https://www.pfotentechnik.de/wasserstelle-katze-richtiger-standort/","www-variant","","0","false","","UNMEASURED","null","[]","","","[]",""
"http://www.pfotentechnik.de/wasserstelle-katze-richtiger-standort/","http-www-variant","","0","false","","UNMEASURED","null","[]","","","[]",""
"https://pfotentechnik.de/wasserstelle-katze-richtiger-standort","slash-variant","","0","false","","UNMEASURED","null","[]","","","[]",""
"http://pfotentechnik.de/wasserstelle-katze-richtiger-standort","http-slash-variant","","0","false","","UNMEASURED","null","[]","","","[]",""
"https://www.pfotentechnik.de/wasserstelle-katze-richtiger-standort","www-slash-variant","","0","false","","UNMEASURED","null","[]","","","[]",""
"http://www.pfotentechnik.de/wasserstelle-katze-richtiger-standort","http-www-slash-variant","","0","false","","UNMEASURED","null","[]","","","[]",""
"http://pfotentechnik.de/welche-portionsgroesse-ist-richtig/","http-variant","","0","false","","UNMEASURED","null","[]","","","[]",""
"https://www.pfotentechnik.de/welche-portionsgroesse-ist-richtig/","www-variant","","0","false","","UNMEASURED","null","[]","","","[]",""
"http://www.pfotentechnik.de/welche-portionsgroesse-ist-richtig/","http-www-variant","","0","false","","UNMEASURED","null","[]","","","[]",""
"https://pfotentechnik.de/welche-portionsgroesse-ist-richtig","slash-variant","","0","false","","UNMEASURED","null","[]","","","[]",""
"http://pfotentechnik.de/welche-portionsgroesse-ist-richtig","http-slash-variant","","0","false","","UNMEASURED","null","[]","","","[]",""
"https://www.pfotentechnik.de/welche-portionsgroesse-ist-richtig","www-slash-variant","","0","false","","UNMEASURED","null","[]","","","[]",""
"http://www.pfotentechnik.de/welche-portionsgroesse-ist-richtig","http-www-slash-variant","","0","false","","UNMEASURED","null","[]","","","[]",""
"http://pfotentechnik.de/welcher-futterautomat-ist-der-richtige/","http-variant","","0","false","","UNMEASURED","null","[]","","","[]",""
"https://www.pfotentechnik.de/welcher-futterautomat-ist-der-richtige/","www-variant","","0","false","","UNMEASURED","null","[]","","","[]",""
"http://www.pfotentechnik.de/welcher-futterautomat-ist-der-richtige/","http-www-variant","","0","false","","UNMEASURED","null","[]","","","[]",""
"https://pfotentechnik.de/welcher-futterautomat-ist-der-richtige","slash-variant","","0","false","","UNMEASURED","null","[]","","","[]",""
"http://pfotentechnik.de/welcher-futterautomat-ist-der-richtige","http-slash-variant","","0","false","","UNMEASURED","null","[]","","","[]",""
"https://www.pfotentechnik.de/welcher-futterautomat-ist-der-richtige","www-slash-variant","","0","false","","UNMEASURED","null","[]","","","[]",""
"http://www.pfotentechnik.de/welcher-futterautomat-ist-der-richtige","http-www-slash-variant","","0","false","","UNMEASURED","null","[]","","","[]",""
"http://pfotentechnik.de/welpen-richtig-fuettern/","http-variant","","0","false","","UNMEASURED","null","[]","","","[]",""
"https://www.pfotentechnik.de/welpen-richtig-fuettern/","www-variant","","0","false","","UNMEASURED","null","[]","","","[]",""
"http://www.pfotentechnik.de/welpen-richtig-fuettern/","http-www-variant","","0","false","","UNMEASURED","null","[]","","","[]",""
"https://pfotentechnik.de/welpen-richtig-fuettern","slash-variant","","0","false","","UNMEASURED","null","[]","","","[]",""
"http://pfotentechnik.de/welpen-richtig-fuettern","http-slash-variant","","0","false","","UNMEASURED","null","[]","","","[]",""
"https://www.pfotentechnik.de/welpen-richtig-fuettern","www-slash-variant","","0","false","","UNMEASURED","null","[]","","","[]",""
"http://www.pfotentechnik.de/welpen-richtig-fuettern","http-www-slash-variant","","0","false","","UNMEASURED","null","[]","","","[]",""
"http://pfotentechnik.de/wie-funktionieren-gps-tracker/","http-variant","","0","false","","UNMEASURED","null","[]","","","[]",""
"https://www.pfotentechnik.de/wie-funktionieren-gps-tracker/","www-variant","","0","false","","UNMEASURED","null","[]","","","[]",""
"http://www.pfotentechnik.de/wie-funktionieren-gps-tracker/","http-www-variant","","0","false","","UNMEASURED","null","[]","","","[]",""
"https://pfotentechnik.de/wie-funktionieren-gps-tracker","slash-variant","","0","false","","UNMEASURED","null","[]","","","[]",""
"http://pfotentechnik.de/wie-funktionieren-gps-tracker","http-slash-variant","","0","false","","UNMEASURED","null","[]","","","[]",""
"https://www.pfotentechnik.de/wie-funktionieren-gps-tracker","www-slash-variant","","0","false","","UNMEASURED","null","[]","","","[]",""
"http://www.pfotentechnik.de/wie-funktionieren-gps-tracker","http-www-slash-variant","","0","false","","UNMEASURED","null","[]","","","[]",""
"http://pfotentechnik.de/wie-funktioniert-ein-futterautomat/","http-variant","","0","false","","UNMEASURED","null","[]","","","[]",""
"https://www.pfotentechnik.de/wie-funktioniert-ein-futterautomat/","www-variant","","0","false","","UNMEASURED","null","[]","","","[]",""
"http://www.pfotentechnik.de/wie-funktioniert-ein-futterautomat/","http-www-variant","","0","false","","UNMEASURED","null","[]","","","[]",""
"https://pfotentechnik.de/wie-funktioniert-ein-futterautomat","slash-variant","","0","false","","UNMEASURED","null","[]","","","[]",""
"http://pfotentechnik.de/wie-funktioniert-ein-futterautomat","http-slash-variant","","0","false","","UNMEASURED","null","[]","","","[]",""
"https://www.pfotentechnik.de/wie-funktioniert-ein-futterautomat","www-slash-variant","","0","false","","UNMEASURED","null","[]","","","[]",""
"http://www.pfotentechnik.de/wie-funktioniert-ein-futterautomat","http-www-slash-variant","","0","false","","UNMEASURED","null","[]","","","[]",""
"http://pfotentechnik.de/wie-genau-sind-gps-tracker/","http-variant","","0","false","","UNMEASURED","null","[]","","","[]",""
"https://www.pfotentechnik.de/wie-genau-sind-gps-tracker/","www-variant","","0","false","","UNMEASURED","null","[]","","","[]",""
"http://www.pfotentechnik.de/wie-genau-sind-gps-tracker/","http-www-variant","","0","false","","UNMEASURED","null","[]","","","[]",""
"https://pfotentechnik.de/wie-genau-sind-gps-tracker","slash-variant","","0","false","","UNMEASURED","null","[]","","","[]",""
"http://pfotentechnik.de/wie-genau-sind-gps-tracker","http-slash-variant","","0","false","","UNMEASURED","null","[]","","","[]",""
"https://www.pfotentechnik.de/wie-genau-sind-gps-tracker","www-slash-variant","","0","false","","UNMEASURED","null","[]","","","[]",""
"http://www.pfotentechnik.de/wie-genau-sind-gps-tracker","http-www-slash-variant","","0","false","","UNMEASURED","null","[]","","","[]",""
"http://pfotentechnik.de/wie-gross-sollte-ein-futterautomat-sein/","http-variant","","0","false","","UNMEASURED","null","[]","","","[]",""
"https://www.pfotentechnik.de/wie-gross-sollte-ein-futterautomat-sein/","www-variant","","0","false","","UNMEASURED","null","[]","","","[]",""
"http://www.pfotentechnik.de/wie-gross-sollte-ein-futterautomat-sein/","http-www-variant","","0","false","","UNMEASURED","null","[]","","","[]",""
"https://pfotentechnik.de/wie-gross-sollte-ein-futterautomat-sein","slash-variant","","0","false","","UNMEASURED","null","[]","","","[]",""
"http://pfotentechnik.de/wie-gross-sollte-ein-futterautomat-sein","http-slash-variant","","0","false","","UNMEASURED","null","[]","","","[]",""
"https://www.pfotentechnik.de/wie-gross-sollte-ein-futterautomat-sein","www-slash-variant","","0","false","","UNMEASURED","null","[]","","","[]",""
"http://www.pfotentechnik.de/wie-gross-sollte-ein-futterautomat-sein","http-www-slash-variant","","0","false","","UNMEASURED","null","[]","","","[]",""
"http://pfotentechnik.de/wie-kann-technik-gegen-langeweile-helfen/","http-variant","","0","false","","UNMEASURED","null","[]","","","[]",""
"https://www.pfotentechnik.de/wie-kann-technik-gegen-langeweile-helfen/","www-variant","","0","false","","UNMEASURED","null","[]","","","[]",""
"http://www.pfotentechnik.de/wie-kann-technik-gegen-langeweile-helfen/","http-www-variant","","0","false","","UNMEASURED","null","[]","","","[]",""
"https://pfotentechnik.de/wie-kann-technik-gegen-langeweile-helfen","slash-variant","","0","false","","UNMEASURED","null","[]","","","[]",""
"http://pfotentechnik.de/wie-kann-technik-gegen-langeweile-helfen","http-slash-variant","","0","false","","UNMEASURED","null","[]","","","[]",""
"https://www.pfotentechnik.de/wie-kann-technik-gegen-langeweile-helfen","www-slash-variant","","0","false","","UNMEASURED","null","[]","","","[]",""
"http://www.pfotentechnik.de/wie-kann-technik-gegen-langeweile-helfen","http-www-slash-variant","","0","false","","UNMEASURED","null","[]","","","[]",""
"http://pfotentechnik.de/wie-lange-bleibt-trockenfutter-frisch/","http-variant","","0","false","","UNMEASURED","null","[]","","","[]",""
"https://www.pfotentechnik.de/wie-lange-bleibt-trockenfutter-frisch/","www-variant","","0","false","","UNMEASURED","null","[]","","","[]",""
"http://www.pfotentechnik.de/wie-lange-bleibt-trockenfutter-frisch/","http-www-variant","","0","false","","UNMEASURED","null","[]","","","[]",""
"https://pfotentechnik.de/wie-lange-bleibt-trockenfutter-frisch","slash-variant","","0","false","","UNMEASURED","null","[]","","","[]",""
"http://pfotentechnik.de/wie-lange-bleibt-trockenfutter-frisch","http-slash-variant","","0","false","","UNMEASURED","null","[]","","","[]",""
"https://www.pfotentechnik.de/wie-lange-bleibt-trockenfutter-frisch","www-slash-variant","","0","false","","UNMEASURED","null","[]","","","[]",""
"http://www.pfotentechnik.de/wie-lange-bleibt-trockenfutter-frisch","http-www-slash-variant","","0","false","","UNMEASURED","null","[]","","","[]",""
"http://pfotentechnik.de/wie-laut-sind-automatische-futterautomaten/","http-variant","","0","false","","UNMEASURED","null","[]","","","[]",""
"https://www.pfotentechnik.de/wie-laut-sind-automatische-futterautomaten/","www-variant","","0","false","","UNMEASURED","null","[]","","","[]",""
"http://www.pfotentechnik.de/wie-laut-sind-automatische-futterautomaten/","http-www-variant","","0","false","","UNMEASURED","null","[]","","","[]",""
"https://pfotentechnik.de/wie-laut-sind-automatische-futterautomaten","slash-variant","","0","false","","UNMEASURED","null","[]","","","[]",""
"http://pfotentechnik.de/wie-laut-sind-automatische-futterautomaten","http-slash-variant","","0","false","","UNMEASURED","null","[]","","","[]",""
"https://www.pfotentechnik.de/wie-laut-sind-automatische-futterautomaten","www-slash-variant","","0","false","","UNMEASURED","null","[]","","","[]",""
"http://www.pfotentechnik.de/wie-laut-sind-automatische-futterautomaten","http-www-slash-variant","","0","false","","UNMEASURED","null","[]","","","[]",""
"http://pfotentechnik.de/wie-viel-wasser-braucht-ein-hund/","http-variant","","0","false","","UNMEASURED","null","[]","","","[]",""
"https://www.pfotentechnik.de/wie-viel-wasser-braucht-ein-hund/","www-variant","","0","false","","UNMEASURED","null","[]","","","[]",""
"http://www.pfotentechnik.de/wie-viel-wasser-braucht-ein-hund/","http-www-variant","","0","false","","UNMEASURED","null","[]","","","[]",""
"https://pfotentechnik.de/wie-viel-wasser-braucht-ein-hund","slash-variant","","0","false","","UNMEASURED","null","[]","","","[]",""
"http://pfotentechnik.de/wie-viel-wasser-braucht-ein-hund","http-slash-variant","","0","false","","UNMEASURED","null","[]","","","[]",""
"https://www.pfotentechnik.de/wie-viel-wasser-braucht-ein-hund","www-slash-variant","","0","false","","UNMEASURED","null","[]","","","[]",""
"http://www.pfotentechnik.de/wie-viel-wasser-braucht-ein-hund","http-www-slash-variant","","0","false","","UNMEASURED","null","[]","","","[]",""
"http://pfotentechnik.de/wie-viel-wasser-braucht-eine-katze/","http-variant","","0","false","","UNMEASURED","null","[]","","","[]",""
"https://www.pfotentechnik.de/wie-viel-wasser-braucht-eine-katze/","www-variant","","0","false","","UNMEASURED","null","[]","","","[]",""
"http://www.pfotentechnik.de/wie-viel-wasser-braucht-eine-katze/","http-www-variant","","0","false","","UNMEASURED","null","[]","","","[]",""
"https://pfotentechnik.de/wie-viel-wasser-braucht-eine-katze","slash-variant","","0","false","","UNMEASURED","null","[]","","","[]",""
"http://pfotentechnik.de/wie-viel-wasser-braucht-eine-katze","http-slash-variant","","0","false","","UNMEASURED","null","[]","","","[]",""
"https://www.pfotentechnik.de/wie-viel-wasser-braucht-eine-katze","www-slash-variant","","0","false","","UNMEASURED","null","[]","","","[]",""
"http://www.pfotentechnik.de/wie-viel-wasser-braucht-eine-katze","http-www-slash-variant","","0","false","","UNMEASURED","null","[]","","","[]",""
"http://pfotentechnik.de/wie-viele-mahlzeiten-hund/","http-variant","","0","false","","UNMEASURED","null","[]","","","[]",""
"https://www.pfotentechnik.de/wie-viele-mahlzeiten-hund/","www-variant","","0","false","","UNMEASURED","null","[]","","","[]",""
"http://www.pfotentechnik.de/wie-viele-mahlzeiten-hund/","http-www-variant","","0","false","","UNMEASURED","null","[]","","","[]",""
"https://pfotentechnik.de/wie-viele-mahlzeiten-hund","slash-variant","","0","false","","UNMEASURED","null","[]","","","[]",""
"http://pfotentechnik.de/wie-viele-mahlzeiten-hund","http-slash-variant","","0","false","","UNMEASURED","null","[]","","","[]",""
"https://www.pfotentechnik.de/wie-viele-mahlzeiten-hund","www-slash-variant","","0","false","","UNMEASURED","null","[]","","","[]",""
"http://www.pfotentechnik.de/wie-viele-mahlzeiten-hund","http-www-slash-variant","","0","false","","UNMEASURED","null","[]","","","[]",""
"http://pfotentechnik.de/wie-viele-mahlzeiten-katze/","http-variant","","0","false","","UNMEASURED","null","[]","","","[]",""
"https://www.pfotentechnik.de/wie-viele-mahlzeiten-katze/","www-variant","","0","false","","UNMEASURED","null","[]","","","[]",""
"http://www.pfotentechnik.de/wie-viele-mahlzeiten-katze/","http-www-variant","","0","false","","UNMEASURED","null","[]","","","[]",""
"https://pfotentechnik.de/wie-viele-mahlzeiten-katze","slash-variant","","0","false","","UNMEASURED","null","[]","","","[]",""
"http://pfotentechnik.de/wie-viele-mahlzeiten-katze","http-slash-variant","","0","false","","UNMEASURED","null","[]","","","[]",""
"https://www.pfotentechnik.de/wie-viele-mahlzeiten-katze","www-slash-variant","","0","false","","UNMEASURED","null","[]","","","[]",""
"http://www.pfotentechnik.de/wie-viele-mahlzeiten-katze","http-www-slash-variant","","0","false","","UNMEASURED","null","[]","","","[]",""
"http://pfotentechnik.de/wie-viele-wasserstellen-katze/","http-variant","","0","false","","UNMEASURED","null","[]","","","[]",""
"https://www.pfotentechnik.de/wie-viele-wasserstellen-katze/","www-variant","","0","false","","UNMEASURED","null","[]","","","[]",""
"http://www.pfotentechnik.de/wie-viele-wasserstellen-katze/","http-www-variant","","0","false","","UNMEASURED","null","[]","","","[]",""
"https://pfotentechnik.de/wie-viele-wasserstellen-katze","slash-variant","","0","false","","UNMEASURED","null","[]","","","[]",""
"http://pfotentechnik.de/wie-viele-wasserstellen-katze","http-slash-variant","","0","false","","UNMEASURED","null","[]","","","[]",""
"https://www.pfotentechnik.de/wie-viele-wasserstellen-katze","www-slash-variant","","0","false","","UNMEASURED","null","[]","","","[]",""
"http://www.pfotentechnik.de/wie-viele-wasserstellen-katze","http-www-slash-variant","","0","false","","UNMEASURED","null","[]","","","[]",""
"http://pfotentechnik.de/wissen/","http-variant","","0","false","","UNMEASURED","null","[]","","","[]",""
"https://www.pfotentechnik.de/wissen/","www-variant","","0","false","","UNMEASURED","null","[]","","","[]",""
"http://www.pfotentechnik.de/wissen/","http-www-variant","","0","false","","UNMEASURED","null","[]","","","[]",""
"https://pfotentechnik.de/wissen","slash-variant","","0","false","","UNMEASURED","null","[]","","","[]",""
"http://pfotentechnik.de/wissen","http-slash-variant","","0","false","","UNMEASURED","null","[]","","","[]",""
"https://www.pfotentechnik.de/wissen","www-slash-variant","","0","false","","UNMEASURED","null","[]","","","[]",""
"http://www.pfotentechnik.de/wissen","http-www-slash-variant","","0","false","","UNMEASURED","null","[]","","","[]",""
"http://pfotentechnik.de/woran-erkennt-man-dass-die-katze-zu-wenig-trinkt/","http-variant","","0","false","","UNMEASURED","null","[]","","","[]",""
"https://www.pfotentechnik.de/woran-erkennt-man-dass-die-katze-zu-wenig-trinkt/","www-variant","","0","false","","UNMEASURED","null","[]","","","[]",""
"http://www.pfotentechnik.de/woran-erkennt-man-dass-die-katze-zu-wenig-trinkt/","http-www-variant","","0","false","","UNMEASURED","null","[]","","","[]",""
"https://pfotentechnik.de/woran-erkennt-man-dass-die-katze-zu-wenig-trinkt","slash-variant","","0","false","","UNMEASURED","null","[]","","","[]",""
"http://pfotentechnik.de/woran-erkennt-man-dass-die-katze-zu-wenig-trinkt","http-slash-variant","","0","false","","UNMEASURED","null","[]","","","[]",""
"https://www.pfotentechnik.de/woran-erkennt-man-dass-die-katze-zu-wenig-trinkt","www-slash-variant","","0","false","","UNMEASURED","null","[]","","","[]",""
"http://www.pfotentechnik.de/woran-erkennt-man-dass-die-katze-zu-wenig-trinkt","http-www-slash-variant","","0","false","","UNMEASURED","null","[]","","","[]",""
"https://pfotentechnik.de/?filter-tier=katze","parameter-probe","","0","false","","UNMEASURED","null","[]","","","[]",""
"https://pfotentechnik.de/smarte-futterautomaten/?filter-tier=katze","parameter-probe","","0","false","","UNMEASURED","null","[]","","","[]",""
"https://pfotentechnik.de/produkt/furbo-mini-360/?filter-tier=katze","parameter-probe","","0","false","","UNMEASURED","null","[]","","","[]",""
"https://pfotentechnik.de/vergleiche/?filter-tier=katze","parameter-probe","","0","false","","UNMEASURED","null","[]","","","[]",""
"https://pfotentechnik.de/hersteller/petlibro/?filter-tier=katze","parameter-probe","","0","false","","UNMEASURED","null","[]","","","[]",""
"https://pfotentechnik.de/audit-35-2-nonexistent-20260928/","unknown-probe","","0","false","","UNMEASURED","null","[]","","","[]",""
"https://pfotentechnik.de/produkt/audit-35-2-nonexistent-20260928/","unknown-probe","","0","false","","UNMEASURED","null","[]","","","[]",""
"https://pfotentechnik.de/hersteller/audit-35-2-nonexistent-20260928/","unknown-probe","","0","false","","UNMEASURED","null","[]","","","[]",""
